#
# There is insufficient memory for the Java Runtime Environment to continue.
# Native memory allocation (mmap) failed to map 65536 bytes. Error detail: Failed to commit metaspace.
# Possible reasons:
#   The system is out of physical RAM or swap space
#   This process is running with CompressedOops enabled, and the Java Heap may be blocking the growth of the native heap
# Possible solutions:
#   Reduce memory load on the system
#   Increase physical memory or swap space
#   Check if swap backing store is full
#   Decrease Java heap size (-Xmx/-Xms)
#   Decrease number of Java threads
#   Decrease Java thread stack sizes (-Xss)
#   Set larger code cache with -XX:ReservedCodeCacheSize=
#   JVM is running with Unscaled Compressed Oops mode in which the Java heap is
#     placed in the first 4GB address space. The Java Heap base address is the
#     maximum limit for the native heap growth. Please use -XX:HeapBaseMinAddress
#     to set the Java Heap base and to place the Java Heap above 4GB virtual address.
# This output file may be truncated or incomplete.
#
#  Out of Memory Error (virtualSpaceNode.cpp:113), pid=11756, tid=4384
#
# JRE version: OpenJDK Runtime Environment (21.0.10) (build 21.0.10+-14961533-b1163.108)
# Java VM: OpenJDK 64-Bit Server VM (21.0.10+-14961533-b1163.108, mixed mode, tiered, compressed oops, compressed class ptrs, g1 gc, windows-amd64)
# No core dump will be written. Minidumps are not enabled by default on client versions of Windows
#

---------------  S U M M A R Y ------------

Command Line: --add-opens=java.base/java.util=ALL-UNNAMED --add-opens=java.base/java.lang=ALL-UNNAMED --add-opens=java.base/java.lang.invoke=ALL-UNNAMED --add-opens=java.prefs/java.util.prefs=ALL-UNNAMED --add-exports=jdk.compiler/com.sun.tools.javac.api=ALL-UNNAMED --add-exports=jdk.compiler/com.sun.tools.javac.util=ALL-UNNAMED --add-opens=java.base/java.nio.charset=ALL-UNNAMED --add-opens=java.base/java.net=ALL-UNNAMED --add-opens=java.base/java.util.concurrent.atomic=ALL-UNNAMED -Xmx2048m -Dfile.encoding=UTF-8 -Duser.country=BR -Duser.language=pt -Duser.variant -javaagent:C:\Users\VINICIUS\.gradle\wrapper\dists\gradle-8.9-bin\90cnw93cvbtalezasaz0blq0a\gradle-8.9\lib\agents\gradle-instrumentation-agent-8.9.jar org.gradle.launcher.daemon.bootstrap.GradleDaemon 8.9

Host: Intel(R) Celeron(R) J4005 CPU @ 2.00GHz, 2 cores, 3G,  Windows 11 , 64 bit Build 26100 (10.0.26100.9168)
Time: Sat Aug 15 12:07:28 2026 Hora oficial do Brasil elapsed time: 843.900087 seconds (0d 0h 14m 3s)

---------------  T H R E A D  ---------------

Current thread (0x0000025e846d4950):  JavaThread "WorkerExecutor Queue Thread 2"        [_thread_in_vm, id=4384, stack(0x000000c14f300000,0x000000c14f400000) (1024K)]

Stack: [0x000000c14f300000,0x000000c14f400000]
Native frames: (J=compiled Java code, j=interpreted, Vv=VM code, C=native code)
V  [jvm.dll+0x6d78a9]
V  [jvm.dll+0x8665b3]
V  [jvm.dll+0x868bde]
V  [jvm.dll+0x8692c3]
V  [jvm.dll+0x280ee6]
V  [jvm.dll+0x86146e]
V  [jvm.dll+0x67add5]
V  [jvm.dll+0x1e4911]
V  [jvm.dll+0x1e46de]
V  [jvm.dll+0x67d728]
V  [jvm.dll+0x67d562]
V  [jvm.dll+0x67b7ce]
V  [jvm.dll+0x3c2b6f]
V  [jvm.dll+0x20e6cb]
V  [jvm.dll+0x5b7fa1]
V  [jvm.dll+0x7df903]
V  [jvm.dll+0x7dfa4b]
V  [jvm.dll+0x4730c7]
V  [jvm.dll+0x478a18]
C  [java.dll+0x17ec]

Java frames: (J=compiled Java code, j=interpreted, Vv=VM code)
J 980  java.lang.ClassLoader.defineClass1(Ljava/lang/ClassLoader;Ljava/lang/String;[BIILjava/security/ProtectionDomain;Ljava/lang/String;)Ljava/lang/Class; java.base@21.0.10 (0 bytes) @ 0x0000025ede8fb009 [0x0000025ede8faf40+0x00000000000000c9]
J 15489 c2 java.security.SecureClassLoader.defineClass(Ljava/lang/String;[BIILjava/security/CodeSource;)Ljava/lang/Class; java.base@21.0.10 (16 bytes) @ 0x0000025edf064e7c [0x0000025edf064ce0+0x000000000000019c]
J 16790 c2 java.net.URLClassLoader.defineClass(Ljava/lang/String;Ljdk/internal/loader/Resource;)Ljava/lang/Class; java.base@21.0.10 (224 bytes) @ 0x0000025edf0db6d8 [0x0000025edf0da460+0x0000000000001278]
J 16976 c2 java.net.URLClassLoader$1.run()Ljava/lang/Class; java.base@21.0.10 (81 bytes) @ 0x0000025edead046c [0x0000025edeacfe00+0x000000000000066c]
J 3083 c2 java.net.URLClassLoader.findClass(Ljava/lang/String;)Ljava/lang/Class; java.base@21.0.10 (47 bytes) @ 0x0000025edea545a0 [0x0000025edea544e0+0x00000000000000c0]
J 29380 c2 java.lang.ClassLoader.loadClass(Ljava/lang/String;Z)Ljava/lang/Class; java.base@21.0.10 (121 bytes) @ 0x0000025edfaec818 [0x0000025edfaec340+0x00000000000004d8]
J 3725 c2 java.lang.ClassLoader.loadClass(Ljava/lang/String;)Ljava/lang/Class; java.base@21.0.10 (7 bytes) @ 0x0000025ede89e16c [0x0000025ede89e120+0x000000000000004c]
v  ~StubRoutines::call_stub 0x0000025ede301015
J 980  java.lang.ClassLoader.defineClass1(Ljava/lang/ClassLoader;Ljava/lang/String;[BIILjava/security/ProtectionDomain;Ljava/lang/String;)Ljava/lang/Class; java.base@21.0.10 (0 bytes) @ 0x0000025ede8fb009 [0x0000025ede8faf40+0x00000000000000c9]
J 15489 c2 java.security.SecureClassLoader.defineClass(Ljava/lang/String;[BIILjava/security/CodeSource;)Ljava/lang/Class; java.base@21.0.10 (16 bytes) @ 0x0000025edf064e7c [0x0000025edf064ce0+0x000000000000019c]
J 16790 c2 java.net.URLClassLoader.defineClass(Ljava/lang/String;Ljdk/internal/loader/Resource;)Ljava/lang/Class; java.base@21.0.10 (224 bytes) @ 0x0000025edf0db6d8 [0x0000025edf0da460+0x0000000000001278]
J 16976 c2 java.net.URLClassLoader$1.run()Ljava/lang/Class; java.base@21.0.10 (81 bytes) @ 0x0000025edead046c [0x0000025edeacfe00+0x000000000000066c]
J 3083 c2 java.net.URLClassLoader.findClass(Ljava/lang/String;)Ljava/lang/Class; java.base@21.0.10 (47 bytes) @ 0x0000025edea545a0 [0x0000025edea544e0+0x00000000000000c0]
J 29380 c2 java.lang.ClassLoader.loadClass(Ljava/lang/String;Z)Ljava/lang/Class; java.base@21.0.10 (121 bytes) @ 0x0000025edfaec818 [0x0000025edfaec340+0x00000000000004d8]
J 3725 c2 java.lang.ClassLoader.loadClass(Ljava/lang/String;)Ljava/lang/Class; java.base@21.0.10 (7 bytes) @ 0x0000025ede89e16c [0x0000025ede89e120+0x000000000000004c]
v  ~StubRoutines::call_stub 0x0000025ede301015
j  org.jetbrains.kotlin.resolve.jvm.platform.JvmPlatformConfigurator.configureModuleComponents(Lorg/jetbrains/kotlin/container/StorageComponentContainer;)V+243
j  org.jetbrains.kotlin.frontend.di.InjectionKt.configureModule(Lorg/jetbrains/kotlin/container/StorageComponentContainer;Lorg/jetbrains/kotlin/context/ModuleContext;Lorg/jetbrains/kotlin/platform/TargetPlatform;Lorg/jetbrains/kotlin/resolve/PlatformDependentAnalyzerServices;Lorg/jetbrains/kotlin/resolve/BindingTrace;Lorg/jetbrains/kotlin/config/LanguageVersionSettings;Lorg/jetbrains/kotlin/resolve/SealedClassInheritorsProvider;Lorg/jetbrains/kotlin/resolve/scopes/optimization/OptimizingOptions;Ljava/lang/Class;)V+326
j  org.jetbrains.kotlin.frontend.java.di.InjectionKt$createContainerForLazyResolveWithJava$1.invoke(Lorg/jetbrains/kotlin/container/StorageComponentContainer;)V+41
j  org.jetbrains.kotlin.frontend.java.di.InjectionKt$createContainerForLazyResolveWithJava$1.invoke(Ljava/lang/Object;)Ljava/lang/Object;+5
j  org.jetbrains.kotlin.container.DslKt.composeContainer(Ljava/lang/String;Lorg/jetbrains/kotlin/container/StorageComponentContainer;Lkotlin/jvm/functions/Function1;)Lorg/jetbrains/kotlin/container/StorageComponentContainer;+24
j  org.jetbrains.kotlin.resolve.PlatformConfiguratorBaseKt.createContainer(Ljava/lang/String;Lorg/jetbrains/kotlin/resolve/PlatformDependentAnalyzerServices;Lkotlin/jvm/functions/Function1;)Lorg/jetbrains/kotlin/container/StorageComponentContainer;+29
j  org.jetbrains.kotlin.frontend.java.di.InjectionKt.createContainerForLazyResolveWithJava(Lorg/jetbrains/kotlin/platform/TargetPlatform;Lorg/jetbrains/kotlin/context/ModuleContext;Lorg/jetbrains/kotlin/resolve/BindingTrace;Lorg/jetbrains/kotlin/resolve/lazy/declarations/DeclarationProviderFactory;Lcom/intellij/psi/search/GlobalSearchScope;Lorg/jetbrains/kotlin/load/java/lazy/ModuleClassResolver;Lorg/jetbrains/kotlin/resolve/TargetEnvironment;Lorg/jetbrains/kotlin/incremental/components/LookupTracker;Lorg/jetbrains/kotlin/incremental/components/ExpectActualTracker;Lorg/jetbrains/kotlin/incremental/components/InlineConstTracker;Lorg/jetbrains/kotlin/incremental/components/EnumWhenTracker;Lorg/jetbrains/kotlin/load/kotlin/PackagePartProvider;Lorg/jetbrains/kotlin/config/LanguageVersionSettings;ZLkotlin/jvm/functions/Function1;Lorg/jetbrains/kotlin/load/java/JavaClassesTracker;Lorg/jetbrains/kotlin/resolve/calls/tower/ImplicitsExtensionsResolutionFilter;Lorg/jetbrains/kotlin/resolve/SealedClassInheritorsProvider;Lorg/jetbrains/kotlin/resolve/scopes/optimization/OptimizingOptions;Ljava/lang/Class;)Lorg/jetbrains/kotlin/container/StorageComponentContainer;+148
j  org.jetbrains.kotlin.frontend.java.di.InjectionKt.createContainerForLazyResolveWithJava$default(Lorg/jetbrains/kotlin/platform/TargetPlatform;Lorg/jetbrains/kotlin/context/ModuleContext;Lorg/jetbrains/kotlin/resolve/BindingTrace;Lorg/jetbrains/kotlin/resolve/lazy/declarations/DeclarationProviderFactory;Lcom/intellij/psi/search/GlobalSearchScope;Lorg/jetbrains/kotlin/load/java/lazy/ModuleClassResolver;Lorg/jetbrains/kotlin/resolve/TargetEnvironment;Lorg/jetbrains/kotlin/incremental/components/LookupTracker;Lorg/jetbrains/kotlin/incremental/components/ExpectActualTracker;Lorg/jetbrains/kotlin/incremental/components/InlineConstTracker;Lorg/jetbrains/kotlin/incremental/components/EnumWhenTracker;Lorg/jetbrains/kotlin/load/kotlin/PackagePartProvider;Lorg/jetbrains/kotlin/config/LanguageVersionSettings;ZLkotlin/jvm/functions/Function1;Lorg/jetbrains/kotlin/load/java/JavaClassesTracker;Lorg/jetbrains/kotlin/resolve/calls/tower/ImplicitsExtensionsResolutionFilter;Lorg/jetbrains/kotlin/resolve/SealedClassInheritorsProvider;Lorg/jetbrains/kotlin/resolve/scopes/optimization/OptimizingOptions;Ljava/lang/Class;ILjava/lang/Object;)Lorg/jetbrains/kotlin/container/StorageComponentContainer;+108
j  org.jetbrains.kotlin.cli.jvm.compiler.TopDownAnalyzerFacadeForJVM.createContainer(Lcom/intellij/openapi/project/Project;Ljava/util/Collection;Lorg/jetbrains/kotlin/resolve/BindingTrace;Lorg/jetbrains/kotlin/config/CompilerConfiguration;Lkotlin/jvm/functions/Function1;Lkotlin/jvm/functions/Function2;Lorg/jetbrains/kotlin/resolve/TargetEnvironment;Lcom/intellij/psi/search/GlobalSearchScope;Ljava/util/List;Lorg/jetbrains/kotlin/resolve/calls/tower/ImplicitsExtensionsResolutionFilter;Ljava/util/List;Ljava/util/List;Ljava/util/Map;)Lorg/jetbrains/kotlin/container/ComponentProvider;+663
j  org.jetbrains.kotlin.cli.jvm.compiler.TopDownAnalyzerFacadeForJVM.createContainer$default(Lorg/jetbrains/kotlin/cli/jvm/compiler/TopDownAnalyzerFacadeForJVM;Lcom/intellij/openapi/project/Project;Ljava/util/Collection;Lorg/jetbrains/kotlin/resolve/BindingTrace;Lorg/jetbrains/kotlin/config/CompilerConfiguration;Lkotlin/jvm/functions/Function1;Lkotlin/jvm/functions/Function2;Lorg/jetbrains/kotlin/resolve/TargetEnvironment;Lcom/intellij/psi/search/GlobalSearchScope;Ljava/util/List;Lorg/jetbrains/kotlin/resolve/calls/tower/ImplicitsExtensionsResolutionFilter;Ljava/util/List;Ljava/util/List;Ljava/util/Map;ILjava/lang/Object;)Lorg/jetbrains/kotlin/container/ComponentProvider;+125
j  org.jetbrains.kotlin.cli.jvm.compiler.TopDownAnalyzerFacadeForJVM.analyzeFilesWithJavaIntegration(Lcom/intellij/openapi/project/Project;Ljava/util/Collection;Lorg/jetbrains/kotlin/resolve/BindingTrace;Lorg/jetbrains/kotlin/config/CompilerConfiguration;Lkotlin/jvm/functions/Function1;Lkotlin/jvm/functions/Function2;Lcom/intellij/psi/search/GlobalSearchScope;Ljava/util/List;Ljava/util/List;Ljava/util/List;Lorg/jetbrains/kotlin/resolve/TargetEnvironment;)Lorg/jetbrains/kotlin/analyzer/AnalysisResult;+100
j  org.jetbrains.kotlin.cli.jvm.compiler.TopDownAnalyzerFacadeForJVM.analyzeFilesWithJavaIntegration$default(Lcom/intellij/openapi/project/Project;Ljava/util/Collection;Lorg/jetbrains/kotlin/resolve/BindingTrace;Lorg/jetbrains/kotlin/config/CompilerConfiguration;Lkotlin/jvm/functions/Function1;Lkotlin/jvm/functions/Function2;Lcom/intellij/psi/search/GlobalSearchScope;Ljava/util/List;Ljava/util/List;Ljava/util/List;Lorg/jetbrains/kotlin/resolve/TargetEnvironment;ILjava/lang/Object;)Lorg/jetbrains/kotlin/analyzer/AnalysisResult;+111
j  com.android.tools.lint.Fe10UastEnvironment.analyzeFiles(Ljava/util/List;)V+227
j  com.android.tools.lint.LintCliClient$LintCliUastParser.prepare(Ljava/util/List;Lcom/intellij/pom/java/LanguageLevel;Lorg/jetbrains/kotlin/config/LanguageVersionSettings;)Z+287
j  com.android.tools.lint.client.api.UastParser.prepare$default(Lcom/android/tools/lint/client/api/UastParser;Ljava/util/List;Lcom/intellij/pom/java/LanguageLevel;Lorg/jetbrains/kotlin/config/LanguageVersionSettings;ILjava/lang/Object;)Z+37
j  com.android.tools.lint.client.api.LintDriver.prepareUast(Lcom/android/tools/lint/client/api/UastParser$UastSourceList;)V+57
j  com.android.tools.lint.client.api.LintDriver.runFileDetectors(Lcom/android/tools/lint/detector/api/Project;Lcom/android/tools/lint/detector/api/Project;Ljava/util/List;)V+248
j  com.android.tools.lint.client.api.LintDriver.checkProject(Lcom/android/tools/lint/detector/api/Project;Lcom/android/tools/lint/detector/api/Project;)V+393
j  com.android.tools.lint.client.api.LintDriver.checkProjectRoot(Lcom/android/tools/lint/detector/api/Project;)V+107
j  com.android.tools.lint.client.api.LintDriver.access$checkProjectRoot(Lcom/android/tools/lint/client/api/LintDriver;Lcom/android/tools/lint/detector/api/Project;)V+2
j  com.android.tools.lint.client.api.LintDriver$analyzeOnly$1.invoke(Ljava/util/Collection;)V+15
j  com.android.tools.lint.client.api.LintDriver$analyzeOnly$1.invoke(Ljava/lang/Object;)Ljava/lang/Object;+5
j  com.android.tools.lint.client.api.LintDriver.doAnalyze(ZLkotlin/jvm/functions/Function1;)V+123
j  com.android.tools.lint.client.api.LintDriver.analyzeOnly()V+78
j  com.android.tools.lint.LintCliClient$analyzeOnly$1.invoke()V+7
j  com.android.tools.lint.LintCliClient$analyzeOnly$1.invoke()Ljava/lang/Object;+1
j  com.android.tools.lint.LintCliClient.run(Lcom/android/tools/lint/client/api/IssueRegistry;Lcom/android/tools/lint/client/api/LintRequest;Lkotlin/jvm/functions/Function0;Lkotlin/jvm/functions/Function0;)I+85
j  com.android.tools.lint.LintCliClient.analyzeOnly(Lcom/android/tools/lint/client/api/IssueRegistry;Lcom/android/tools/lint/client/api/LintRequest;)I+69
j  com.android.tools.lint.Main.run(Lcom/android/tools/lint/LintCliClient;Lcom/android/tools/lint/client/api/LintRequest;Lcom/android/tools/lint/Main$ArgumentState;)I+56
j  com.android.tools.lint.Main.run([Ljava/lang/String;)I+105
j  java.lang.invoke.DirectMethodHandle$Holder.invokeVirtual(Ljava/lang/Object;Ljava/lang/Object;Ljava/lang/Object;)I+11 java.base@21.0.10
j  java.lang.invoke.LambdaForm$MH+0x0000000101aec000.invoke(Ljava/lang/Object;Ljava/lang/Object;Ljava/lang/Object;)Ljava/lang/Object;+52 java.base@21.0.10
J 18085 c2 jdk.internal.reflect.DirectMethodHandleAccessor.invoke(Ljava/lang/Object;[Ljava/lang/Object;)Ljava/lang/Object; java.base@21.0.10 (92 bytes) @ 0x0000025edf15c9d0 [0x0000025edf15c8c0+0x0000000000000110]
J 22205 c1 java.lang.reflect.Method.invoke(Ljava/lang/Object;[Ljava/lang/Object;)Ljava/lang/Object; java.base@21.0.10 (108 bytes) @ 0x0000025ed7781f34 [0x0000025ed7781a40+0x00000000000004f4]
j  com.android.build.gradle.internal.lint.AndroidLintWorkAction.invokeLintMainRunMethod(Ljava/lang/ClassLoader;Ljava/util/List;)I+104
j  com.android.build.gradle.internal.lint.AndroidLintWorkAction.runLint(Ljava/util/List;Z)I+60
j  com.android.build.gradle.internal.lint.AndroidLintWorkAction.execute()V+150
j  org.gradle.workers.internal.DefaultWorkerServer.execute(Lorg/gradle/workers/internal/SimpleActionExecutionSpec;)Lorg/gradle/workers/internal/DefaultWorkResult;+128
j  org.gradle.workers.internal.NoIsolationWorkerFactory$1$1.create()Lorg/gradle/workers/internal/DefaultWorkResult;+29
j  org.gradle.workers.internal.NoIsolationWorkerFactory$1$1.create()Ljava/lang/Object;+1
j  org.gradle.internal.classloader.ClassLoaderUtils.executeInClassloader(Ljava/lang/ClassLoader;Lorg/gradle/internal/Factory;)Ljava/lang/Object;+15
j  org.gradle.workers.internal.NoIsolationWorkerFactory$1.lambda$execute$0(Ljava/lang/ClassLoader;Lorg/gradle/workers/WorkerExecutor;Lorg/gradle/workers/internal/IsolatedParametersActionExecutionSpec;)Lorg/gradle/workers/internal/DefaultWorkResult;+10
j  org.gradle.workers.internal.NoIsolationWorkerFactory$1$$Lambda+0x0000000101837b58.execute(Lorg/gradle/workers/internal/IsolatedParametersActionExecutionSpec;)Lorg/gradle/workers/internal/DefaultWorkResult;+13
j  org.gradle.workers.internal.AbstractWorker$1.call(Lorg/gradle/internal/operations/BuildOperationContext;)Lorg/gradle/workers/internal/DefaultWorkResult;+8
j  org.gradle.workers.internal.AbstractWorker$1.call(Lorg/gradle/internal/operations/BuildOperationContext;)Ljava/lang/Object;+2
J 20758 c2 org.gradle.internal.operations.DefaultBuildOperationRunner$CallableBuildOperationWorker.execute(Lorg/gradle/internal/operations/BuildOperation;Lorg/gradle/internal/operations/BuildOperationContext;)V (10 bytes) @ 0x0000025edf3c65a8 [0x0000025edf3c6440+0x0000000000000168]
J 20724 c2 org.gradle.internal.operations.DefaultBuildOperationRunner.execute(Lorg/gradle/internal/operations/BuildOperationDescriptor$Builder;Lorg/gradle/internal/operations/BuildOperationState;Lorg/gradle/internal/operations/DefaultBuildOperationRunner$BuildOperationExecution;)Ljava/lang/Object; (147 bytes) @ 0x0000025edf39819c [0x0000025edf3979a0+0x00000000000007fc]
J 20757 c2 org.gradle.internal.operations.DefaultBuildOperationRunner.call(Lorg/gradle/internal/operations/CallableBuildOperation;)Ljava/lang/Object; (24 bytes) @ 0x0000025edf3c5bd0 [0x0000025edf3c5a00+0x00000000000001d0]
j  org.gradle.workers.internal.AbstractWorker.executeWrappedInBuildOperation(Lorg/gradle/workers/internal/IsolatedParametersActionExecutionSpec;Lorg/gradle/internal/operations/BuildOperationRef;Lorg/gradle/workers/internal/AbstractWorker$Work;)Lorg/gradle/workers/internal/DefaultWorkResult;+15
j  org.gradle.workers.internal.NoIsolationWorkerFactory$1.execute(Lorg/gradle/workers/internal/IsolatedParametersActionExecutionSpec;Lorg/gradle/internal/operations/BuildOperationRef;)Lorg/gradle/workers/internal/DefaultWorkResult;+17
j  org.gradle.workers.internal.DefaultWorkerExecutor.lambda$submitWork$0(Lorg/gradle/workers/internal/WorkerFactory;Lorg/gradle/workers/internal/WorkerRequirement;Lorg/gradle/workers/internal/IsolatedParametersActionExecutionSpec;Lorg/gradle/internal/operations/BuildOperationRef;)Lorg/gradle/workers/internal/DefaultWorkResult;+13
j  org.gradle.workers.internal.DefaultWorkerExecutor$$Lambda+0x0000000101836d78.call()Ljava/lang/Object;+16
J 23013 c1 java.util.concurrent.FutureTask.run()V java.base@21.0.10 (123 bytes) @ 0x0000025ed964f9fc [0x0000025ed964f2e0+0x000000000000071c]
j  org.gradle.internal.work.DefaultConditionalExecutionQueue$ExecutionRunner.runExecution(Lorg/gradle/internal/work/ConditionalExecution;)V+6
j  org.gradle.internal.work.DefaultConditionalExecutionQueue$ExecutionRunner.access$700(Lorg/gradle/internal/work/DefaultConditionalExecutionQueue$ExecutionRunner;Lorg/gradle/internal/work/ConditionalExecution;)V+2
j  org.gradle.internal.work.DefaultConditionalExecutionQueue$ExecutionRunner$1.run()V+14
j  org.gradle.internal.Factories$1.create()Ljava/lang/Object;+4
j  org.gradle.internal.work.DefaultWorkerLeaseService.withLocks(Ljava/util/Collection;Lorg/gradle/internal/Factory;)Ljava/lang/Object;+28
j  org.gradle.internal.work.DefaultWorkerLeaseService.runAsWorkerThread(Lorg/gradle/internal/Factory;)Ljava/lang/Object;+33
j  org.gradle.internal.work.DefaultWorkerLeaseService.runAsWorkerThread(Ljava/lang/Runnable;)V+5
j  org.gradle.internal.work.DefaultConditionalExecutionQueue$ExecutionRunner.runBatch(Lorg/gradle/internal/work/ConditionalExecution;)V+16
j  org.gradle.internal.work.DefaultConditionalExecutionQueue$ExecutionRunner.run()V+11
J 19331 c2 java.util.concurrent.FutureTask.run()V java.base@21.0.10 (123 bytes) @ 0x0000025edf258e40 [0x0000025edf258580+0x00000000000008c0]
J 10150 c2 org.gradle.internal.concurrent.ExecutorPolicy$CatchAndRecordFailures.onExecute(Ljava/lang/Runnable;)V (29 bytes) @ 0x0000025ededb1d94 [0x0000025ededb1d40+0x0000000000000054]
J 15015 c1 org.gradle.internal.concurrent.AbstractManagedExecutor$1.run()V (57 bytes) @ 0x0000025ed89e22d4 [0x0000025ed89e2120+0x00000000000001b4]
j  java.util.concurrent.ThreadPoolExecutor.runWorker(Ljava/util/concurrent/ThreadPoolExecutor$Worker;)V+92 java.base@21.0.10
j  java.util.concurrent.ThreadPoolExecutor$Worker.run()V+5 java.base@21.0.10
j  java.lang.Thread.runWith(Ljava/lang/Object;Ljava/lang/Runnable;)V+5 java.base@21.0.10
j  java.lang.Thread.run()V+19 java.base@21.0.10
v  ~StubRoutines::call_stub 0x0000025ede301015

Compiled method (n/a) 846427  980     n 0       java.lang.ClassLoader::defineClass1 (native)
 total in heap  [0x0000025ede8fad90,0x0000025ede8fb308] = 1400
 relocation     [0x0000025ede8faef0,0x0000025ede8faf28] = 56
 main code      [0x0000025ede8faf40,0x0000025ede8fb307] = 967
 stub code      [0x0000025ede8fb307,0x0000025ede8fb308] = 1

[Constant Pool (empty)]

[MachCode]
[Entry Point]
  # {method} {0x0000025eeb025040} 'defineClass1' '(Ljava/lang/ClassLoader;Ljava/lang/String;[BIILjava/security/ProtectionDomain;Ljava/lang/String;)Ljava/lang/Class;' in 'java/lang/ClassLoader'
  # parm0:    rdx:rdx   = 'java/lang/ClassLoader'
  # parm1:    r8:r8     = 'java/lang/String'
  # parm2:    r9:r9     = '[B'
  # parm3:    rdi       = int
  # parm4:    rsi       = int
  # parm5:    rcx:rcx   = 'java/security/ProtectionDomain'
  # parm6:    [sp+0xa0]   = 'java/lang/String'  (sp of caller)
  0x0000025ede8faf40: 448b 5208 | 49c1 e203 | 493b c20f | 8407 0000 

  0x0000025ede8faf50: ;   {runtime_call ic_miss_stub}
  0x0000025ede8faf50: 00e9 2a38 | a5ff 6690 
[Verified Entry Point]
  0x0000025ede8faf58: 8984 2400 | 80ff ff55 | 488b ec48 | 81ec 9000 | 0000 6690 | 4181 7f20 | 2400 0000 

  0x0000025ede8faf74: ;   {runtime_call StubRoutines (final stubs)}
  0x0000025ede8faf74: 7405 e885 | 07a4 ff48 | 837d 1000 | 488d 4510 | 480f 4445 | 1048 8944 | 2440 4889 | 4c24 7048 
  0x0000025ede8faf94: 83f9 0048 | 8d44 2470 | 480f 4444 | 2470 4889 | 4424 3848 | 8974 2430 | 4889 7c24 | 284c 894c 
  0x0000025ede8fafb4: 2458 4983 | f900 488d | 4424 5848 | 0f44 4424 | 5848 8944 | 2420 4c89 | 4424 5049 | 83f8 004c 
  0x0000025ede8fafd4: 8d4c 2450 | 4c0f 444c | 2450 4889 | 5424 4848 | 83fa 004c | 8d44 2448 | 4c0f 4444 

  0x0000025ede8faff0: ;   {oop(a 'java/lang/Class'{0x000000008008d9e0} = 'java/lang/ClassLoader')}
  0x0000025ede8faff0: 2448 49be | e0d9 0880 | 0000 0000 | 4c89 7424 | 784c 8d74 | 2478 498b 

  0x0000025ede8fb008: ; ImmutableOopMap {[72]=Oop [80]=Oop [88]=Oop [112]=Oop [120]=Oop [160]=Oop }
                      ;   {section_word}
  0x0000025ede8fb008: d649 ba09 | b08f de5e | 0200 004d | 8997 a803 | 0000 4989 | a7a0 0300 

  0x0000025ede8fb020: ;   {external_word}
  0x0000025ede8fb020: 0049 baa8 | fa72 2cff | 7f00 0041 | 803a 000f | 844e 0000 | 0052 4150 

  0x0000025ede8fb038: ;   {metadata({method} {0x0000025eeb025040} 'defineClass1' '(Ljava/lang/ClassLoader;Ljava/lang/String;[BIILjava/security/ProtectionDomain;Ljava/lang/String;)Ljava/lang/Class;' in 'java/lang/ClassLoader')}
  0x0000025ede8fb038: 4151 48ba | 3850 02eb | 5e02 0000 | 498b cf48 | 83ec 2040 | f6c4 0f0f | 8419 0000 | 0048 83ec 
  0x0000025ede8fb058: ;   {runtime_call}
  0x0000025ede8fb058: 0848 b830 | e92c 2cff | 7f00 00ff | d048 83c4 | 08e9 0c00 

  0x0000025ede8fb06c: ;   {runtime_call}
  0x0000025ede8fb06c: 0000 48b8 | 30e9 2c2c | ff7f 0000 | ffd0 4883 | c420 4159 | 4158 5a49 | 8d8f c003 | 0000 41c7 
  0x0000025ede8fb08c: 874c 0400 | 0004 0000 

  0x0000025ede8fb094: ;   {runtime_call}
  0x0000025ede8fb094: 0048 b8ac | 169b 85ff | 7f00 00ff | d041 c787 | 4c04 0000 | 0500 0000 | f083 4424 | c000 493b 
  0x0000025ede8fb0b4: af50 0400 | 000f 870e | 0000 0041 | 83bf 4804 | 0000 000f | 8428 0000 | 0048 8945 | f849 8bcf 
  0x0000025ede8fb0d4: 4c8b e448 | 83ec 2048 

  0x0000025ede8fb0dc: ;   {runtime_call}
  0x0000025ede8fb0dc: 83e4 f048 | b8e0 1ef8 | 2bff 7f00 | 00ff d049 | 8be4 4d33 | e448 8b45 | f841 c787 | 4c04 0000 
  0x0000025ede8fb0fc: 0800 0000 | 4183 bfc8 | 0400 0002 | 0f84 cf01 

  0x0000025ede8fb10c: ;   {external_word}
  0x0000025ede8fb10c: 0000 49ba | a8fa 722c | ff7f 0000 | 4180 3a00 | 0f84 4c00 | 0000 4889 

  0x0000025ede8fb124: ;   {metadata({method} {0x0000025eeb025040} 'defineClass1' '(Ljava/lang/ClassLoader;Ljava/lang/String;[BIILjava/security/ProtectionDomain;Ljava/lang/String;)Ljava/lang/Class;' in 'java/lang/ClassLoader')}
  0x0000025ede8fb124: 45f8 48ba | 3850 02eb | 5e02 0000 | 498b cf48 | 83ec 2040 | f6c4 0f0f | 8419 0000 | 0048 83ec 
  0x0000025ede8fb144: ;   {runtime_call}
  0x0000025ede8fb144: 0848 b830 | e92c 2cff | 7f00 00ff | d048 83c4 | 08e9 0c00 

  0x0000025ede8fb158: ;   {runtime_call}
  0x0000025ede8fb158: 0000 48b8 | 30e9 2c2c | ff7f 0000 | ffd0 4883 | c420 488b | 45f8 49c7 | 87a0 0300 | 0000 0000 
  0x0000025ede8fb178: 0049 c787 | a803 0000 | 0000 0000 | 4885 c00f | 842d 0100 | 00a8 030f | 8508 0000 | 0048 8b00 
  0x0000025ede8fb198: e91d 0100 | 00a8 010f | 8509 0000 | 0048 8b40 | fee9 0c01 | 0000 488b | 40ff 4180 | 7f40 000f 
  0x0000025ede8fb1b8: 84fd 0000 | 0048 83f8 | 000f 84f3 | 0000 0049 | 8b4f 2848 | 83f9 000f | 8414 0000 | 0048 83e9 
  0x0000025ede8fb1d8: 0849 894f | 2849 034f | 3848 8901 | e9d1 0000 | 0048 83ec | 7048 8904 | 2448 894c | 2408 4889 
  0x0000025ede8fb1f8: 5424 104c | 8944 2418 | 4c89 4c24 | 204c 8954 | 2428 4c89 | 5c24 30f2 | 0f11 4424 | 40f2 0f11 
  0x0000025ede8fb218: 4c24 48f2 | 0f11 5424 | 50f2 0f11 | 5c24 58f2 | 0f11 6424 | 60f2 0f11 | 6c24 6849 | 8bd7 488b 
  0x0000025ede8fb238: c848 83ec | 2040 f6c4 | 0f0f 8419 | 0000 0048 

  0x0000025ede8fb248: ;   {runtime_call}
  0x0000025ede8fb248: 83ec 0848 | b800 2aeb | 2bff 7f00 | 00ff d048 | 83c4 08e9 | 0c00 0000 

  0x0000025ede8fb260: ;   {runtime_call}
  0x0000025ede8fb260: 48b8 002a | eb2b ff7f | 0000 ffd0 | 4883 c420 | f20f 106c | 2468 f20f | 1064 2460 | f20f 105c 
  0x0000025ede8fb280: 2458 f20f | 1054 2450 | f20f 104c | 2448 f20f | 1044 2440 | 4c8b 5c24 | 304c 8b54 | 2428 4c8b 
  0x0000025ede8fb2a0: 4c24 204c | 8b44 2418 | 488b 5424 | 1048 8b4c | 2408 488b | 0424 4883 | c470 498b | 8f30 0400 
  0x0000025ede8fb2c0: 00c7 8100 | 0100 0000 | 0000 00c9 | 4983 7f08 | 000f 8501 | 0000 00c3 

  0x0000025ede8fb2d8: ;   {runtime_call StubRoutines (initial stubs)}
  0x0000025ede8fb2d8: e923 5ca0 | ff48 8945 | f84c 8be4 | 4883 ec20 | 4883 e4f0 

  0x0000025ede8fb2ec: ;   {runtime_call}
  0x0000025ede8fb2ec: 48b8 8020 | 2d2c ff7f | 0000 ffd0 | 498b e44d | 33e4 488b | 45f8 e907 | feff fff4 
[/MachCode]


Compiled method (c2) 846464 15489       4       java.security.SecureClassLoader::defineClass (16 bytes)
 total in heap  [0x0000025edf064910,0x0000025edf068090] = 14208
 relocation     [0x0000025edf064a70,0x0000025edf064ce0] = 624
 main code      [0x0000025edf064ce0,0x0000025edf0669d0] = 7408
 stub code      [0x0000025edf0669d0,0x0000025edf066ae8] = 280
 oops           [0x0000025edf066ae8,0x0000025edf066af8] = 16
 metadata       [0x0000025edf066af8,0x0000025edf066d28] = 560
 scopes data    [0x0000025edf066d28,0x0000025edf0677c0] = 2712
 scopes pcs     [0x0000025edf0677c0,0x0000025edf067cd0] = 1296
 dependencies   [0x0000025edf067cd0,0x0000025edf067d58] = 136
 handler table  [0x0000025edf067d58,0x0000025edf067ff8] = 672
 nul chk table  [0x0000025edf067ff8,0x0000025edf068090] = 152

[Constant Pool (empty)]

[MachCode]
[Entry Point]
  # {method} {0x0000025eeb03d7b0} 'defineClass' '(Ljava/lang/String;[BIILjava/security/CodeSource;)Ljava/lang/Class;' in 'java/security/SecureClassLoader'
  # this:     rdx:rdx   = 'java/security/SecureClassLoader'
  # parm0:    r8:r8     = 'java/lang/String'
  # parm1:    r9:r9     = '[B'
  # parm2:    rdi       = int
  # parm3:    rsi       = int
  # parm4:    rcx:rcx   = 'java/security/CodeSource'
  #           [sp+0xc0]  (sp of caller)
  0x0000025edf064ce0: 448b 5208 | 49c1 e203 

  0x0000025edf064ce8: ;   {runtime_call ic_miss_stub}
  0x0000025edf064ce8: 493b c20f | 858f 9a2e | ff66 6690 | 0f1f 8400 | 0000 0000 | 6666 6690 
[Verified Entry Point]
  0x0000025edf064d00: 8984 2400 | 80ff ff55 | 4881 ecb0 | 0000 0090 | 4181 7f20 | 2400 0000 | 0f85 a31c | 0000 8974 
  0x0000025edf064d20: 243c 897c | 2438 4c89 | 4c24 284c | 8944 2420 | 4889 5424 | 3048 8be9 | 4885 c90f | 84e7 1400 
  0x0000025edf064d40: 004d 8b87 | b801 0000 | 4d8b d049 | 83c2 104d | 3b97 c801 | 0000 0f83 | 0210 0000 | 4d89 97b8 
  0x0000025edf064d60: 0100 0041 | 0f0d 8a00 | 0100 0049 | c700 0100 

  0x0000025edf064d70: ;   {metadata('java/security/SecureClassLoader$CodeSourceKey')}
  0x0000025edf064d70: 0000 41c7 | 4008 6b32 | 0120 4c8b | dd45 8958 | 0c4d 8b8f | b801 0000 | 4c8b 5424 | 3041 8b6a 
  0x0000025edf064d90: 504d 8bd1 | 4983 c210 | 4d3b 97c8 | 0100 000f | 83db 0f00 | 004d 8997 | b801 0000 | 410f 0d8a 
  0x0000025edf064db0: 0001 0000 | 49c7 0101 

  0x0000025edf064db8: ;   {metadata('java/security/SecureClassLoader$1')}
  0x0000025edf064db8: 0000 0041 | c741 08b3 | 3201 204c | 8b54 2430 | 4d8b da45 | 8959 0c44 

  0x0000025edf064dd0: ;   {metadata('java/util/concurrent/ConcurrentHashMap')}
  0x0000025edf064dd0: 8b5d 0841 | 81fb 6eac | 0020 0f85 | c013 0000 

  0x0000025edf064de0: ;   {optimized virtual_call}
  0x0000025edf064de0: 488b d5e8 

  0x0000025edf064de4: ; ImmutableOopMap {[32]=Oop [40]=Oop [48]=Oop }
                      ;*invokeinterface computeIfAbsent {reexecute=0 rethrow=0 return_oop=1}
                      ; - java.security.SecureClassLoader::getProtectionDomain@28
                      ; - java.security.SecureClassLoader::defineClass@9
  0x0000025edf064de4: 98da 2800 

  0x0000025edf064de8: ;   {other}
  0x0000025edf064de8: 0f1f 8400 | d804 0000 

  0x0000025edf064df0: ; implicit exception: dispatches to 0x0000025edf066754
  0x0000025edf064df0: 448b 5008 

  0x0000025edf064df4: ;   {metadata('java/security/ProtectionDomain')}
  0x0000025edf064df4: 4181 facf | 8800 200f | 85ab 1800 | 004c 8bc8 | 488b 5424 | 304c 8b44 

  0x0000025edf064e0c: ;   {optimized virtual_call}
  0x0000025edf064e0c: 2420 90e8 

  0x0000025edf064e10: ; ImmutableOopMap {[32]=Oop [40]=Oop [48]=Oop }
                      ;*invokevirtual preDefineClass {reexecute=0 rethrow=0 return_oop=1}
                      ; - java.lang.ClassLoader::defineClass@4
                      ; - java.security.SecureClassLoader::defineClass@12
  0x0000025edf064e10: 0c37 43fb 

  0x0000025edf064e14: ;   {other}
  0x0000025edf064e14: 0f1f 8400 | 0405 0001 | 4889 4424 | 4044 8b50 | 1041 8b6a | 0c85 ed0f | 8478 0f00 | 0044 8b55 
  0x0000025edf064e34: 3845 85d2 | 0f84 4e13 | 0000 498b | d24c 8bc5 

  0x0000025edf064e44: ;   {optimized virtual_call}
  0x0000025edf064e44: 6666 90e8 

  0x0000025edf064e48: ; ImmutableOopMap {[32]=Oop [40]=Oop [48]=Oop [64]=Oop }
                      ;*invokevirtual toExternalForm {reexecute=0 rethrow=0 return_oop=1}
                      ; - java.net.URL::toExternalForm@5
                      ; - java.net.URL::toString@1
                      ; - java.lang.ClassLoader::defineClassSourceLocation@22
                      ; - java.lang.ClassLoader::defineClass@12
                      ; - java.security.SecureClassLoader::defineClass@12
  0x0000025edf064e48: d4fd 95ff 

  0x0000025edf064e4c: ;   {other}
  0x0000025edf064e4c: 0f1f 8400 | 3c05 0002 | 488b 5424 | 304c 8b44 | 2420 4c8b | 4c24 288b | 7c24 388b | 7424 3c48 
  0x0000025edf064e6c: 8b4c 2440 | 4889 0424 

  0x0000025edf064e74: ;   {static_call}
  0x0000025edf064e74: 6666 90e8 

  0x0000025edf064e78: ; ImmutableOopMap {[48]=Oop [64]=Oop }
                      ;*invokestatic defineClass1 {reexecute=0 rethrow=0 return_oop=1}
                      ; - java.lang.ClassLoader::defineClass@27
                      ; - java.security.SecureClassLoader::defineClass@12
  0x0000025edf064e78: dc60 89ff 

  0x0000025edf064e7c: ;   {other}
  0x0000025edf064e7c: 0f1f 8400 | 6c05 0003 | 4889 4424 | 4844 8b58 | 3c45 85db | 0f85 7f03 | 0000 4c8b | 5010 458b 
  0x0000025edf064e9c: 5a08 4585 | db0f 8c95 | 1300 0044 | 8b50 2c45 | 85d2 0f84 | 2c08 0000 | 4c89 5424 | 384c 8b54 
  0x0000025edf064ebc: 2438 418b | 6a14 448b | 450c 410f | be4a 1045 | 8bc8 41d3 | f941 ffc9 | 85c9 0f85 | 5011 0000 
  0x0000025edf064edc: 418b f8ff | cf41 3bf9 | 410f 4ff9 | 85ff 0f8c | 3608 0000 | 4c8b dd49 | ba00 009d | e55e 0200 
  0x0000025edf064efc: 0033 c94c | 8994 2480 | 0000 0089 | 4c24 500f | 1f44 0000 | 413b f80f | 8350 1100 | 0080 7c3d 
  0x0000025edf064f1c: 102e 7415 | 4d8b 8f58 | 0400 00ff 

  0x0000025edf064f28: ; ImmutableOopMap {r11=Oop rbp=NarrowOop [48]=Oop [56]=Oop [64]=Oop [72]=Oop }
                      ;*goto {reexecute=1 rethrow=0 return_oop=0}
                      ; - (reexecute) java.lang.StringLatin1::lastIndexOf@35
                      ; - java.lang.String::lastIndexOf@13
                      ; - java.lang.String::lastIndexOf@8
                      ; - java.lang.Class::getPackageName@47
                      ; - java.lang.ClassLoader::postDefineClass@2
                      ; - java.lang.ClassLoader::defineClass@37
                      ; - java.security.SecureClassLoader::defineClass@12
                      ;   {poll}
  0x0000025edf064f28: cf41 8501 | 85ff 7de0 | bfff ffff | ff83 ffff | 0f84 5e0d | 0000 4c8b | 5424 3845 | 8b5a 1445 
  0x0000025edf064f48: 8b43 0c41 | 0fbe 4a10 | 418b e8d3 | fd85 ff0f | 8c58 1300 | 003b fd0f | 8f88 1300 | 003b fd0f 
  0x0000025edf064f68: 84af 0700 | 0085 c90f | 8558 0e00 | 0085 ff0f | 8484 0f00 | 0049 8b9f | b801 0000 | 4c8b d349 
  0x0000025edf064f88: 83c2 184d | 3b97 c801 | 0000 0f83 | 050f 0000 | 4d89 97b8 | 0100 0041 | 0f0d 8a00 | 0100 0048 
  0x0000025edf064fa8: c703 0100 

  0x0000025edf064fac: ;   {metadata('java/lang/String')}
  0x0000025edf064fac: 0000 c743 | 0812 8400 | 2044 8963 | 0c4c 8963 | 1049 8beb | 4d8d 4b10 | 413b f80f | 84db 0000 
  0x0000025edf064fcc: 0081 ff00 | 0010 000f | 8737 1400 | 004c 63d7 | 443b c741 | 8bd0 0f4f | d789 9424 | 9000 0000 
  0x0000025edf064fec: 443b c20f | 8252 1400 | 003b fa0f | 824a 1400 | 0049 83c2 | 174d 8bc2 | 4983 e0f8 | 81ff 0000 
  0x0000025edf06500c: 1000 0f87 | 7810 0000 | 498b b7b8 | 0100 004c | 8bde 4d03 | d84d 3b9f | c801 0000 | 0f83 5e10 
  0x0000025edf06502c: 0000 4d89 | 9fb8 0100 | 0041 0f0d | 8b00 0100 | 0048 c706 | 0100 0000 | 410f 0d8b | 4001 0000 
  0x0000025edf06504c: ;   {metadata({type array byte})}
  0x0000025edf06504c: c746 0859 | 8100 2089 | 7e0c 410f | 0d8b 8001 | 0000 488b | d648 83c2 | 1049 c1ea | 0344 8b9c 
  0x0000025edf06506c: 2490 0000 | 0045 85db | 0f84 9e13 | 0000 443b | df0f 8c7d | 0c00 0049 | 83c0 f049 | c1e8 0349 
  0x0000025edf06508c: 8bc9 49ba | 809e 33de | 5e02 0000 

  0x0000025edf065098: ;   {other}
  0x0000025edf065098: 41ff d20f | 1f84 0000 | 0000 00e9 | 8d00 0000 | 4963 f841 | 81f8 0000 | 1000 0f87 | bc0e 0000 
  0x0000025edf0650b8: 498b b7b8 | 0100 004c | 8bd7 4983 | c217 4983 | e2f8 488b | ce49 03ca | 493b 8fc8 | 0100 000f 
  0x0000025edf0650d8: 8397 0e00 | 0049 898f | b801 0000 | 0f0d 8900 | 0100 0048 | c706 0100 | 0000 0f0d | 8940 0100 
  0x0000025edf0650f8: ;   {metadata({type array byte})}
  0x0000025edf0650f8: 00c7 4608 | 5981 0020 | 4489 460c | 0f0d 8980 | 0100 0048 | 8bd6 4883 | c210 4883 | c707 48c1 
  0x0000025edf065118: ef03 498b | c94c 8bc7 | 49ba 809e | 33de 5e02 | 0000 41ff 

  0x0000025edf06512c: ;   {other}
  0x0000025edf06512c: d20f 1f84 | 0000 0000 | 0041 807f | 4000 0f85 | c509 0000 | 4c8b d34c | 8bde 4489 | 5b14 4c8b 
  0x0000025edf06514c: de4d 33da | 49c1 eb14 | 4d85 db74 | 1a49 c1ea | 0948 b900 | 009d e55e | 0200 0049 | 03ca 8039 
  0x0000025edf06516c: 020f 85c5 | 0900 0044 | 8863 1048 

  0x0000025edf065178: ;   {optimized virtual_call}
  0x0000025edf065178: 8bd3 90e8 

  0x0000025edf06517c: ; ImmutableOopMap {[48]=Oop [64]=Oop [72]=Oop }
                      ;*invokevirtual intern {reexecute=0 rethrow=0 return_oop=1}
                      ; - java.lang.Class::getPackageName@65
                      ; - java.lang.ClassLoader::postDefineClass@2
                      ; - java.lang.ClassLoader::defineClass@37
                      ; - java.security.SecureClassLoader::defineClass@12
  0x0000025edf06517c: 5830 84ff 

  0x0000025edf065180: ;   {other}
  0x0000025edf065180: 0f1f 8400 | 7008 0005 | 488b d841 | 807f 4000 | 0f85 3709 | 0000 4c8b | 5424 484c | 8bdb 4c8b 
  0x0000025edf0651a0: 4424 4845 | 8958 3c4c | 8bdb 4d33 | da49 c1eb | 144d 85db | 747c 4885 | db74 7749 | c1ea 0948 
  0x0000025edf0651c0: b900 009d | e55e 0200 | 0049 03ca | 8039 0274 | 614d 8b57 | 484d 8b5f | 58f0 8344 | 24c0 0080 
  0x0000025edf0651e0: 3900 744e | 4488 214d | 85d2 751a | 498b d749 | bae0 29eb | 2bff 7f00 | 0041 ffd2 

  0x0000025edf0651fc: ;   {other}
  0x0000025edf0651fc: 0f1f 8400 | 0000 0000 | eb2c 4b89 | 4c13 f849 | 83c2 f84d | 8957 48eb | 1d49 8bdb | 49ba 0000 
  0x0000025edf06521c: 9de5 5e02 | 0000 4533 | c04c 8994 | 2480 0000 | 0044 8944 | 2450 4c8b | 5424 3045 | 8b42 3845 
  0x0000025edf06523c: 8b48 084c | 8b54 2448 | 458b 5a30 

  0x0000025edf065248: ;   {metadata('java/util/concurrent/ConcurrentHashMap')}
  0x0000025edf065248: 4181 f96e | ac00 200f | 8567 0f00 | 004c 8beb 

  0x0000025edf065258: ; implicit exception: dispatches to 0x0000025edf0667ac
  0x0000025edf065258: 8b43 0c49 | 8be8 85c0 | 754c 440f | b643 1145 | 85c0 0f85 | 3b0a 0000 | 448b 4314 | 498b d080 
  0x0000025edf065278: 7b10 000f | 852f 0b00 | 0044 895c | 2428 4889 

  0x0000025edf065288: ;   {static_call}
  0x0000025edf065288: 5c24 20e8 

  0x0000025edf06528c: ; ImmutableOopMap {rbp=Oop [32]=Oop [40]=NarrowOop [48]=Oop [64]=Oop [72]=Oop }
                      ;*invokestatic hashCode {reexecute=0 rethrow=0 return_oop=0}
                      ; - java.lang.String::hashCode@27
                      ; - java.util.concurrent.ConcurrentHashMap::get@1
                      ; - java.lang.ClassLoader::getNamedPackage@5
                      ; - java.lang.ClassLoader::postDefineClass@9
                      ; - java.lang.ClassLoader::defineClass@37
                      ; - java.security.SecureClassLoader::defineClass@12
  0x0000025edf06528c: 10d3 aaff 

  0x0000025edf065290: ;   {other}
  0x0000025edf065290: 0f1f 8400 | 8009 0006 | 85c0 0f84 | 120a 0000 | 4c8b 6c24 | 2041 8945 | 0c44 8b5c | 2428 448b 
  0x0000025edf0652b0: 4d28 4585 | c90f 8422 | 0100 0041 | 8b69 0c85 | ed0f 8639 | 0f00 0044 | 8bd0 41c1 | ea10 4433 
  0x0000025edf0652d0: d0ff cd41 | 81e2 ffff | ff7f 4123 | ea4c 63c5 | 478b 4c81 | 1045 85c9 | 0f84 ef00 | 0000 458b 
  0x0000025edf0652f0: 410c 453b | c20f 8461 | 0200 0045 | 85c0 0f8c | f90a 0000 | 458b 4118 | 4585 c00f | 84cc 0000 
  0x0000025edf065310: 0049 8bc8 | 8b59 0c49 | 8bbf 5804 

  0x0000025edf06531c: ; ImmutableOopMap {r11=NarrowOop rcx=Oop r13=Oop [48]=Oop [64]=Oop [72]=Oop }
                      ;*if_icmpne {reexecute=1 rethrow=0 return_oop=0}
                      ; - (reexecute) java.util.concurrent.ConcurrentHashMap::get@127
                      ; - java.lang.ClassLoader::getNamedPackage@5
                      ; - java.lang.ClassLoader::postDefineClass@9
                      ; - java.lang.ClassLoader::defineClass@37
                      ; - java.security.SecureClassLoader::defineClass@12
                      ;   {poll}
  0x0000025edf06531c: 0000 8507 | 413b da74 | 1244 8b41 | 1845 85c0 | 0f84 ab00 | 0000 498b | c8eb dd8b | 6910 4c8b 
  0x0000025edf06533c: c54d 3bc5 | 0f84 8c00 | 0000 85ed | 0f84 6011 | 0000 4889 | 4c24 7044 | 8954 2468 | 4489 5c24 
  0x0000025edf06535c: 5c4c 896c | 2460 448b | 5424 5044 | 8954 2458 | 4c8b 5424 | 404c 8954 | 2428 4c8b | 5424 304c 
  0x0000025edf06537c: 8954 2420 | 4c8b c549 | 8bd5 488b 

  0x0000025edf065388: ;   {optimized virtual_call}
  0x0000025edf065388: 6c24 48e8 

  0x0000025edf06538c: ; ImmutableOopMap {rbp=Oop [32]=Oop [40]=Oop [92]=NarrowOop [96]=Oop [112]=Oop }
                      ;*invokevirtual equals {reexecute=0 rethrow=0 return_oop=0}
                      ; - java.util.concurrent.ConcurrentHashMap::get@149
                      ; - java.lang.ClassLoader::getNamedPackage@5
                      ; - java.lang.ClassLoader::postDefineClass@9
                      ; - java.lang.ClassLoader::defineClass@37
                      ; - java.security.SecureClassLoader::defineClass@12
  0x0000025edf06538c: 30e2 83ff 

  0x0000025edf065390: ;   {other}
  0x0000025edf065390: 0f1f 8400 | 800a 0008 | 85c0 0f84 | 4011 0000 | 4c8b 5424 | 204c 8954 | 2430 4c8b | 5424 284c 
  0x0000025edf0653b0: 8954 2440 | 4889 6c24 | 4844 8b5c | 2458 4489 | 5c24 504c | 8b6c 2460 | 448b 5c24 | 5c48 8b4c 
  0x0000025edf0653d0: 2470 8b69 | 1485 ed0f | 85a4 0200 | 0049 8b87 | b801 0000 | 4c8b d049 | 83c2 184d | 3b97 c801 
  0x0000025edf0653f0: 0000 0f83 | 180b 0000 | 4d89 97b8 | 0100 0041 | 0f0d 8a00 | 0100 0048 | c700 0100 

  0x0000025edf06540c: ;   {metadata('java/lang/NamedPackage')}
  0x0000025edf06540c: 0000 c740 | 084b 3001 | 2044 8960 | 0c4c 8960 | 1045 8b45 | 1445 8b50 | 0c45 85d2 | 0f86 9a08 
  0x0000025edf06542c: 0000 4c89 | 6c24 2048 | 8944 2428 | 498b eb44 | 895c 2438 | 488b 5424 

  0x0000025edf065444: ;   {optimized virtual_call}
  0x0000025edf065444: 2066 90e8 

  0x0000025edf065448: ; ImmutableOopMap {rbp=Oop [32]=Oop [40]=Oop [48]=Oop [56]=NarrowOop [64]=Oop [72]=Oop }
                      ;*invokevirtual intern {reexecute=0 rethrow=0 return_oop=1}
                      ; - java.lang.NamedPackage::<init>@47
                      ; - java.lang.ClassLoader::getNamedPackage@22
                      ; - java.lang.ClassLoader::postDefineClass@9
                      ; - java.lang.ClassLoader::defineClass@37
                      ; - java.security.SecureClassLoader::defineClass@12
  0x0000025edf065448: 8c2d 84ff 

  0x0000025edf06544c: ;   {other}
  0x0000025edf06544c: 0f1f 8400 | 3c0b 0009 | 488b d841 | 807f 4000 | 0f85 5707 | 0000 488b | 7424 284c | 8bdb 4489 
  0x0000025edf06546c: 5e0c 4c8b | d64c 8bdb | 4d33 da49 | c1eb 144d | 85db 741f | 4885 db74 | 1a49 c1ea | 0948 b900 
  0x0000025edf06548c: 009d e55e | 0200 0049 | 03ca 8039 | 020f 8561 | 0700 0041 | 807f 4000 | 0f85 dc06 | 0000 8b7c 
  0x0000025edf0654ac: 2438 897e | 104c 8bd5 | 4c8b de4d | 33d3 49c1 | ea14 4d85 | d274 1e85 | ff74 1a49 | c1eb 0948 
  0x0000025edf0654cc: b900 009d | e55e 0200 | 0049 03cb | 8039 020f | 856d 0700 | 004c 8b54 | 2430 458b | 5a38 4585 
  0x0000025edf0654ec: db0f 8471 | 0d00 0048 | 8974 2438 | 897c 2430 | 4c89 5424 | 2849 8bd3 | 4c8b 4424 | 204c 8bce 
  0x0000025edf06550c: ;   {optimized virtual_call}
  0x0000025edf06550c: 6666 90e8 

  0x0000025edf065510: ; ImmutableOopMap {[40]=Oop [48]=NarrowOop [56]=Oop [64]=Oop [72]=Oop }
                      ;*invokevirtual putIfAbsent {reexecute=0 rethrow=0 return_oop=1}
                      ; - java.lang.ClassLoader::getNamedPackage@32
                      ; - java.lang.ClassLoader::postDefineClass@9
                      ; - java.lang.ClassLoader::defineClass@37
                      ; - java.security.SecureClassLoader::defineClass@12
  0x0000025edf065510: 2c43 91ff 

  0x0000025edf065514: ;   {other}
  0x0000025edf065514: 0f1f 8400 | 040c 000a | 4885 c00f | 84cc 0600 | 0044 8b58 | 084d 33d2 | 4f8d 14da | 4d8b 5238 
  0x0000025edf065534: ;   {metadata('java/lang/NamedPackage')}
  0x0000025edf065534: 49bb 5882 | 0900 0100 | 0000 4d3b | d30f 8439 | 0d00 00ba | deff ffff 

  0x0000025edf06554c: ;   {runtime_call UncommonTrapBlob}
  0x0000025edf06554c: 488b e8e8 

  0x0000025edf065550: ; ImmutableOopMap {rbp=Oop }
                      ;*checkcast {reexecute=0 rethrow=0 return_oop=0}
                      ; - java.lang.ClassLoader::getNamedPackage@35
                      ; - java.lang.ClassLoader::postDefineClass@9
                      ; - java.lang.ClassLoader::defineClass@37
                      ; - java.security.SecureClassLoader::defineClass@12
  0x0000025edf065550: acec 2eff 

  0x0000025edf065554: ;   {other}
  0x0000025edf065554: 0f1f 8400 | 440c 000b | 418b 6910 | 4c8b c54d | 3bc5 0f84 | 0901 0000 

  0x0000025edf06556c: ; implicit exception: dispatches to 0x0000025edf066884
  0x0000025edf06556c: 448b 4508 | 488b cd4c | 3be9 0f84 | f900 0000 

  0x0000025edf06557c: ;   {metadata('java/lang/String')}
  0x0000025edf06557c: 4181 f812 | 8400 200f | 8577 1100 | 0045 0fbe | 4510 0fbe | 6910 443b | c50f 853e | 0e00 008b 
  0x0000025edf06559c: 7914 458b | 4514 8b5f | 0c41 8b48 | 0c3b cb0f | 8553 fdff | ff48 8bdf | 488d 7710 | 498b d849 
  0x0000025edf0655bc: 8d78 1085 | c90f 849d | 0000 008b | c183 e00f | 83e1 f00f | 844b 0000 | 0048 8d3c | 0f48 8d34 
  0x0000025edf0655dc: 0e48 f7d9 | f30f 6f04 | 0ff3 0f6f | 0c0e 660f | efc1 660f | 3817 c00f | 8572 0000 | 0048 83c1 
  0x0000025edf0655fc: 1075 e185 | c00f 845d | 0000 00f3 | 0f6f 4407 | f0f3 0f6f | 4c06 f066 | 0fef c166 | 0f38 17c0 
  0x0000025edf06561c: 754d eb44 | 8bc8 83e1 | fc74 1948 | 8d3c 0f48 | 8d34 0e48 | f7d9 8b1c | 0f3b 1c0e | 7531 4883 
  0x0000025edf06563c: c104 75f2 | a802 7412 | 0fb7 1f0f | b70e 3bd9 | 751d 488d | 7f02 488d | 7602 a801 | 740a 0fb6 
  0x0000025edf06565c: 1f0f b60e | 3bd9 7507 | b801 0000 | 00eb 0233 | c085 c00f | 848f fcff | ff41 8b69 

  0x0000025edf065678: ;   {no_reloc}
  0x0000025edf065678: 1485 ed0f | 845c fdff | ff44 8b5d | 084d 33d2 | 4f8d 14da | 4d8b 5238 

  0x0000025edf065690: ;   {metadata('java/lang/NamedPackage')}
  0x0000025edf065690: 49bb 5882 | 0900 0100 | 0000 4d3b | d30f 8549 | 0b00 004c | 8b54 2440 | 458b 5210 

  0x0000025edf0656ac: ; implicit exception: dispatches to 0x0000025edf06686c
  0x0000025edf0656ac: 418b 4a14 | 85c9 0f85 | 8d00 0000 | 458b 4a10 | 4585 c90f | 8522 0100 | 0048 8b44 | 2448 4881 
  0x0000025edf0656cc: c4b0 0000 

  0x0000025edf0656d0: ;   {poll_return}
  0x0000025edf0656d0: 005d 493b | a750 0400 | 000f 87cc | 1200 00c3 | 488b d048 | 8944 2438 | 488b 6c24 

  0x0000025edf0656ec: ;   {optimized virtual_call}
  0x0000025edf0656ec: 4066 90e8 

  0x0000025edf0656f0: ; ImmutableOopMap {rbp=Oop [48]=Oop [56]=Oop [64]=Oop [72]=Oop }
                      ;*invokevirtual initClassName {reexecute=0 rethrow=0 return_oop=1}
                      ; - java.lang.Class::getName@14
                      ; - java.lang.Class::getPackageName@40
                      ; - java.lang.ClassLoader::postDefineClass@2
                      ; - java.lang.ClassLoader::defineClass@37
                      ; - java.security.SecureClassLoader::defineClass@12
  0x0000025edf0656f0: e4f2 84ff 

  0x0000025edf0656f4: ;   {other}
  0x0000025edf0656f4: 0f1f 8400 | e40d 000c | 4889 4424 | 3848 85c0 | 0f85 aff7 | ffff baf6 

  0x0000025edf06570c: ;   {runtime_call UncommonTrapBlob}
  0x0000025edf06570c: ffff ffe8 

  0x0000025edf065710: ; ImmutableOopMap {}
                      ;*invokevirtual lastIndexOf {reexecute=0 rethrow=0 return_oop=0}
                      ; - java.lang.Class::getPackageName@47
                      ; - java.lang.ClassLoader::postDefineClass@2
                      ; - java.lang.ClassLoader::defineClass@37
                      ; - java.security.SecureClassLoader::defineClass@12
  0x0000025edf065710: ecea 2eff 

  0x0000025edf065714: ;   {other}
  0x0000025edf065714: 0f1f 8400 | 040e 000d | 488b 5c24 | 38e9 51fa | ffff 49ba | 0000 9de5 | 5e02 0000 | 4533 c04c 
  0x0000025edf065734: 8994 2480 | 0000 0044 | 8944 2450 | e9eb f7ff | ff8b 590c | 448b 5908 | 488b e94c | 63cb 49c1 
  0x0000025edf065754: e102 81fb | 0000 0400 | 0f87 120d | 0000 498b | 87b8 0100 | 004d 8bd1 | 4983 c217 | 4983 e2f8 
  0x0000025edf065774: 4c8b c04d | 03c2 4d3b | 87c8 0100 | 000f 83ed | 0c00 004d | 8987 b801 | 0000 410f | 0d88 0001 
  0x0000025edf065794: 0000 48c7 | 0001 0000 | 0044 8958 | 0889 580c | 410f 0d88 | 4001 0000 | 410f 0d88 | 8001 0000 
  0x0000025edf0657b4: 488b d848 | 8d49 1048 | 8bd3 4883 | c210 4983 | c107 49c1 | e903 4d8b | c149 ba80 | 9e33 de5e 
  0x0000025edf0657d4: 0200 0041 

  0x0000025edf0657d8: ;   {other}
  0x0000025edf0657d8: ffd2 0f1f | 8400 0000 | 0000 e9ca | 0200 0049 | 8b87 b801 | 0000 4c8b | d849 83c3 | 1849 8bca 
  0x0000025edf0657f8: 4d3b 9fc8 | 0100 000f | 8307 0d00 | 004d 899f | b801 0000 | 410f 0d8b | 0001 0000 | 48c7 0001 
  0x0000025edf065818: ;   {metadata('java/util/ArrayList')}
  0x0000025edf065818: 0000 00c7 | 4008 c2af | 0020 4489 | 600c 4489 

  0x0000025edf065828: ;   {oop(a 'java/lang/Object'[0] {0x0000000080000880})}
  0x0000025edf065828: 6010 c740 | 1480 0800 | 804c 8bd8 | 418b 590c | 85db 0f86 | d700 0000 | 4533 c0eb | 2c66 6666 
  0x0000025edf065848: 0f1f 8400 | 0000 0000 | 4889 6c24 | 304c 8b5c | 2420 4c89 | 5c24 488b | 4c24 3889 | 4c24 5048 
  0x0000025edf065868: 8b4c 2440 | 4c8b 5c24 | 5841 8b79 | 0c44 3bc7 | 0f83 530d | 0000 438b | 5c81 1044 | 8b4b 1045 
  0x0000025edf065888: 8b49 1044 | 8944 2454 | 4c89 5c24 | 5848 894c | 2440 4489 | 5424 3c44 | 8b54 2450 | 4489 5424 
  0x0000025edf0658a8: 384c 8b54 | 2448 4c89 | 5424 2048 | 8b6c 2430 | 4d8b c149 

  0x0000025edf0658bc: ;   {optimized virtual_call}
  0x0000025edf0658bc: 8bd3 90e8 

  0x0000025edf0658c0: ; ImmutableOopMap {rbp=Oop [32]=Oop [60]=NarrowOop [64]=Oop [88]=Oop }
                      ;*invokevirtual addAll {reexecute=0 rethrow=0 return_oop=0}
                      ; - java.security.CodeSource::getCertificates@57
                      ; - java.lang.ClassLoader::postDefineClass@24
                      ; - java.lang.ClassLoader::defineClass@37
                      ; - java.security.SecureClassLoader::defineClass@12
  0x0000025edf0658c0: bc91 2eff 

  0x0000025edf0658c4: ;   {other}
  0x0000025edf0658c4: 0f1f 8400 | b40f 000e | 4d8b 9f58 | 0400 0044 | 8b54 243c | 458b 4a10 | 448b 4424 

  0x0000025edf0658e0: ; ImmutableOopMap {r10=NarrowOop r9=NarrowOop rbp=Oop [32]=Oop [64]=Oop [88]=Oop }
                      ;*goto {reexecute=1 rethrow=0 return_oop=0}
                      ; - (reexecute) java.security.CodeSource::getCertificates@64
                      ; - java.lang.ClassLoader::postDefineClass@24
                      ; - java.lang.ClassLoader::defineClass@37
                      ; - java.security.SecureClassLoader::defineClass@12
  0x0000025edf0658e0: 5441 ffc0 

  0x0000025edf0658e4: ;   {poll}
  0x0000025edf0658e4: 4185 0345 | 8b59 0c45 | 3bc3 0f8c | 5cff ffff | 4889 6c24 | 304c 8b5c | 2420 4c89 | 5c24 4844 
  0x0000025edf065904: 8b5c 2438 | 4489 5c24 | 5048 8b4c | 2440 4c8b | 5c24 5849 | 8b87 b801 | 0000 4c8b | c049 83c0 
  0x0000025edf065924: 104d 3b87 | c801 0000 | 0f83 350c | 0000 4d89 | 87b8 0100 | 0041 0f0d | 8800 0100 | 0048 c700 
  0x0000025edf065944: 0100 0000 | 410f 0d88 | 4001 0000 

  0x0000025edf065950: ;   {metadata('java/security/cert/Certificate'[])}
  0x0000025edf065950: c740 081b | 6100 2041 | 0f0d 8880 | 0100 0044 | 8960 0c4c | 8b44 2430 | 4c89 4424 | 204c 8b44 
  0x0000025edf065970: 2448 4c89 | 4424 2848 | 8bac 2480 | 0000 0044 | 8954 2438 | 4889 4c24 | 404c 895c | 2458 4c8b 
  0x0000025edf065990: c048 8b54 

  0x0000025edf065994: ;   {optimized virtual_call}
  0x0000025edf065994: 2458 90e8 

  0x0000025edf065998: ; ImmutableOopMap {[32]=Oop [40]=Oop [56]=NarrowOop [64]=Oop }
                      ;*invokevirtual toArray {reexecute=0 rethrow=0 return_oop=1}
                      ; - java.security.CodeSource::getCertificates@73
                      ; - java.lang.ClassLoader::postDefineClass@24
                      ; - java.lang.ClassLoader::defineClass@37
                      ; - java.security.SecureClassLoader::defineClass@12
  0x0000025edf065998: e490 2eff 

  0x0000025edf06599c: ;   {other}
  0x0000025edf06599c: 0f1f 8400 | 8c10 0010 | 488b d844 

  0x0000025edf0659a8: ;   {metadata('java/security/cert/Certificate'[])}
  0x0000025edf0659a8: 8b50 0841 | 81fa 1b61 | 0020 0f85 | 240d 0000 | 4180 7f40 | 000f 8545 | 0900 008b | 7c24 384c 
  0x0000025edf0659c8: 8bd3 4c89 | 5424 384c | 8b54 2440 | 4c8b 5c24 | 384d 8bc3 | 4489 4714 | 4d33 da49 | c1eb 144d 
  0x0000025edf0659e8: 85db 7414 | 49c1 ea09 | 4c8b c54d | 03c2 4180 | 3802 0f85 | 3f09 0000 | 4c8b 5424 | 3845 8b42 
  0x0000025edf065a08: 0c45 8b52 | 0849 63e8 | 48c1 e502 | 4181 f800 | 0004 000f | 8794 0b00 | 0049 8b87 | b801 0000 
  0x0000025edf065a28: 4c8b dd49 | 83c3 1749 | 83e3 f84c | 8bc8 4d03 | cb4d 3b8f | c801 0000 | 0f83 6f0b | 0000 4d89 
  0x0000025edf065a48: 8fb8 0100 | 0041 0f0d | 8900 0100 | 0048 c700 | 0100 0000 | 4489 5008 | 4489 400c | 410f 0d89 
  0x0000025edf065a68: 4001 0000 | 410f 0d89 | 8001 0000 | 488b d848 | 8b4c 2438 | 4883 c110 | 488b d348 | 83c2 1048 
  0x0000025edf065a88: 83c5 0748 | c1ed 034c | 8bc5 49ba | 809e 33de | 5e02 0000 

  0x0000025edf065a9c: ;   {other}
  0x0000025edf065a9c: 41ff d20f | 1f84 0000 | 0000 004c | 8b54 2428 | 4c89 5424 | 4848 8b54 | 2448 4c8b 

  0x0000025edf065ab8: ;   {optimized virtual_call}
  0x0000025edf065ab8: c366 90e8 

  0x0000025edf065abc: ; ImmutableOopMap {[72]=Oop }
                      ;*invokevirtual setSigners {reexecute=0 rethrow=0 return_oop=0}
                      ; - java.lang.ClassLoader::setSigners@2
                      ; - java.lang.ClassLoader::postDefineClass@35
                      ; - java.lang.ClassLoader::defineClass@37
                      ; - java.security.SecureClassLoader::defineClass@12
  0x0000025edf065abc: c08f 2eff 

  0x0000025edf065ac0: ;   {other}
  0x0000025edf065ac0: 0f1f 8400 | b011 0011 | e9f8 fbff | ff4c 8b54 | 2448 458b | 5a3c 4585 | db0f 84b7 | f6ff ff4d 
  0x0000025edf065ae0: 8b57 2849 | 8bcb 4d85 | d20f 84a9 | 0700 004d | 8b5f 384b | 894c 13f8 | 4983 c2f8 | 4d89 5728 
  0x0000025edf065b00: e991 f6ff | ff44 8b5b | 1445 85db | 0f84 2ef6 | ffff 4d8b | 5728 498b | cb4d 85d2 | 0f84 ae07 
  0x0000025edf065b20: 0000 4d8b | 5f38 4b89 | 4c13 f849 | 83c2 f84d | 8957 28e9 | 08f6 ffff | 4d8b 5748 | 4d8b 5f58 
  0x0000025edf065b40: f083 4424 | c000 8039 | 000f 8424 | f6ff ff44 | 8821 4d85 | d275 1d49 | 8bd7 49ba | e029 eb2b 
  0x0000025edf065b60: ff7f 0000 

  0x0000025edf065b64: ;   {other}
  0x0000025edf065b64: 41ff d20f | 1f84 0000 | 0000 00e9 | fff5 ffff | 4b89 4c13 | f849 83c2 | f84d 8957 | 48e9 edf5 
  0x0000025edf065b84: ffff 448b | 5e10 4585 | db0f 8417 | f9ff ff4d | 8b57 2849 | 8bcb 4d85 | d20f 84fc | 0700 004d 
  0x0000025edf065ba4: 8b5f 384b | 894c 13f8 | 4983 c2f8 | 4d89 5728 | e9f1 f8ff | ff48 8b74 | 2428 448b | 560c 4585 
  0x0000025edf065bc4: d20f 849c | f8ff ff4d | 8b5f 2849 | 8bca 4d85 | db0f 84e1 | 0700 004d | 8b57 384b | 894c 1af8 
  0x0000025edf065be4: 4983 c3f8 | 4d89 5f28 | e976 f8ff | ff4c 8b54 | 2428 4c89 | 5424 30e9 | a3fa ffff | 4d8b 5758 
  0x0000025edf065c04: 4d8b 5f48 | f083 4424 | c000 8039 | 000f 8488 | f8ff ff44 | 8821 4d85 | db75 1d49 | 8bd7 49ba 
  0x0000025edf065c24: e029 eb2b | ff7f 0000 

  0x0000025edf065c2c: ;   {other}
  0x0000025edf065c2c: 41ff d20f | 1f84 0000 | 0000 00e9 | 63f8 ffff | 4b89 4c1a | f849 83c3 | f84d 895f | 48e9 51f8 
  0x0000025edf065c4c: ffff 4d8b | 5748 4d8b | 5f58 f083 | 4424 c000 | 8039 000f | 847c f8ff | ff44 8821 | 4d85 d275 
  0x0000025edf065c6c: 1d49 8bd7 | 49ba e029 | eb2b ff7f | 0000 41ff 

  0x0000025edf065c7c: ;   {other}
  0x0000025edf065c7c: d20f 1f84 | 0000 0000 | 00e9 57f8 | ffff 4b89 | 4c13 f849 | 83c2 f84d | 8957 48e9 | 45f8 ffff 
  0x0000025edf065c9c: ;   {oop(""{0x0000000080001120})}
  0x0000025edf065c9c: 48bb 2011 | 0080 0000 | 0000 e9e0 | f4ff ff33 | c0e9 fcf5 | ffff 4c8b | 6c24 2041 | c645 1101 
  0x0000025edf065cbc: 33c0 448b | 5c24 28e9 | e6f5 ffff | 4585 db0f | 8437 0900 | 0048 8944 | 2428 4c89 | 6c24 2049 
  0x0000025edf065cdc: 8bd3 418b 

  0x0000025edf065ce0: ;   {optimized virtual_call}
  0x0000025edf065ce0: eb66 90e8 

  0x0000025edf065ce4: ; ImmutableOopMap {rbp=NarrowOop [32]=Oop [40]=Oop [48]=Oop [64]=Oop [72]=Oop }
                      ;*invokevirtual isNamed {reexecute=0 rethrow=0 return_oop=0}
                      ; - java.lang.NamedPackage::<init>@12
                      ; - java.lang.ClassLoader::getNamedPackage@22
                      ; - java.lang.ClassLoader::postDefineClass@9
                      ; - java.lang.ClassLoader::defineClass@37
                      ; - java.security.SecureClassLoader::defineClass@12
  0x0000025edf065ce4: d83d f4f7 

  0x0000025edf065ce8: ;   {other}
  0x0000025edf065ce8: 0f1f 8400 | d813 0012 | 85c0 0f85 | 2409 0000 | 448b dde9 | 38f7 ffff | 4d63 c34d | 8bd8 4983 
  0x0000025edf065d08: c310 498b | cb48 83e1 | f848 8bfe | 4803 f949 | c1eb 034d | 2bd3 498b | ca48 33c0 | 4883 f908 
  0x0000025edf065d28: 7f10 48ff | c978 1248 | 8904 cf48 | ffc9 7df7 | eb07 48c1 | e103 f348 | aa49 8bc9 | 49ba 4098 
  0x0000025edf065d48: 33de 5e02 | 0000 41ff 

  0x0000025edf065d50: ;   {other}
  0x0000025edf065d50: d20f 1f84 | 0000 0000 | 00e9 45f3 

  0x0000025edf065d5c: ;   {metadata('java/security/SecureClassLoader$CodeSourceKey')}
  0x0000025edf065d5c: ffff 48ba | 5893 0900 | 0100 0000 

  0x0000025edf065d68: ;   {runtime_call _new_instance_Java}
  0x0000025edf065d68: 6666 90e8 

  0x0000025edf065d6c: ; ImmutableOopMap {rbp=Oop [32]=Oop [40]=Oop [48]=Oop }
                      ;*new {reexecute=0 rethrow=0 return_oop=1}
                      ; - java.security.SecureClassLoader::getProtectionDomain@6
                      ; - java.security.SecureClassLoader::defineClass@9
  0x0000025edf065d6c: 9002 31ff 

  0x0000025edf065d70: ;   {other}
  0x0000025edf065d70: 0f1f 8400 | 6014 0013 | 4c8b c0e9 | faef ffff 

  0x0000025edf065d80: ;   {metadata('java/security/SecureClassLoader$1')}
  0x0000025edf065d80: 48ba 9895 | 0900 0100 | 0000 4c89 

  0x0000025edf065d8c: ;   {runtime_call _new_instance_Java}
  0x0000025edf065d8c: 4424 50e8 

  0x0000025edf065d90: ; ImmutableOopMap {rbp=NarrowOop [32]=Oop [40]=Oop [48]=Oop [80]=Oop }
                      ;*new {reexecute=0 rethrow=0 return_oop=1}
                      ; - java.security.SecureClassLoader::getProtectionDomain@20
                      ; - java.security.SecureClassLoader::defineClass@9
  0x0000025edf065d90: 6c02 31ff 

  0x0000025edf065d94: ;   {other}
  0x0000025edf065d94: 0f1f 8400 | 8414 0014 | 4c8b c84c | 8b44 2450 | e91a f0ff | ff33 c0e9 | a4f0 ffff | 4489 5c24 
  0x0000025edf065db4: 2848 895c 

  0x0000025edf065db8: ;   {static_call}
  0x0000025edf065db8: 2420 90e8 

  0x0000025edf065dbc: ; ImmutableOopMap {rbp=Oop [32]=Oop [40]=NarrowOop [48]=Oop [64]=Oop [72]=Oop }
                      ;*invokestatic hashCode {reexecute=0 rethrow=0 return_oop=0}
                      ; - java.lang.String::hashCode@37
                      ; - java.util.concurrent.ConcurrentHashMap::get@1
                      ; - java.lang.ClassLoader::getNamedPackage@5
                      ; - java.lang.ClassLoader::postDefineClass@9
                      ; - java.lang.ClassLoader::defineClass@37
                      ; - java.security.SecureClassLoader::defineClass@12
  0x0000025edf065dbc: c092 2eff 

  0x0000025edf065dc0: ;   {other}
  0x0000025edf065dc0: 0f1f 8400 | b014 0015 | e9cb f4ff | ff49 8bd3 | 448b 4424 | 5044 8bcf | 488b 6c24 

  0x0000025edf065ddc: ;   {static_call}
  0x0000025edf065ddc: 4866 90e8 

  0x0000025edf065de0: ; ImmutableOopMap {rbp=Oop [48]=Oop [64]=Oop [72]=Oop }
                      ;*invokestatic newString {reexecute=0 rethrow=0 return_oop=1}
                      ; - java.lang.String::substring@54
                      ; - java.lang.Class::getPackageName@62
                      ; - java.lang.ClassLoader::postDefineClass@2
                      ; - java.lang.ClassLoader::defineClass@37
                      ; - java.security.SecureClassLoader::defineClass@12
  0x0000025edf065de0: 9c92 2eff 

  0x0000025edf065de4: ;   {other}
  0x0000025edf065de4: 0f1f 8400 | d414 0016 | 4885 c00f | 8458 0800 | 0048 8bd8 | e97a f3ff | ff41 8b49 

  0x0000025edf065e00: ;   {metadata('java/util/concurrent/ConcurrentHashMap$ForwardingNode')}
  0x0000025edf065e00: 0881 f933 | 3b01 200f | 8553 0800 | 0044 895c | 245c 4c89 | 6c24 6044 | 8b5c 2450 | 4489 5c24 
  0x0000025edf065e20: 584c 8b5c | 2448 4c89 | 5c24 384c | 8b5c 2440 | 4c89 5c24 | 284c 8b5c | 2430 4c89 | 5c24 2049 
  0x0000025edf065e40: 8bd1 458b | c24d 8bcd | 488b 6c24 

  0x0000025edf065e4c: ;   {optimized virtual_call}
  0x0000025edf065e4c: 4866 90e8 

  0x0000025edf065e50: ; ImmutableOopMap {rbp=Oop [32]=Oop [40]=Oop [56]=Oop [92]=NarrowOop [96]=Oop }
                      ;*invokevirtual find {reexecute=0 rethrow=0 return_oop=1}
                      ; - java.util.concurrent.ConcurrentHashMap::get@93
                      ; - java.lang.ClassLoader::getNamedPackage@5
                      ; - java.lang.ClassLoader::postDefineClass@9
                      ; - java.lang.ClassLoader::defineClass@37
                      ; - java.security.SecureClassLoader::defineClass@12
  0x0000025edf065e50: 2c8c 2eff 

  0x0000025edf065e54: ;   {other}
  0x0000025edf065e54: 0f1f 8400 | 4415 0017 | 4885 c00f | 84f0 0200 | 008b 6814 | 85ed 0f84 | e502 0000 | 4c8b 5424 
  0x0000025edf065e74: 204c 8954 | 2430 4c8b | 5424 284c | 8954 2440 | 4c8b 5424 | 384c 8954 | 2448 448b | 5c24 5844 
  0x0000025edf065e94: 895c 2450 | e9e4 f7ff | ff44 8944 | 245c 4489 | 5c24 5889 | 7c24 544c | 8b54 2448 | 4c89 5424 
  0x0000025edf065eb4: 284c 8b54 | 2440 4c89 | 5424 2048 | 8b6c 2430 

  0x0000025edf065ec4: ;   {metadata('java/lang/String')}
  0x0000025edf065ec4: 48ba 9020 | 0400 0100 

  0x0000025edf065ecc: ;   {runtime_call _new_instance_Java}
  0x0000025edf065ecc: 0000 90e8 

  0x0000025edf065ed0: ; ImmutableOopMap {rbp=Oop [32]=Oop [40]=Oop [72]=Oop [88]=NarrowOop }
                      ;*new {reexecute=0 rethrow=0 return_oop=1}
                      ; - java.lang.StringLatin1::newString@7
                      ; - java.lang.String::substring@41
                      ; - java.lang.Class::getPackageName@62
                      ; - java.lang.ClassLoader::postDefineClass@2
                      ; - java.lang.ClassLoader::defineClass@37
                      ; - java.security.SecureClassLoader::defineClass@12
  0x0000025edf065ed0: 2c01 31ff 

  0x0000025edf065ed4: ;   {other}
  0x0000025edf065ed4: 0f1f 8400 | c415 0018 | 4889 6c24 | 304c 8b5c | 2420 4c89 | 5c24 408b | 7c24 5444 | 8b5c 2458 
  0x0000025edf065ef4: 448b 4424 | 5c48 8bd8 | e9bc f0ff 

  0x0000025edf065f00: ;   {oop(""{0x0000000080001120})}
  0x0000025edf065f00: ff48 bb20 | 1100 8000 | 0000 00e9 | 67f2 ffff | 4489 5c24 | 544c 896c | 2458 4c8b | 5424 484c 
  0x0000025edf065f20: 8954 2428 | 4c8b 5424 | 404c 8954 | 2420 488b 

  0x0000025edf065f30: ;   {metadata('java/lang/NamedPackage')}
  0x0000025edf065f30: 6c24 3048 | ba58 8209 | 0001 0000 

  0x0000025edf065f3c: ;   {runtime_call _new_instance_Java}
  0x0000025edf065f3c: 0066 90e8 

  0x0000025edf065f40: ; ImmutableOopMap {rbp=Oop [32]=Oop [40]=Oop [84]=NarrowOop [88]=Oop }
                      ;*new {reexecute=0 rethrow=0 return_oop=1}
                      ; - java.lang.ClassLoader::getNamedPackage@16
                      ; - java.lang.ClassLoader::postDefineClass@9
                      ; - java.lang.ClassLoader::defineClass@37
                      ; - java.security.SecureClassLoader::defineClass@12
  0x0000025edf065f40: bc00 31ff 

  0x0000025edf065f44: ;   {other}
  0x0000025edf065f44: 0f1f 8400 | 3416 0019 | 4889 6c24 | 304c 8b54 | 2420 4c89 | 5424 404c | 8b54 2428 | 4c89 5424 
  0x0000025edf065f64: 484c 8b6c | 2458 448b | 5c24 54e9 | a9f4 ffff | 4889 7c24 | 704c 894c | 2468 4889 | 5c24 6044 
  0x0000025edf065f84: 895c 245c | 448b 5424 | 5044 8954 | 2458 4c8b | 9424 8000 | 0000 4c89 | 5424 504c | 8b54 2448 
  0x0000025edf065fa4: 4c89 5424 | 384c 8b54 | 2440 4c89 | 5424 284c | 8b54 2430 | 4c89 5424 

  0x0000025edf065fbc: ;   {metadata({type array byte})}
  0x0000025edf065fbc: 2048 bac8 | 0a04 0001 | 0000 004c | 8b54 2438 | 4c89 5424 

  0x0000025edf065fd0: ;   {runtime_call _new_array_nozero_Java}
  0x0000025edf065fd0: 3066 90e8 

  0x0000025edf065fd4: ; ImmutableOopMap {rbp=Oop [104]=Derived_oop_rbp [32]=Oop [40]=Oop [48]=Oop [56]=Oop [92]=NarrowOop [96]=Oop }
                      ;*invokevirtual clone {reexecute=1 rethrow=0 return_oop=1}
                      ; - (reexecute) java.util.Arrays::copyOfRange@18
                      ; - java.lang.StringLatin1::newString@16
                      ; - java.lang.String::substring@41
                      ; - java.lang.Class::getPackageName@62
                      ; - java.lang.ClassLoader::postDefineClass@2
                      ; - java.lang.ClassLoader::defineClass@37
                      ; - java.security.SecureClassLoader::defineClass@12
  0x0000025edf065fd4: a8f9 30ff 

  0x0000025edf065fd8: ;   {other}
  0x0000025edf065fd8: 0f1f 8400 | c816 001a | 4c8b 5c24 | 204c 895c | 2430 4c8b | 5c24 284c | 895c 2440 | 4c8b 5c24 
  0x0000025edf065ff8: 384c 895c | 2448 4c8b | 5c24 504c | 899c 2480 | 0000 0044 | 8b44 2458 | 4489 4424 | 5048 8b5c 
  0x0000025edf066018: 2460 4c8b | 4c24 6848 | 8b7c 2470 | 488b f0e9 | dff0 ffff | 488b d541 | b82e 0000 | 0048 8b6c 
  0x0000025edf066038: ;   {static_call}
  0x0000025edf066038: 2448 90e8 

  0x0000025edf06603c: ; ImmutableOopMap {rbp=Oop [48]=Oop [56]=Oop [64]=Oop [72]=Oop }
                      ;*invokestatic lastIndexOf {reexecute=0 rethrow=0 return_oop=0}
                      ; - java.lang.String::lastIndexOf@25
                      ; - java.lang.String::lastIndexOf@8
                      ; - java.lang.Class::getPackageName@47
                      ; - java.lang.ClassLoader::postDefineClass@2
                      ; - java.lang.ClassLoader::defineClass@37
                      ; - java.security.SecureClassLoader::defineClass@12
  0x0000025edf06603c: 4090 2eff 

  0x0000025edf066040: ;   {other}
  0x0000025edf066040: 0f1f 8400 | 3017 001b | 8bf8 49ba | 0000 9de5 | 5e02 0000 | 4533 c04c | 8994 2480 | 0000 0044 
  0x0000025edf066060: 8944 2450 | e9cc eeff | ffba e4ff | ffff 897c | 2424 4c8b | 5424 484c | 8954 2428 

  0x0000025edf06607c: ;   {runtime_call UncommonTrapBlob}
  0x0000025edf06607c: 6666 90e8 

  0x0000025edf066080: ; ImmutableOopMap {rbp=NarrowOop [40]=Oop [48]=Oop [56]=Oop [64]=Oop }
                      ;*baload {reexecute=0 rethrow=0 return_oop=0}
                      ; - java.lang.StringLatin1::lastIndexOf@24
                      ; - java.lang.String::lastIndexOf@13
                      ; - java.lang.String::lastIndexOf@8
                      ; - java.lang.Class::getPackageName@47
                      ; - java.lang.ClassLoader::postDefineClass@2
                      ; - java.lang.ClassLoader::defineClass@37
                      ; - java.security.SecureClassLoader::defineClass@12
  0x0000025edf066080: 7ce1 2eff 

  0x0000025edf066084: ;   {other}
  0x0000025edf066084: 0f1f 8400 | 7417 001c | 4c89 4424 | 784c 8954 | 2470 4c89 | 4c24 6848 | 895c 2460 | 897c 245c 
  0x0000025edf0660a4: 448b 5c24 | 5044 895c | 2458 4c8b | 9424 8000 | 0000 4c89 | 5424 504c | 8b54 2448 | 4c89 5424 
  0x0000025edf0660c4: 384c 8b54 | 2440 4c89 | 5424 284c | 8b54 2430 | 4c89 5424 

  0x0000025edf0660d8: ;   {metadata({type array byte})}
  0x0000025edf0660d8: 2048 bac8 | 0a04 0001 | 0000 0044 | 8bc7 4c8b | 5424 384c | 8954 2430 

  0x0000025edf0660f0: ;   {runtime_call _new_array_nozero_Java}
  0x0000025edf0660f0: 6666 90e8 

  0x0000025edf0660f4: ; ImmutableOopMap {rbp=Oop [104]=Derived_oop_rbp [32]=Oop [40]=Oop [48]=Oop [56]=Oop [96]=Oop }
                      ;*newarray {reexecute=0 rethrow=0 return_oop=1}
                      ; - java.util.Arrays::copyOfRangeByte@10
                      ; - java.util.Arrays::copyOfRange@13
                      ; - java.lang.StringLatin1::newString@16
                      ; - java.lang.String::substring@41
                      ; - java.lang.Class::getPackageName@62
                      ; - java.lang.ClassLoader::postDefineClass@2
                      ; - java.lang.ClassLoader::defineClass@37
                      ; - java.security.SecureClassLoader::defineClass@12
  0x0000025edf0660f4: 88f8 30ff 

  0x0000025edf0660f8: ;   {other}
  0x0000025edf0660f8: 0f1f 8400 | e817 001d | 4c8b 5424 | 204c 8954 | 2430 4c8b | 5424 284c | 8954 2440 | 4c8b 5424 
  0x0000025edf066118: 384c 8954 | 2448 4c8b | 5424 504c | 8994 2480 | 0000 0044 | 8b54 2458 | 4489 5424 | 508b 7c24 
  0x0000025edf066138: 5c48 8b5c | 2460 4c8b | 4c24 6848 | 8bf0 4c8b | 5424 704c | 8b44 2478 | e909 efff | ff4c 8b54 
  0x0000025edf066158: 2420 4c89 | 5424 304c | 8b54 2428 | 4c89 5424 | 404c 8b54 | 2438 4c89 | 5424 4844 | 8b54 2458 
  0x0000025edf066178: 4489 5424 | 504c 8b6c | 2460 448b | 5c24 5ce9 | 51f2 ffff | baf6 ffff 

  0x0000025edf066190: ;   {runtime_call UncommonTrapBlob}
  0x0000025edf066190: ff66 90e8 

  0x0000025edf066194: ; ImmutableOopMap {rbp=NarrowOop }
                      ;*invokevirtual toExternalForm {reexecute=0 rethrow=0 return_oop=0}
                      ; - java.net.URL::toExternalForm@5
                      ; - java.net.URL::toString@1
                      ; - java.lang.ClassLoader::defineClassSourceLocation@22
                      ; - java.lang.ClassLoader::defineClass@12
                      ; - java.security.SecureClassLoader::defineClass@12
  0x0000025edf066194: 68e0 2eff 

  0x0000025edf066198: ;   {other}
  0x0000025edf066198: 0f1f 8400 | 8818 001e | bade ffff | ff4c 8944 | 2440 4c89 

  0x0000025edf0661ac: ;   {runtime_call UncommonTrapBlob}
  0x0000025edf0661ac: 4c24 48e8 

  0x0000025edf0661b0: ; ImmutableOopMap {rbp=NarrowOop [32]=Oop [40]=Oop [48]=Oop [64]=Oop [72]=Oop }
                      ;*invokeinterface computeIfAbsent {reexecute=0 rethrow=0 return_oop=0}
                      ; - java.security.SecureClassLoader::getProtectionDomain@28
                      ; - java.security.SecureClassLoader::defineClass@9
  0x0000025edf0661b0: 4ce0 2eff 

  0x0000025edf0661b4: ;   {other}
  0x0000025edf0661b4: 0f1f 8400 | a418 001f | bade ffff | ff48 8b6c | 2448 4c8b | 5424 404c | 8954 2438 | 4489 5c24 
  0x0000025edf0661d4: 4844 8944 | 244c 4889 

  0x0000025edf0661dc: ;   {runtime_call UncommonTrapBlob}
  0x0000025edf0661dc: 5c24 50e8 

  0x0000025edf0661e0: ; ImmutableOopMap {rbp=Oop [48]=Oop [56]=Oop [72]=NarrowOop [76]=NarrowOop [80]=Oop }
                      ;*invokevirtual get {reexecute=0 rethrow=0 return_oop=0}
                      ; - java.lang.ClassLoader::getNamedPackage@5
                      ; - java.lang.ClassLoader::postDefineClass@9
                      ; - java.lang.ClassLoader::defineClass@37
                      ; - java.security.SecureClassLoader::defineClass@12
  0x0000025edf0661e0: 1ce0 2eff 

  0x0000025edf0661e4: ;   {other}
  0x0000025edf0661e4: 0f1f 8400 | d418 0020 | bade ffff 

  0x0000025edf0661f0: ;   {runtime_call UncommonTrapBlob}
  0x0000025edf0661f0: ff66 90e8 

  0x0000025edf0661f4: ; ImmutableOopMap {rbp=NarrowOop }
                      ;*checkcast {reexecute=0 rethrow=0 return_oop=0}
                      ; - java.lang.ClassLoader::getNamedPackage@8
                      ; - java.lang.ClassLoader::postDefineClass@9
                      ; - java.lang.ClassLoader::defineClass@37
                      ; - java.security.SecureClassLoader::defineClass@12
  0x0000025edf0661f4: 08e0 2eff 

  0x0000025edf0661f8: ;   {other}
  0x0000025edf0661f8: 0f1f 8400 | e818 0021 | ba45 ffff | ff4c 8b54 | 2448 4c89 | 5424 384c | 896c 2448 | 4489 5c24 
  0x0000025edf066218: ;   {runtime_call UncommonTrapBlob}
  0x0000025edf066218: 5066 90e8 

  0x0000025edf06621c: ; ImmutableOopMap {[48]=Oop [56]=Oop [64]=Oop [72]=Oop [80]=NarrowOop }
                      ;*ifle {reexecute=1 rethrow=0 return_oop=0}
                      ; - (reexecute) java.util.concurrent.ConcurrentHashMap::get@23
                      ; - java.lang.ClassLoader::getNamedPackage@5
                      ; - java.lang.ClassLoader::postDefineClass@9
                      ; - java.lang.ClassLoader::defineClass@37
                      ; - java.security.SecureClassLoader::defineClass@12
  0x0000025edf06621c: e0df 2eff 

  0x0000025edf066220: ;   {other}
  0x0000025edf066220: 0f1f 8400 | 1019 0022 | ba45 ffff 

  0x0000025edf06622c: ;   {runtime_call UncommonTrapBlob}
  0x0000025edf06622c: ff66 90e8 

  0x0000025edf066230: ; ImmutableOopMap {rbp=Oop [32]=Oop [40]=Oop [48]=Oop }
                      ;*ifnonnull {reexecute=1 rethrow=0 return_oop=0}
                      ; - (reexecute) java.security.SecureClassLoader::getProtectionDomain@1
                      ; - java.security.SecureClassLoader::defineClass@9
  0x0000025edf066230: ccdf 2eff 

  0x0000025edf066234: ;   {other}
  0x0000025edf066234: 0f1f 8400 | 2419 0023 | ba45 ffff | ff48 8944 | 2428 4c8b | 5424 404c | 8954 2438 | 4889 4424 
  0x0000025edf066254: ;   {runtime_call UncommonTrapBlob}
  0x0000025edf066254: 4066 90e8 

  0x0000025edf066258: ; ImmutableOopMap {[40]=Oop [48]=Oop [56]=Oop [64]=Oop }
                      ;*ifeq {reexecute=1 rethrow=0 return_oop=0}
                      ; - (reexecute) java.lang.Class::getPackageName@13
                      ; - java.lang.ClassLoader::postDefineClass@2
                      ; - java.lang.ClassLoader::defineClass@37
                      ; - java.security.SecureClassLoader::defineClass@12
  0x0000025edf066258: a4df 2eff 

  0x0000025edf06625c: ;   {other}
  0x0000025edf06625c: 0f1f 8400 | 4c19 0024 | baf6 ffff | ff48 8b6c | 2420 4889 

  0x0000025edf066270: ;   {runtime_call UncommonTrapBlob}
  0x0000025edf066270: 7424 20e8 

  0x0000025edf066274: ; ImmutableOopMap {rbp=Oop [32]=Oop }
                      ;*invokevirtual putIfAbsent {reexecute=0 rethrow=0 return_oop=0}
                      ; - java.lang.ClassLoader::getNamedPackage@32
                      ; - java.lang.ClassLoader::postDefineClass@9
                      ; - java.lang.ClassLoader::defineClass@37
                      ; - java.security.SecureClassLoader::defineClass@12
  0x0000025edf066274: 88df 2eff 

  0x0000025edf066278: ;   {other}
  0x0000025edf066278: 0f1f 8400 | 6819 0025 | 488b e8ba | 54ff ffff 

  0x0000025edf066288: ;   {runtime_call UncommonTrapBlob}
  0x0000025edf066288: 6666 90e8 

  0x0000025edf06628c: ; ImmutableOopMap {rbp=Oop [40]=Oop [48]=NarrowOop [56]=Oop [64]=Oop [72]=Oop }
                      ;*ifnull {reexecute=1 rethrow=0 return_oop=0}
                      ; - (reexecute) java.lang.ClassLoader::getNamedPackage@42
                      ; - java.lang.ClassLoader::postDefineClass@9
                      ; - java.lang.ClassLoader::defineClass@37
                      ; - java.security.SecureClassLoader::defineClass@12
  0x0000025edf06628c: 70df 2eff 

  0x0000025edf066290: ;   {other}
  0x0000025edf066290: 0f1f 8400 | 8019 0026 | 498b d749 | ba00 2aeb | 2bff 7f00 | 0041 ffd2 

  0x0000025edf0662a8: ;   {other}
  0x0000025edf0662a8: 0f1f 8400 | 0000 0000 | e9e1 eeff | ffba 45ff | ffff 897c | 2424 897c 

  0x0000025edf0662c0: ;   {runtime_call UncommonTrapBlob}
  0x0000025edf0662c0: 2428 90e8 

  0x0000025edf0662c4: ; ImmutableOopMap {[48]=Oop [56]=Oop [64]=Oop [72]=Oop }
                      ;*if_icmpgt {reexecute=1 rethrow=0 return_oop=0}
                      ; - (reexecute) jdk.internal.util.Preconditions::checkFromToIndex@6
                      ; - java.lang.String::checkBoundsBeginEnd@6
                      ; - java.lang.String::substring@8
                      ; - java.lang.Class::getPackageName@62
                      ; - java.lang.ClassLoader::postDefineClass@2
                      ; - java.lang.ClassLoader::defineClass@37
                      ; - java.security.SecureClassLoader::defineClass@12
  0x0000025edf0662c4: 38df 2eff 

  0x0000025edf0662c8: ;   {other}
  0x0000025edf0662c8: 0f1f 8400 | b819 0027 | 498b d749 | ba00 2aeb | 2bff 7f00 | 0041 ffd2 

  0x0000025edf0662e0: ;   {other}
  0x0000025edf0662e0: 0f1f 8400 | 0000 0000 | e953 eeff | ffba 45ff | ffff 897c | 2424 897c 

  0x0000025edf0662f8: ;   {runtime_call UncommonTrapBlob}
  0x0000025edf0662f8: 2428 90e8 

  0x0000025edf0662fc: ; ImmutableOopMap {[48]=Oop [56]=Oop [64]=Oop [72]=Oop }
                      ;*if_icmple {reexecute=1 rethrow=0 return_oop=0}
                      ; - (reexecute) jdk.internal.util.Preconditions::checkFromToIndex@11
                      ; - java.lang.String::checkBoundsBeginEnd@6
                      ; - java.lang.String::substring@8
                      ; - java.lang.Class::getPackageName@62
                      ; - java.lang.ClassLoader::postDefineClass@2
                      ; - java.lang.ClassLoader::defineClass@37
                      ; - java.security.SecureClassLoader::defineClass@12
  0x0000025edf0662fc: 00df 2eff 

  0x0000025edf066300: ;   {other}
  0x0000025edf066300: 0f1f 8400 | f019 0028 | 8b7c 2438 | 448b 5714 | 4585 d20f | 84ae f6ff | ff4d 8b5f | 2849 8bca 
  0x0000025edf066320: 4d85 db0f | 8407 0300 | 004d 8b57 | 384b 894c | 1af8 4983 | c3f8 4d89 | 5f28 e988 | f6ff ff4d 
  0x0000025edf066340: 8b57 484d | 8b5f 58f0 | 8344 24c0 | 0041 8038 | 0074 3245 | 8820 4d85 | d274 0f4f | 8944 13f8 
  0x0000025edf066360: 4983 c2f8 | 4d89 5748 | eb1b 498b | c849 8bd7 | 49ba e029 | eb2b ff7f | 0000 41ff 

  0x0000025edf06637c: ;   {other}
  0x0000025edf06637c: d20f 1f84 | 0000 0000 | 0044 8b5f | 1445 85db | 0f84 0603 | 0000 4d8b | d34c 8954 | 2438 e961 
  0x0000025edf06639c: f6ff ff49 | 8bd7 49ba | 002a eb2b | ff7f 0000 

  0x0000025edf0663ac: ;   {other}
  0x0000025edf0663ac: 41ff d20f | 1f84 0000 | 0000 00e9 | eef0 ffff | 498b d749 | ba00 2aeb | 2bff 7f00 | 0041 ffd2 
  0x0000025edf0663cc: ;   {other}
  0x0000025edf0663cc: 0f1f 8400 | 0000 0000 | e98e f0ff | ffba 45ff | ffff 488b | 4c24 4848 | 894c 2438 | 4489 5c24 
  0x0000025edf0663ec: 504c 896c | 2458 4489 | 4c24 5444 | 8954 2460 | 4489 4424 

  0x0000025edf066400: ;   {runtime_call UncommonTrapBlob}
  0x0000025edf066400: 6466 90e8 

  0x0000025edf066404: ; ImmutableOopMap {[48]=Oop [56]=Oop [64]=Oop [80]=NarrowOop [84]=NarrowOop [88]=Oop }
                      ;*if_icmpne {reexecute=1 rethrow=0 return_oop=0}
                      ; - (reexecute) java.lang.String::equals@33
                      ; - java.util.concurrent.ConcurrentHashMap::get@73
                      ; - java.lang.ClassLoader::getNamedPackage@5
                      ; - java.lang.ClassLoader::postDefineClass@9
                      ; - java.lang.ClassLoader::defineClass@37
                      ; - java.security.SecureClassLoader::defineClass@12
  0x0000025edf066404: f8dd 2eff 

  0x0000025edf066408: ;   {other}
  0x0000025edf066408: 0f1f 8400 | f81a 0029 | 4c63 d7e9 | c4eb ffff | 4983 c2fe | 498b ca48 | 8bfa 4833 | c048 83f9 
  0x0000025edf066428: 087f 1048 | ffc9 7812 | 4889 04cf | 48ff c97d | f7eb 0748 | c1e1 03f3 | 48aa e95c | ecff ffba 
  0x0000025edf066448: ccff ffff | 897c 2420 | 4c8b 5424 | 484c 8954 | 2438 4889 | 5c24 6044 | 895c 2424 

  0x0000025edf066464: ;   {runtime_call UncommonTrapBlob}
  0x0000025edf066464: 6666 90e8 

  0x0000025edf066468: ; ImmutableOopMap {[36]=NarrowOop [48]=Oop [56]=Oop [64]=Oop [72]=Oop [96]=Oop }
                      ;*newarray {reexecute=1 rethrow=0 return_oop=0}
                      ; - (reexecute) java.util.Arrays::copyOfRangeByte@10
                      ; - java.util.Arrays::copyOfRange@13
                      ; - java.lang.StringLatin1::newString@16
                      ; - java.lang.String::substring@41
                      ; - java.lang.Class::getPackageName@62
                      ; - java.lang.ClassLoader::postDefineClass@2
                      ; - java.lang.ClassLoader::defineClass@37
                      ; - java.security.SecureClassLoader::defineClass@12
  0x0000025edf066468: 94dd 2eff 

  0x0000025edf06646c: ;   {other}
  0x0000025edf06646c: 0f1f 8400 | 5c1b 002a | 4c89 4c24 | 4089 4c24 | 384c 8b54 | 2430 4c89 | 5424 2048 | 33d2 4a8d 
  0x0000025edf06648c: 14da 448b 

  0x0000025edf066490: ;   {runtime_call _new_array_Java}
  0x0000025edf066490: c366 90e8 

  0x0000025edf066494: ; ImmutableOopMap {rbp=Oop [32]=Oop [56]=NarrowOop [72]=Oop }
                      ;*invokevirtual clone {reexecute=1 rethrow=0 return_oop=1}
                      ; - (reexecute) java.security.CodeSource::getCertificates@11
                      ; - java.lang.ClassLoader::postDefineClass@24
                      ; - java.lang.ClassLoader::defineClass@37
                      ; - java.security.SecureClassLoader::defineClass@12
  0x0000025edf066494: 68f8 30ff 

  0x0000025edf066498: ;   {other}
  0x0000025edf066498: 0f1f 8400 | 881b 002b | 8b4c 2438 | 4c8b 4c24 | 40e9 06f3 | ffff ba45 | ffff ff4c | 8b44 2448 
  0x0000025edf0664b8: 4c89 4424 | 3844 895c | 2450 4c89 | 6c24 5848 | 894c 2460 | 4489 5424 

  0x0000025edf0664d0: ;   {runtime_call UncommonTrapBlob}
  0x0000025edf0664d0: 5466 90e8 

  0x0000025edf0664d4: ; ImmutableOopMap {rbp=NarrowOop [48]=Oop [56]=Oop [64]=Oop [80]=NarrowOop [88]=Oop [96]=Oop }
                      ;*ifnull {reexecute=1 rethrow=0 return_oop=0}
                      ; - (reexecute) java.util.concurrent.ConcurrentHashMap::get@143
                      ; - java.lang.ClassLoader::getNamedPackage@5
                      ; - java.lang.ClassLoader::postDefineClass@9
                      ; - java.lang.ClassLoader::defineClass@37
                      ; - java.security.SecureClassLoader::defineClass@12
  0x0000025edf0664d4: 28dd 2eff 

  0x0000025edf0664d8: ;   {other}
  0x0000025edf0664d8: 0f1f 8400 | c81b 002c | ba45 ffff | ff4c 8b5c | 2460 4c89 | 5c24 4044 | 8b5c 245c | 4489 5c24 
  0x0000025edf0664f8: 4889 4424 

  0x0000025edf0664fc: ;   {runtime_call UncommonTrapBlob}
  0x0000025edf0664fc: 6066 90e8 

  0x0000025edf066500: ; ImmutableOopMap {rbp=Oop [32]=Oop [40]=Oop [64]=Oop [72]=NarrowOop [112]=Oop }
                      ;*ifeq {reexecute=1 rethrow=0 return_oop=0}
                      ; - (reexecute) java.util.concurrent.ConcurrentHashMap::get@152
                      ; - java.lang.ClassLoader::getNamedPackage@5
                      ; - java.lang.ClassLoader::postDefineClass@9
                      ; - java.lang.ClassLoader::defineClass@37
                      ; - java.security.SecureClassLoader::defineClass@12
  0x0000025edf066500: fcdc 2eff 

  0x0000025edf066504: ;   {other}
  0x0000025edf066504: 0f1f 8400 | f41b 002d | 4889 4c24 | 5844 894c | 2440 4489 | 5424 3c4c | 8b54 2448 | 4c89 5424 
  0x0000025edf066524: 2048 8b6c 

  0x0000025edf066528: ;   {metadata('java/util/ArrayList')}
  0x0000025edf066528: 2430 48ba | 107e 0500 | 0100 0000 

  0x0000025edf066534: ;   {runtime_call _new_instance_Java}
  0x0000025edf066534: 6666 90e8 

  0x0000025edf066538: ; ImmutableOopMap {rbp=Oop [32]=Oop [60]=NarrowOop [64]=NarrowOop [88]=Oop }
                      ;*new {reexecute=0 rethrow=0 return_oop=1}
                      ; - java.security.CodeSource::getCertificates@25
                      ; - java.lang.ClassLoader::postDefineClass@24
                      ; - java.lang.ClassLoader::defineClass@37
                      ; - java.security.SecureClassLoader::defineClass@12
  0x0000025edf066538: c4fa 30ff 

  0x0000025edf06653c: ;   {other}
  0x0000025edf06653c: 0f1f 8400 | 2c1c 002e | 4889 6c24 | 304c 8b54 | 2420 4c89 | 5424 4844 | 8b54 243c | 448b 4c24 
  0x0000025edf06655c: 4048 8b4c | 2458 e9c3 | f2ff ff4c | 895c 2458 | 4889 4c24 | 4044 8954 | 2438 488b | ac24 8000 
  0x0000025edf06657c: 0000 4c8b | 5c24 484c | 895c 2428 | 4c8b 5c24 | 304c 895c 

  0x0000025edf066590: ;   {metadata('java/security/cert/Certificate'[])}
  0x0000025edf066590: 2420 48ba | d808 0300 | 0100 0000 | 448b 4424 

  0x0000025edf0665a0: ;   {runtime_call _new_array_Java}
  0x0000025edf0665a0: 5066 90e8 

  0x0000025edf0665a4: ; ImmutableOopMap {[32]=Oop [40]=Oop [56]=NarrowOop [64]=Oop [88]=Oop }
                      ;*anewarray {reexecute=0 rethrow=0 return_oop=1}
                      ; - java.security.CodeSource::getCertificates@70
                      ; - java.lang.ClassLoader::postDefineClass@24
                      ; - java.lang.ClassLoader::defineClass@37
                      ; - java.security.SecureClassLoader::defineClass@12
  0x0000025edf0665a4: 58f7 30ff 

  0x0000025edf0665a8: ;   {other}
  0x0000025edf0665a8: 0f1f 8400 | 981c 002f | e9d9 f3ff | ff48 33d2 | 4a8d 14d2 

  0x0000025edf0665bc: ;   {runtime_call _new_array_Java}
  0x0000025edf0665bc: 6666 90e8 

  0x0000025edf0665c0: ; ImmutableOopMap {[32]=Oop [40]=Oop [56]=Oop }
                      ;*invokevirtual clone {reexecute=1 rethrow=0 return_oop=1}
                      ; - (reexecute) java.security.CodeSource::getCertificates@86
                      ; - java.lang.ClassLoader::postDefineClass@24
                      ; - java.lang.ClassLoader::defineClass@37
                      ; - java.security.SecureClassLoader::defineClass@12
  0x0000025edf0665c0: 3cf7 30ff 

  0x0000025edf0665c4: ;   {other}
  0x0000025edf0665c4: 0f1f 8400 | b41c 0030 | e9a3 f4ff | ffba e4ff | ffff 488b | 6c24 4848 | 8b4c 2430 | 4889 4c24 
  0x0000025edf0665e4: 2044 8954 | 2430 4c89 | 5c24 4044 | 894c 2448 | 4489 4424 

  0x0000025edf0665f8: ;   {runtime_call UncommonTrapBlob}
  0x0000025edf0665f8: 4c66 90e8 

  0x0000025edf0665fc: ; ImmutableOopMap {rbp=Oop [32]=Oop [48]=NarrowOop [64]=Oop [72]=NarrowOop }
                      ;*aaload {reexecute=0 rethrow=0 return_oop=0}
                      ; - java.security.CodeSource::getCertificates@50
                      ; - java.lang.ClassLoader::postDefineClass@24
                      ; - java.lang.ClassLoader::defineClass@37
                      ; - java.security.SecureClassLoader::defineClass@12
  0x0000025edf0665fc: 00dc 2eff 

  0x0000025edf066600: ;   {other}
  0x0000025edf066600: 0f1f 8400 | f01c 0031 | baf6 ffff 

  0x0000025edf06660c: ;   {runtime_call UncommonTrapBlob}
  0x0000025edf06660c: ff66 90e8 

  0x0000025edf066610: ; ImmutableOopMap {}
                      ;*invokevirtual isNamed {reexecute=0 rethrow=0 return_oop=0}
                      ; - java.lang.NamedPackage::<init>@12
                      ; - java.lang.ClassLoader::getNamedPackage@22
                      ; - java.lang.ClassLoader::postDefineClass@9
                      ; - java.lang.ClassLoader::defineClass@37
                      ; - java.security.SecureClassLoader::defineClass@12
  0x0000025edf066610: ecdb 2eff 

  0x0000025edf066614: ;   {other}
  0x0000025edf066614: 0f1f 8400 | 041d 0032 | ba12 0000 

  0x0000025edf066620: ;   {runtime_call UncommonTrapBlob}
  0x0000025edf066620: 0066 90e8 

  0x0000025edf066624: ; ImmutableOopMap {rbp=NarrowOop [32]=Oop [40]=Oop [48]=Oop [64]=Oop [72]=Oop }
                      ;*new {reexecute=0 rethrow=0 return_oop=0}
                      ; - java.lang.NamedPackage::<init>@18
                      ; - java.lang.ClassLoader::getNamedPackage@22
                      ; - java.lang.ClassLoader::postDefineClass@9
                      ; - java.lang.ClassLoader::defineClass@37
                      ; - java.security.SecureClassLoader::defineClass@12
  0x0000025edf066624: d8db 2eff 

  0x0000025edf066628: ;   {other}
  0x0000025edf066628: 0f1f 8400 | 181d 0033 | 498b d749 | ba00 2aeb | 2bff 7f00 | 0041 ffd2 

  0x0000025edf066640: ;   {other}
  0x0000025edf066640: 0f1f 8400 | 0000 0000 | e97a f3ff | ffba f6ff 

  0x0000025edf066650: ;   {runtime_call UncommonTrapBlob}
  0x0000025edf066650: ffff 90e8 

  0x0000025edf066654: ; ImmutableOopMap {}
                      ;*invokevirtual intern {reexecute=0 rethrow=0 return_oop=0}
                      ; - java.lang.Class::getPackageName@65
                      ; - java.lang.ClassLoader::postDefineClass@2
                      ; - java.lang.ClassLoader::defineClass@37
                      ; - java.security.SecureClassLoader::defineClass@12
  0x0000025edf066654: a8db 2eff 

  0x0000025edf066658: ;   {other}
  0x0000025edf066658: 0f1f 8400 | 481d 0034 | bade ffff | ff48 8b6c | 2448 4c8b | 4424 404c | 8944 2438 | 4489 5c24 
  0x0000025edf066678: 4844 894c | 244c 4489 | 5424 504c | 896c 2458 

  0x0000025edf066688: ;   {runtime_call UncommonTrapBlob}
  0x0000025edf066688: 6666 90e8 

  0x0000025edf06668c: ; ImmutableOopMap {rbp=Oop [48]=Oop [56]=Oop [72]=NarrowOop [76]=NarrowOop [88]=Oop }
                      ;*invokevirtual find {reexecute=0 rethrow=0 return_oop=0}
                      ; - java.util.concurrent.ConcurrentHashMap::get@93
                      ; - java.lang.ClassLoader::getNamedPackage@5
                      ; - java.lang.ClassLoader::postDefineClass@9
                      ; - java.lang.ClassLoader::defineClass@37
                      ; - java.security.SecureClassLoader::defineClass@12
  0x0000025edf06668c: 70db 2eff 

  0x0000025edf066690: ;   {other}
  0x0000025edf066690: 0f1f 8400 | 801d 0035 | baf6 ffff 

  0x0000025edf06669c: ;   {runtime_call UncommonTrapBlob}
  0x0000025edf06669c: ff66 90e8 

  0x0000025edf0666a0: ; ImmutableOopMap {}
                      ;*invokevirtual clone {reexecute=1 rethrow=0 return_oop=0}
                      ; - (reexecute) java.security.CodeSource::getCertificates@86
                      ; - java.lang.ClassLoader::postDefineClass@24
                      ; - java.lang.ClassLoader::defineClass@37
                      ; - java.security.SecureClassLoader::defineClass@12
  0x0000025edf0666a0: 5cdb 2eff 

  0x0000025edf0666a4: ;   {other}
  0x0000025edf0666a4: 0f1f 8400 | 941d 0036 | bade ffff | ff48 8b6c | 2430 448b | 5424 3844 | 8954 2430 | 448b 5c24 
  0x0000025edf0666c4: 3c44 895c | 2434 4889 

  0x0000025edf0666cc: ;   {runtime_call UncommonTrapBlob}
  0x0000025edf0666cc: 4424 38e8 

  0x0000025edf0666d0: ; ImmutableOopMap {rbp=Oop [32]=Oop [40]=Oop [56]=Oop }
                      ;*checkcast {reexecute=0 rethrow=0 return_oop=0}
                      ; - java.security.SecureClassLoader::getProtectionDomain@33
                      ; - java.security.SecureClassLoader::defineClass@9
  0x0000025edf0666d0: 2cdb 2eff 

  0x0000025edf0666d4: ;   {other}
  0x0000025edf0666d4: 0f1f 8400 | c41d 0037 | bade ffff | ff44 8b54 | 2438 4489 | 5424 3448 | 8944 2438 

  0x0000025edf0666f0: ;   {runtime_call UncommonTrapBlob}
  0x0000025edf0666f0: 6666 90e8 

  0x0000025edf0666f4: ; ImmutableOopMap {[32]=Oop [40]=Oop [52]=NarrowOop [56]=Oop }
                      ;*checkcast {reexecute=0 rethrow=0 return_oop=0}
                      ; - java.security.CodeSource::getCertificates@76
                      ; - java.lang.ClassLoader::postDefineClass@24
                      ; - java.lang.ClassLoader::defineClass@37
                      ; - java.security.SecureClassLoader::defineClass@12
  0x0000025edf0666f4: 08db 2eff 

  0x0000025edf0666f8: ;   {other}
  0x0000025edf0666f8: 0f1f 8400 | e81d 0038 | bade ffff | ff4c 8b44 | 2448 4c89 | 4424 3844 | 895c 2450 | 4c89 6c24 
  0x0000025edf066718: 5844 894c | 2454 4489 | 5424 604c | 896c 2468 

  0x0000025edf066728: ;   {runtime_call UncommonTrapBlob}
  0x0000025edf066728: 6666 90e8 

  0x0000025edf06672c: ; ImmutableOopMap {rbp=NarrowOop [48]=Oop [56]=Oop [64]=Oop [80]=NarrowOop [84]=NarrowOop [88]=Oop [104]=Oop }
                      ;*instanceof {reexecute=0 rethrow=0 return_oop=0}
                      ; - java.lang.String::equals@8
                      ; - java.util.concurrent.ConcurrentHashMap::get@73
                      ; - java.lang.ClassLoader::getNamedPackage@5
                      ; - java.lang.ClassLoader::postDefineClass@9
                      ; - java.lang.ClassLoader::defineClass@37
                      ; - java.security.SecureClassLoader::defineClass@12
  0x0000025edf06672c: d0da 2eff 

  0x0000025edf066730: ;   {other}
  0x0000025edf066730: 0f1f 8400 | 201e 0039 | baf6 ffff | ff49 8be8 | 4c89 4c24 

  0x0000025edf066744: ;   {runtime_call UncommonTrapBlob}
  0x0000025edf066744: 2066 90e8 

  0x0000025edf066748: ; ImmutableOopMap {rbp=Oop [32]=Oop }
                      ;*invokeinterface computeIfAbsent {reexecute=0 rethrow=0 return_oop=0}
                      ; - java.security.SecureClassLoader::getProtectionDomain@28
                      ; - java.security.SecureClassLoader::defineClass@9
  0x0000025edf066748: b4da 2eff 

  0x0000025edf06674c: ;   {other}
  0x0000025edf06674c: 0f1f 8400 | 3c1e 003a | baf4 ffff | ff48 8b6c 

  0x0000025edf06675c: ;   {runtime_call UncommonTrapBlob}
  0x0000025edf06675c: 2430 90e8 

  0x0000025edf066760: ; ImmutableOopMap {rbp=Oop [32]=Oop [40]=Oop }
                      ;*checkcast {reexecute=0 rethrow=0 return_oop=0}
                      ; - java.security.SecureClassLoader::getProtectionDomain@33
                      ; - java.security.SecureClassLoader::defineClass@9
  0x0000025edf066760: 9cda 2eff 

  0x0000025edf066764: ;   {other}
  0x0000025edf066764: 0f1f 8400 | 541e 003b | baf6 ffff 

  0x0000025edf066770: ;   {runtime_call UncommonTrapBlob}
  0x0000025edf066770: ff66 90e8 

  0x0000025edf066774: ; ImmutableOopMap {}
                      ;*invokevirtual getCodeSource {reexecute=0 rethrow=0 return_oop=0}
                      ; - java.lang.ClassLoader::defineClassSourceLocation@1
                      ; - java.lang.ClassLoader::defineClass@12
                      ; - java.security.SecureClassLoader::defineClass@12
  0x0000025edf066774: 88da 2eff 

  0x0000025edf066778: ;   {other}
  0x0000025edf066778: 0f1f 8400 | 681e 003c | baf6 ffff 

  0x0000025edf066784: ;   {runtime_call UncommonTrapBlob}
  0x0000025edf066784: ff66 90e8 

  0x0000025edf066788: ; ImmutableOopMap {}
                      ;*invokevirtual getPackageName {reexecute=0 rethrow=0 return_oop=0}
                      ; - java.lang.ClassLoader::postDefineClass@2
                      ; - java.lang.ClassLoader::defineClass@37
                      ; - java.security.SecureClassLoader::defineClass@12
  0x0000025edf066788: 74da 2eff 

  0x0000025edf06678c: ;   {other}
  0x0000025edf06678c: 0f1f 8400 | 7c1e 003d | baf6 ffff | ff48 8beb 

  0x0000025edf06679c: ;   {runtime_call UncommonTrapBlob}
  0x0000025edf06679c: 6666 90e8 

  0x0000025edf0667a0: ; ImmutableOopMap {rbp=Oop }
                      ;*invokevirtual get {reexecute=0 rethrow=0 return_oop=0}
                      ; - java.lang.ClassLoader::getNamedPackage@5
                      ; - java.lang.ClassLoader::postDefineClass@9
                      ; - java.lang.ClassLoader::defineClass@37
                      ; - java.security.SecureClassLoader::defineClass@12
  0x0000025edf0667a0: 5cda 2eff 

  0x0000025edf0667a4: ;   {other}
  0x0000025edf0667a4: 0f1f 8400 | 941e 003e | baf6 ffff 

  0x0000025edf0667b0: ;   {runtime_call UncommonTrapBlob}
  0x0000025edf0667b0: ff66 90e8 

  0x0000025edf0667b4: ; ImmutableOopMap {}
                      ;*invokevirtual hashCode {reexecute=0 rethrow=0 return_oop=0}
                      ; - java.util.concurrent.ConcurrentHashMap::get@1
                      ; - java.lang.ClassLoader::getNamedPackage@5
                      ; - java.lang.ClassLoader::postDefineClass@9
                      ; - java.lang.ClassLoader::defineClass@37
                      ; - java.security.SecureClassLoader::defineClass@12
  0x0000025edf0667b4: 48da 2eff 

  0x0000025edf0667b8: ;   {other}
  0x0000025edf0667b8: 0f1f 8400 | a81e 003f | ba45 ffff | ff48 8b6c | 2430 448b | 5c24 3844 | 895c 2430 | 448b 4424 
  0x0000025edf0667d8: 3c44 8944 | 2434 4889 | 4424 3844 | 8954 2444 

  0x0000025edf0667e8: ;   {runtime_call UncommonTrapBlob}
  0x0000025edf0667e8: 6666 90e8 

  0x0000025edf0667ec: ; ImmutableOopMap {rbp=Oop [32]=Oop [40]=Oop [56]=Oop [68]=NarrowOop }
                      ;*ifnull {reexecute=1 rethrow=0 return_oop=0}
                      ; - (reexecute) java.lang.ClassLoader::defineClassSourceLocation@8
                      ; - java.lang.ClassLoader::defineClass@12
                      ; - java.security.SecureClassLoader::defineClass@12
  0x0000025edf0667ec: 10da 2eff 

  0x0000025edf0667f0: ;   {other}
  0x0000025edf0667f0: 0f1f 8400 | e01e 0040 | 4533 db4d | 85d2 410f | 94c3 ba45 | ffff ff48 | 8944 2428 | 4c8b 5424 
  0x0000025edf066810: 404c 8954 | 2438 4889 | 4424 4044 | 895c 2448 

  0x0000025edf066820: ;   {runtime_call UncommonTrapBlob}
  0x0000025edf066820: 6666 90e8 

  0x0000025edf066824: ; ImmutableOopMap {[40]=Oop [48]=Oop [56]=Oop [64]=Oop }
                      ;*ifeq {reexecute=1 rethrow=0 return_oop=0}
                      ; - (reexecute) java.lang.Class::getPackageName@29
                      ; - java.lang.ClassLoader::postDefineClass@2
                      ; - java.lang.ClassLoader::defineClass@37
                      ; - java.security.SecureClassLoader::defineClass@12
  0x0000025edf066824: d8d9 2eff 

  0x0000025edf066828: ;   {other}
  0x0000025edf066828: 0f1f 8400 | 181f 0041 | baf6 ffff 

  0x0000025edf066834: ;   {runtime_call UncommonTrapBlob}
  0x0000025edf066834: ff66 90e8 

  0x0000025edf066838: ; ImmutableOopMap {}
                      ;*arraylength {reexecute=0 rethrow=0 return_oop=0}
                      ; - java.lang.String::length@4
                      ; - java.lang.String::lastIndexOf@3
                      ; - java.lang.Class::getPackageName@47
                      ; - java.lang.ClassLoader::postDefineClass@2
                      ; - java.lang.ClassLoader::defineClass@37
                      ; - java.security.SecureClassLoader::defineClass@12
  0x0000025edf066838: c4d9 2eff 

  0x0000025edf06683c: ;   {other}
  0x0000025edf06683c: 0f1f 8400 | 2c1f 0042 | baf6 ffff 

  0x0000025edf066848: ;   {runtime_call UncommonTrapBlob}
  0x0000025edf066848: ff66 90e8 

  0x0000025edf06684c: ; ImmutableOopMap {}
                      ;*arraylength {reexecute=0 rethrow=0 return_oop=0}
                      ; - java.lang.String::length@4
                      ; - java.lang.String::substring@1
                      ; - java.lang.Class::getPackageName@62
                      ; - java.lang.ClassLoader::postDefineClass@2
                      ; - java.lang.ClassLoader::defineClass@37
                      ; - java.security.SecureClassLoader::defineClass@12
  0x0000025edf06684c: b0d9 2eff 

  0x0000025edf066850: ;   {other}
  0x0000025edf066850: 0f1f 8400 | 401f 0043 | baf6 ffff 

  0x0000025edf06685c: ;   {runtime_call UncommonTrapBlob}
  0x0000025edf06685c: ff66 90e8 

  0x0000025edf066860: ; ImmutableOopMap {}
                      ;*arraylength {reexecute=0 rethrow=0 return_oop=0}
                      ; - java.lang.String::isEmpty@4
                      ; - java.lang.NamedPackage::<init>@5
                      ; - java.lang.ClassLoader::getNamedPackage@22
                      ; - java.lang.ClassLoader::postDefineClass@9
                      ; - java.lang.ClassLoader::defineClass@37
                      ; - java.security.SecureClassLoader::defineClass@12
  0x0000025edf066860: 9cd9 2eff 

  0x0000025edf066864: ;   {other}
  0x0000025edf066864: 0f1f 8400 | 541f 0044 | ba45 ffff | ff44 8954 

  0x0000025edf066874: ;   {runtime_call UncommonTrapBlob}
  0x0000025edf066874: 2420 90e8 

  0x0000025edf066878: ; ImmutableOopMap {[32]=NarrowOop [72]=Oop }
                      ;*ifnull {reexecute=1 rethrow=0 return_oop=0}
                      ; - (reexecute) java.lang.ClassLoader::postDefineClass@17
                      ; - java.lang.ClassLoader::defineClass@37
                      ; - java.security.SecureClassLoader::defineClass@12
  0x0000025edf066878: 84d9 2eff 

  0x0000025edf06687c: ;   {other}
  0x0000025edf06687c: 0f1f 8400 | 6c1f 0045 | ba45 ffff | ff4c 8b44 | 2448 4c89 | 4424 3844 | 895c 2450 | 4c89 6c24 
  0x0000025edf06689c: 5844 894c | 2454 4489 

  0x0000025edf0668a4: ;   {runtime_call UncommonTrapBlob}
  0x0000025edf0668a4: 5424 60e8 

  0x0000025edf0668a8: ; ImmutableOopMap {rbp=NarrowOop [48]=Oop [56]=Oop [64]=Oop [80]=NarrowOop [84]=NarrowOop [88]=Oop }
                      ;*ifnull {reexecute=1 rethrow=0 return_oop=0}
                      ; - (reexecute) java.util.concurrent.ConcurrentHashMap::get@67
                      ; - java.lang.ClassLoader::getNamedPackage@5
                      ; - java.lang.ClassLoader::postDefineClass@9
                      ; - java.lang.ClassLoader::defineClass@37
                      ; - java.security.SecureClassLoader::defineClass@12
  0x0000025edf0668a8: 54d9 2eff 

  0x0000025edf0668ac: ;   {other}
  0x0000025edf0668ac: 0f1f 8400 | 9c1f 0046 | baf6 ffff | ff41 8be8 

  0x0000025edf0668bc: ;   {runtime_call UncommonTrapBlob}
  0x0000025edf0668bc: 6666 90e8 

  0x0000025edf0668c0: ; ImmutableOopMap {}
                      ;*aaload {reexecute=0 rethrow=0 return_oop=0}
                      ; - java.security.CodeSource::getCertificates@50
                      ; - java.lang.ClassLoader::postDefineClass@24
                      ; - java.lang.ClassLoader::defineClass@37
                      ; - java.security.SecureClassLoader::defineClass@12
  0x0000025edf0668c0: 3cd9 2eff 

  0x0000025edf0668c4: ;   {other}
  0x0000025edf0668c4: 0f1f 8400 | b41f 0047 | baf6 ffff 

  0x0000025edf0668d0: ;   {runtime_call UncommonTrapBlob}
  0x0000025edf0668d0: ff66 90e8 

  0x0000025edf0668d4: ; ImmutableOopMap {}
                      ;*invokevirtual getSignerCertPath {reexecute=0 rethrow=0 return_oop=0}
                      ; - java.security.CodeSource::getCertificates@51
                      ; - java.lang.ClassLoader::postDefineClass@24
                      ; - java.lang.ClassLoader::defineClass@37
                      ; - java.security.SecureClassLoader::defineClass@12
  0x0000025edf0668d4: 28d9 2eff 

  0x0000025edf0668d8: ;   {other}
  0x0000025edf0668d8: 0f1f 8400 | c81f 0048 | baf6 ffff 

  0x0000025edf0668e4: ;   {runtime_call UncommonTrapBlob}
  0x0000025edf0668e4: ff66 90e8 

  0x0000025edf0668e8: ; ImmutableOopMap {}
                      ;*invokevirtual getCertificates {reexecute=0 rethrow=0 return_oop=0}
                      ; - java.security.CodeSource::getCertificates@54
                      ; - java.lang.ClassLoader::postDefineClass@24
                      ; - java.lang.ClassLoader::defineClass@37
                      ; - java.security.SecureClassLoader::defineClass@12
  0x0000025edf0668e8: 14d9 2eff 

  0x0000025edf0668ec: ;   {other}
  0x0000025edf0668ec: 0f1f 8400 | dc1f 0049 | baf6 ffff 

  0x0000025edf0668f8: ;   {runtime_call UncommonTrapBlob}
  0x0000025edf0668f8: ff66 90e8 

  0x0000025edf0668fc: ; ImmutableOopMap {}
                      ;*arraylength {reexecute=0 rethrow=0 return_oop=0}
                      ; - java.security.CodeSource::getCertificates@40
                      ; - java.lang.ClassLoader::postDefineClass@24
                      ; - java.lang.ClassLoader::defineClass@37
                      ; - java.security.SecureClassLoader::defineClass@12
  0x0000025edf0668fc: 00d9 2eff 

  0x0000025edf066900: ;   {other}
  0x0000025edf066900: 0f1f 8400 | f01f 004a | ba97 ffff | ff48 8b6c | 2430 4c8b | 5424 604c | 8954 2450 

  0x0000025edf06691c: ;   {runtime_call UncommonTrapBlob}
  0x0000025edf06691c: 6666 90e8 

  0x0000025edf066920: ; ImmutableOopMap {rbp=Oop [32]=Oop [40]=Oop [80]=Oop [92]=NarrowOop [96]=Oop }
                      ;*invokevirtual clone {reexecute=1 rethrow=0 return_oop=0}
                      ; - (reexecute) java.util.Arrays::copyOfRange@18
                      ; - java.lang.StringLatin1::newString@16
                      ; - java.lang.String::substring@41
                      ; - java.lang.Class::getPackageName@62
                      ; - java.lang.ClassLoader::postDefineClass@2
                      ; - java.lang.ClassLoader::defineClass@37
                      ; - java.security.SecureClassLoader::defineClass@12
  0x0000025edf066920: dcd8 2eff 

  0x0000025edf066924: ;   {other}
  0x0000025edf066924: 0f1f 8400 | 1420 004b | baf4 ffff 

  0x0000025edf066930: ;   {runtime_call UncommonTrapBlob}
  0x0000025edf066930: ff66 90e8 

  0x0000025edf066934: ; ImmutableOopMap {[32]=Oop [40]=Oop [56]=NarrowOop }
                      ;*checkcast {reexecute=0 rethrow=0 return_oop=0}
                      ; - java.security.CodeSource::getCertificates@76
                      ; - java.lang.ClassLoader::postDefineClass@24
                      ; - java.lang.ClassLoader::defineClass@37
                      ; - java.security.SecureClassLoader::defineClass@12
  0x0000025edf066934: c8d8 2eff 

  0x0000025edf066938: ;   {other}
  0x0000025edf066938: 0f1f 8400 | 2820 004c | ba97 ffff 

  0x0000025edf066944: ;   {runtime_call UncommonTrapBlob}
  0x0000025edf066944: ff66 90e8 

  0x0000025edf066948: ; ImmutableOopMap {[32]=Oop [56]=NarrowOop [72]=Oop }
                      ;*invokevirtual clone {reexecute=1 rethrow=0 return_oop=0}
                      ; - (reexecute) java.security.CodeSource::getCertificates@11
                      ; - java.lang.ClassLoader::postDefineClass@24
                      ; - java.lang.ClassLoader::defineClass@37
                      ; - java.security.SecureClassLoader::defineClass@12
  0x0000025edf066948: b4d8 2eff 

  0x0000025edf06694c: ;   {other}
  0x0000025edf06694c: 0f1f 8400 | 3c20 004d | ba97 ffff 

  0x0000025edf066958: ;   {runtime_call UncommonTrapBlob}
  0x0000025edf066958: ff66 90e8 

  0x0000025edf06695c: ; ImmutableOopMap {[32]=Oop [40]=Oop [56]=Oop }
                      ;*invokevirtual clone {reexecute=1 rethrow=0 return_oop=0}
                      ; - (reexecute) java.security.CodeSource::getCertificates@86
                      ; - java.lang.ClassLoader::postDefineClass@24
                      ; - java.lang.ClassLoader::defineClass@37
                      ; - java.security.SecureClassLoader::defineClass@12
  0x0000025edf06695c: a0d8 2eff 

  0x0000025edf066960: ;   {other}
  0x0000025edf066960: 0f1f 8400 | 5020 004e | eb31 eb2f | eb2d eb2b | eb29 eb27 | eb25 eb23 | eb21 eb16 | eb14 eb1b 
  0x0000025edf066980: eb19 eb17 | eb15 eb13 | eb11 eb0f | eb0d eb0b | eb09 488b | d0eb 07eb | 02eb 0048 | 8bd0 4881 
  0x0000025edf0669a0: c4b0 0000 

  0x0000025edf0669a4: ;   {runtime_call _rethrow_Java}
  0x0000025edf0669a4: 005d e955 

  0x0000025edf0669a8: ;   {internal_word}
  0x0000025edf0669a8: 5631 ff49 | bad2 5606 | df5e 0200 | 004d 8997 | 6804 0000 

  0x0000025edf0669bc: ;   {runtime_call SafepointBlob}
  0x0000025edf0669bc: e9bf e42e 

  0x0000025edf0669c0: ;   {runtime_call StubRoutines (final stubs)}
  0x0000025edf0669c0: ffe8 3a4d | 2dff e953 | e3ff fff4 | f4f4 f4f4 
[Stub Code]
  0x0000025edf0669d0: ;   {no_reloc}
  0x0000025edf0669d0: 48bb d0c3 | 10eb 5e02 

  0x0000025edf0669d8: ;   {runtime_call I2C/C2I adapters}
  0x0000025edf0669d8: 0000 e983 

  0x0000025edf0669dc: ;   {static_stub}
  0x0000025edf0669dc: 482e ff48 | bb00 0000 | 0000 0000 

  0x0000025edf0669e8: ;   {runtime_call nmethod}
  0x0000025edf0669e8: 00e9 fbff 

  0x0000025edf0669ec: ;   {static_stub}
  0x0000025edf0669ec: ffff 48bb | 0000 0000 | 0000 0000 

  0x0000025edf0669f8: ;   {runtime_call nmethod}
  0x0000025edf0669f8: e9fb ffff 

  0x0000025edf0669fc: ;   {static_stub}
  0x0000025edf0669fc: ff48 bb00 | 0000 0000 

  0x0000025edf066a04: ;   {runtime_call nmethod}
  0x0000025edf066a04: 0000 00e9 | fbff ffff 

  0x0000025edf066a0c: ;   {static_stub}
  0x0000025edf066a0c: 48bb 0000 | 0000 0000 

  0x0000025edf066a14: ;   {runtime_call nmethod}
  0x0000025edf066a14: 0000 e9fb 

  0x0000025edf066a18: ;   {static_stub}
  0x0000025edf066a18: ffff ff48 | bb00 0000 | 0000 0000 

  0x0000025edf066a24: ;   {runtime_call nmethod}
  0x0000025edf066a24: 00e9 fbff 

  0x0000025edf066a28: ;   {static_stub}
  0x0000025edf066a28: ffff 48bb | 0000 0000 | 0000 0000 

  0x0000025edf066a34: ;   {runtime_call nmethod}
  0x0000025edf066a34: e9fb ffff 

  0x0000025edf066a38: ;   {static_stub}
  0x0000025edf066a38: ff48 bb00 | 0000 0000 

  0x0000025edf066a40: ;   {runtime_call nmethod}
  0x0000025edf066a40: 0000 00e9 | fbff ffff 

  0x0000025edf066a48: ;   {static_stub}
  0x0000025edf066a48: 48bb a04b | 02eb 5e02 

  0x0000025edf066a50: ;   {runtime_call I2C/C2I adapters}
  0x0000025edf066a50: 0000 e90b 

  0x0000025edf066a54: ;   {static_stub}
  0x0000025edf066a54: 482e ff48 | bb00 0000 | 0000 0000 

  0x0000025edf066a60: ;   {runtime_call nmethod}
  0x0000025edf066a60: 00e9 fbff 

  0x0000025edf066a64: ;   {static_stub}
  0x0000025edf066a64: ffff 48bb | 0000 0000 | 0000 0000 

  0x0000025edf066a70: ;   {runtime_call nmethod}
  0x0000025edf066a70: e9fb ffff 

  0x0000025edf066a74: ;   {static_stub}
  0x0000025edf066a74: ff48 bb00 | 0000 0000 

  0x0000025edf066a7c: ;   {runtime_call nmethod}
  0x0000025edf066a7c: 0000 00e9 | fbff ffff 

  0x0000025edf066a84: ;   {static_stub}
  0x0000025edf066a84: 48bb 0000 | 0000 0000 

  0x0000025edf066a8c: ;   {runtime_call nmethod}
  0x0000025edf066a8c: 0000 e9fb 

  0x0000025edf066a90: ;   {static_stub}
  0x0000025edf066a90: ffff ff48 | bb00 0000 | 0000 0000 

  0x0000025edf066a9c: ;   {runtime_call nmethod}
  0x0000025edf066a9c: 00e9 fbff 

  0x0000025edf066aa0: ;   {static_stub}
  0x0000025edf066aa0: ffff 48bb | 0000 0000 | 0000 0000 

  0x0000025edf066aac: ;   {runtime_call nmethod}
  0x0000025edf066aac: e9fb ffff 

  0x0000025edf066ab0: ;   {static_stub}
  0x0000025edf066ab0: ff48 bb00 | 0000 0000 

  0x0000025edf066ab8: ;   {runtime_call nmethod}
  0x0000025edf066ab8: 0000 00e9 | fbff ffff 

  0x0000025edf066ac0: ;   {static_stub}
  0x0000025edf066ac0: 48bb 0000 | 0000 0000 

  0x0000025edf066ac8: ;   {runtime_call nmethod}
  0x0000025edf066ac8: 0000 e9fb 

  0x0000025edf066acc: ;   {runtime_call ExceptionBlob}
  0x0000025edf066acc: ffff ffe9 | 2cf8 30ff 
[Deopt Handler Code]
  0x0000025edf066ad4: e800 0000 | 0048 832c 

  0x0000025edf066adc: ;   {runtime_call DeoptimizationBlob}
  0x0000025edf066adc: 2405 e9bd | dc2e fff4 | f4f4 f4f4 
[/MachCode]


Compiled method (c2) 847558 16790   !   4       java.net.URLClassLoader::defineClass (224 bytes)
 total in heap  [0x0000025edf0d9e90,0x0000025edf0e0e48] = 28600
 relocation     [0x0000025edf0d9ff0,0x0000025edf0da458] = 1128
 main code      [0x0000025edf0da460,0x0000025edf0de008] = 15272
 stub code      [0x0000025edf0de008,0x0000025edf0de1d0] = 456
 oops           [0x0000025edf0de1d0,0x0000025edf0de218] = 72
 metadata       [0x0000025edf0de218,0x0000025edf0de6a0] = 1160
 scopes data    [0x0000025edf0de6a0,0x0000025edf0dfef0] = 6224
 scopes pcs     [0x0000025edf0dfef0,0x0000025edf0e0770] = 2176
 dependencies   [0x0000025edf0e0770,0x0000025edf0e08c8] = 344
 handler table  [0x0000025edf0e08c8,0x0000025edf0e0d60] = 1176
 nul chk table  [0x0000025edf0e0d60,0x0000025edf0e0e48] = 232

[Constant Pool (empty)]

[MachCode]
[Entry Point]
  # {method} {0x0000025eeb623cc8} 'defineClass' '(Ljava/lang/String;Ljdk/internal/loader/Resource;)Ljava/lang/Class;' in 'java/net/URLClassLoader'
  # this:     rdx:rdx   = 'java/net/URLClassLoader'
  # parm0:    r8:r8     = 'java/lang/String'
  # parm1:    r9:r9     = 'jdk/internal/loader/Resource'
  #           [sp+0xf0]  (sp of caller)
  0x0000025edf0da460: 448b 5208 | 49c1 e203 

  0x0000025edf0da468: ;   {runtime_call ic_miss_stub}
  0x0000025edf0da468: 493b c20f | 850f 4327 | ff66 6690 | 0f1f 8400 | 0000 0000 | 6666 6690 
[Verified Entry Point]
  0x0000025edf0da480: 8984 2400 | 80ff ff55 | 4881 ece0 | 0000 0090 | 4181 7f20 | 2400 0000 | 0f85 603b | 0000 4c89 
  0x0000025edf0da4a0: 4c24 3048 | 8954 2458 | 4c89 4424 | 2849 ba20 | 2526 2cff | 7f00 0041 

  0x0000025edf0da4b8: ;   {other}
  0x0000025edf0da4b8: ffd2 0f1f | 8400 0000 | 0000 4889 | 4424 384c | 8b54 2428 

  0x0000025edf0da4cc: ; implicit exception: dispatches to 0x0000025edf0dd61c
  0x0000025edf0da4cc: 418b 6a14 

  0x0000025edf0da4d0: ; implicit exception: dispatches to 0x0000025edf0dd634
  0x0000025edf0da4d0: 448b 5d0c | 410f be4a | 1045 8bcb | 41d3 f941 | ffc9 85c9 | 0f85 2b22 | 0000 458b | d341 ffca 
  0x0000025edf0da4f0: 453b d145 | 0f4f d145 | 85d2 7c27 | 4c8b c590 | 453b d30f | 832f 2200 | 0042 807c | 1510 2e74 
  0x0000025edf0da510: 184d 8b8f | 5804 0000 

  0x0000025edf0da518: ; ImmutableOopMap {r8=Oop rbp=NarrowOop [40]=Oop [48]=Oop [88]=Oop }
                      ;*goto {reexecute=1 rethrow=0 return_oop=0}
                      ; - (reexecute) java.lang.StringLatin1::lastIndexOf@35
                      ; - java.lang.String::lastIndexOf@13
                      ; - java.lang.String::lastIndexOf@8
                      ; - java.net.URLClassLoader::defineClass@7
                      ;   {poll}
  0x0000025edf0da518: 41ff ca41 | 8501 4585 | d27d dd41 | baff ffff | ff48 8b74 | 2430 448b 

  0x0000025edf0da530: ;   {metadata('jdk/internal/loader/URLClassPath$JarLoader$2')}
  0x0000025edf0da530: 4608 4181 | f8f8 2f01 | 200f 8562 | 1800 004c | 8bde 458b | 4320 458b | 701c 4183 | faff 0f84 
  0x0000025edf0da550: 5519 0000 | 4c8b 5c24 | 2845 8b43 | 1445 8b58 | 0c4c 8b4c | 2428 410f | be49 1041 | 8beb d3fd 
  0x0000025edf0da570: 4585 d20f | 8ccc 2700 | 0044 3bd5 | 0f8f 9228 | 0000 443b | d50f 846c | 1300 0085 | c90f 8529 
  0x0000025edf0da590: 1f00 0045 | 85d2 0f84 | 6920 0000 | 498b 9fb8 | 0100 004c | 8bcb 4983 | c118 4d3b | 8fc8 0100 
  0x0000025edf0da5b0: 000f 8362 | 1f00 004d | 898f b801 | 0000 410f | 0d89 0001 | 0000 48c7 | 0301 0000 

  0x0000025edf0da5cc: ;   {metadata('java/lang/String')}
  0x0000025edf0da5cc: 00c7 4308 | 1284 0020 | 4489 630c | 4c89 6310 | 4d8b c84c | 894c 2478 | 4d8d 4810 | 453b d30f 
  0x0000025edf0da5ec: 84d5 0000 | 0041 81fa | 0000 1000 | 0f87 a62b | 0000 4963 | c245 3bda | 418b eb41 | 0f4f ea44 
  0x0000025edf0da60c: 3bdd 0f82 | c72b 0000 | 443b d50f | 82be 2b00 | 0048 83c0 | 174c 8bc0 | 4983 e0f8 | 4181 fa00 
  0x0000025edf0da62c: 0010 000f | 872f 2100 | 004d 8baf | b801 0000 | 4d8b dd4d | 03d8 4d3b | 9fc8 0100 | 000f 8315 
  0x0000025edf0da64c: 2100 004d | 899f b801 | 0000 410f | 0d8b 0001 | 0000 49c7 | 4500 0100 | 0000 410f | 0d8b 4001 
  0x0000025edf0da66c: ;   {metadata({type array byte})}
  0x0000025edf0da66c: 0000 41c7 | 4508 5981 | 0020 4589 | 550c 410f | 0d8b 8001 | 0000 4d8b | dd49 83c3 | 1048 c1e8 
  0x0000025edf0da68c: 0385 ed0f | 8417 2b00 | 0041 3bea | 0f8c 371a | 0000 4983 | c0f0 49c1 | e803 498b | c949 8bd3 
  0x0000025edf0da6ac: 49ba 809e | 33de 5e02 | 0000 41ff 

  0x0000025edf0da6b8: ;   {other}
  0x0000025edf0da6b8: d20f 1f84 | 0000 0000 | 00e9 8f00 | 0000 4963 | fb41 81fb | 0000 1000 | 0f87 3e1f | 0000 4d8b 
  0x0000025edf0da6d8: afb8 0100 | 004c 8bd7 | 4983 c217 | 4983 e2f8 | 498b cd49 | 03ca 493b | 8fc8 0100 | 000f 8319 
  0x0000025edf0da6f8: 1f00 0049 | 898f b801 | 0000 0f0d | 8900 0100 | 0049 c745 | 0001 0000 | 000f 0d89 | 4001 0000 
  0x0000025edf0da718: ;   {metadata({type array byte})}
  0x0000025edf0da718: 41c7 4508 | 5981 0020 | 4589 5d0c | 0f0d 8980 | 0100 0049 | 8bd5 4883 | c210 4883 | c707 48c1 
  0x0000025edf0da738: ef03 498b | c94c 8bc7 | 49ba 809e | 33de 5e02 | 0000 41ff 

  0x0000025edf0da74c: ;   {other}
  0x0000025edf0da74c: d20f 1f84 | 0000 0000 | 0041 807f | 4000 0f85 | c015 0000 | 4c8b d34d | 8bc5 4489 | 4314 4d8b 
  0x0000025edf0da76c: dd4d 33da | 49c1 eb14 | 4d85 db74 | 1a49 c1ea | 0948 b900 | 009d e55e | 0200 0049 | 03ca 8039 
  0x0000025edf0da78c: 020f 85c0 | 1500 0044 | 8863 1048 | 899c 2488 | 0000 0044 

  0x0000025edf0da7a0: ;   {metadata('jdk/internal/loader/URLClassPath$JarLoader$2')}
  0x0000025edf0da7a0: 8b56 0841 | 81fa f82f | 0120 0f85 | 0e16 0000 

  0x0000025edf0da7b0: ;   {oop(a 'java/lang/Class'{0x00000000800cb1c8} = 'jdk/internal/access/SharedSecrets')}
  0x0000025edf0da7b0: 4c8b ee49 | bac8 b10c | 8000 0000 | 0045 8b92 | d400 0000 

  0x0000025edf0da7c4: ; implicit exception: dispatches to 0x0000025edf0ddadc
  0x0000025edf0da7c4: 458b 4208 | 458b 4d20 

  0x0000025edf0da7cc: ; implicit exception: dispatches to 0x0000025edf0dd73c
  0x0000025edf0da7cc: 458b 5918 

  0x0000025edf0da7d0: ;   {metadata('java/util/jar/JavaUtilJarAccessImpl')}
  0x0000025edf0da7d0: 4181 f893 | 1d01 200f | 8576 2100 | 0041 8b6b | 084d 8bc3 | 488d 9c24 | c000 0000 | 498b 00a8 
  0x0000025edf0da7f0: 020f 8523 | 0000 0048 | 83c8 0148 | 8903 f049 | 0fb1 180f | 8437 0000 | 0048 2bc4 | 4825 07f0 
  0x0000025edf0da810: ffff 4889 | 03e9 2400 | 0000 4c8b | d048 33c0 | f04d 0fb1 | 7a3e 48c7 | 0303 0000 | 0074 114c 
  0x0000025edf0da830: 3bf8 7515 | 49ff 8286 | 0000 0048 | 33c0 7509 | 49ff 8750 | 0500 0033 | c00f 8545 | 2100 0045 
  0x0000025edf0da850: 3b63 3075 | 0e45 0fb6 | 5312 4585 | d20f 8556 | 1200 0045 | 3b63 300f | 85a8 1500 | 0048 8d84 
  0x0000025edf0da870: 24c0 0000 | 0048 8338 | 000f 8479 | 0000 004d | 8b10 41f6 | c202 0f84 | 6200 0000 | 4983 ba86 
  0x0000025edf0da890: 0000 0000 | 7409 49ff | 8a86 0000 | 00eb 4b49 | 8b82 9600 | 0000 490b | 828e 0000 | 0075 0a49 
  0x0000025edf0da8b0: c742 3e00 | 0000 00eb | 3d49 83ba | 9e00 0000 | 0074 2248 | 33c0 49c7 | 423e 0000 

  0x0000025edf0da8cc: ;   {no_reloc}
  0x0000025edf0da8cc: 0000 f083 | 0424 0049 | 83ba 9e00 | 0000 0075 | 0df0 4d0f | b17a 3e75 | 0583 c801 | eb0c a800 
  0x0000025edf0da8ec: eb08 4c8b | 10f0 4d0f | b110 750a | 49ff 8f50 | 0500 0045 | 33d2 0f85 | f020 0000 | 458b 5d20 
  0x0000025edf0da90c: ; implicit exception: dispatches to 0x0000025edf0dd7ac
  0x0000025edf0da90c: 418b 6b18 

  0x0000025edf0da910: ; implicit exception: dispatches to 0x0000025edf0dd7e4
  0x0000025edf0da910: 448b 5508 

  0x0000025edf0da914: ;   {metadata('java/util/jar/JarFile')}
  0x0000025edf0da914: 4181 faef | 1c01 200f | 85ff 2000 | 004c 896c | 2440 4489 | 7424 3048 | 8974 2420 

  0x0000025edf0da930: ;   {optimized virtual_call}
  0x0000025edf0da930: 488b d5e8 

  0x0000025edf0da934: ; ImmutableOopMap {[32]=Oop [40]=Oop [48]=NarrowOop [64]=Oop [88]=Oop [136]=Oop }
                      ;*invokevirtual getManifestFromReference {reexecute=0 rethrow=0 return_oop=1}
                      ; - java.util.jar.JarFile::getManifest@1
                      ; - jdk.internal.loader.URLClassPath$JarLoader$2::getManifest@22
                      ; - java.net.URLClassLoader::defineClass@34
  0x0000025edf0da934: a8fc 9dff 

  0x0000025edf0da938: ;   {other}
  0x0000025edf0da938: 0f1f 8400 | a80a 0001 | 488b 7424 | 2044 8b74 | 2430 4889 | 4424 7044 | 8974 2440 | 4889 7424 
  0x0000025edf0da958: 3048 8b54 | 2458 4c8b | 8424 8800 | 0000 4889 | 4424 4841 

  0x0000025edf0da96c: ;   {optimized virtual_call}
  0x0000025edf0da96c: 8bee 90e8 

  0x0000025edf0da970: ; ImmutableOopMap {rbp=NarrowOop [40]=Oop [48]=Oop [64]=NarrowOop [72]=Oop [88]=Oop [112]=Oop [136]=Oop }
                      ;*invokevirtual getDefinedPackage {reexecute=0 rethrow=0 return_oop=1}
                      ; - java.net.URLClassLoader::getAndVerifyPackage@2
                      ; - java.net.URLClassLoader::defineClass@46
  0x0000025edf0da970: ccfb f8ff 

  0x0000025edf0da974: ;   {other}
  0x0000025edf0da974: 0f1f 8400 | e40a 0002 | 4889 4424 | 6048 85c0 | 0f84 720e | 0000 448b | 5010 458b | 5a1c 4585 
  0x0000025edf0da994: db0f 8587 | 2500 0044 | 8b58 1441 | 8b6b 2485 | ed0f 85d5 | 2500 004c | 8b54 2448 | 4d85 d20f 
  0x0000025edf0da9b4: 84cf 1200 

  0x0000025edf0da9b8: ;   {oop(a 'java/lang/Class'{0x00000000800cb1c8} = 'jdk/internal/access/SharedSecrets')}
  0x0000025edf0da9b8: 0049 bac8 | b10c 8000 | 0000 0045 | 8b9a d400 | 0000 458b | 5308 4c8b | 8424 8800 | 0000 458b 
  0x0000025edf0da9d8: 4014 4d8b | f341 b92f | 0000 0048 | 8b8c 2488 | 0000 0080 | 7910 000f | 850b 1900 | 0041 8b48 
  0x0000025edf0da9f8: 0c85 c90f | 860d 0400 | 008b d9ff | cb3b d90f | 8363 2000 | 0044 8bc9 | 4183 c1fd | 498b f841 
  0x0000025edf0daa18: 8078 102e | 0f84 e20e | 0000 4183 | f901 0f8e | 4421 0000 | 4489 8c24 | 9000 0000 | 895c 246c 
  0x0000025edf0daa38: 6641 0f6e | c0bd 0100 | 0000 33f6 | 48ba 0000 | 9de5 5e02 | 0000 448b | c944 2bcd | 4183 c1fd 
  0x0000025edf0daa58: 448b 8424 | 9000 0000 | 33db 443b | c544 0f4c | cb41 81f9 | a00f 0000 | 41b8 a00f | 0000 450f 
  0x0000025edf0daa78: 47c8 4403 | cd48 8974 | 2448 418b | c24c 8bef | eb09 660f | 1f44 0000 | 418b e848 | 63dd 6641 
  0x0000025edf0daa98: 0f7e c245 | 0fbe 441a | 1041 83f8 | 2e74 6641 | 0fbe 7c1a | 1183 ff2e | 7454 450f | be44 1a12 
  0x0000025edf0daab8: ;   {no_reloc}
  0x0000025edf0daab8: 4183 f82e | 744c 410f | be5c 1a13 | 83fb 2e74 | 3a44 8bc5 | 4183 c004 | 453b c17c | bb4d 8b8f 
  0x0000025edf0daad8: 5804 0000 

  0x0000025edf0daadc: ; ImmutableOopMap {r11=NarrowOop r13=Oop r14=Oop xmm0=NarrowOop [40]=Oop [48]=Oop [64]=NarrowOop [88]=Oop [96]=Oop [112]=Oop [136]=Oop }
                      ;*if_icmpne {reexecute=1 rethrow=0 return_oop=0}
                      ; - (reexecute) java.lang.StringLatin1::replace@28
                      ; - java.lang.String::replace@18
                      ; - java.net.URLClassLoader::isSealed@9
                      ; - java.net.URLClassLoader::getAndVerifyPackage@68
                      ; - java.net.URLClassLoader::defineClass@46
                      ;   {poll}
  0x0000025edf0daadc: 83c5 0341 | 8501 443b | 8424 9000 | 0000 0f8d | e212 0000 | 418b e848 | 8b74 2448 | 448b d049 
  0x0000025edf0daafc: 8bfd e94b | ffff ff83 | c502 ffc5 | eb03 83c5 | 02f3 0f11 | 8424 b800 | 0000 488b | da44 8bd0 
  0x0000025edf0dab1c: 498b fd3b | e90f 8df9 | 0200 0081 | f900 0010 | 000f 874a | 1b00 0048 | 897c 2478 | 4c89 7424 
  0x0000025edf0dab3c: 5044 8954 | 2444 4489 | 9c24 9400 | 0000 4889 | 5c24 204d | 8b8f b801 | 0000 894c | 2468 4c63 
  0x0000025edf0dab5c: d949 83c3 | 1749 83e3 | f84d 8bd1 | 4d03 d34d | 3b97 c801 | 0000 0f83 | 251b 0000 | 4d89 97b8 
  0x0000025edf0dab7c: 0100 0041 | 0f0d 8a00 | 0100 0049 | c701 0100 | 0000 410f | 0d8a 4001 

  0x0000025edf0dab94: ;   {metadata({type array byte})}
  0x0000025edf0dab94: 0000 41c7 | 4108 5981 | 0020 448b | c141 8949 | 0c41 0f0d | 8a80 0100 | 0085 ed7f | 0d44 8b94 
  0x0000025edf0dabb4: 24b8 0000 | 00e9 b000 | 0000 448b | dd41 ffcb | 453b d80f | 83fb 2200 | 0045 85c0 | 0f86 f222 
  0x0000025edf0dabd4: 0000 498b | d141 8bc0 | 448b 9424 | b800 0000 | 450f be42 | 1045 8841 | 1041 83fb | 010f 8e21 
  0x0000025edf0dabf4: 2300 0041 | b9d0 0700 | 00b9 0100 | 0000 8bfd | 2bf9 ffcf | 33db 443b | d90f 4cfb | 81ff d007 
  0x0000025edf0dac14: 0000 410f | 47f9 03f9 | 0f1f 4000 | 4863 d945 | 0fbe 441a | 1044 8844 | 1a10 450f | be44 1a11 
  0x0000025edf0dac34: 4488 441a | 1183 c102 | 3bcf 7ce0 | 4d8b 8758 

  0x0000025edf0dac44: ; ImmutableOopMap {r10=NarrowOop rdx=Oop [40]=Oop [48]=Oop [64]=NarrowOop [80]=Oop [88]=Oop [96]=Oop [112]=Oop [120]=Oop [136]=Oop [148]=NarrowOop }
                      ;*goto {reexecute=1 rethrow=0 return_oop=0}
                      ; - (reexecute) java.lang.StringLatin1::replace@76
                      ; - java.lang.String::replace@18
                      ; - java.net.URLClassLoader::isSealed@9
                      ; - java.net.URLClassLoader::getAndVerifyPackage@68
                      ; - java.net.URLClassLoader::defineClass@46
                      ;   {poll}
  0x0000025edf0dac44: 0400 0041 | 8500 413b | cb7c b33b | cd7d 1590 | 4c63 d947 | 0fbe 441a | 1046 8844 | 1a10 ffc1 
  0x0000025edf0dac64: 3bcd 7cec | 448b c04c | 8bca 413b | e80f 8d37 | 0100 0041 | 3be8 0f83 | 5020 0000 | 448b 5c24 
  0x0000025edf0dac84: 6c45 3bd8 | 0f83 4220 | 0000 448b | dd41 ffc3 | 4863 dd41 | 0fbe 4c1a | 1083 f92e | 0f84 3f0b 
  0x0000025edf0daca4: 0000 4188 | 4c19 108b | ddff c341 | 3bdb 7d04 | 8beb ebdc | 3b9c 2490 | 0000 000f | 8dc2 0000 
  0x0000025edf0dacc4: 00ff c5e9 | 8f00 0000 | 41bb 2f00 | 0000 6666 | 0f1f 8400 | 0000 0000 | 6666 6690 | 4588 5c09 
  0x0000025edf0dace4: 1045 0fbe | 5c0a 1141 | 83fb 2e74 | 4745 885c | 0911 450f | be5c 0a12 | 4183 fb2e | 743e 4588 
  0x0000025edf0dad04: 5c09 1245 | 0fbe 5c0a | 1341 83fb | 2e74 1d45 | 885c 0913 | 83c5 043b | ef7d 2948 | 63cd 450f 
  0x0000025edf0dad24: be5c 0a10 | 4183 fb2e | 75b2 eb9c | 41bb 2f00 | 0000 ebdb | 41bb 2f00 | 0000 ebb1 | 41bb 2f00 
  0x0000025edf0dad44: ;   {no_reloc}
  0x0000025edf0dad44: 0000 ebba | 4d8b 9f58 

  0x0000025edf0dad4c: ; ImmutableOopMap {r10=NarrowOop r9=Oop [40]=Oop [48]=Oop [64]=NarrowOop [80]=Oop [88]=Oop [96]=Oop [112]=Oop [120]=Oop [136]=Oop [148]=NarrowOop }
                      ;*goto {reexecute=1 rethrow=0 return_oop=0}
                      ; - (reexecute) java.lang.StringLatin1::replace@113
                      ; - java.lang.String::replace@18
                      ; - java.net.URLClassLoader::isSealed@9
                      ; - java.net.URLClassLoader::getAndVerifyPackage@68
                      ; - java.net.URLClassLoader::defineClass@46
                      ;   {poll}
  0x0000025edf0dad4c: 0400 0041 | 8503 3bac | 2490 0000 | 007d 2e41 | 8bf8 2bfd | 83c7 fd44 | 8b9c 2490 | 0000 0033 
  0x0000025edf0dad6c: c944 3bdd | 0f4c f981 | ffa0 0f00 | 0041 bba0 | 0f00 0041 | 0f47 fb03 | fdeb 988b | eb41 3be8 
  0x0000025edf0dad8c: 7d20 6690 | 4c63 dd43 | 0fbe 5c1a | 1083 fb2e | 0f84 410b | 0000 4388 | 5c19 10ff | c541 3be8 
  0x0000025edf0dadac: 7ce2 498b | b7b8 0100 | 004c 8bd6 | 4983 c218 | 4d3b 97c8 | 0100 000f | 8300 1900 | 004d 8997 
  0x0000025edf0dadcc: b801 0000 | 410f 0d8a | 0001 0000 | 48c7 0601 

  0x0000025edf0daddc: ;   {metadata('java/lang/String')}
  0x0000025edf0daddc: 0000 00c7 | 4608 1284 | 0020 4489 | 660c 4c89 | 6610 4d8b | d944 895e | 1448 8b5c | 2420 448b 
  0x0000025edf0dadfc: 9c24 9400 | 0000 448b | 5424 444c | 8b74 2450 | eb14 48bb | 0000 9de5 | 5e02 0000 | 4533 c04c 
  0x0000025edf0dae1c: 8944 2448 | 33f6 4885 | f60f 84c4 | 0900 008b | 7e14 8b47 | 0c85 c00f | 8639 0a00 | 0044 0fbe 
  0x0000025edf0dae3c: 6e10 418b | cdd3 f848 | 63d0 4183 | fd01 0f84 | 0019 0000 | 85c0 0f8c | 3c21 0000 | 488b ea48 
  0x0000025edf0dae5c: 83c5 0144 | 8bcd 4585 | c90f 8c8d | 2100 004c | 8bc5 49c1 | f820 458b | c041 0fbe | c841 d3e1 
  0x0000025edf0dae7c: 4585 c90f | 8caf 2200 | 0041 81f9 | 0000 1000 | 0f87 0f1d | 0000 4d63 | c141 81f9 | 0000 1000 
  0x0000025edf0dae9c: 0f87 d416 | 0000 4489 | 8c24 9800 | 0000 4889 | 9424 9000 | 0000 4489 | 6c24 6c89 | 4424 7c89 
  0x0000025edf0daebc: 7c24 6848 | 89b4 2480 | 0000 004c | 8974 2420 | 4489 5424 | 4444 895c | 2478 4889 | 5c24 504d 
  0x0000025edf0daedc: ;   {no_reloc}
  0x0000025edf0daedc: 8b9f b801 | 0000 4983 | c017 4983 | e0f8 4d8b | d34d 03d0 | 4d3b 97c8 | 0100 000f | 83b2 1600 
  0x0000025edf0daefc: 004d 8997 | b801 0000 | 410f 0d8a | 0001 0000 | 4d8b c349 | c700 0100 | 0000 410f | 0d8a 4001 
  0x0000025edf0daf1c: ;   {metadata({type array byte})}
  0x0000025edf0daf1c: 0000 41c7 | 4008 5981 | 0020 418b | d145 8948 | 0c41 0f0d | 8a80 0100 | 004c 8b8c | 2490 0000 
  0x0000025edf0daf3c: 0049 ba00 | 0000 0001 | 0000 004d | 3bca 0f8d | 750f 0000 | 448b 5424 | 7c41 ffc2 | 413b d20f 
  0x0000025edf0daf5c: 8248 1c00 | 008b 6c24 | 7c41 c644 | 2810 2f48 | 8bbc 2480 | 0000 0044 | 8b5c 2468 | 8b6c 246c 
  0x0000025edf0daf7c: 458b 530c | 418b da8b | cdd3 fb48 | 63cb 4c2b | c941 8bd9 | 48b9 0000 | 0000 0100 | 0000 4c3b 
  0x0000025edf0daf9c: c90f 8d8f | 0f00 0049 | 8bcb 498d | 4310 85ed | 0f85 1414 | 0000 85db | 0f8c 7e1c | 0000 8bcb 
  0x0000025edf0dafbc: 4103 ca3b | d10f 8271 | 1c00 0045 | 85d2 762c | 498b f949 | 8d54 1810 | 498b d84d | 63c2 488b 
  0x0000025edf0dafdc: c849 ba00 | 9933 de5e | 0200 0041 

  0x0000025edf0dafe8: ;   {other}
  0x0000025edf0dafe8: ffd2 0f1f | 8400 0000 | 0000 4c8b | cf4c 8bc3 | 498b e84d | 85c9 0f85 | 6313 0000 | 498b 87b8 
  0x0000025edf0db008: 0100 004c | 8bd0 4983 | c218 4d3b | 97c8 0100 | 000f 83c0 | 1500 004d | 8997 b801 | 0000 410f 
  0x0000025edf0db028: 0d8a 0001 | 0000 48c7 | 0001 0000 

  0x0000025edf0db034: ;   {metadata('java/lang/String')}
  0x0000025edf0db034: 00c7 4008 | 1284 0020 | 4489 600c | 4c89 6010 | 8968 1448 | 8b5c 2450 | 448b 5c24 | 7844 8b54 
  0x0000025edf0db054: ;   {metadata('java/util/jar/JavaUtilJarAccessImpl')}
  0x0000025edf0db054: 2444 4181 | fa93 1d01 | 200f 8565 | 1a00 004c | 8b54 2470 | 418b 6a10 

  0x0000025edf0db06c: ; implicit exception: dispatches to 0x0000025edf0dda18
  0x0000025edf0db06c: 448b 5d08 

  0x0000025edf0db070: ;   {metadata('java/util/HashMap')}
  0x0000025edf0db070: 4181 fbac | cc00 200f | 85b3 1a00 | 004c 8bd5 | 418b 4a24 | 85c9 0f84 | 8201 0000 | 448b 590c 
  0x0000025edf0db090: 4585 db0f | 86c3 1f00 | 0048 8bf8 | 448b 500c | 41ff cb45 | 85d2 7571 | 440f b650 | 1145 85d2 
  0x0000025edf0db0b0: 0f85 8010 | 0000 448b | 5014 488b | e949 8bd2 | 8078 1000 | 0f85 2516 | 0000 4489 | 5c24 6889 
  0x0000025edf0db0d0: 4c24 4448 | 8944 2450 | 4889 5c24 

  0x0000025edf0db0dc: ;   {static_call}
  0x0000025edf0db0dc: 2066 90e8 

  0x0000025edf0db0e0: ; ImmutableOopMap {rbp=Oop [40]=Oop [48]=Oop [64]=NarrowOop [68]=NarrowOop [80]=Oop [88]=Oop [96]=Oop [112]=Oop [136]=Oop }
                      ;*invokestatic hashCode {reexecute=0 rethrow=0 return_oop=0}
                      ; - java.lang.String::hashCode@27
                      ; - java.util.HashMap::hash@9
                      ; - java.util.HashMap::getNode@23
                      ; - java.util.HashMap::get@2
                      ; - java.util.jar.Manifest::getAttributes@5
                      ; - java.util.jar.Manifest::getTrustedAttributes@2
                      ; - java.util.jar.JavaUtilJarAccessImpl::getTrustedAttributes@2
                      ; - java.net.URLClassLoader::isSealed@18
                      ; - java.net.URLClassLoader::getAndVerifyPackage@68
                      ; - java.net.URLClassLoader::defineClass@46
  0x0000025edf0db0e0: 9c3f 27ff 

  0x0000025edf0db0e4: ;   {other}
  0x0000025edf0db0e4: 0f1f 8400 | 5412 0006 | 85c0 0f84 | 4d10 0000 | 488b 7c24 | 5089 470c | 448b c841 | c1e9 1044 
  0x0000025edf0db104: 33c8 448b | 5c24 6845 | 23d9 488b | 5c24 208b | 4c24 44eb | 0d45 8bca | 41c1 e910 | 4533 ca45 
  0x0000025edf0db124: 23d9 428b | 5499 1085 | d20f 84db | 0000 0044 | 8b42 0c48 | 8bea 453b | c10f 85c6 | 0500 0044 
  0x0000025edf0db144: 8b52 104d | 8bc2 4c3b | c774 3789 | 5424 6844 | 894c 2444 | 4889 7c24 | 5048 895c | 2420 488b 
  0x0000025edf0db164: ;   {optimized virtual_call}
  0x0000025edf0db164: d766 90e8 

  0x0000025edf0db168: ; ImmutableOopMap {rbp=Oop [40]=Oop [48]=Oop [64]=NarrowOop [80]=Oop [88]=Oop [96]=Oop [104]=NarrowOop [112]=Oop [136]=Oop }
                      ;*invokevirtual equals {reexecute=0 rethrow=0 return_oop=0}
                      ; - java.util.HashMap::getNode@63
                      ; - java.util.HashMap::get@2
                      ; - java.util.jar.Manifest::getAttributes@5
                      ; - java.util.jar.Manifest::getTrustedAttributes@2
                      ; - java.util.jar.JavaUtilJarAccessImpl::getTrustedAttributes@2
                      ; - java.net.URLClassLoader::isSealed@18
                      ; - java.net.URLClassLoader::getAndVerifyPackage@68
                      ; - java.net.URLClassLoader::defineClass@46
  0x0000025edf0db168: 1439 27ff 

  0x0000025edf0db16c: ;   {other}
  0x0000025edf0db16c: 0f1f 8400 | dc12 0007 | 85c0 0f84 | 7a05 0000 | 488b 5c24 | 2048 8b7c | 2450 8b6d | 1485 ed0f 
  0x0000025edf0db18c: 847d 0000 | 0044 8b5d 

  0x0000025edf0db194: ;   {metadata('java/util/jar/Attributes')}
  0x0000025edf0db194: 0841 81fb | e32d 0120 | 0f85 3b24 | 0000 4c8b | 5424 7045 | 8b5a 1448 | 8bd5 4585 | db0f 8436 
  0x0000025edf0db1b4: 0700 0048 | 8954 2450 | 4889 7c24 | 6848 895c | 2420 498b | d34c 8bc7 

  0x0000025edf0db1cc: ;   {optimized virtual_call}
  0x0000025edf0db1cc: 6666 90e8 

  0x0000025edf0db1d0: ; ImmutableOopMap {[40]=Oop [48]=Oop [64]=NarrowOop [80]=Oop [88]=Oop [96]=Oop [104]=Oop [112]=Oop [136]=Oop }
                      ;*invokevirtual isTrustedManifestEntry {reexecute=0 rethrow=0 return_oop=0}
                      ; - java.util.jar.Manifest::getTrustedAttributes@22
                      ; - java.util.jar.JavaUtilJarAccessImpl::getTrustedAttributes@2
                      ; - java.net.URLClassLoader::isSealed@18
                      ; - java.net.URLClassLoader::getAndVerifyPackage@68
                      ; - java.net.URLClassLoader::defineClass@46
  0x0000025edf0db1d0: ac38 27ff 

  0x0000025edf0db1d4: ;   {other}
  0x0000025edf0db1d4: 0f1f 8400 | 4413 0008 | 85c0 0f84 | 041f 0000 | 488b 5424 

  0x0000025edf0db1e8: ;   {oop(a 'java/util/jar/Attributes$Name'{0x000000008007c950})}
  0x0000025edf0db1e8: 5049 b850 | c907 8000 

  0x0000025edf0db1f0: ;   {optimized virtual_call}
  0x0000025edf0db1f0: 0000 00e8 

  0x0000025edf0db1f4: ; ImmutableOopMap {[40]=Oop [48]=Oop [64]=NarrowOop [88]=Oop [96]=Oop [112]=Oop [136]=Oop }
                      ;*invokevirtual getValue {reexecute=0 rethrow=0 return_oop=1}
                      ; - java.net.URLClassLoader::isSealed@35
                      ; - java.net.URLClassLoader::getAndVerifyPackage@68
                      ; - java.net.URLClassLoader::defineClass@46
  0x0000025edf0db1f4: 8838 27ff 

  0x0000025edf0db1f8: ;   {other}
  0x0000025edf0db1f8: 0f1f 8400 | 6813 0009 | 4885 c00f | 8517 2000 | 0048 8b5c | 2420 4c8b | 5424 7045 | 8b5a 0c41 
  0x0000025edf0db218: 8b6b 0c44 

  0x0000025edf0db21c: ;   {metadata('java/util/LinkedHashMap')}
  0x0000025edf0db21c: 8b5d 0841 | 81fb fe08 | 0020 0f85 | 2819 0000 | 4c8b c545 | 8b50 2445 | 85d2 0f84 | 1d01 0000 
  0x0000025edf0db23c: 418b 6a0c | 85ed 0f86 | 7c1e 0000 

  0x0000025edf0db248: ;   {oop(a 'java/util/jar/Attributes$Name'{0x000000008007c950})}
  0x0000025edf0db248: 49bb 50c9 | 0780 0000 | 0000 418b | 4b0c ffcd | 448b d941 | c1eb 1044 | 33d9 4123 | eb41 8b6c 
  0x0000025edf0db268: aa10 85ed | 0f84 e700 | 0000 448b | 4d0c 488b | cd45 3bcb | 0f85 fb04 | 0000 448b 

  0x0000025edf0db284: ;   {oop(a 'java/util/jar/Attributes$Name'{0x000000008007c950})}
  0x0000025edf0db284: 5510 4181 | fa50 c907 | 8074 4848 | 894c 2468 | 4489 5c24 | 444c 8944 | 2450 4889 | 5c24 204d 
  0x0000025edf0db2a4: ;   {oop(a 'java/util/jar/Attributes$Name'{0x000000008007c950})}
  0x0000025edf0db2a4: 8bc2 48ba | 50c9 0780 | 0000 0000 

  0x0000025edf0db2b0: ;   {optimized virtual_call}
  0x0000025edf0db2b0: 6666 90e8 

  0x0000025edf0db2b4: ; ImmutableOopMap {rbp=NarrowOop [40]=Oop [48]=Oop [64]=NarrowOop [80]=Oop [88]=Oop [96]=Oop [104]=Oop [112]=Oop [136]=Oop }
                      ;*invokevirtual equals {reexecute=0 rethrow=0 return_oop=0}
                      ; - java.util.HashMap::getNode@63
                      ; - java.util.LinkedHashMap::get@2
                      ; - java.util.jar.Attributes::get@5
                      ; - java.util.jar.Attributes::getValue@2
                      ; - java.net.URLClassLoader::isSealed@58
                      ; - java.net.URLClassLoader::getAndVerifyPackage@68
                      ; - java.net.URLClassLoader::defineClass@46
  0x0000025edf0db2b4: c837 27ff 

  0x0000025edf0db2b8: ;   {other}
  0x0000025edf0db2b8: 0f1f 8400 | 2814 000a | 85c0 0f84 | a104 0000 | 488b 5c24 | 204c 8b44 | 2450 488b | 4c24 6845 
  0x0000025edf0db2d8: 0fb6 5030 | 4585 d20f | 8578 1100 | 008b 6914 | 85ed 746d | 448b 5d08 

  0x0000025edf0db2f0: ;   {metadata('java/lang/String')}
  0x0000025edf0db2f0: 4181 fb12 | 8400 200f | 8503 2300 | 0048 8bfd 

  0x0000025edf0db300: ;   {oop("true"{0x0000000080081f08})}
  0x0000025edf0db300: 48ba 081f | 0880 0000 | 0000 483b | fa0f 842d | 1c00 0044 | 8b5f 1445 | 8b53 0c0f | be4f 1041 
  0x0000025edf0db320: d3fa 4183 | fa04 7531 | 4889 5c24 | 20b9 0400 | 0000 41b8 | 0100 0000 | 4533 c933 

  0x0000025edf0db33c: ;   {optimized virtual_call}
  0x0000025edf0db33c: f666 90e8 

  0x0000025edf0db340: ; ImmutableOopMap {[40]=Oop [48]=Oop [64]=NarrowOop [88]=Oop [96]=Oop [112]=Oop [136]=Oop }
                      ;*invokevirtual regionMatches {reexecute=0 rethrow=0 return_oop=0}
                      ; - java.lang.String::equalsIgnoreCase@33
                      ; - java.net.URLClassLoader::isSealed@68
                      ; - java.net.URLClassLoader::getAndVerifyPackage@68
                      ; - java.net.URLClassLoader::defineClass@46
  0x0000025edf0db340: 3c37 27ff 

  0x0000025edf0db344: ;   {other}
  0x0000025edf0db344: 0f1f 8400 | b414 000b | 85c0 0f85 | ec1b 0000 | 488b 5c24 | 2048 8b74 | 2430 448b | 7424 4048 
  0x0000025edf0db364: 895c 2470 | 4489 7424 | 4048 8974 | 2430 488b 

  0x0000025edf0db374: ;   {optimized virtual_call}
  0x0000025edf0db374: d666 90e8 

  0x0000025edf0db378: ; ImmutableOopMap {[40]=Oop [48]=Oop [64]=NarrowOop [88]=Oop }
                      ;*invokevirtual getByteBuffer {reexecute=0 rethrow=0 return_oop=1}
                      ; - java.net.URLClassLoader::defineClass@132
  0x0000025edf0db378: 64a6 feff 

  0x0000025edf0db37c: ;   {other}
  0x0000025edf0db37c: 0f1f 8400 | ec14 000c | 4885 c00f | 85f8 1900 | 004c 8b54 | 2430 458b 

  0x0000025edf0db394: ;   {metadata('jdk/internal/loader/URLClassPath$JarLoader$2')}
  0x0000025edf0db394: 5a08 4181 | fbf8 2f01 | 200f 856a | 0800 004c | 8954 2420 | 4c89 5424 | 5049 8bd2 

  0x0000025edf0db3b0: ;   {optimized virtual_call}
  0x0000025edf0db3b0: 6666 90e8 

  0x0000025edf0db3b4: ; ImmutableOopMap {[32]=Oop [40]=Oop [64]=NarrowOop [80]=Oop [88]=Oop }
                      ;*invokespecial getBytes {reexecute=0 rethrow=0 return_oop=1}
                      ; - jdk.internal.loader.URLClassPath$JarLoader$2::getBytes@1
                      ; - java.net.URLClassLoader::defineClass@179
  0x0000025edf0db3b4: a8dd c7ff 

  0x0000025edf0db3b8: ;   {other}
  0x0000025edf0db3b8: 0f1f 8400 | 2815 000d | 488b d844 | 8b40 0c45 | 85c0 0f86 | 681a 0000 | 418b e8ff | cd41 3be8 
  0x0000025edf0db3d8: 0f83 c214 | 0000 488b | d048 83c2 | 1033 c949 | ba00 1330 | de5e 0200 | 0041 ffd2 

  0x0000025edf0db3f4: ;   {other}
  0x0000025edf0db3f4: 0f1f 8400 | 0000 0000 | 4c8b 4424 | 5045 8b50 | 1c4d 8b52 | 1844 8bd8 | 4d3b da0f | 856f 1a00 
  0x0000025edf0db414: 0048 895c | 2468 4c8b | 5424 2045 

  0x0000025edf0db420: ;   {metadata('jdk/internal/loader/URLClassPath$JarLoader$2')}
  0x0000025edf0db420: 8b5a 0841 | 81fb f82f | 0120 0f85 | 0e08 0000 | 418b 6a1c 

  0x0000025edf0db434: ; implicit exception: dispatches to 0x0000025edf0dd874
  0x0000025edf0db434: 448b 5508 

  0x0000025edf0db438: ;   {metadata('java/util/jar/JarFile$JarFileEntry')}
  0x0000025edf0db438: 4181 fad5 | 2901 200f | 8503 1600 | 004c 8bcd | 418b 6964 

  0x0000025edf0db44c: ; implicit exception: dispatches to 0x0000025edf0dd8a0
  0x0000025edf0db44c: 440f b65d | 1244 3b65 | 3075 0945 | 85db 0f85 | b306 0000 | 458b 415c | 4585 c00f | 85ed 0d00 
  0x0000025edf0db46c: 0045 8b51 | 6441 8b6a | 3085 ed0f | 8559 0d00 | 0049 8b87 | b801 0000 | 4c8b d049 | 83c2 284d 
  0x0000025edf0db48c: 3b97 c801 | 0000 0f83 | 5f10 0000 | 4d89 97b8 | 0100 0041 | 0f0d 8a00 | 0100 0048 | c700 0100 
  0x0000025edf0db4ac: ;   {metadata('java/security/CodeSource')}
  0x0000025edf0db4ac: 0000 c740 | 0863 ab00 | 2044 8960 | 0c4c 8960 | 104c 8960 | 184c 8960 | 2048 8944 | 2450 448b 
  0x0000025edf0db4cc: 5c24 4044 | 8958 0c45 | 85db 0f84 | f018 0000 | 498b d348 

  0x0000025edf0db4e0: ;   {static_call}
  0x0000025edf0db4e0: 8be8 90e8 

  0x0000025edf0db4e4: ; ImmutableOopMap {rbp=Oop [40]=Oop [72]=Oop [80]=Oop [88]=Oop [104]=Oop }
                      ;*invokestatic urlNoFragString {reexecute=0 rethrow=0 return_oop=1}
                      ; - java.security.CodeSource::<init>@30
                      ; - java.net.URLClassLoader::defineClass@198
  0x0000025edf0db4e4: 38f0 e0ff 

  0x0000025edf0db4e8: ;   {other}
  0x0000025edf0db4e8: 0f1f 8400 | 5816 000e | 488b d841 | 807f 4000 | 0f85 a107 | 0000 4c8b | db44 895d | 204c 8bd3 
  0x0000025edf0db508: 4c8b dd4d | 33d3 49c1 | ea14 4d85 | d274 1f48 | 85db 741a | 49c1 eb09 | 48b9 0000 | 9de5 5e02 
  0x0000025edf0db528: 0000 4903 | cb80 3902 | 0f85 9c07 | 0000 4c8b | 4424 484d | 85c0 0f85 | 1d0a 0000 | 49ba 2025 
  0x0000025edf0db548: 262c ff7f | 0000 41ff 

  0x0000025edf0db550: ;   {other}
  0x0000025edf0db550: d20f 1f84 | 0000 0000 | 0048 2b44 | 2438 4889 

  0x0000025edf0db560: ;   {oop(a 'jdk/internal/perf/PerfCounter'{0x00000000800824a8})}
  0x0000025edf0db560: 4424 4049 | bba8 2408 | 8000 0000 | 0048 8d9c | 24c0 0000 | 0049 8b03 | a802 0f85 | 2300 0000 
  0x0000025edf0db580: 4883 c801 | 4889 03f0 | 490f b11b | 0f84 3700 | 0000 482b | c448 2507 | f0ff ff48 | 8903 e924 
  0x0000025edf0db5a0: 0000 004c | 8bd0 4833 | c0f0 4d0f | b17a 3e48 | c703 0300 | 0000 7411 | 4c3b f875 | 1549 ff82 
  0x0000025edf0db5c0: 8600 0000 | 4833 c075 | 0949 ff87 | 5005 0000 | 33c0 0f85 | 0c13 0000 

  0x0000025edf0db5d8: ;   {oop(a 'jdk/internal/perf/PerfCounter'{0x00000000800824a8})}
  0x0000025edf0db5d8: 49ba a824 | 0880 0000 | 0000 458b | 4210 418b | 6824 85ed | 0f85 0a18 | 0000 418b | 681c 85ed 
  0x0000025edf0db5f8: 0f8c 0f13 | 0000 85ed | 0f84 8012 | 0000 4d8b | 5010 4c8b | 5c24 404d 

  0x0000025edf0db610: ;   {oop(a 'jdk/internal/perf/PerfCounter'{0x00000000800824a8})}
  0x0000025edf0db610: 011a 49bb | a824 0880 | 0000 0000 | 488d 8424 | c000 0000 | 4883 3800 | 0f84 7900 | 0000 4d8b 
  0x0000025edf0db630: 1341 f6c2 | 020f 8462 | 0000 0049 | 83ba 8600 | 0000 0074 | 0949 ff8a | 8600 0000 | eb4b 498b 
  0x0000025edf0db650: 8296 0000 | 0049 0b82 | 8e00 0000 | 750a 49c7 | 423e 0000 | 0000 eb3d | 4983 ba9e | 0000 0000 
  0x0000025edf0db670: 7422 4833 | c049 c742 | 3e00 0000 | 00f0 8304 | 2400 4983 | ba9e 0000 | 0000 750d | f04d 0fb1 
  0x0000025edf0db690: 7a3e 7505 | 83c8 01eb | 0ca8 00eb | 084c 8b10 | f04d 0fb1 | 1375 0a49 | ff8f 5005 | 0000 4533 
  0x0000025edf0db6b0: d20f 856d | 1200 004c | 8b4c 2468 

  0x0000025edf0db6bc: ; implicit exception: dispatches to 0x0000025edf0dd6a8
  0x0000025edf0db6bc: 418b 710c | 488b 5424 | 584c 8b44 | 2428 33ff | 488b 4c24 

  0x0000025edf0db6d0: ;   {optimized virtual_call}
  0x0000025edf0db6d0: 5066 90e8 

  0x0000025edf0db6d4: ; ImmutableOopMap {}
                      ;*invokevirtual defineClass {reexecute=0 rethrow=0 return_oop=1}
                      ; - java.net.URLClassLoader::defineClass@220
  0x0000025edf0db6d4: 2896 f8ff 

  0x0000025edf0db6d8: ;   {other}
  0x0000025edf0db6d8: 0f1f 8400 | 4818 000f | 4881 c4e0 | 0000 005d 

  0x0000025edf0db6e8: ;   {poll_return}
  0x0000025edf0db6e8: 493b a750 | 0400 000f | 87f3 2800 | 00c3 488b | 5c24 2048 | 8b7c 2450 | 448b 4c24 | 448b 5424 
  0x0000025edf0db708: 6844 8b5a | 1845 85db | 0f84 f8fa | ffff 448b 

  0x0000025edf0db718: ;   {metadata('java/util/HashMap$TreeNode')}
  0x0000025edf0db718: 4208 4181 | f8e7 ce00 | 200f 850a | 0200 0045 | 8bc1 4889 | 7c24 5048 | 895c 2420 | 488b d54c 
  0x0000025edf0db738: ;   {optimized virtual_call}
  0x0000025edf0db738: 8bcf 90e8 

  0x0000025edf0db73c: ; ImmutableOopMap {[40]=Oop [48]=Oop [64]=NarrowOop [80]=Oop [88]=Oop [96]=Oop [112]=Oop [136]=Oop }
                      ;*invokevirtual getTreeNode {reexecute=0 rethrow=0 return_oop=1}
                      ; - java.util.HashMap::getNode@95
                      ; - java.util.HashMap::get@2
                      ; - java.util.jar.Manifest::getAttributes@5
                      ; - java.util.jar.Manifest::getTrustedAttributes@2
                      ; - java.util.jar.JavaUtilJarAccessImpl::getTrustedAttributes@2
                      ; - java.net.URLClassLoader::isSealed@18
                      ; - java.net.URLClassLoader::getAndVerifyPackage@68
                      ; - java.net.URLClassLoader::defineClass@46
  0x0000025edf0db73c: 4033 27ff 

  0x0000025edf0db740: ;   {other}
  0x0000025edf0db740: 0f1f 8400 | b018 0010 | 4885 c075 | 0a48 8b5c | 2420 e9b7 | faff ff48 | 8be8 488b | 5c24 2048 
  0x0000025edf0db760: 8b7c 2450 | e91d faff | ff48 8b5c | 2420 4c8b | 4424 5044 | 8b5c 2444 | 488b 4c24 | 6844 8b55 
  0x0000025edf0db780: 1845 85d2 | 0f84 cffb | ffff 448b 

  0x0000025edf0db78c: ;   {metadata('java/util/HashMap$TreeNode')}
  0x0000025edf0db78c: 4d08 4181 | f9e7 ce00 | 200f 854a | 0200 004c | 8944 2450 | 4889 5c24 | 2048 8bd1 

  0x0000025edf0db7a8: ;   {oop(a 'java/util/jar/Attributes$Name'{0x000000008007c950})}
  0x0000025edf0db7a8: 458b c349 | b950 c907 | 8000 0000 

  0x0000025edf0db7b4: ;   {optimized virtual_call}
  0x0000025edf0db7b4: 0066 90e8 

  0x0000025edf0db7b8: ; ImmutableOopMap {[40]=Oop [48]=Oop [64]=NarrowOop [80]=Oop [88]=Oop [96]=Oop [112]=Oop [136]=Oop }
                      ;*invokevirtual getTreeNode {reexecute=0 rethrow=0 return_oop=1}
                      ; - java.util.HashMap::getNode@95
                      ; - java.util.LinkedHashMap::get@2
                      ; - java.util.jar.Attributes::get@5
                      ; - java.util.jar.Attributes::getValue@2
                      ; - java.net.URLClassLoader::isSealed@58
                      ; - java.net.URLClassLoader::getAndVerifyPackage@68
                      ; - java.net.URLClassLoader::defineClass@46
  0x0000025edf0db7b8: c432 27ff 

  0x0000025edf0db7bc: ;   {other}
  0x0000025edf0db7bc: 0f1f 8400 | 2c19 0011 | 4885 c074 | 1248 8b5c | 2420 4c8b | 4424 5048 | 8bc8 e9fc | faff ff48 
  0x0000025edf0db7dc: 8b5c 2420 | e974 fbff | ffb9 2f00 | 0000 e9b7 | f4ff ff48 | 8bb4 2488 | 0000 00e9 | 2ff6 ffff 
  0x0000025edf0db7fc: 448b d54d 

  0x0000025edf0db800: ;   {metadata('java/lang/IllegalArgumentException')}
  0x0000025edf0db800: 8bc2 48bd | b8f8 0700 | 0100 0000 | 4c8b 5c24 | 484d 85db | 0f84 7808 | 0000 4c89 | 4424 484c 
  0x0000025edf0db820: 895c 2440 | 4489 5424 | 2048 8b54 | 2458 4c8b | 8424 8800 | 0000 4d8b | cb48 8b7c 

  0x0000025edf0db83c: ;   {optimized virtual_call}
  0x0000025edf0db83c: 2448 90e8 

  0x0000025edf0db840: ; ImmutableOopMap {[32]=NarrowOop [40]=Oop [48]=Oop [64]=Oop [72]=Oop [88]=Oop [136]=Oop }
                      ;*invokevirtual definePackage {reexecute=0 rethrow=0 return_oop=1}
                      ; - java.net.URLClassLoader::defineClass@64
  0x0000025edf0db840: 5cff 07f8 

  0x0000025edf0db844: ;   {other}
  0x0000025edf0db844: 0f1f 8400 | b419 0012 | 4533 d249 | bb00 009d | e55e 0200 | 0048 8b74 | 2430 448b | 7424 204c 
  0x0000025edf0db864: 8954 2448 | 4c89 5c24 | 70e9 f6fa | ffff 498b | 87b8 0100 | 004c 8bc0 | 4983 c018 | 4d3b 87c8 
  0x0000025edf0db884: 0100 000f | 8360 0f00 | 004d 8987 | b801 0000 | 410f 0d88 | 0001 0000 | 48c7 0001 

  0x0000025edf0db8a0: ;   {metadata('java/lang/String')}
  0x0000025edf0db8a0: 0000 00c7 | 4008 1284 | 0020 4489 | 600c 4489 

  0x0000025edf0db8b0: ;   {oop([B{0x0000000080082008})}
  0x0000025edf0db8b0: 6010 c740 | 1408 2008 

  0x0000025edf0db8b8: ;   {oop("/"{0x0000000080081ff0})}
  0x0000025edf0db8b8: 8049 b8f0 | 1f08 8000 | 0000 0045 | 0fb6 4011 | 4488 4011 

  0x0000025edf0db8cc: ;   {oop("/"{0x0000000080081ff0})}
  0x0000025edf0db8cc: 49b8 f01f | 0880 0000 | 0000 458b | 480c 4489 | 480c e973 | f7ff ffbb | 2f00 0000 | e9b5 f4ff 
  0x0000025edf0db8ec: ff48 895c | 2420 e9f2 | f8ff ff4c | 898c 2488 | 0000 00e9 | 9bee ffff | 4489 8c24 | 9000 0000 
  0x0000025edf0db90c: 895c 246c | 4489 8424 | b800 0000 | 33ed 48bb | 0000 9de5 | 5e02 0000 | 4533 c04c | 8944 2448 
  0x0000025edf0db92c: e9ee f1ff | ff49 8beb | 448b 450c | 453b c10f | 854b 0200 | 0044 8b5d | 104d 8bc3 | 4c3b c70f 
  0x0000025edf0db94c: 8435 f8ff | ff44 894c | 2444 4889 | bc24 8000 | 0000 4c8b | 5424 604c | 8954 2478 | 48ff 7424 
  0x0000025edf0db96c: 7048 8f44 | 2468 4c8b | 9424 8800 | 0000 4c89 | 5424 6048 | 895c 2450 | 4c8b 5424 | 484c 8954 
  0x0000025edf0db98c: 2420 488b 

  0x0000025edf0db990: ;   {optimized virtual_call}
  0x0000025edf0db990: d766 90e8 

  0x0000025edf0db994: ; ImmutableOopMap {rbp=Oop [40]=Oop [48]=Oop [64]=NarrowOop [88]=Oop [96]=Oop [104]=Oop [120]=Oop [128]=Oop }
                      ;*invokevirtual equals {reexecute=0 rethrow=0 return_oop=0}
                      ; - java.util.HashMap::getNode@128
                      ; - java.util.HashMap::get@2
                      ; - java.util.jar.Manifest::getAttributes@5
                      ; - java.util.jar.Manifest::getTrustedAttributes@2
                      ; - java.util.jar.JavaUtilJarAccessImpl::getTrustedAttributes@2
                      ; - java.net.URLClassLoader::isSealed@18
                      ; - java.net.URLClassLoader::getAndVerifyPackage@68
                      ; - java.net.URLClassLoader::defineClass@46
  0x0000025edf0db994: e830 27ff 

  0x0000025edf0db998: ;   {other}
  0x0000025edf0db998: 0f1f 8400 | 081b 0013 | 85c0 0f84 | a701 0000 | 4c8b 5424 | 204c 8954 | 2448 488b | 5c24 504c 
  0x0000025edf0db9b8: 8b54 2460 | 4c89 9424 | 8800 0000 | 48ff 7424 | 6848 8f44 | 2470 4c8b | 5424 784c | 8954 2460 
  0x0000025edf0db9d8: 488b bc24 | 8000 0000 | e9a1 f7ff | ff49 8bca | 448b 490c | 453b cb0f | 85fc 0100 | 008b 6910 
  0x0000025edf0db9f8: ;   {oop(a 'java/util/jar/Attributes$Name'{0x000000008007c950})}
  0x0000025edf0db9f8: 81fd 50c9 | 0780 0f84 | d3f8 ffff | 4889 8c24 | 9000 0000 | 4489 5c24 | 444c 8984 | 2480 0000 
  0x0000025edf0dba18: 004c 8b54 | 2460 4c89 | 5424 7848 | ff74 2470 | 488f 4424 | 684c 8b94 | 2488 0000 | 004c 8954 
  0x0000025edf0dba38: 2460 4889 | 5c24 5048 | ff74 2448 | 488f 4424 | 204c 8bc5 

  0x0000025edf0dba4c: ;   {oop(a 'java/util/jar/Attributes$Name'{0x000000008007c950})}
  0x0000025edf0dba4c: 48ba 50c9 | 0780 0000 | 0000 4c8b | 5424 5849 

  0x0000025edf0dba5c: ;   {optimized virtual_call}
  0x0000025edf0dba5c: 8bea 90e8 

  0x0000025edf0dba60: ; ImmutableOopMap {rbp=Oop [40]=Oop [48]=Oop [64]=NarrowOop [88]=Oop [96]=Oop [104]=Oop [120]=Oop [128]=Oop [144]=Oop }
                      ;*invokevirtual equals {reexecute=0 rethrow=0 return_oop=0}
                      ; - java.util.HashMap::getNode@128
                      ; - java.util.LinkedHashMap::get@2
                      ; - java.util.jar.Attributes::get@5
                      ; - java.util.jar.Attributes::getValue@2
                      ; - java.net.URLClassLoader::isSealed@58
                      ; - java.net.URLClassLoader::getAndVerifyPackage@68
                      ; - java.net.URLClassLoader::defineClass@46
  0x0000025edf0dba60: 1c30 27ff 

  0x0000025edf0dba64: ;   {other}
  0x0000025edf0dba64: 0f1f 8400 | d41b 0014 | 85c0 0f84 | 3801 0000 | 48ff 7424 | 2048 8f44 | 2448 488b | 5c24 504c 
  0x0000025edf0dba84: 8b54 2460 | 4c89 9424 | 8800 0000 | 48ff 7424 | 6848 8f44 | 2470 4c8b | 5424 784c | 8954 2460 
  0x0000025edf0dbaa4: 4c8b 8424 | 8000 0000 | 488b 8c24 | 9000 0000 | e91e f8ff | ff4c 8944 | 2460 4489 | 5c24 504c 
  0x0000025edf0dbac4: 896c 2448 | 4489 7424 | 4048 8974 | 2420 498b | d041 b801 

  0x0000025edf0dbad8: ;   {optimized virtual_call}
  0x0000025edf0dbad8: 0000 00e8 

  0x0000025edf0dbadc: ; ImmutableOopMap {[32]=Oop [40]=Oop [64]=NarrowOop [72]=Oop [80]=NarrowOop [88]=Oop [96]=Oop [136]=Oop }
                      ;*invokevirtual getManifestName {reexecute=0 rethrow=0 return_oop=1}
                      ; - java.util.zip.ZipFile$1::getManifestName@2
                      ; - java.util.jar.JarFile::maybeInstantiateVerifier@20
                      ; - java.util.jar.JarFile::ensureInitialization@1
                      ; - java.util.jar.JavaUtilJarAccessImpl::ensureInitialization@1
                      ; - jdk.internal.loader.URLClassPath$JarLoader$2::getManifest@10
                      ; - java.net.URLClassLoader::defineClass@34
  0x0000025edf0dbadc: 2023 f7f7 

  0x0000025edf0dbae0: ;   {other}
  0x0000025edf0dbae0: 0f1f 8400 | 501c 0015 | 4885 c00f | 856d 0600 | 0044 8b5c | 2450 4588 | 6312 488b | 7424 2044 
  0x0000025edf0dbb00: 8b74 2440 | 4c8b 6c24 | 484c 8b44 | 2460 e950 | edff ff4c | 894c 2450 | 4c8b d54c | 8954 2420 
  0x0000025edf0dbb20: 498b d241 | b801 0000 

  0x0000025edf0dbb28: ;   {optimized virtual_call}
  0x0000025edf0dbb28: 0066 90e8 

  0x0000025edf0dbb2c: ; ImmutableOopMap {rbp=NarrowOop [32]=Oop [40]=Oop [64]=NarrowOop [80]=Oop [88]=Oop [104]=Oop }
                      ;*invokevirtual getManifestName {reexecute=0 rethrow=0 return_oop=1}
                      ; - java.util.zip.ZipFile$1::getManifestName@2
                      ; - java.util.jar.JarFile::maybeInstantiateVerifier@20
                      ; - java.util.jar.JarFile$JarFileEntry::getCodeSigners@4
                      ; - jdk.internal.loader.URLClassPath$JarLoader$2::getCodeSigners@4
                      ; - java.net.URLClassLoader::defineClass@185
  0x0000025edf0dbb2c: 502f 27ff 

  0x0000025edf0dbb30: ;   {other}
  0x0000025edf0dbb30: 0f1f 8400 | a01c 0016 | 4885 c00f | 8561 0600 | 0044 8865 | 124c 8b4c | 2450 e911 | f9ff ff4c 
  0x0000025edf0dbb50: 8b54 2420 | 4c89 5424 | 4848 8b5c | 2450 4c8b | 5424 604c | 8994 2488 | 0000 0048 | ff74 2468 
  0x0000025edf0dbb70: 488f 4424 | 704c 8b54 | 2478 4c89 | 5424 6048 | 8bbc 2480 | 0000 0044 | 8b4c 2444 | 4d8b af58 
  0x0000025edf0dbb90: 0400 0044 

  0x0000025edf0dbb94: ; ImmutableOopMap {r11=NarrowOop rdi=Oop [40]=Oop [48]=Oop [64]=NarrowOop [88]=Oop [96]=Oop [112]=Oop [136]=Oop }
                      ;*ifnonnull {reexecute=1 rethrow=0 return_oop=0}
                      ; - (reexecute) java.util.HashMap::getNode@145
                      ; - java.util.HashMap::get@2
                      ; - java.util.jar.Manifest::getAttributes@5
                      ; - java.util.jar.Manifest::getTrustedAttributes@2
                      ; - java.util.jar.JavaUtilJarAccessImpl::getTrustedAttributes@2
                      ; - java.net.URLClassLoader::isSealed@18
                      ; - java.net.URLClassLoader::getAndVerifyPackage@68
                      ; - java.net.URLClassLoader::defineClass@46
                      ;   {poll}
  0x0000025edf0dbb94: 8b5d 1841 | 8545 0045 | 85db 0f84 | 6af6 ffff | 498b ebe9 | 88fd ffff | 48ff 7424 | 2048 8f44 
  0x0000025edf0dbbb4: 2448 488b | 5c24 504c | 8b54 2460 | 4c89 9424 | 8800 0000 | 48ff 7424 | 6848 8f44 | 2470 4c8b 
  0x0000025edf0dbbd4: 5424 784c | 8954 2460 | 4c8b 8424 | 8000 0000 | 448b 5c24 | 4448 8b8c | 2490 0000 | 0049 8b97 
  0x0000025edf0dbbf4: 5804 0000 

  0x0000025edf0dbbf8: ; ImmutableOopMap {r8=Oop rbp=NarrowOop [40]=Oop [48]=Oop [64]=NarrowOop [88]=Oop [96]=Oop [112]=Oop [136]=Oop }
                      ;*ifnonnull {reexecute=1 rethrow=0 return_oop=0}
                      ; - (reexecute) java.util.HashMap::getNode@145
                      ; - java.util.LinkedHashMap::get@2
                      ; - java.util.jar.Attributes::get@5
                      ; - java.util.jar.Attributes::getValue@2
                      ; - java.net.URLClassLoader::isSealed@58
                      ; - java.net.URLClassLoader::getAndVerifyPackage@68
                      ; - java.net.URLClassLoader::defineClass@46
                      ;   {poll}
  0x0000025edf0dbbf8: 8b69 1885 | 0285 ed0f | 8454 f7ff | ff48 8bcd | e9db fdff | ff4c 8954 | 2420 498b | d248 8b6c 
  0x0000025edf0dbc18: 2458 6666 | 9048 b8ff | ffff ffff 

  0x0000025edf0dbc24: ;   {virtual_call}
  0x0000025edf0dbc24: ffff ffe8 

  0x0000025edf0dbc28: ; ImmutableOopMap {rbp=Oop [32]=Oop [40]=Oop [64]=NarrowOop [88]=Oop }
                      ;*invokevirtual getBytes {reexecute=0 rethrow=0 return_oop=1}
                      ; - java.net.URLClassLoader::defineClass@179
  0x0000025edf0dbc28: 5431 27ff 

  0x0000025edf0dbc2c: ;   {other}
  0x0000025edf0dbc2c: 0f1f 8400 | 9c1d 0019 | 4889 4424 | 68e9 dcf7 

  0x0000025edf0dbc3c: ;   {metadata('jdk/internal/loader/URLClassPath$FileLoader$1')}
  0x0000025edf0dbc3c: ffff 4181 | fbc3 830d | 200f 8432 | f8ff ffba | c6ff ffff | 488b 6c24 | 584c 8b5c | 2428 4c89 
  0x0000025edf0dbc5c: 5c24 204c | 8b5c 2438 | 4c89 5c24 | 2844 8b5c | 2440 4489 | 5c24 304c | 8954 2438 

  0x0000025edf0dbc78: ;   {runtime_call UncommonTrapBlob}
  0x0000025edf0dbc78: 6666 90e8 

  0x0000025edf0dbc7c: ; ImmutableOopMap {rbp=Oop [32]=Oop [48]=NarrowOop [56]=Oop [104]=Oop }
                      ;*invokevirtual getCodeSigners {reexecute=0 rethrow=0 return_oop=0}
                      ; - java.net.URLClassLoader::defineClass@185
  0x0000025edf0dbc7c: 8085 27ff 

  0x0000025edf0dbc80: ;   {other}
  0x0000025edf0dbc80: 0f1f 8400 | f01d 001a | 48bb 0000 | 9de5 5e02 | 0000 4533 | d24c 8954 | 2448 e9ba | f6ff ff44 
  0x0000025edf0dbca0: 8b55 2045 | 85d2 0f84 | 52f8 ffff | 4d8b 5f28 | 498b ca4d | 85db 0f84 | 6c10 0000 | 4d8b 5738 
  0x0000025edf0dbcc0: 4b89 4c1a | f849 83c3 | f84d 895f | 28e9 2cf8 | ffff 4d8b | 5758 4d8b | 5f48 f083 | 4424 c000 
  0x0000025edf0dbce0: 8039 000f | 844d f8ff | ff44 8821 | 4d85 db75 | 1d49 8bd7 | 49ba e029 | eb2b ff7f | 0000 41ff 
  0x0000025edf0dbd00: ;   {other}
  0x0000025edf0dbd00: d20f 1f84 | 0000 0000 | 00e9 28f8 | ffff 4b89 | 4c1a f849 | 83c3 f84d | 895f 48e9 | 16f8 ffff 
  0x0000025edf0dbd20: 448b 5314 | 4585 d20f | 8433 eaff | ff4d 8b5f | 2849 8bca | 4d85 db0f | 842b 1000 | 004d 8b57 
  0x0000025edf0dbd40: 384b 894c | 1af8 4983 | c3f8 4d89 | 5f28 e90d | eaff ff4d | 8b57 484d | 8b5f 58f0 | 8344 24c0 
  0x0000025edf0dbd60: 0080 3900 | 0f84 29ea | ffff 4488 | 214d 85d2 | 751d 498b | d749 bae0 | 29eb 2bff | 7f00 0041 
  0x0000025edf0dbd80: ;   {other}
  0x0000025edf0dbd80: ffd2 0f1f | 8400 0000 | 0000 e904 | eaff ff4b | 894c 13f8 | 4983 c2f8 | 4d89 5748 | e9f2 e9ff 
  0x0000025edf0dbda0: ;   {metadata('jdk/internal/loader/URLClassPath$FileLoader$1')}
  0x0000025edf0dbda0: ff41 81f8 | c383 0d20 | 0f85 fb15 | 0000 4c8b | de45 8b43 | 1c45 8b70 | 0ce9 8ce7 

  0x0000025edf0dbdbc: ;   {metadata('jdk/internal/loader/URLClassPath$FileLoader$1')}
  0x0000025edf0dbdbc: ffff 4181 | fac3 830d | 200f 8515 | 1600 0033 | c0e9 78eb | ffff f30f | 1184 24b8 | 0000 0048 
  0x0000025edf0dbddc: 8bda 448b | d049 8bfd | 443b c10f | 8d33 f0ff | ff66 6690 | 448b 8c24 | b800 0000 | 470f be4c 
  0x0000025edf0dbdfc: 0110 4183 | f92e 0f84 | dd09 0000 | 41ff c044 | 3bc1 7ce0 | e90b f0ff | ff45 0fb6 | 5311 4585 
  0x0000025edf0dbe1c: d20f 854a | eaff ff4c | 8944 2460 | 4489 5c24 | 344c 896c | 2440 4489 | 7424 3048 | 8bee 4c8b 
  0x0000025edf0dbe3c: 5424 284c | 8954 2420 

  0x0000025edf0dbe44: ;   {static_call}
  0x0000025edf0dbe44: 6666 90e8 

  0x0000025edf0dbe48: ; ImmutableOopMap {rbp=Oop [32]=Oop [48]=NarrowOop [52]=NarrowOop [64]=Oop [88]=Oop [96]=Oop [136]=Oop }
                      ;*invokestatic beginInit {reexecute=0 rethrow=0 return_oop=1}
                      ; - java.util.jar.JarFile::ensureInitialization@31
                      ; - java.util.jar.JavaUtilJarAccessImpl::ensureInitialization@1
                      ; - jdk.internal.loader.URLClassPath$JarLoader$2::getManifest@10
                      ; - java.net.URLClassLoader::defineClass@34
  0x0000025edf0dbe48: ac22 0000 

  0x0000025edf0dbe4c: ;   {other}
  0x0000025edf0dbe4c: 0f1f 8400 | bc1f 001b | 4889 4424 | 4848 8b54 

  0x0000025edf0dbe5c: ;   {optimized virtual_call}
  0x0000025edf0dbe5c: 2460 90e8 

  0x0000025edf0dbe60: ; ImmutableOopMap {rbp=Oop [32]=Oop [48]=NarrowOop [52]=NarrowOop [64]=Oop [72]=Oop [88]=Oop [96]=Oop [136]=Oop }
                      ;*invokevirtual initializeVerifier {reexecute=0 rethrow=0 return_oop=0}
                      ; - java.util.jar.JarFile::ensureInitialization@36
                      ; - java.util.jar.JavaUtilJarAccessImpl::ensureInitialization@1
                      ; - jdk.internal.loader.URLClassPath$JarLoader$2::getManifest@10
                      ; - java.net.URLClassLoader::defineClass@34
  0x0000025edf0dbe60: a322 0000 

  0x0000025edf0dbe64: ;   {other}
  0x0000025edf0dbe64: 0f1f 8400 | d41f 001c | 448b 5c24 | 3441 c643 | 1101 488b 

  0x0000025edf0dbe78: ;   {static_call}
  0x0000025edf0dbe78: 5424 48e8 

  0x0000025edf0dbe7c: ; ImmutableOopMap {rbp=Oop [32]=Oop [48]=NarrowOop [64]=Oop [88]=Oop [96]=Oop [136]=Oop }
                      ;*invokestatic endInit {reexecute=0 rethrow=0 return_oop=0}
                      ; - java.util.jar.JarFile::ensureInitialization@45
                      ; - java.util.jar.JavaUtilJarAccessImpl::ensureInitialization@1
                      ; - jdk.internal.loader.URLClassPath$JarLoader$2::getManifest@10
                      ; - java.net.URLClassLoader::defineClass@34
  0x0000025edf0dbe7c: 9622 0000 

  0x0000025edf0dbe80: ;   {other}
  0x0000025edf0dbe80: 0f1f 8400 | f01f 001d | 4c8b 5424 | 204c 8954 | 2428 488b | f544 8b74 | 2430 4c8b | 6c24 404c 
  0x0000025edf0dbea0: 8b44 2460 | e9c4 e9ff | ff45 33d2 | 49bb 0000 | 9de5 5e02 | 0000 4c89 | 5424 484c | 895c 2470 
  0x0000025edf0dbec0: e9a3 f4ff | ff4c 8984 | 2498 0000 | 0089 9424 | 9000 0000 | 4c89 4c24 

  0x0000025edf0dbed8: ;   {oop("/"{0x0000000080081ff0})}
  0x0000025edf0dbed8: 6848 baf0 | 1f08 8000 | 0000 0044 | 8b4c 247c | bf01 0000 | 0048 8b6c 

  0x0000025edf0dbef0: ;   {optimized virtual_call}
  0x0000025edf0dbef0: 2458 90e8 

  0x0000025edf0dbef4: ; ImmutableOopMap {rbp=Oop [32]=Oop [40]=Oop [48]=Oop [64]=NarrowOop [88]=Oop [96]=Oop [112]=Oop [120]=NarrowOop [128]=Oop [136]=Oop [152]=Oop }
                      ;*invokevirtual getBytes {reexecute=0 rethrow=0 return_oop=0}
                      ; - java.lang.StringConcatHelper::prepend@32
                      ; - java.lang.StringConcatHelper::simpleConcat@71
                      ; - java.lang.String::concat@11
                      ; - java.net.URLClassLoader::isSealed@15
                      ; - java.net.URLClassLoader::getAndVerifyPackage@68
                      ; - java.net.URLClassLoader::defineClass@46
  0x0000025edf0dbef4: 882b 27ff 

  0x0000025edf0dbef8: ;   {other}
  0x0000025edf0dbef8: 0f1f 8400 | 6820 001e | 488b bc24 | 8000 0000 | 448b 5f14 | 4585 db0f | 8403 1500 | 000f be6f 
  0x0000025edf0dbf18: 104c 8b4c | 2468 8b94 | 2490 0000 | 004c 8b84 | 2498 0000 | 00e9 4af0 | ffff 4c89 | 4424 6849 
  0x0000025edf0dbf38: 8be9 488b | d744 8bcb | bf01 0000 

  0x0000025edf0dbf44: ;   {optimized virtual_call}
  0x0000025edf0dbf44: 0066 90e8 

  0x0000025edf0dbf48: ; ImmutableOopMap {[32]=Oop [40]=Oop [48]=Oop [64]=NarrowOop [88]=Oop [96]=Oop [104]=Oop [112]=Oop [120]=NarrowOop [136]=Oop }
                      ;*invokevirtual getBytes {reexecute=0 rethrow=0 return_oop=0}
                      ; - java.lang.StringConcatHelper::prepend@32
                      ; - java.lang.StringConcatHelper::simpleConcat@81
                      ; - java.lang.String::concat@11
                      ; - java.net.URLClassLoader::isSealed@15
                      ; - java.net.URLClassLoader::getAndVerifyPackage@68
                      ; - java.net.URLClassLoader::defineClass@46
  0x0000025edf0dbf48: 342b 27ff 

  0x0000025edf0dbf4c: ;   {other}
  0x0000025edf0dbf4c: 0f1f 8400 | bc20 001f | 4c8b cd4c | 8b44 2468 | e997 f0ff | ff41 8b48 | 0c4c 63c9 | 49c1 e102 
  0x0000025edf0dbf6c: 81f9 0000 | 0400 0f87 | ca13 0000 | 498b 9fb8 | 0100 004d | 8bd1 4983 | c217 4983 | e2f8 4c8b 
  0x0000025edf0dbf8c: db4d 03da | 4d3b 9fc8 | 0100 000f | 83a5 1300 | 004d 899f | b801 0000 | 410f 0d8b | 0001 0000 
  0x0000025edf0dbfac: 48c7 0301 | 0000 0041 | 0f0d 8b40 

  0x0000025edf0dbfb8: ;   {metadata('java/security/CodeSigner'[])}
  0x0000025edf0dbfb8: 0100 00c7 | 4308 9fff | 0c20 894b | 0c41 0f0d | 8b80 0100 | 0049 8bc8 | 4883 c110 | 488b d348 
  0x0000025edf0dbfd8: 83c2 1049 | 83c1 0749 | c1e9 034d | 8bc1 49ba | 809e 33de | 5e02 0000 

  0x0000025edf0dbff0: ;   {other}
  0x0000025edf0dbff0: 41ff d20f | 1f84 0000 | 0000 0041 | 807f 4000 | 0f85 6611 | 0000 4c8b | 5424 504c | 8bc3 4c8b 
  0x0000025edf0dc010: 5c24 5045 | 8943 104c | 8bdb 4d33 | da49 c1eb | 144d 85db | 0f84 1af5 | ffff 49c1 | ea09 4c8b 
  0x0000025edf0dc030: 4424 704d | 03c2 4180 | 3802 0f84 | 04f5 ffff | 4d8b 5748 | 4d8b 5f58 | f083 4424 | c000 4180 
  0x0000025edf0dc050: 3800 0f84 | ecf4 ffff | 4588 204d | 85d2 7520 | 498b c849 | 8bd7 49ba | e029 eb2b | ff7f 0000 
  0x0000025edf0dc070: ;   {other}
  0x0000025edf0dc070: 41ff d20f | 1f84 0000 | 0000 00e9 | c4f4 ffff | 4f89 4413 | f849 83c2 | f84d 8957 | 48e9 b2f4 
  0x0000025edf0dc090: ffff 4c89 | 4424 4844 | 8954 2420 | 488b 5424 | 584c 8b84 | 2488 0000 | 0045 33c9 | 33ff 33f6 
  0x0000025edf0dc0b0: 33c9 4533 | d24c 8914 | 244c 8954 | 2408 4c89 

  0x0000025edf0dc0c0: ;   {optimized virtual_call}
  0x0000025edf0dc0c0: 5424 10e8 

  0x0000025edf0dc0c4: ; ImmutableOopMap {[32]=NarrowOop [40]=Oop [48]=Oop [72]=Oop [88]=Oop [136]=Oop }
                      ;*invokevirtual definePackage {reexecute=0 rethrow=0 return_oop=1}
                      ; - java.net.URLClassLoader::defineClass@81
  0x0000025edf0dc0c4: 7865 fcf9 

  0x0000025edf0dc0c8: ;   {other}
  0x0000025edf0dc0c8: 0f1f 8400 | 3822 0020 | e977 f7ff | ff4c 63c5 | 4d8b d049 | 83c2 1049 | 8bca 4883 | e1f8 498b 
  0x0000025edf0dc0e8: fd48 03f9 | 49c1 ea03 | 492b c248 | 8bc8 4833 | c048 83f9 | 087f 1048 | ffc9 7812 | 4889 04cf 
  0x0000025edf0dc108: 48ff c97d | f7eb 0748 | c1e1 03f3 | 48aa 498b | c949 8bd3 | 49ba 4098 | 33de 5e02 | 0000 41ff 
  0x0000025edf0dc128: ;   {other}
  0x0000025edf0dc128: d20f 1f84 | 0000 0000 | 00e9 8be5 | ffff 4533 | db45 33c9 | e9e5 efff | ff48 8b7c | 2450 c647 
  0x0000025edf0dc148: 1101 4533 | db45 33c9 | 488b 5c24 | 208b 4c24 | 44e9 c8ef 

  0x0000025edf0dc15c: ;   {metadata('java/util/jar/JarFile')}
  0x0000025edf0dc15c: ffff 81fd | ef1c 0120 | 0f85 ea12 | 0000 488b | 5424 6048 | 8b6c 2458 

  0x0000025edf0dc174: ;   {optimized virtual_call}
  0x0000025edf0dc174: 6666 90e8 

  0x0000025edf0dc178: ; ImmutableOopMap {rbp=Oop [32]=Oop [40]=Oop [64]=NarrowOop [72]=Oop [80]=NarrowOop [88]=Oop [96]=Oop [136]=Oop }
                      ;*invokevirtual getManifestFromReference {reexecute=0 rethrow=0 return_oop=1}
                      ; - java.util.jar.JarFile::getManifest@1
                      ; - java.util.jar.JarFile::maybeInstantiateVerifier@31
                      ; - java.util.jar.JarFile::ensureInitialization@1
                      ; - java.util.jar.JavaUtilJarAccessImpl::ensureInitialization@1
                      ; - jdk.internal.loader.URLClassPath$JarLoader$2::getManifest@10
                      ; - java.net.URLClassLoader::defineClass@34
  0x0000025edf0dc178: 0429 27ff 

  0x0000025edf0dc17c: ;   {other}
  0x0000025edf0dc17c: 0f1f 8400 | ec22 0021 | 488b 7424 | 2044 8b74 | 2440 4c8b | 6c24 4844 | 8b5c 2450 | 4c8b 4424 
  0x0000025edf0dc19c: 60e9 c1e6 | ffff 448b 

  0x0000025edf0dc1a4: ;   {metadata('java/util/jar/JarFile')}
  0x0000025edf0dc1a4: 5508 4181 | faef 1c01 | 200f 85d9 | 1200 0048 | 8b54 2420 | 488b 6c24 

  0x0000025edf0dc1bc: ;   {optimized virtual_call}
  0x0000025edf0dc1bc: 5866 90e8 

  0x0000025edf0dc1c0: ; ImmutableOopMap {rbp=Oop [40]=Oop [64]=NarrowOop [80]=Oop [88]=Oop [104]=Oop }
                      ;*invokevirtual getManifestFromReference {reexecute=0 rethrow=0 return_oop=1}
                      ; - java.util.jar.JarFile::getManifest@1
                      ; - java.util.jar.JarFile::maybeInstantiateVerifier@31
                      ; - java.util.jar.JarFile$JarFileEntry::getCodeSigners@4
                      ; - jdk.internal.loader.URLClassPath$JarLoader$2::getCodeSigners@4
                      ; - java.net.URLClassLoader::defineClass@185
  0x0000025edf0dc1c0: bc28 27ff 

  0x0000025edf0dc1c4: ;   {other}
  0x0000025edf0dc1c4: 0f1f 8400 | 3423 0022 | 4c8b 4c24 | 50e9 8af2 | ffff 4c89 | 4c24 2049 

  0x0000025edf0dc1dc: ;   {optimized virtual_call}
  0x0000025edf0dc1dc: 8bd1 90e8 

  0x0000025edf0dc1e0: ; ImmutableOopMap {rbp=NarrowOop [32]=Oop [40]=Oop [64]=NarrowOop [88]=Oop [104]=Oop }
                      ;*invokevirtual realEntry {reexecute=0 rethrow=0 return_oop=1}
                      ; - java.util.jar.JarFile$JarFileEntry::getCodeSigners@46
                      ; - jdk.internal.loader.URLClassPath$JarLoader$2::getCodeSigners@4
                      ; - java.net.URLClassLoader::defineClass@185
  0x0000025edf0dc1e0: 9c28 27ff 

  0x0000025edf0dc1e4: ;   {other}
  0x0000025edf0dc1e4: 0f1f 8400 | 5423 0023 | 488b d54c | 8bc0 488b 

  0x0000025edf0dc1f4: ;   {optimized virtual_call}
  0x0000025edf0dc1f4: 6c24 58e8 

  0x0000025edf0dc1f8: ; ImmutableOopMap {rbp=Oop [32]=Oop [40]=Oop [64]=NarrowOop [88]=Oop [104]=Oop }
                      ;*invokevirtual getCodeSigners {reexecute=0 rethrow=0 return_oop=1}
                      ; - java.util.jar.JarFile$JarFileEntry::getCodeSigners@49
                      ; - jdk.internal.loader.URLClassPath$JarLoader$2::getCodeSigners@4
                      ; - java.net.URLClassLoader::defineClass@185
  0x0000025edf0dc1f8: 8428 27ff 

  0x0000025edf0dc1fc: ;   {other}
  0x0000025edf0dc1fc: 0f1f 8400 | 6c23 0024 | 488b d841 | 807f 4000 | 0f85 6c10 | 0000 488b | 7c24 204c | 8bd7 4c8b 
  0x0000025edf0dc21c: cb4d 8bd9 | 4d33 da4d | 8bc1 4489 | 475c 49c1 | eb14 4d85 | db0f 8439 | 1000 004d | 85c9 0f84 
  0x0000025edf0dc23c: 3df2 ffff | 49c1 ea09 | 48b9 0000 | 9de5 5e02 | 0000 4903 | ca80 3902 | 0f85 5c10 | 0000 458b 
  0x0000025edf0dc25c: 480c 498b | e849 63f9 | 48c1 e702 | 4181 f900 | 0004 000f | 8795 1000 | 0049 8b9f | b801 0000 
  0x0000025edf0dc27c: 4c8b d749 | 83c2 1749 | 83e2 f84c | 8bdb 4d03 | da4d 3b9f | c801 0000 | 0f83 7010 | 0000 4d89 
  0x0000025edf0dc29c: 9fb8 0100 | 0041 0f0d | 8b00 0100 | 0048 c703 | 0100 0000 | 410f 0d8b | 4001 0000 

  0x0000025edf0dc2b8: ;   {metadata('java/security/CodeSigner'[])}
  0x0000025edf0dc2b8: c743 089f | ff0c 2044 | 894b 0c41 | 0f0d 8b80 | 0100 0049 | 8d48 1048 | 8bd3 4883 | c210 4883 
  0x0000025edf0dc2d8: c707 48c1 | ef03 4c8b | c749 ba80 | 9e33 de5e | 0200 0041 

  0x0000025edf0dc2ec: ;   {other}
  0x0000025edf0dc2ec: ffd2 0f1f | 8400 0000 | 0000 4889 | 5c24 48e9 | 7df1 ffff | 4c89 7424 | 6844 8954 | 2450 4489 
  0x0000025edf0dc30c: 5c24 4448 | 8944 2448 | 48ff 7424 | 7048 8f44 | 2420 498b | d041 b82e 

  0x0000025edf0dc324: ;   {static_call}
  0x0000025edf0dc324: 0000 00e8 

  0x0000025edf0dc328: ; ImmutableOopMap {[32]=Oop [40]=Oop [48]=Oop [64]=NarrowOop [68]=NarrowOop [72]=Oop [88]=Oop [104]=Oop [112]=Oop [136]=Oop }
                      ;*invokestatic replace {reexecute=0 rethrow=0 return_oop=1}
                      ; - java.lang.String::replace@30
                      ; - java.net.URLClassLoader::isSealed@9
                      ; - java.net.URLClassLoader::getAndVerifyPackage@68
                      ; - java.net.URLClassLoader::defineClass@46
  0x0000025edf0dc328: 542d 27ff 

  0x0000025edf0dc32c: ;   {other}
  0x0000025edf0dc32c: 0f1f 8400 | 9c24 0025 | 48bb 0000 | 9de5 5e02 | 0000 4c8b | 5424 484c | 8954 2460 | 448b 5c24 
  0x0000025edf0dc34c: 4444 8b54 | 2450 4c8b | 7424 6848 | 8bf0 4533 | c04c 8944 | 2448 e9bb | eaff ff49 | ba00 0000 
  0x0000025edf0dc36c: 0001 0000 | 004d 3bca | 0f85 3a11 | 0000 498b | 87b8 0100 | 004c 8bd0 | 4983 c218 | 4d3b 97c8 
  0x0000025edf0dc38c: 0100 000f | 83ef 0f00 | 004d 8997 | b801 0000 | 410f 0d8a | 0001 0000 | 48c7 0001 

  0x0000025edf0dc3a8: ;   {metadata('java/lang/String')}
  0x0000025edf0dc3a8: 0000 00c7 | 4008 1284 | 0020 4489 | 600c 48c7 | 4010 0100 | 0000 8968 | 14e9 81ec | ffff 8bcb 
  0x0000025edf0dc3c8: d1e1 85c9 | 0f8c 5711 | 0000 418b | f2d1 e685 | f60f 8c4a | 1100 008b | f903 fe3b | d70f 823e 
  0x0000025edf0dc3e8: 1100 0049 | 8d7c 0810 | 488b f041 | 8bd2 8bca | 83e1 0783 | e2f8 741c | 488d 3416 | 488d 3c57 
  0x0000025edf0dc408: 48f7 da66 | 0f38 3004 | 16f3 0f7f | 0457 4883 | c208 75ef | 8bd1 83fa | 047c 1966 | 0f6e 0666 
  0x0000025edf0dc428: 0f38 30c0 | 660f d607 | 4883 ea04 | 4883 c604 | 4883 c708 | 85d2 7418 | 488d 3416 | 488d 3c57 
  0x0000025edf0dc448: 48f7 da0f | b60c 1666 | 890c 5748 | ffc2 75f3 | e99b ebff | ff48 894c | 2478 4c8b | 5c24 604c 
  0x0000025edf0dc468: 895c 2468 | 48ff 7424 | 7048 8f44 | 2460 4889 | 5c24 2048 | 8b6c 2448 | 498b d04c 

  0x0000025edf0dc484: ;   {optimized virtual_call}
  0x0000025edf0dc484: 8bc1 90e8 

  0x0000025edf0dc488: ; ImmutableOopMap {[40]=Oop [48]=Oop [64]=NarrowOop [88]=Oop [96]=Oop [104]=Oop [120]=Oop [136]=Oop }
                      ;*invokevirtual afterNodeAccess {reexecute=0 rethrow=0 return_oop=0}
                      ; - java.util.LinkedHashMap::get@21
                      ; - java.util.jar.Attributes::get@5
                      ; - java.util.jar.Attributes::getValue@2
                      ; - java.net.URLClassLoader::isSealed@58
                      ; - java.net.URLClassLoader::getAndVerifyPackage@68
                      ; - java.net.URLClassLoader::defineClass@46
  0x0000025edf0dc488: f425 27ff 

  0x0000025edf0dc48c: ;   {other}
  0x0000025edf0dc48c: 0f1f 8400 | fc25 0026 | 4889 6c24 | 4848 8b5c | 2420 48ff | 7424 6048 | 8f44 2470 | 4c8b 5424 
  0x0000025edf0dc4ac: 684c 8954 | 2460 488b | 4c24 78e9 | 29ee ffff | 4489 7424 | 3048 8974 | 2420 498b | e949 8bd0 
  0x0000025edf0dc4cc: 4533 c045 

  0x0000025edf0dc4d0: ;   {static_call}
  0x0000025edf0dc4d0: 8bca 90e8 

  0x0000025edf0dc4d4: ; ImmutableOopMap {rbp=Oop [32]=Oop [48]=NarrowOop [88]=Oop }
                      ;*invokestatic newString {reexecute=0 rethrow=0 return_oop=1}
                      ; - java.lang.String::substring@54
                      ; - java.net.URLClassLoader::defineClass@28
  0x0000025edf0dc4d4: a82b 27ff 

  0x0000025edf0dc4d8: ;   {other}
  0x0000025edf0dc4d8: 0f1f 8400 | 4826 0027 | 4889 6c24 | 2848 8b74 | 2420 448b | 7424 3048 | 8bd8 e9a0 

  0x0000025edf0dc4f4: ;   {metadata('java/security/CodeSource')}
  0x0000025edf0dc4f4: e2ff ff48 | ba18 5b05 | 0001 0000 | 0048 8b6c 

  0x0000025edf0dc504: ;   {runtime_call _new_instance_Java}
  0x0000025edf0dc504: 2458 90e8 

  0x0000025edf0dc508: ; ImmutableOopMap {rbp=Oop [40]=Oop [64]=NarrowOop [72]=Oop [88]=Oop [104]=Oop }
                      ;*new {reexecute=0 rethrow=0 return_oop=1}
                      ; - java.net.URLClassLoader::defineClass@190
  0x0000025edf0dc508: f49a 29ff 

  0x0000025edf0dc50c: ;   {other}
  0x0000025edf0dc50c: 0f1f 8400 | 7c26 0028 | e9ac efff | ff44 895c | 2444 4489 | 4424 4044 | 8974 2434 | 4489 5424 
  0x0000025edf0dc52c: 3048 8974 | 2420 488b 

  0x0000025edf0dc534: ;   {metadata('java/lang/String')}
  0x0000025edf0dc534: 6c24 2848 | ba90 2004 | 0001 0000 

  0x0000025edf0dc540: ;   {runtime_call _new_instance_Java}
  0x0000025edf0dc540: 0066 90e8 

  0x0000025edf0dc544: ; ImmutableOopMap {rbp=Oop [32]=Oop [52]=NarrowOop [64]=NarrowOop [88]=Oop }
                      ;*new {reexecute=0 rethrow=0 return_oop=1}
                      ; - java.lang.StringLatin1::newString@7
                      ; - java.lang.String::substring@41
                      ; - java.net.URLClassLoader::defineClass@28
  0x0000025edf0dc544: b89a 29ff 

  0x0000025edf0dc548: ;   {other}
  0x0000025edf0dc548: 0f1f 8400 | b826 0029 | 4889 6c24 | 2848 8b74 | 2420 448b | 5424 3044 | 8b74 2434 | 448b 4424 
  0x0000025edf0dc568: 4044 8b5c | 2444 488b | d8e9 66e0 | ffff 4889 | 5c24 5044 | 895c 2478 | 4489 5424 | 444c 8974 
  0x0000025edf0dc588: 2420 4889 | b424 8000 | 0000 897c | 2468 8944 | 247c 4489 | 6c24 6c48 | 8994 2490 | 0000 0044 
  0x0000025edf0dc5a8: 898c 2498 

  0x0000025edf0dc5ac: ;   {metadata({type array byte})}
  0x0000025edf0dc5ac: 0000 0048 | bac8 0a04 | 0001 0000 | 0044 8b84 | 2498 0000 

  0x0000025edf0dc5c0: ;   {runtime_call _new_array_Java}
  0x0000025edf0dc5c0: 0066 90e8 

  0x0000025edf0dc5c4: ; ImmutableOopMap {[32]=Oop [40]=Oop [48]=Oop [64]=NarrowOop [88]=Oop [96]=Oop [104]=NarrowOop [112]=Oop [120]=NarrowOop [128]=Oop [136]=Oop }
                      ;*invokevirtual allocateUninitializedArray0 {reexecute=0 rethrow=0 return_oop=1}
                      ; - jdk.internal.misc.Unsafe::allocateUninitializedArray@51
                      ; - java.lang.StringConcatHelper::newArray@33
                      ; - java.lang.StringConcatHelper::simpleConcat@61
                      ; - java.lang.String::concat@11
                      ; - java.net.URLClassLoader::isSealed@15
                      ; - java.net.URLClassLoader::getAndVerifyPackage@68
                      ; - java.net.URLClassLoader::defineClass@46
  0x0000025edf0dc5c4: 3897 29ff 

  0x0000025edf0dc5c8: ;   {other}
  0x0000025edf0dc5c8: 0f1f 8400 | 3827 002a | 8b94 2498 | 0000 004c | 8bc0 e956 

  0x0000025edf0dc5dc: ;   {metadata('java/lang/String')}
  0x0000025edf0dc5dc: e9ff ff48 | ba90 2004 | 0001 0000 | 004c 8984 | 24a0 0000 

  0x0000025edf0dc5f0: ;   {runtime_call _new_instance_Java}
  0x0000025edf0dc5f0: 0066 90e8 

  0x0000025edf0dc5f4: ; ImmutableOopMap {rbp=NarrowOop [32]=Oop [40]=Oop [48]=Oop [64]=NarrowOop [88]=Oop [96]=Oop [112]=Oop [120]=NarrowOop [136]=Oop [160]=Oop }
                      ;*new {reexecute=0 rethrow=0 return_oop=1}
                      ; - java.lang.StringConcatHelper::newString@6
                      ; - java.lang.StringConcatHelper::simpleConcat@90
                      ; - java.lang.String::concat@11
                      ; - java.net.URLClassLoader::isSealed@15
                      ; - java.net.URLClassLoader::getAndVerifyPackage@68
                      ; - java.net.URLClassLoader::defineClass@46
  0x0000025edf0dc5f4: 089a 29ff 

  0x0000025edf0dc5f8: ;   {other}
  0x0000025edf0dc5f8: 0f1f 8400 | 6827 002b | e93f eaff 

  0x0000025edf0dc604: ;   {oop(""{0x0000000080001120})}
  0x0000025edf0dc604: ff48 bb20 | 1100 8000 | 0000 00e9 | 83e1 ffff | 4889 7c24 | 5049 8be9 | 4889 5c24 | 4844 8944 
  0x0000025edf0dc624: 2444 4489 | 7424 4048 | 8974 2430 | 4c8b 5424 | 284c 8954 

  0x0000025edf0dc638: ;   {metadata({type array byte})}
  0x0000025edf0dc638: 2420 48ba | c80a 0400 | 0100 0000 

  0x0000025edf0dc644: ;   {runtime_call _new_array_nozero_Java}
  0x0000025edf0dc644: 458b c3e8 

  0x0000025edf0dc648: ; ImmutableOopMap {[32]=Oop [48]=Oop [64]=NarrowOop [68]=NarrowOop [72]=Oop [88]=Oop [120]=Oop rbp=Derived_oop_[120] }
                      ;*invokevirtual clone {reexecute=1 rethrow=0 return_oop=1}
                      ; - (reexecute) java.util.Arrays::copyOfRange@18
                      ; - java.lang.StringLatin1::newString@16
                      ; - java.lang.String::substring@41
                      ; - java.net.URLClassLoader::defineClass@28
  0x0000025edf0dc648: 3493 29ff 

  0x0000025edf0dc64c: ;   {other}
  0x0000025edf0dc64c: 0f1f 8400 | bc27 002c | 4c8b 5c24 | 204c 895c | 2428 488b | 7424 3044 | 8b74 2440 | 488b 5c24 
  0x0000025edf0dc66c: 484c 8bcd | 488b 7c24 | 504c 8be8 | e9ae e0ff | ff48 895c | 2420 4489 | 9c24 9400 | 0000 4489 
  0x0000025edf0dc68c: 5424 444c | 8974 2450 | 894c 2468 | 4889 7c24 

  0x0000025edf0dc69c: ;   {metadata({type array byte})}
  0x0000025edf0dc69c: 7848 bac8 | 0a04 0001 | 0000 0044 | 8b44 2468 

  0x0000025edf0dc6ac: ;   {runtime_call _new_array_Java}
  0x0000025edf0dc6ac: 6666 90e8 

  0x0000025edf0dc6b0: ; ImmutableOopMap {[40]=Oop [48]=Oop [64]=NarrowOop [80]=Oop [88]=Oop [96]=Oop [112]=Oop [120]=Oop [136]=Oop [148]=NarrowOop [184]=NarrowOop }
                      ;*invokevirtual allocateUninitializedArray0 {reexecute=0 rethrow=0 return_oop=1}
                      ; - jdk.internal.misc.Unsafe::allocateUninitializedArray@51
                      ; - java.lang.StringConcatHelper::newArray@33
                      ; - java.lang.StringLatin1::replace@49
                      ; - java.lang.String::replace@18
                      ; - java.net.URLClassLoader::isSealed@9
                      ; - java.net.URLClassLoader::getAndVerifyPackage@68
                      ; - java.net.URLClassLoader::defineClass@46
  0x0000025edf0dc6b0: 4c96 29ff 

  0x0000025edf0dc6b4: ;   {other}
  0x0000025edf0dc6b4: 0f1f 8400 | 2428 002d | 448b 4424 | 684c 8bc8 | e9e4 e4ff | ff49 8be9 

  0x0000025edf0dc6cc: ;   {metadata('java/lang/String')}
  0x0000025edf0dc6cc: 48ba 9020 | 0400 0100 

  0x0000025edf0dc6d4: ;   {runtime_call _new_instance_Java}
  0x0000025edf0dc6d4: 0000 90e8 

  0x0000025edf0dc6d8: ; ImmutableOopMap {rbp=Oop [40]=Oop [48]=Oop [64]=NarrowOop [80]=Oop [88]=Oop [96]=Oop [112]=Oop [136]=Oop [148]=NarrowOop }
                      ;*new {reexecute=0 rethrow=0 return_oop=1}
                      ; - java.lang.StringLatin1::replace@116
                      ; - java.lang.String::replace@18
                      ; - java.net.URLClassLoader::isSealed@9
                      ; - java.net.URLClassLoader::getAndVerifyPackage@68
                      ; - java.net.URLClassLoader::defineClass@46
  0x0000025edf0dc6d8: 2499 29ff 

  0x0000025edf0dc6dc: ;   {other}
  0x0000025edf0dc6dc: 0f1f 8400 | 4c28 002e | 4c8b cd48 | 8bf0 e9ff | e6ff ff44 | 895c 2468 | 894c 2444 | 4889 4424 
  0x0000025edf0dc6fc: 5048 895c 

  0x0000025edf0dc700: ;   {static_call}
  0x0000025edf0dc700: 2420 90e8 

  0x0000025edf0dc704: ; ImmutableOopMap {rbp=Oop [40]=Oop [48]=Oop [64]=NarrowOop [68]=NarrowOop [80]=Oop [88]=Oop [96]=Oop [112]=Oop [136]=Oop }
                      ;*invokestatic hashCode {reexecute=0 rethrow=0 return_oop=0}
                      ; - java.lang.String::hashCode@37
                      ; - java.util.HashMap::hash@9
                      ; - java.util.HashMap::getNode@23
                      ; - java.util.HashMap::get@2
                      ; - java.util.jar.Manifest::getAttributes@5
                      ; - java.util.jar.Manifest::getTrustedAttributes@2
                      ; - java.util.jar.JavaUtilJarAccessImpl::getTrustedAttributes@2
                      ; - java.net.URLClassLoader::isSealed@18
                      ; - java.net.URLClassLoader::getAndVerifyPackage@68
                      ; - java.net.URLClassLoader::defineClass@46
  0x0000025edf0dc704: 7829 27ff 

  0x0000025edf0dc708: ;   {other}
  0x0000025edf0dc708: 0f1f 8400 | 7828 002f | e9d7 e9ff | ff48 8bd5 | 41b8 2e00 | 0000 488b 

  0x0000025edf0dc720: ;   {static_call}
  0x0000025edf0dc720: 6c24 58e8 

  0x0000025edf0dc724: ; ImmutableOopMap {rbp=Oop [40]=Oop [48]=Oop [88]=Oop }
                      ;*invokestatic lastIndexOf {reexecute=0 rethrow=0 return_oop=0}
                      ; - java.lang.String::lastIndexOf@25
                      ; - java.lang.String::lastIndexOf@8
                      ; - java.net.URLClassLoader::defineClass@7
  0x0000025edf0dc724: 5829 27ff 

  0x0000025edf0dc728: ;   {other}
  0x0000025edf0dc728: 0f1f 8400 | 9828 0030 | 448b d0e9 | f1dd ffff | bae4 ffff | ff44 8954 

  0x0000025edf0dc740: ;   {runtime_call UncommonTrapBlob}
  0x0000025edf0dc740: 2444 90e8 

  0x0000025edf0dc744: ; ImmutableOopMap {rbp=NarrowOop [40]=Oop [48]=Oop [88]=Oop }
                      ;*baload {reexecute=0 rethrow=0 return_oop=0}
                      ; - java.lang.StringLatin1::lastIndexOf@24
                      ; - java.lang.String::lastIndexOf@13
                      ; - java.lang.String::lastIndexOf@8
                      ; - java.net.URLClassLoader::defineClass@7
  0x0000025edf0dc744: b87a 27ff 

  0x0000025edf0dc748: ;   {other}
  0x0000025edf0dc748: 0f1f 8400 | b828 0031 | 49b8 0000 | 0000 0100 | 0000 490b | d08b c2e9 | ece6 ffff | 4c89 4424 
  0x0000025edf0dc768: 6848 8944 | 2460 4c89 | 4c24 5048 | 895c 2448 | 4489 7424 | 4444 8954 | 2440 4889 | 7424 304c 
  0x0000025edf0dc788: 8b54 2428 | 4c89 5424 

  0x0000025edf0dc790: ;   {metadata({type array byte})}
  0x0000025edf0dc790: 2048 bac8 | 0a04 0001 | 0000 0044 | 8b44 2440 

  0x0000025edf0dc7a0: ;   {runtime_call _new_array_nozero_Java}
  0x0000025edf0dc7a0: 6666 90e8 

  0x0000025edf0dc7a4: ; ImmutableOopMap {[32]=Oop [48]=Oop [68]=NarrowOop [72]=Oop [88]=Oop [120]=Oop [80]=Derived_oop_[120] }
                      ;*newarray {reexecute=0 rethrow=0 return_oop=1}
                      ; - java.util.Arrays::copyOfRangeByte@10
                      ; - java.util.Arrays::copyOfRange@13
                      ; - java.lang.StringLatin1::newString@16
                      ; - java.lang.String::substring@41
                      ; - java.net.URLClassLoader::defineClass@28
  0x0000025edf0dc7a4: d891 29ff 

  0x0000025edf0dc7a8: ;   {other}
  0x0000025edf0dc7a8: 0f1f 8400 | 1829 0032 | 4c8b 5424 | 204c 8954 | 2428 488b | 7424 3044 | 8b54 2440 | 448b 7424 
  0x0000025edf0dc7c8: 4448 8b5c | 2448 4c8b | 4c24 504c | 8be8 488b | 4424 604c | 8b44 2468 | e99d deff | ff41 8be8 
  0x0000025edf0dc7e8: e932 e3ff | ff44 8994 | 2480 0000 | 0044 895c | 2444 4c8b | 5424 604c | 8954 2478 | 48ff 7424 
  0x0000025edf0dc808: 7048 8f44 | 2468 4c8b | 9424 8800 | 0000 4c89 | 5424 6048 | 895c 2450 | 4c8b 5424 | 484c 8954 
  0x0000025edf0dc828: ;   {metadata('java/lang/String')}
  0x0000025edf0dc828: 2420 48ba | 9020 0400 | 0100 0000 

  0x0000025edf0dc834: ;   {runtime_call _new_instance_Java}
  0x0000025edf0dc834: 498b eee8 

  0x0000025edf0dc838: ; ImmutableOopMap {rbp=Oop [40]=Oop [48]=Oop [64]=NarrowOop [68]=NarrowOop [88]=Oop [96]=Oop [104]=Oop [120]=Oop }
                      ;*new {reexecute=0 rethrow=0 return_oop=1}
                      ; - java.lang.StringConcatHelper::simpleConcat@17
                      ; - java.lang.String::concat@11
                      ; - java.net.URLClassLoader::isSealed@15
                      ; - java.net.URLClassLoader::getAndVerifyPackage@68
                      ; - java.net.URLClassLoader::defineClass@46
  0x0000025edf0dc838: c497 29ff 

  0x0000025edf0dc83c: ;   {other}
  0x0000025edf0dc83c: 0f1f 8400 | ac29 0033 | 4c8b 5424 | 204c 8954 | 2448 488b | 5c24 504c | 8b54 2460 | 4c89 9424 
  0x0000025edf0dc85c: 8800 0000 | 48ff 7424 | 6848 8f44 | 2470 4c8b | 5424 784c | 8954 2460 | 448b 5c24 | 4444 8b94 
  0x0000025edf0dc87c: 2480 0000 | 00e9 2cf0 | ffff bae4 | ffff ff44 | 8944 244c 

  0x0000025edf0dc890: ;   {runtime_call UncommonTrapBlob}
  0x0000025edf0dc890: 6666 90e8 

  0x0000025edf0dc894: ; ImmutableOopMap {[40]=Oop [76]=NarrowOop [80]=Oop [88]=Oop [104]=Oop }
                      ;*invokestatic checkIndex {reexecute=0 rethrow=0 return_oop=0}
                      ; - java.nio.Buffer::checkIndex@8
                      ; - java.nio.DirectLongBufferU::get@11
                      ; - jdk.internal.perf.PerfCounter::get@5
                      ; - jdk.internal.perf.PerfCounter::add@1
                      ; - jdk.internal.perf.PerfCounter::addElapsedTimeFrom@6
                      ; - java.net.URLClassLoader::defineClass@207
  0x0000025edf0dc894: 6879 27ff 

  0x0000025edf0dc898: ;   {other}
  0x0000025edf0dc898: 0f1f 8400 | 082a 0034 | bae4 ffff | ff4c 8b54 | 2458 4c89 | 5424 204c | 8b54 2438 | 4c89 5424 
  0x0000025edf0dc8b8: 3044 8b54 | 2440 4489 | 5424 384c | 8b54 2450 | 4c89 5424 | 4848 8944 | 2458 4489 

  0x0000025edf0dc8d4: ;   {runtime_call UncommonTrapBlob}
  0x0000025edf0dc8d4: 4424 60e8 

  0x0000025edf0dc8d8: ; ImmutableOopMap {[32]=Oop [40]=Oop [56]=NarrowOop [72]=Oop [88]=Oop }
                      ;*invokestatic checkIndex {reexecute=0 rethrow=0 return_oop=0}
                      ; - java.util.zip.CRC32::updateBytesCheck@30
                      ; - java.util.zip.CRC32::updateBytes@3
                      ; - java.util.zip.CRC32::update@31
                      ; - java.util.zip.Checksum::update@5
                      ; - jdk.internal.loader.URLClassPath$JarLoader$2::getBytes@15
                      ; - java.net.URLClassLoader::defineClass@179
  0x0000025edf0dc8d8: 2479 27ff 

  0x0000025edf0dc8dc: ;   {other}
  0x0000025edf0dc8dc: 0f1f 8400 | 4c2a 0035 

  0x0000025edf0dc8e4: ;   {oop(a 'jdk/internal/perf/PerfCounter'{0x00000000800824a8})}
  0x0000025edf0dc8e4: 48ba a824 | 0880 0000 | 0000 4c8d | 8424 c000 | 0000 488b 

  0x0000025edf0dc8f8: ;   {runtime_call _complete_monitor_locking_Java}
  0x0000025edf0dc8f8: 6c24 58e8 

  0x0000025edf0dc8fc: ; ImmutableOopMap {rbp=Oop [40]=Oop [80]=Oop [88]=Oop [104]=Oop }
                      ;*synchronization entry
                      ; - jdk.internal.perf.PerfCounter::add@-1
                      ; - jdk.internal.perf.PerfCounter::addElapsedTimeFrom@6
                      ; - java.net.URLClassLoader::defineClass@207
  0x0000025edf0dc8fc: 00ee 29ff 

  0x0000025edf0dc900: ;   {other}
  0x0000025edf0dc900: 0f1f 8400 | 702a 0036 | e9cb ecff | ffba ccff | ffff 4489 

  0x0000025edf0dc914: ;   {runtime_call UncommonTrapBlob}
  0x0000025edf0dc914: 4424 4ce8 

  0x0000025edf0dc918: ; ImmutableOopMap {[40]=Oop [76]=NarrowOop [80]=Oop [88]=Oop [104]=Oop }
                      ;*invokestatic checkIndex {reexecute=0 rethrow=0 return_oop=0}
                      ; - java.nio.Buffer::checkIndex@8
                      ; - java.nio.DirectLongBufferU::get@11
                      ; - jdk.internal.perf.PerfCounter::get@5
                      ; - jdk.internal.perf.PerfCounter::add@1
                      ; - jdk.internal.perf.PerfCounter::addElapsedTimeFrom@6
                      ; - java.net.URLClassLoader::defineClass@207
  0x0000025edf0dc918: e478 27ff 

  0x0000025edf0dc91c: ;   {other}
  0x0000025edf0dc91c: 0f1f 8400 | 8c2a 0037 

  0x0000025edf0dc924: ;   {oop(a 'jdk/internal/perf/PerfCounter'{0x00000000800824a8})}
  0x0000025edf0dc924: 48b9 a824 | 0880 0000 | 0000 488d | 9424 c000 | 0000 4d8b | c749 bab0 | d72c 2cff | 7f00 0041 
  0x0000025edf0dc944: ;   {other}
  0x0000025edf0dc944: ffd2 0f1f | 8400 0000 | 0000 e964 | edff ffba | deff ffff | 488b 6c24 | 584c 8b44 | 2428 4c89 
  0x0000025edf0dc964: 4424 204c | 8b44 2438 | 4c89 4424 | 2844 8974 | 2430 4c89 | 6c24 4844 | 8954 2434 | 4489 5c24 
  0x0000025edf0dc984: ;   {runtime_call UncommonTrapBlob}
  0x0000025edf0dc984: 5066 90e8 

  0x0000025edf0dc988: ; ImmutableOopMap {rbp=Oop [32]=Oop [48]=NarrowOop [52]=NarrowOop [72]=Oop [80]=NarrowOop [136]=Oop }
                      ;*invokeinterface ensureInitialization {reexecute=0 rethrow=0 return_oop=0}
                      ; - jdk.internal.loader.URLClassPath$JarLoader$2::getManifest@10
                      ; - java.net.URLClassLoader::defineClass@34
  0x0000025edf0dc988: 7478 27ff 

  0x0000025edf0dc98c: ;   {other}
  0x0000025edf0dc98c: 0f1f 8400 | fc2a 0038 | 4c89 4424 | 5044 895c | 2444 4c89 | 6c24 4844 | 8974 2440 | 4889 7424 
  0x0000025edf0dc9ac: 304c 8b54 | 2428 4c89 | 5424 2049 | 8bd0 4c8d | 8424 c000 

  0x0000025edf0dc9c0: ;   {runtime_call _complete_monitor_locking_Java}
  0x0000025edf0dc9c0: 0000 90e8 

  0x0000025edf0dc9c4: ; ImmutableOopMap {[32]=Oop [48]=Oop [64]=NarrowOop [68]=NarrowOop [72]=Oop [80]=Oop [88]=Oop [136]=Oop }
                      ;*synchronization entry
                      ; - java.util.jar.JarFile::ensureInitialization@-1
                      ; - java.util.jar.JavaUtilJarAccessImpl::ensureInitialization@1
                      ; - jdk.internal.loader.URLClassPath$JarLoader$2::getManifest@10
                      ; - java.net.URLClassLoader::defineClass@34
  0x0000025edf0dc9c4: 38ed 29ff 

  0x0000025edf0dc9c8: ;   {other}
  0x0000025edf0dc9c8: 0f1f 8400 | 382b 0039 | 4c8b 5424 | 204c 8954 | 2428 488b | 7424 3044 | 8b74 2440 | 4c8b 6c24 
  0x0000025edf0dc9e8: 4844 8b5c | 2444 4c8b | 4424 50e9 | 57de ffff | 498b c848 | 8d94 24c0 | 0000 004d | 8bc7 49ba 
  0x0000025edf0dca08: b0d7 2c2c | ff7f 0000 

  0x0000025edf0dca10: ;   {other}
  0x0000025edf0dca10: 41ff d20f | 1f84 0000 | 0000 00e9 | e8de ffff | bade ffff | ff4c 8b54 | 2438 4c89 | 5424 3044 
  0x0000025edf0dca30: 8974 2438 | 4c89 6c24 

  0x0000025edf0dca38: ;   {runtime_call UncommonTrapBlob}
  0x0000025edf0dca38: 4866 90e8 

  0x0000025edf0dca3c: ; ImmutableOopMap {rbp=NarrowOop [40]=Oop [56]=NarrowOop [72]=Oop [88]=Oop [136]=Oop }
                      ;*invokevirtual getManifest {reexecute=0 rethrow=0 return_oop=0}
                      ; - jdk.internal.loader.URLClassPath$JarLoader$2::getManifest@22
                      ; - java.net.URLClassLoader::defineClass@34
  0x0000025edf0dca3c: c077 27ff 

  0x0000025edf0dca40: ;   {other}
  0x0000025edf0dca40: 0f1f 8400 | b02b 003a | bade ffff | ff4c 8b54 | 2438 4c89 | 5424 3044 | 8b5c 2440 | 4489 5c24 
  0x0000025edf0dca60: ;   {runtime_call UncommonTrapBlob}
  0x0000025edf0dca60: 3866 90e8 

  0x0000025edf0dca64: ; ImmutableOopMap {rbp=NarrowOop [40]=Oop [56]=NarrowOop [88]=Oop [104]=Oop }
                      ;*invokevirtual getCodeSigners {reexecute=0 rethrow=0 return_oop=0}
                      ; - jdk.internal.loader.URLClassPath$JarLoader$2::getCodeSigners@4
                      ; - java.net.URLClassLoader::defineClass@185
  0x0000025edf0dca64: 9877 27ff 

  0x0000025edf0dca68: ;   {other}
  0x0000025edf0dca68: 0f1f 8400 | d82b 003b | ba76 ffff | ff48 8b6c | 2458 4c8b | 5424 284c | 8954 2420 | 4c8b 5424 
  0x0000025edf0dca88: 304c 8954 | 2428 4c8b | 5424 384c | 8954 2430 | 448b 4c24 | 4044 894c | 2438 4889 | 4424 5844 
  0x0000025edf0dcaa8: 8944 243c | 894c 247c | 4489 9c24 | 8000 0000 

  0x0000025edf0dcab8: ;   {runtime_call UncommonTrapBlob}
  0x0000025edf0dcab8: 6666 90e8 

  0x0000025edf0dcabc: ; ImmutableOopMap {rbp=Oop [32]=Oop [40]=Oop [56]=NarrowOop [60]=NarrowOop [72]=Oop [88]=Oop [128]=NarrowOop [136]=Oop }
                      ;*if_icmpge {reexecute=1 rethrow=0 return_oop=0}
                      ; - (reexecute) java.lang.StringLatin1::replace@19
                      ; - java.lang.String::replace@18
                      ; - java.net.URLClassLoader::isSealed@9
                      ; - java.net.URLClassLoader::getAndVerifyPackage@68
                      ; - java.net.URLClassLoader::defineClass@46
  0x0000025edf0dcabc: 4077 27ff 

  0x0000025edf0dcac0: ;   {other}
  0x0000025edf0dcac0: 0f1f 8400 | 302c 003c | bade ffff | ff48 8b6c | 2458 4c8b | 5424 284c | 8954 2420 | 4c8b 5424 
  0x0000025edf0dcae0: 304c 8954 | 2428 4c8b | 5424 384c | 8954 2430 | 448b 5424 | 4044 8954 | 2438 4c8b | 5424 604c 
  0x0000025edf0dcb00: 8954 2458 | 48ff 7424 | 7048 8f44 | 2460 48ff | 7424 7048 | 8f44 2468 | 4489 5c24 | 3c48 8944 
  0x0000025edf0dcb20: ;   {runtime_call UncommonTrapBlob}
  0x0000025edf0dcb20: 2470 90e8 

  0x0000025edf0dcb24: ; ImmutableOopMap {rbp=Oop [32]=Oop [40]=Oop [56]=NarrowOop [60]=NarrowOop [88]=Oop [96]=Oop [104]=Oop [112]=Oop [136]=Oop }
                      ;*invokeinterface getTrustedAttributes {reexecute=0 rethrow=0 return_oop=0}
                      ; - java.net.URLClassLoader::isSealed@18
                      ; - java.net.URLClassLoader::getAndVerifyPackage@68
                      ; - java.net.URLClassLoader::defineClass@46
  0x0000025edf0dcb24: d876 27ff 

  0x0000025edf0dcb28: ;   {other}
  0x0000025edf0dcb28: 0f1f 8400 | 982c 003d | bade ffff | ff4c 8b54 | 2458 4c89 | 5424 2048 | 8984 2480 

  0x0000025edf0dcb44: ;   {runtime_call UncommonTrapBlob}
  0x0000025edf0dcb44: 0000 00e8 

  0x0000025edf0dcb48: ; ImmutableOopMap {rbp=NarrowOop [32]=Oop [40]=Oop [48]=Oop [64]=NarrowOop [96]=Oop [112]=Oop [128]=Oop [136]=Oop }
                      ;*invokeinterface get {reexecute=0 rethrow=0 return_oop=0}
                      ; - java.util.jar.Manifest::getAttributes@5
                      ; - java.util.jar.Manifest::getTrustedAttributes@2
                      ; - java.util.jar.JavaUtilJarAccessImpl::getTrustedAttributes@2
                      ; - java.net.URLClassLoader::isSealed@18
                      ; - java.net.URLClassLoader::getAndVerifyPackage@68
                      ; - java.net.URLClassLoader::defineClass@46
  0x0000025edf0dcb48: b476 27ff 

  0x0000025edf0dcb4c: ;   {other}
  0x0000025edf0dcb4c: 0f1f 8400 | bc2c 003e | bade ffff | ff4c 8b54 | 2458 4c89 

  0x0000025edf0dcb60: ;   {runtime_call UncommonTrapBlob}
  0x0000025edf0dcb60: 5424 20e8 

  0x0000025edf0dcb64: ; ImmutableOopMap {rbp=NarrowOop [32]=Oop [40]=Oop [48]=Oop [64]=NarrowOop [96]=Oop [112]=Oop [136]=Oop }
                      ;*invokeinterface get {reexecute=0 rethrow=0 return_oop=0}
                      ; - java.util.jar.Attributes::get@5
                      ; - java.util.jar.Attributes::getValue@2
                      ; - java.net.URLClassLoader::isSealed@58
                      ; - java.net.URLClassLoader::getAndVerifyPackage@68
                      ; - java.net.URLClassLoader::defineClass@46
  0x0000025edf0dcb64: 9876 27ff 

  0x0000025edf0dcb68: ;   {other}
  0x0000025edf0dcb68: 0f1f 8400 | d82c 003f | 4489 8c24 | 9000 0000 | 895c 246c | 4489 8424 | b800 0000 | 41b8 0100 
  0x0000025edf0dcb88: 0000 48bb | 0000 9de5 | 5e02 0000 | 4533 c94c | 894c 2448 | e943 f2ff | ff4d 63c1 | e9ec e2ff 
  0x0000025edf0dcba8: ffba ccff | ffff 488b | 6c24 584c | 8b54 2428 | 4c89 5424 | 204c 8b54 | 2430 4c89 | 5424 284c 
  0x0000025edf0dcbc8: 8b54 2438 | 4c89 5424 | 3044 8b54 | 2440 4489 | 5424 384c | 8b54 2470 | 4c89 5424 | 484c 8b94 
  0x0000025edf0dcbe8: 2488 0000 | 004c 8954 | 2450 4c8b | 5424 604c | 8954 2458 | 448b 5c24 | 7844 895c | 243c 4c8b 
  0x0000025edf0dcc08: 9424 8000 | 0000 4c89 | 5424 7048 | ffb4 2490 | 0000 0048 | 8f84 2488 | 0000 004c | 8984 2490 
  0x0000025edf0dcc28: ;   {runtime_call UncommonTrapBlob}
  0x0000025edf0dcc28: 0000 00e8 

  0x0000025edf0dcc2c: ; ImmutableOopMap {rbp=Oop [32]=Oop [40]=Oop [56]=NarrowOop [60]=NarrowOop [72]=Oop [80]=Oop [88]=Oop [112]=Oop [144]=Oop }
                      ;*invokestatic arraycopy {reexecute=0 rethrow=0 return_oop=0}
                      ; - java.lang.String::getBytes@22
                      ; - java.lang.StringConcatHelper::prepend@21
                      ; - java.lang.StringConcatHelper::simpleConcat@71
                      ; - java.lang.String::concat@11
                      ; - java.net.URLClassLoader::isSealed@15
                      ; - java.net.URLClassLoader::getAndVerifyPackage@68
                      ; - java.net.URLClassLoader::defineClass@46
  0x0000025edf0dcc2c: d075 27ff 

  0x0000025edf0dcc30: ;   {other}
  0x0000025edf0dcc30: 0f1f 8400 | a02d 0040 | bacc ffff | ff48 8b4c | 2458 488b | e948 ff74 | 2428 488f | 4424 2048 
  0x0000025edf0dcc50: ff74 2430 | 488f 4424 | 2848 ff74 | 2438 488f | 4424 3048 | 8944 24f8 | 8b44 2440 | 8944 2438 
  0x0000025edf0dcc70: 488b 4424 | f848 8b4c | 2470 4889 | 4c24 4848 | 8b8c 2488 | 0000 0048 | 894c 2450 | 488b 4c24 
  0x0000025edf0dcc90: 6048 894c | 2458 8b4c | 2478 894c | 243c 4c89 | 4c24 7844 | 899c 2480 | 0000 004c | 8984 2488 
  0x0000025edf0dccb0: 0000 0089 | 9c24 8400 | 0000 4489 | 9424 9000 

  0x0000025edf0dccc0: ;   {runtime_call UncommonTrapBlob}
  0x0000025edf0dccc0: 0000 90e8 

  0x0000025edf0dccc4: ; ImmutableOopMap {rbp=Oop [32]=Oop [40]=Oop [56]=NarrowOop [60]=NarrowOop [72]=Oop [80]=Oop [88]=Oop [128]=NarrowOop [136]=Oop }
                      ;*invokestatic arraycopy {reexecute=0 rethrow=0 return_oop=0}
                      ; - java.lang.String::getBytes@22
                      ; - java.lang.StringConcatHelper::prepend@21
                      ; - java.lang.StringConcatHelper::simpleConcat@81
                      ; - java.lang.String::concat@11
                      ; - java.net.URLClassLoader::isSealed@15
                      ; - java.net.URLClassLoader::getAndVerifyPackage@68
                      ; - java.net.URLClassLoader::defineClass@46
  0x0000025edf0dccc4: 3875 27ff 

  0x0000025edf0dccc8: ;   {other}
  0x0000025edf0dccc8: 0f1f 8400 | 382e 0041 | ba76 ffff | ff4c 8b5c | 2458 4c89 | 5c24 204c | 8b9c 2488 | 0000 0048 
  0x0000025edf0dcce8: ff74 2470 | 488f 4424 | 504c 895c | 2458 4c8b | 9c24 8800 | 0000 4c89 | 5c24 7844 | 8954 2444 
  0x0000025edf0dcd08: 4c89 8c24 | 8800 0000 | 4489 8424 | 9000 0000 

  0x0000025edf0dcd18: ;   {runtime_call UncommonTrapBlob}
  0x0000025edf0dcd18: 6666 90e8 

  0x0000025edf0dcd1c: ; ImmutableOopMap {[32]=Oop [40]=Oop [48]=Oop [64]=NarrowOop [68]=NarrowOop [80]=Oop [88]=Oop [96]=Oop [120]=Oop [136]=Oop [148]=NarrowOop }
                      ;*if_icmpge {reexecute=1 rethrow=0 return_oop=0}
                      ; - (reexecute) java.lang.StringLatin1::replace@82
                      ; - java.lang.String::replace@18
                      ; - java.net.URLClassLoader::isSealed@9
                      ; - java.net.URLClassLoader::getAndVerifyPackage@68
                      ; - java.net.URLClassLoader::defineClass@46
  0x0000025edf0dcd1c: e074 27ff 

  0x0000025edf0dcd20: ;   {other}
  0x0000025edf0dcd20: 0f1f 8400 | 902e 0042 | 498b d749 | ba00 2aeb | 2bff 7f00 | 0041 ffd2 

  0x0000025edf0dcd38: ;   {other}
  0x0000025edf0dcd38: 0f1f 8400 | 0000 0000 | e9b9 e7ff | ffba 45ff | ffff 4489 | 7424 4044 | 8954 2450 | 4489 5424 
  0x0000025edf0dcd58: ;   {runtime_call UncommonTrapBlob}
  0x0000025edf0dcd58: 5466 90e8 

  0x0000025edf0dcd5c: ; ImmutableOopMap {[40]=Oop [48]=Oop [64]=NarrowOop [88]=Oop }
                      ;*if_icmpgt {reexecute=1 rethrow=0 return_oop=0}
                      ; - (reexecute) jdk.internal.util.Preconditions::checkFromToIndex@6
                      ; - java.lang.String::checkBoundsBeginEnd@6
                      ; - java.lang.String::substring@8
                      ; - java.net.URLClassLoader::defineClass@28
  0x0000025edf0dcd5c: a074 27ff 

  0x0000025edf0dcd60: ;   {other}
  0x0000025edf0dcd60: 0f1f 8400 | d02e 0043 | 498b d749 | ba00 2aeb | 2bff 7f00 | 0041 ffd2 

  0x0000025edf0dcd78: ;   {other}
  0x0000025edf0dcd78: 0f1f 8400 | 0000 0000 | e9db d9ff | ffba 45ff | ffff 488b | 6c24 584c | 8b54 2428 | 4c89 5424 
  0x0000025edf0dcd98: 204c 8b54 | 2430 4c89 | 5424 284c | 8b54 2438 | 4c89 5424 | 3044 8b54 | 2440 4489 | 5424 3848 
  0x0000025edf0dcdb8: 8944 2448 

  0x0000025edf0dcdbc: ;   {runtime_call UncommonTrapBlob}
  0x0000025edf0dcdbc: 6666 90e8 

  0x0000025edf0dcdc0: ; ImmutableOopMap {rbp=Oop [32]=Oop [40]=Oop [56]=NarrowOop [72]=Oop }
                      ;*ifnull {reexecute=1 rethrow=0 return_oop=0}
                      ; - (reexecute) java.net.URLClassLoader::defineClass@139
  0x0000025edf0dcdc0: 3c74 27ff 

  0x0000025edf0dcdc4: ;   {other}
  0x0000025edf0dcdc4: 0f1f 8400 | 342f 0044 | ba45 ffff | ff48 8b6c | 2458 4c8b | 5424 284c | 8954 2420 | 4c8b 5424 
  0x0000025edf0dcde4: 384c 8954 | 2428 4489 

  0x0000025edf0dcdec: ;   {runtime_call UncommonTrapBlob}
  0x0000025edf0dcdec: 5c24 34e8 

  0x0000025edf0dcdf0: ; ImmutableOopMap {rbp=Oop [32]=Oop [52]=NarrowOop [72]=Oop [80]=Oop [104]=Oop }
                      ;*ifnull {reexecute=1 rethrow=0 return_oop=0}
                      ; - (reexecute) java.security.CodeSource::<init>@25
                      ; - java.net.URLClassLoader::defineClass@198
  0x0000025edf0dcdf0: 0c74 27ff 

  0x0000025edf0dcdf4: ;   {other}
  0x0000025edf0dcdf4: 0f1f 8400 | 642f 0045 | ba45 ffff | ff44 8944 

  0x0000025edf0dce04: ;   {runtime_call UncommonTrapBlob}
  0x0000025edf0dce04: 244c 90e8 

  0x0000025edf0dce08: ; ImmutableOopMap {rbp=NarrowOop [40]=Oop [76]=NarrowOop [80]=Oop [88]=Oop [104]=Oop }
                      ;*ifnull {reexecute=1 rethrow=0 return_oop=0}
                      ; - (reexecute) java.nio.Buffer::session@4
                      ; - java.nio.DirectLongBufferU::get@4
                      ; - jdk.internal.perf.PerfCounter::get@5
                      ; - jdk.internal.perf.PerfCounter::add@1
                      ; - jdk.internal.perf.PerfCounter::addElapsedTimeFrom@6
                      ; - java.net.URLClassLoader::defineClass@207
  0x0000025edf0dce08: f473 27ff 

  0x0000025edf0dce0c: ;   {other}
  0x0000025edf0dce0c: 0f1f 8400 | 7c2f 0046 | ba45 ffff | ff44 8974 | 2440 4489 | 5424 5044 | 8954 2454 

  0x0000025edf0dce28: ;   {runtime_call UncommonTrapBlob}
  0x0000025edf0dce28: 6666 90e8 

  0x0000025edf0dce2c: ; ImmutableOopMap {[40]=Oop [48]=Oop [64]=NarrowOop [88]=Oop }
                      ;*if_icmple {reexecute=1 rethrow=0 return_oop=0}
                      ; - (reexecute) jdk.internal.util.Preconditions::checkFromToIndex@11
                      ; - java.lang.String::checkBoundsBeginEnd@6
                      ; - java.lang.String::substring@8
                      ; - java.net.URLClassLoader::defineClass@28
  0x0000025edf0dce2c: d073 27ff 

  0x0000025edf0dce30: ;   {other}
  0x0000025edf0dce30: 0f1f 8400 | a02f 0047 | ba45 ffff | ff48 8b6c | 2458 4c8b | 5424 284c | 8954 2420 | 4c8b 5424 
  0x0000025edf0dce50: 384c 8954 | 2428 448b | 5424 4044 | 8954 2430 | 4c8b 5424 | 504c 8954 | 2440 4889 | 4424 5044 
  0x0000025edf0dce70: 8944 2458 

  0x0000025edf0dce74: ;   {runtime_call UncommonTrapBlob}
  0x0000025edf0dce74: 6666 90e8 

  0x0000025edf0dce78: ; ImmutableOopMap {rbp=Oop [32]=Oop [48]=NarrowOop [64]=Oop [80]=Oop }
                      ;*ifgt {reexecute=1 rethrow=0 return_oop=0}
                      ; - (reexecute) java.util.zip.CRC32::updateBytesCheck@1
                      ; - java.util.zip.CRC32::updateBytes@3
                      ; - java.util.zip.CRC32::update@31
                      ; - java.util.zip.Checksum::update@5
                      ; - jdk.internal.loader.URLClassPath$JarLoader$2::getBytes@15
                      ; - java.net.URLClassLoader::defineClass@179
  0x0000025edf0dce78: 8473 27ff 

  0x0000025edf0dce7c: ;   {other}
  0x0000025edf0dce7c: 0f1f 8400 | ec2f 0048 | 4d3b dabd | ffff ffff | 7c08 400f | 95c5 400f | b6ed ba45 | ffff ff4c 
  0x0000025edf0dce9c: 8b54 2438 | 4c89 5424 | 3044 8b54 | 2440 4489 | 5424 384c | 8944 2448 | 4889 5c24 

  0x0000025edf0dceb8: ;   {runtime_call UncommonTrapBlob}
  0x0000025edf0dceb8: 5066 90e8 

  0x0000025edf0dcebc: ; ImmutableOopMap {[40]=Oop [56]=NarrowOop [72]=Oop [80]=Oop [88]=Oop }
                      ;*ifeq {reexecute=1 rethrow=0 return_oop=0}
                      ; - (reexecute) jdk.internal.loader.URLClassPath$JarLoader$2::getBytes@30
                      ; - java.net.URLClassLoader::defineClass@179
  0x0000025edf0dcebc: 4073 27ff 

  0x0000025edf0dcec0: ;   {other}
  0x0000025edf0dcec0: 0f1f 8400 | 3030 0049 | ba76 ffff | ff4c 8b54 | 2458 4c89 | 5424 204c | 8b94 2488 | 0000 0048 
  0x0000025edf0dcee0: ff74 2470 | 488f 4424 | 504c 8954 | 2458 4c8b | 9424 8800 | 0000 4c89 | 5424 7844 | 8984 2480 
  0x0000025edf0dcf00: 0000 004c | 898c 2488 

  0x0000025edf0dcf08: ;   {runtime_call UncommonTrapBlob}
  0x0000025edf0dcf08: 0000 00e8 

  0x0000025edf0dcf0c: ; ImmutableOopMap {[32]=Oop [40]=Oop [48]=Oop [64]=NarrowOop [80]=Oop [88]=Oop [96]=Oop [120]=Oop [136]=Oop [148]=NarrowOop [184]=NarrowOop }
                      ;*if_icmpge {reexecute=1 rethrow=0 return_oop=0}
                      ; - (reexecute) java.lang.StringLatin1::replace@61
                      ; - java.lang.String::replace@18
                      ; - java.net.URLClassLoader::isSealed@9
                      ; - java.net.URLClassLoader::getAndVerifyPackage@68
                      ; - java.net.URLClassLoader::defineClass@46
  0x0000025edf0dcf0c: f072 27ff 

  0x0000025edf0dcf10: ;   {other}
  0x0000025edf0dcf10: 0f1f 8400 | 8030 004a | b901 0000 | 00e9 2ddd | ffff 33ed | 4585 db40 | 0f95 c5ba | 45ff ffff 
  0x0000025edf0dcf30: ;   {runtime_call UncommonTrapBlob}
  0x0000025edf0dcf30: 6666 90e8 

  0x0000025edf0dcf34: ; ImmutableOopMap {[40]=Oop [48]=Oop [64]=NarrowOop [88]=Oop [96]=Oop [112]=Oop [136]=Oop }
                      ;*ifne {reexecute=1 rethrow=0 return_oop=0}
                      ; - (reexecute) java.lang.Package::isSealed@7
                      ; - java.net.URLClassLoader::getAndVerifyPackage@14
                      ; - java.net.URLClassLoader::defineClass@46
  0x0000025edf0dcf34: c872 27ff 

  0x0000025edf0dcf38: ;   {other}
  0x0000025edf0dcf38: 0f1f 8400 | a830 004b | ba45 ffff | ff48 8b6c | 2458 4c8b | 5424 284c | 8954 2420 | 4c8b 5424 
  0x0000025edf0dcf58: 304c 8954 | 2428 4c8b | 5424 384c | 8954 2430 | 448b 5c24 | 4044 895c 

  0x0000025edf0dcf70: ;   {runtime_call UncommonTrapBlob}
  0x0000025edf0dcf70: 2438 90e8 

  0x0000025edf0dcf74: ; ImmutableOopMap {rbp=Oop [32]=Oop [40]=Oop [56]=NarrowOop [112]=Oop [136]=Oop }
                      ;*ifeq {reexecute=1 rethrow=0 return_oop=0}
                      ; - (reexecute) java.net.URLClassLoader::getAndVerifyPackage@71
                      ; - java.net.URLClassLoader::defineClass@46
  0x0000025edf0dcf74: 8872 27ff 

  0x0000025edf0dcf78: ;   {other}
  0x0000025edf0dcf78: 0f1f 8400 | e830 004c | ba45 ffff 

  0x0000025edf0dcf84: ;   {runtime_call UncommonTrapBlob}
  0x0000025edf0dcf84: ff66 90e8 

  0x0000025edf0dcf88: ; ImmutableOopMap {rbp=NarrowOop [40]=Oop [48]=Oop [64]=NarrowOop [88]=Oop [96]=Oop [112]=Oop [136]=Oop }
                      ;*ifnull {reexecute=1 rethrow=0 return_oop=0}
                      ; - (reexecute) java.lang.Package::isSealed@17
                      ; - java.net.URLClassLoader::getAndVerifyPackage@14
                      ; - java.net.URLClassLoader::defineClass@46
  0x0000025edf0dcf88: 7472 27ff 

  0x0000025edf0dcf8c: ;   {other}
  0x0000025edf0dcf8c: 0f1f 8400 | fc30 004d | ba45 ffff | ff48 8b6c | 2458 4c8b | 5424 284c | 8954 2420 | 4c8b 5424 
  0x0000025edf0dcfac: 304c 8954 | 2428 4c8b | 5424 384c | 8954 2430 | 448b 4424 | 4044 8944 | 2438 48ff | 7424 7048 
  0x0000025edf0dcfcc: 8f44 2448 | 4c8b 5424 | 604c 8954 | 2458 4489 | 5c24 3c48 | 8974 2470 | 8944 2478 

  0x0000025edf0dcfe8: ;   {runtime_call UncommonTrapBlob}
  0x0000025edf0dcfe8: 6666 90e8 

  0x0000025edf0dcfec: ; ImmutableOopMap {rbp=Oop [32]=Oop [40]=Oop [56]=NarrowOop [60]=NarrowOop [72]=Oop [88]=Oop [112]=Oop [136]=Oop }
                      ;*iflt {reexecute=1 rethrow=0 return_oop=0}
                      ; - (reexecute) java.lang.StringConcatHelper::checkOverflow@2
                      ; - java.lang.StringConcatHelper::mix@23
                      ; - java.lang.StringConcatHelper::simpleConcat@46
                      ; - java.lang.String::concat@11
                      ; - java.net.URLClassLoader::isSealed@15
                      ; - java.net.URLClassLoader::getAndVerifyPackage@68
                      ; - java.net.URLClassLoader::defineClass@46
  0x0000025edf0dcfec: 1072 27ff 

  0x0000025edf0dcff0: ;   {other}
  0x0000025edf0dcff0: 0f1f 8400 | 6031 004e | ba45 ffff | ff48 8b6c | 2458 4c8b | 5424 284c | 8954 2420 | 4c8b 5424 
  0x0000025edf0dd010: 304c 8954 | 2428 4c8b | 5424 384c | 8954 2430 | 448b 5424 | 4044 8954 | 2438 48ff | 7424 7048 
  0x0000025edf0dd030: 8f44 2448 | 4c8b 5424 | 604c 8954 | 2458 4489 | 5c24 3c48 | 8974 2470 | 4489 4c24 

  0x0000025edf0dd04c: ;   {runtime_call UncommonTrapBlob}
  0x0000025edf0dd04c: 7866 90e8 

  0x0000025edf0dd050: ; ImmutableOopMap {rbp=Oop [32]=Oop [40]=Oop [56]=NarrowOop [60]=NarrowOop [72]=Oop [88]=Oop [112]=Oop [136]=Oop }
                      ;*iflt {reexecute=1 rethrow=0 return_oop=0}
                      ; - (reexecute) java.lang.StringConcatHelper::checkOverflow@2
                      ; - java.lang.StringConcatHelper::mix@23
                      ; - java.lang.StringConcatHelper::simpleConcat@54
                      ; - java.lang.String::concat@11
                      ; - java.net.URLClassLoader::isSealed@15
                      ; - java.net.URLClassLoader::getAndVerifyPackage@68
                      ; - java.net.URLClassLoader::defineClass@46
  0x0000025edf0dd050: ac71 27ff 

  0x0000025edf0dd054: ;   {other}
  0x0000025edf0dd054: 0f1f 8400 | c431 004f | ba45 ffff | ff48 8b6c | 2458 4c8b | 5424 284c | 8954 2420 | 4c8b 5424 
  0x0000025edf0dd074: 304c 8954 | 2428 4c8b | 5424 384c | 8954 2430 | 448b 4424 | 4044 8944 | 2438 4c8b | 5424 604c 
  0x0000025edf0dd094: 8954 2458 | 48ff 7424 | 7048 8f44 | 2460 48ff | 7424 7048 | 8f44 2468 | 4889 4424 | 7044 895c 
  0x0000025edf0dd0b4: ;   {runtime_call UncommonTrapBlob}
  0x0000025edf0dd0b4: 243c 90e8 

  0x0000025edf0dd0b8: ; ImmutableOopMap {rbp=Oop [32]=Oop [40]=Oop [56]=NarrowOop [88]=Oop [96]=Oop [104]=Oop [112]=Oop [136]=Oop }
                      ;*ifle {reexecute=1 rethrow=0 return_oop=0}
                      ; - (reexecute) java.util.HashMap::getNode@14
                      ; - java.util.HashMap::get@2
                      ; - java.util.jar.Manifest::getAttributes@5
                      ; - java.util.jar.Manifest::getTrustedAttributes@2
                      ; - java.util.jar.JavaUtilJarAccessImpl::getTrustedAttributes@2
                      ; - java.net.URLClassLoader::isSealed@18
                      ; - java.net.URLClassLoader::getAndVerifyPackage@68
                      ; - java.net.URLClassLoader::defineClass@46
  0x0000025edf0dd0b8: 4471 27ff 

  0x0000025edf0dd0bc: ;   {other}
  0x0000025edf0dd0bc: 0f1f 8400 | 2c32 0050 | ba45 ffff | ff4c 8b54 | 2458 4c89 | 5424 204c | 8944 2468 

  0x0000025edf0dd0d8: ;   {runtime_call UncommonTrapBlob}
  0x0000025edf0dd0d8: 6666 90e8 

  0x0000025edf0dd0dc: ; ImmutableOopMap {[32]=Oop [40]=Oop [48]=Oop [64]=NarrowOop [96]=Oop [104]=Oop [112]=Oop [136]=Oop }
                      ;*ifle {reexecute=1 rethrow=0 return_oop=0}
                      ; - (reexecute) java.util.HashMap::getNode@14
                      ; - java.util.LinkedHashMap::get@2
                      ; - java.util.jar.Attributes::get@5
                      ; - java.util.jar.Attributes::getValue@2
                      ; - java.net.URLClassLoader::isSealed@58
                      ; - java.net.URLClassLoader::getAndVerifyPackage@68
                      ; - java.net.URLClassLoader::defineClass@46
  0x0000025edf0dd0dc: 2071 27ff 

  0x0000025edf0dd0e0: ;   {other}
  0x0000025edf0dd0e0: 0f1f 8400 | 5032 0051 | ba3f 0000 | 0048 8b6c | 2458 4c8b | 5424 284c | 8954 2420 | 4c8b 5424 
  0x0000025edf0dd100: 304c 8954 | 2428 4c8b | 5424 384c | 8954 2430 | 448b 5c24 | 4044 895c | 2438 4c8b | 5424 604c 
  0x0000025edf0dd120: 8954 2458 

  0x0000025edf0dd124: ;   {runtime_call UncommonTrapBlob}
  0x0000025edf0dd124: 6666 90e8 

  0x0000025edf0dd128: ; ImmutableOopMap {rbp=Oop [32]=Oop [40]=Oop [56]=NarrowOop [88]=Oop [104]=Oop [112]=Oop [136]=Oop }
                      ;*new {reexecute=0 rethrow=0 return_oop=0}
                      ; - java.util.jar.Manifest::getTrustedAttributes@28
                      ; - java.util.jar.JavaUtilJarAccessImpl::getTrustedAttributes@2
                      ; - java.net.URLClassLoader::isSealed@18
                      ; - java.net.URLClassLoader::getAndVerifyPackage@68
                      ; - java.net.URLClassLoader::defineClass@46
  0x0000025edf0dd128: d470 27ff 

  0x0000025edf0dd12c: ;   {other}
  0x0000025edf0dd12c: 0f1f 8400 | 9c32 0052 | ba45 ffff | ff4c 8b54 | 2458 4c89 | 5424 2048 | ff74 2470 | 488f 4424 
  0x0000025edf0dd14c: 5044 895c | 2444 4889 | 7424 7844 | 898c 2480 

  0x0000025edf0dd15c: ;   {runtime_call UncommonTrapBlob}
  0x0000025edf0dd15c: 0000 00e8 

  0x0000025edf0dd160: ; ImmutableOopMap {[32]=Oop [40]=Oop [48]=Oop [64]=NarrowOop [68]=NarrowOop [80]=Oop [96]=Oop [120]=Oop [136]=Oop }
                      ;*ifge {reexecute=1 rethrow=0 return_oop=0}
                      ; - (reexecute) java.lang.StringConcatHelper::newArray@13
                      ; - java.lang.StringConcatHelper::simpleConcat@61
                      ; - java.lang.String::concat@11
                      ; - java.net.URLClassLoader::isSealed@15
                      ; - java.net.URLClassLoader::getAndVerifyPackage@68
                      ; - java.net.URLClassLoader::defineClass@46
  0x0000025edf0dd160: 9c70 27ff 

  0x0000025edf0dd164: ;   {other}
  0x0000025edf0dd164: 0f1f 8400 | d432 0053 | 4c8b 5424 | 5045 8b52 | 1045 85d2 | 0f84 88ee | ffff 4d8b | 5f28 498b 
  0x0000025edf0dd184: ca4d 85db | 0f84 7e03 | 0000 4d8b | 5738 4b89 | 4c1a f849 | 83c3 f84d | 895f 28e9 | 62ee ffff 
  0x0000025edf0dd1a4: 4963 c2e9 | 55d4 ffff | 4883 c0fe | 488b c849 | 8bfb 4833 | c048 83f9 | 087f 1048 | ffc9 7812 
  0x0000025edf0dd1c4: 4889 04cf | 48ff c97d | f7eb 0748 | c1e1 03f3 | 48aa e9e6 | d4ff ffba | ccff ffff | 488b 6c24 
  0x0000025edf0dd1e4: 584c 8b5c | 2428 4c89 | 5c24 2048 | 8974 2428 | 4c8b 5c24 | 384c 895c | 2430 4489 | 7424 3844 
  0x0000025edf0dd204: 8954 2440 | 4889 5c24 | 5044 8944 

  0x0000025edf0dd210: ;   {runtime_call UncommonTrapBlob}
  0x0000025edf0dd210: 2444 90e8 

  0x0000025edf0dd214: ; ImmutableOopMap {rbp=Oop [32]=Oop [40]=Oop [56]=NarrowOop [68]=NarrowOop [80]=Oop }
                      ;*newarray {reexecute=1 rethrow=0 return_oop=0}
                      ; - (reexecute) java.util.Arrays::copyOfRangeByte@10
                      ; - java.util.Arrays::copyOfRange@13
                      ; - java.lang.StringLatin1::newString@16
                      ; - java.lang.String::substring@41
                      ; - java.net.URLClassLoader::defineClass@28
  0x0000025edf0dd214: e86f 27ff 

  0x0000025edf0dd218: ;   {other}
  0x0000025edf0dd218: 0f1f 8400 | 8833 0054 | ba45 ffff | ff48 8b6c | 2458 4c8b | 5424 284c | 8954 2420 | 4c8b 5424 
  0x0000025edf0dd238: 304c 8954 | 2428 4c8b | 5424 384c | 8954 2430 | 448b 5c24 | 4044 895c | 2438 4c8b | 5424 604c 
  0x0000025edf0dd258: 8954 2458 | 4889 4424 

  0x0000025edf0dd260: ;   {runtime_call UncommonTrapBlob}
  0x0000025edf0dd260: 6866 90e8 

  0x0000025edf0dd264: ; ImmutableOopMap {rbp=Oop [32]=Oop [40]=Oop [56]=NarrowOop [88]=Oop [104]=Oop [112]=Oop [136]=Oop }
                      ;*ifnonnull {reexecute=1 rethrow=0 return_oop=0}
                      ; - (reexecute) java.net.URLClassLoader::isSealed@42
                      ; - java.net.URLClassLoader::getAndVerifyPackage@68
                      ; - java.net.URLClassLoader::defineClass@46
  0x0000025edf0dd264: 986f 27ff 

  0x0000025edf0dd268: ;   {other}
  0x0000025edf0dd268: 0f1f 8400 | d833 0055 | 4d85 c90f | 85e1 efff | ffe9 ffe1 | ffff 488b | 7c24 2044 | 8b57 5c45 
  0x0000025edf0dd288: 85d2 0f84 | 87ef ffff | 4d8b 5f28 | 498b ca4d | 85db 0f84 | 2003 0000 | 4d8b 5738 | 4b89 4c1a 
  0x0000025edf0dd2a8: f849 83c3 | f84d 895f | 28e9 61ef | ffff 4d8b | 5758 4d8b | 5f48 f083 | 4424 c000 | 8039 0074 
  0x0000025edf0dd2c8: 2f44 8821 | 4d85 db74 | 0f4b 894c | 1af8 4983 | c3f8 4d89 | 5f48 eb18 | 498b d749 | bae0 29eb 
  0x0000025edf0dd2e8: 2bff 7f00 | 0041 ffd2 

  0x0000025edf0dd2f0: ;   {other}
  0x0000025edf0dd2f0: 0f1f 8400 | 0000 0000 | 448b 475c | 4585 c00f | 8555 efff | ffe9 73e1 | ffff 4889 | 7c24 2044 
  0x0000025edf0dd310: 8944 2434 

  0x0000025edf0dd314: ;   {metadata('java/security/CodeSigner'[])}
  0x0000025edf0dd314: 48ba f8fc | 6700 0100 | 0000 458b 

  0x0000025edf0dd320: ;   {runtime_call _new_array_Java}
  0x0000025edf0dd320: c166 90e8 

  0x0000025edf0dd324: ; ImmutableOopMap {rbp=Oop [40]=Oop [52]=NarrowOop [64]=NarrowOop [88]=Oop [104]=Oop }
                      ;*invokevirtual clone {reexecute=1 rethrow=0 return_oop=1}
                      ; - (reexecute) java.util.jar.JarFile$JarFileEntry::getCodeSigners@70
                      ; - jdk.internal.loader.URLClassPath$JarLoader$2::getCodeSigners@4
                      ; - java.net.URLClassLoader::defineClass@185
  0x0000025edf0dd324: d889 29ff 

  0x0000025edf0dd328: ;   {other}
  0x0000025edf0dd328: 0f1f 8400 | 9834 0056 | 448b 4424 | 3448 8b7c | 2420 488b | d8e9 89ef | ffff 498b | e94c 8b5c 
  0x0000025edf0dd348: 2450 4c89 | 5c24 4048 | ff74 2448 | 488f 4424 

  0x0000025edf0dd358: ;   {metadata('java/security/CodeSigner'[])}
  0x0000025edf0dd358: 3048 baf8 | fc67 0001 | 0000 0044 

  0x0000025edf0dd364: ;   {runtime_call _new_array_Java}
  0x0000025edf0dd364: 8bc1 90e8 

  0x0000025edf0dd368: ; ImmutableOopMap {[40]=Oop [48]=Oop [64]=Oop [80]=Oop [88]=Oop [104]=Oop }
                      ;*invokevirtual clone {reexecute=1 rethrow=0 return_oop=1}
                      ; - (reexecute) java.security.CodeSource::<init>@42
                      ; - java.net.URLClassLoader::defineClass@198
  0x0000025edf0dd368: 9489 29ff 

  0x0000025edf0dd36c: ;   {other}
  0x0000025edf0dd36c: 0f1f 8400 | dc34 0057 | 4c8b 4424 | 304c 8bcd | 488b d8e9 | 49ec ffff 

  0x0000025edf0dd384: ;   {metadata('java/lang/String')}
  0x0000025edf0dd384: 48ba 9020 | 0400 0100 | 0000 4c89 | 8424 a000 

  0x0000025edf0dd394: ;   {runtime_call _new_instance_Java}
  0x0000025edf0dd394: 0000 90e8 

  0x0000025edf0dd398: ; ImmutableOopMap {rbp=NarrowOop [32]=Oop [40]=Oop [48]=Oop [64]=NarrowOop [88]=Oop [96]=Oop [112]=Oop [120]=NarrowOop [136]=Oop [160]=Oop }
                      ;*new {reexecute=0 rethrow=0 return_oop=1}
                      ; - java.lang.StringConcatHelper::newString@24
                      ; - java.lang.StringConcatHelper::simpleConcat@90
                      ; - java.lang.String::concat@11
                      ; - java.net.URLClassLoader::isSealed@15
                      ; - java.net.URLClassLoader::getAndVerifyPackage@68
                      ; - java.net.URLClassLoader::defineClass@46
  0x0000025edf0dd398: 648c 29ff 

  0x0000025edf0dd39c: ;   {other}
  0x0000025edf0dd39c: 0f1f 8400 | 0c35 0058 | e90d f0ff | ffba c6ff | ffff 488b | 6c24 584c | 8b5c 2428 | 4c89 5c24 
  0x0000025edf0dd3bc: 204c 8b5c | 2438 4c89 | 5c24 3044 | 8954 2438 | 4889 7424 

  0x0000025edf0dd3d0: ;   {runtime_call UncommonTrapBlob}
  0x0000025edf0dd3d0: 4066 90e8 

  0x0000025edf0dd3d4: ; ImmutableOopMap {rbp=Oop [32]=Oop [64]=Oop }
                      ;*invokevirtual getCodeSourceURL {reexecute=0 rethrow=0 return_oop=0}
                      ; - java.net.URLClassLoader::defineClass@13
  0x0000025edf0dd3d4: 286e 27ff 

  0x0000025edf0dd3d8: ;   {other}
  0x0000025edf0dd3d8: 0f1f 8400 | 4835 0059 | bac6 ffff | ff48 8b6c | 2458 4c8b | 5424 284c | 8954 2420 | 4c8b 5424 
  0x0000025edf0dd3f8: 384c 8954 | 2430 4489 | 7424 3848 | 8974 2448 

  0x0000025edf0dd408: ;   {runtime_call UncommonTrapBlob}
  0x0000025edf0dd408: 6666 90e8 

  0x0000025edf0dd40c: ; ImmutableOopMap {rbp=Oop [32]=Oop [56]=NarrowOop [72]=Oop [136]=Oop }
                      ;*invokevirtual getManifest {reexecute=0 rethrow=0 return_oop=0}
                      ; - java.net.URLClassLoader::defineClass@34
  0x0000025edf0dd40c: f06d 27ff 

  0x0000025edf0dd410: ;   {other}
  0x0000025edf0dd410: 0f1f 8400 | 8035 005a | baf6 ffff | ff4c 8b54 | 2428 4c89 | 5424 204c | 8b54 2430 | 4c89 5424 
  0x0000025edf0dd430: 284c 8b54 | 2438 4c89 | 5424 3044 | 8b54 2440 | 4489 5424 

  0x0000025edf0dd444: ;   {runtime_call UncommonTrapBlob}
  0x0000025edf0dd444: 3866 90e8 

  0x0000025edf0dd448: ; ImmutableOopMap {rbp=Oop [32]=Oop [40]=Oop [56]=NarrowOop [112]=Oop [136]=Oop }
                      ;*arraylength {reexecute=0 rethrow=0 return_oop=0}
                      ; - java.lang.String::length@4
                      ; - java.lang.StringConcatHelper::prepend@2
                      ; - java.lang.StringConcatHelper::simpleConcat@81
                      ; - java.lang.String::concat@11
                      ; - java.net.URLClassLoader::isSealed@15
                      ; - java.net.URLClassLoader::getAndVerifyPackage@68
                      ; - java.net.URLClassLoader::defineClass@46
  0x0000025edf0dd448: b46d 27ff 

  0x0000025edf0dd44c: ;   {other}
  0x0000025edf0dd44c: 0f1f 8400 | bc35 005b | ba66 ffff | ff48 8b6c | 2458 4c8b | 5424 284c | 8954 2420 | 4c8b 5424 
  0x0000025edf0dd46c: 384c 8954 | 2428 448b | 5c24 4044 | 895c 2430 

  0x0000025edf0dd47c: ;   {runtime_call UncommonTrapBlob}
  0x0000025edf0dd47c: 6666 90e8 

  0x0000025edf0dd480: ; ImmutableOopMap {rbp=Oop [32]=Oop [48]=NarrowOop [72]=Oop [80]=NarrowOop [136]=Oop }
                      ;*invokevirtual getManifest {reexecute=0 rethrow=0 return_oop=0}
                      ; - java.util.jar.JarFile::maybeInstantiateVerifier@31
                      ; - java.util.jar.JarFile::ensureInitialization@1
                      ; - java.util.jar.JavaUtilJarAccessImpl::ensureInitialization@1
                      ; - jdk.internal.loader.URLClassPath$JarLoader$2::getManifest@10
                      ; - java.net.URLClassLoader::defineClass@34
  0x0000025edf0dd480: 7c6d 27ff 

  0x0000025edf0dd484: ;   {other}
  0x0000025edf0dd484: 0f1f 8400 | f435 005c | bade ffff | ff4c 8b54 | 2438 4c89 | 5424 3044 | 8b5c 2440 | 4489 5c24 
  0x0000025edf0dd4a4: ;   {runtime_call UncommonTrapBlob}
  0x0000025edf0dd4a4: 3866 90e8 

  0x0000025edf0dd4a8: ; ImmutableOopMap {rbp=NarrowOop [40]=Oop [56]=NarrowOop [80]=Oop [88]=Oop [104]=Oop }
                      ;*invokevirtual getManifest {reexecute=0 rethrow=0 return_oop=0}
                      ; - java.util.jar.JarFile::maybeInstantiateVerifier@31
                      ; - java.util.jar.JarFile$JarFileEntry::getCodeSigners@4
                      ; - jdk.internal.loader.URLClassPath$JarLoader$2::getCodeSigners@4
                      ; - java.net.URLClassLoader::defineClass@185
  0x0000025edf0dd4a8: 546d 27ff 

  0x0000025edf0dd4ac: ;   {other}
  0x0000025edf0dd4ac: 0f1f 8400 | 1c36 005d | ba70 0000 | 0048 8b6c | 2458 4c8b | 5424 284c | 8954 2420 | 4c8b 5424 
  0x0000025edf0dd4cc: 304c 8954 | 2428 4c8b | 5424 384c | 8954 2430 | 448b 5424 | 4044 8954 | 2438 4c8b | 5424 704c 
  0x0000025edf0dd4ec: 8954 2448 | 4c8b 5424 | 604c 8954 | 2458 4c89 

  0x0000025edf0dd4fc: ;   {runtime_call UncommonTrapBlob}
  0x0000025edf0dd4fc: 4c24 70e8 

  0x0000025edf0dd500: ; ImmutableOopMap {rbp=Oop [32]=Oop [40]=Oop [56]=NarrowOop [72]=Oop [88]=Oop [120]=NarrowOop [136]=Oop }
                      ;*new {reexecute=0 rethrow=0 return_oop=0}
                      ; - java.lang.StringConcatHelper::newString@34
                      ; - java.lang.StringConcatHelper::simpleConcat@90
                      ; - java.lang.String::concat@11
                      ; - java.net.URLClassLoader::isSealed@15
                      ; - java.net.URLClassLoader::getAndVerifyPackage@68
                      ; - java.net.URLClassLoader::defineClass@46
  0x0000025edf0dd500: fc6c 27ff 

  0x0000025edf0dd504: ;   {other}
  0x0000025edf0dd504: 0f1f 8400 | 7436 005e | 498b d749 | ba00 2aeb | 2bff 7f00 | 0041 ffd2 

  0x0000025edf0dd51c: ;   {other}
  0x0000025edf0dd51c: 0f1f 8400 | 0000 0000 | e9dd eaff | ffba ceff | ffff 488b | 4c24 5848 | 8be9 48ff | 7424 2848 
  0x0000025edf0dd53c: 8f44 2420 | 48ff 7424 | 3048 8f44 | 2428 48ff | 7424 3848 | 8f44 2430 | 4889 4424 | f88b 4424 
  0x0000025edf0dd55c: 4089 4424 | 3848 8b44 | 24f8 488b | 4c24 7048 | 894c 2448 | 488b 8c24 | 8800 0000 | 4889 4c24 
  0x0000025edf0dd57c: 5048 8b4c | 2460 4889 | 4c24 588b | 4c24 7889 | 4c24 3c4c | 894c 2478 | 4489 9c24 | 8000 0000 
  0x0000025edf0dd59c: 4c89 8424 | 8800 0000 | 899c 2484 | 0000 0044 | 8994 2490 

  0x0000025edf0dd5b0: ;   {runtime_call UncommonTrapBlob}
  0x0000025edf0dd5b0: 0000 00e8 

  0x0000025edf0dd5b4: ; ImmutableOopMap {rbp=Oop [32]=Oop [40]=Oop [56]=NarrowOop [60]=NarrowOop [72]=Oop [80]=Oop [88]=Oop [128]=NarrowOop [136]=Oop }
                      ;*invokestatic inflate {reexecute=0 rethrow=0 return_oop=0}
                      ; - java.lang.String::getBytes@40
                      ; - java.lang.StringConcatHelper::prepend@21
                      ; - java.lang.StringConcatHelper::simpleConcat@81
                      ; - java.lang.String::concat@11
                      ; - java.net.URLClassLoader::isSealed@15
                      ; - java.net.URLClassLoader::getAndVerifyPackage@68
                      ; - java.net.URLClassLoader::defineClass@46
  0x0000025edf0dd5b4: 486c 27ff 

  0x0000025edf0dd5b8: ;   {other}
  0x0000025edf0dd5b8: 0f1f 8400 | 2837 005f | 498b d749 | ba00 2aeb | 2bff 7f00 | 0041 ffd2 

  0x0000025edf0dd5d0: ;   {other}
  0x0000025edf0dd5d0: 0f1f 8400 | 0000 0000 | e93a ecff | ffba deff | ffff 4c8b | 5424 584c | 8954 2420 | 4889 7c24 
  0x0000025edf0dd5f0: ;   {runtime_call UncommonTrapBlob}
  0x0000025edf0dd5f0: 7866 90e8 

  0x0000025edf0dd5f4: ; ImmutableOopMap {rbp=NarrowOop [32]=Oop [40]=Oop [48]=Oop [64]=NarrowOop [96]=Oop [112]=Oop [120]=Oop [136]=Oop }
                      ;*checkcast {reexecute=0 rethrow=0 return_oop=0}
                      ; - java.util.jar.Manifest::getAttributes@10
                      ; - java.util.jar.Manifest::getTrustedAttributes@2
                      ; - java.util.jar.JavaUtilJarAccessImpl::getTrustedAttributes@2
                      ; - java.net.URLClassLoader::isSealed@18
                      ; - java.net.URLClassLoader::getAndVerifyPackage@68
                      ; - java.net.URLClassLoader::defineClass@46
  0x0000025edf0dd5f4: 086c 27ff 

  0x0000025edf0dd5f8: ;   {other}
  0x0000025edf0dd5f8: 0f1f 8400 | 6837 0060 | bade ffff | ff4c 8b54 | 2458 4c89 

  0x0000025edf0dd60c: ;   {runtime_call UncommonTrapBlob}
  0x0000025edf0dd60c: 5424 20e8 

  0x0000025edf0dd610: ; ImmutableOopMap {rbp=NarrowOop [32]=Oop [40]=Oop [48]=Oop [64]=NarrowOop [96]=Oop [112]=Oop [136]=Oop }
                      ;*checkcast {reexecute=0 rethrow=0 return_oop=0}
                      ; - java.util.jar.Attributes::getValue@5
                      ; - java.net.URLClassLoader::isSealed@58
                      ; - java.net.URLClassLoader::getAndVerifyPackage@68
                      ; - java.net.URLClassLoader::defineClass@46
  0x0000025edf0dd610: ec6b 27ff 

  0x0000025edf0dd614: ;   {other}
  0x0000025edf0dd614: 0f1f 8400 | 8437 0061 | baf6 ffff | ff48 8b6c 

  0x0000025edf0dd624: ;   {runtime_call UncommonTrapBlob}
  0x0000025edf0dd624: 2458 90e8 

  0x0000025edf0dd628: ; ImmutableOopMap {rbp=Oop [48]=Oop }
                      ;*invokevirtual lastIndexOf {reexecute=0 rethrow=0 return_oop=0}
                      ; - java.net.URLClassLoader::defineClass@7
  0x0000025edf0dd628: d46b 27ff 

  0x0000025edf0dd62c: ;   {other}
  0x0000025edf0dd62c: 0f1f 8400 | 9c37 0062 | baf6 ffff | ff48 8b6c | 2458 4c89 | 5424 204c | 8b54 2430 | 4c89 5424 
  0x0000025edf0dd64c: ;   {runtime_call UncommonTrapBlob}
  0x0000025edf0dd64c: 2866 90e8 

  0x0000025edf0dd650: ; ImmutableOopMap {rbp=Oop [32]=Oop [40]=Oop }
                      ;*arraylength {reexecute=0 rethrow=0 return_oop=0}
                      ; - java.lang.String::length@4
                      ; - java.lang.String::lastIndexOf@3
                      ; - java.net.URLClassLoader::defineClass@7
  0x0000025edf0dd650: ac6b 27ff 

  0x0000025edf0dd654: ;   {other}
  0x0000025edf0dd654: 0f1f 8400 | c437 0063 | baf6 ffff | ff48 8b6c | 2458 4c8b | 5c24 284c | 895c 2420 | 4489 5424 
  0x0000025edf0dd674: ;   {runtime_call UncommonTrapBlob}
  0x0000025edf0dd674: 3066 90e8 

  0x0000025edf0dd678: ; ImmutableOopMap {rbp=Oop [32]=Oop }
                      ;*invokevirtual getCodeSourceURL {reexecute=0 rethrow=0 return_oop=0}
                      ; - java.net.URLClassLoader::defineClass@13
  0x0000025edf0dd678: 846b 27ff 

  0x0000025edf0dd67c: ;   {other}
  0x0000025edf0dd67c: 0f1f 8400 | ec37 0064 | baf6 ffff | ff48 8b6c | 2458 4c8b | 5424 284c | 8954 2420 

  0x0000025edf0dd698: ;   {runtime_call UncommonTrapBlob}
  0x0000025edf0dd698: 6666 90e8 

  0x0000025edf0dd69c: ; ImmutableOopMap {rbp=Oop [32]=Oop [80]=Oop [104]=Oop }
                      ;*invokevirtual get {reexecute=0 rethrow=0 return_oop=0}
                      ; - jdk.internal.perf.PerfCounter::get@5
                      ; - jdk.internal.perf.PerfCounter::add@1
                      ; - jdk.internal.perf.PerfCounter::addElapsedTimeFrom@6
                      ; - java.net.URLClassLoader::defineClass@207
  0x0000025edf0dd69c: 606b 27ff 

  0x0000025edf0dd6a0: ;   {other}
  0x0000025edf0dd6a0: 0f1f 8400 | 1038 0065 | baf6 ffff | ff48 8b6c | 2458 4c8b | 5424 284c | 8954 2420 

  0x0000025edf0dd6bc: ;   {runtime_call UncommonTrapBlob}
  0x0000025edf0dd6bc: 6666 90e8 

  0x0000025edf0dd6c0: ; ImmutableOopMap {rbp=Oop [32]=Oop [80]=Oop }
                      ;*arraylength {reexecute=0 rethrow=0 return_oop=0}
                      ; - java.net.URLClassLoader::defineClass@217
  0x0000025edf0dd6c0: 3c6b 27ff 

  0x0000025edf0dd6c4: ;   {other}
  0x0000025edf0dd6c4: 0f1f 8400 | 3438 0066 | baf6 ffff | ff48 8b6c | 2458 4c8b | 5424 284c | 8954 2420 | 4889 7424 
  0x0000025edf0dd6e4: 284c 8b54 | 2438 4c89 | 5424 3044 | 8974 2438 

  0x0000025edf0dd6f4: ;   {runtime_call UncommonTrapBlob}
  0x0000025edf0dd6f4: 6666 90e8 

  0x0000025edf0dd6f8: ; ImmutableOopMap {rbp=Oop [32]=Oop [40]=Oop [56]=NarrowOop }
                      ;*arraylength {reexecute=0 rethrow=0 return_oop=0}
                      ; - java.lang.String::length@4
                      ; - java.lang.String::substring@1
                      ; - java.net.URLClassLoader::defineClass@28
  0x0000025edf0dd6f8: 046b 27ff 

  0x0000025edf0dd6fc: ;   {other}
  0x0000025edf0dd6fc: 0f1f 8400 | 6c38 0067 | baf6 ffff | ff48 8b6c | 2458 4c8b | 4424 284c | 8944 2420 | 4c8b 4424 
  0x0000025edf0dd71c: 384c 8944 | 2428 4489 | 5424 304c | 895c 2438 

  0x0000025edf0dd72c: ;   {runtime_call UncommonTrapBlob}
  0x0000025edf0dd72c: 6666 90e8 

  0x0000025edf0dd730: ; ImmutableOopMap {rbp=Oop [32]=Oop [56]=Oop }
                      ;*getfield csu {reexecute=1 rethrow=0 return_oop=0}
                      ; - (reexecute) jdk.internal.loader.URLClassPath$JarLoader$2::getCodeSourceURL@4
                      ; - java.net.URLClassLoader::defineClass@13
  0x0000025edf0dd730: cc6a 27ff 

  0x0000025edf0dd734: ;   {other}
  0x0000025edf0dd734: 0f1f 8400 | a438 0068 | baf6 ffff | ff48 8b6c | 2458 4c8b | 5424 284c | 8954 2420 | 4c8b 5424 
  0x0000025edf0dd754: 384c 8954 | 2428 4489 | 7424 304c | 896c 2440 

  0x0000025edf0dd764: ;   {runtime_call UncommonTrapBlob}
  0x0000025edf0dd764: 6666 90e8 

  0x0000025edf0dd768: ; ImmutableOopMap {rbp=Oop [32]=Oop [48]=NarrowOop [64]=Oop [136]=Oop }
                      ;*getfield jar {reexecute=1 rethrow=0 return_oop=0}
                      ; - (reexecute) jdk.internal.loader.URLClassPath$JarLoader$2::getManifest@7
                      ; - java.net.URLClassLoader::defineClass@34
  0x0000025edf0dd768: 946a 27ff 

  0x0000025edf0dd76c: ;   {other}
  0x0000025edf0dd76c: 0f1f 8400 | dc38 0069 | baf6 ffff | ff48 8b6c | 2458 4c8b | 5424 284c | 8954 2420 | 4c8b 5424 
  0x0000025edf0dd78c: 384c 8954 | 2428 4489 | 7424 304c | 896c 2440 

  0x0000025edf0dd79c: ;   {runtime_call UncommonTrapBlob}
  0x0000025edf0dd79c: 6666 90e8 

  0x0000025edf0dd7a0: ; ImmutableOopMap {rbp=Oop [32]=Oop [48]=NarrowOop [64]=Oop [136]=Oop }
                      ;*invokevirtual ensureInitialization {reexecute=0 rethrow=0 return_oop=0}
                      ; - java.util.jar.JavaUtilJarAccessImpl::ensureInitialization@1
                      ; - jdk.internal.loader.URLClassPath$JarLoader$2::getManifest@10
                      ; - java.net.URLClassLoader::defineClass@34
  0x0000025edf0dd7a0: 5c6a 27ff 

  0x0000025edf0dd7a4: ;   {other}
  0x0000025edf0dd7a4: 0f1f 8400 | 1439 006a | baf6 ffff | ff48 8b6c | 2458 4c8b | 5424 284c | 8954 2420 | 4c8b 5424 
  0x0000025edf0dd7c4: 384c 8954 | 2428 4489 | 7424 304c | 896c 2440 

  0x0000025edf0dd7d4: ;   {runtime_call UncommonTrapBlob}
  0x0000025edf0dd7d4: 6666 90e8 

  0x0000025edf0dd7d8: ; ImmutableOopMap {rbp=Oop [32]=Oop [48]=NarrowOop [64]=Oop [136]=Oop }
                      ;*getfield jar {reexecute=1 rethrow=0 return_oop=0}
                      ; - (reexecute) jdk.internal.loader.URLClassPath$JarLoader$2::getManifest@19
                      ; - java.net.URLClassLoader::defineClass@34
  0x0000025edf0dd7d8: 246a 27ff 

  0x0000025edf0dd7dc: ;   {other}
  0x0000025edf0dd7dc: 0f1f 8400 | 4c39 006b | baf6 ffff | ff48 8b6c | 2458 4c8b | 5424 284c | 8954 2420 | 4c8b 5424 
  0x0000025edf0dd7fc: 384c 8954 | 2428 4489 | 7424 304c | 896c 2440 

  0x0000025edf0dd80c: ;   {runtime_call UncommonTrapBlob}
  0x0000025edf0dd80c: 6666 90e8 

  0x0000025edf0dd810: ; ImmutableOopMap {rbp=Oop [32]=Oop [48]=NarrowOop [64]=Oop [136]=Oop }
                      ;*invokevirtual getManifest {reexecute=0 rethrow=0 return_oop=0}
                      ; - jdk.internal.loader.URLClassPath$JarLoader$2::getManifest@22
                      ; - java.net.URLClassLoader::defineClass@34
  0x0000025edf0dd810: ec69 27ff 

  0x0000025edf0dd814: ;   {other}
  0x0000025edf0dd814: 0f1f 8400 | 8439 006c | baf6 ffff | ff48 8b6c | 2458 4c8b | 5424 284c | 8954 2420 | 4c8b 5424 
  0x0000025edf0dd834: 384c 8954 

  0x0000025edf0dd838: ;   {runtime_call UncommonTrapBlob}
  0x0000025edf0dd838: 2428 90e8 

  0x0000025edf0dd83c: ; ImmutableOopMap {rbp=Oop [32]=Oop [64]=NarrowOop [80]=Oop }
                      ;*arraylength {reexecute=0 rethrow=0 return_oop=0}
                      ; - java.util.zip.Checksum::update@4
                      ; - jdk.internal.loader.URLClassPath$JarLoader$2::getBytes@15
                      ; - java.net.URLClassLoader::defineClass@179
  0x0000025edf0dd83c: c069 27ff 

  0x0000025edf0dd840: ;   {other}
  0x0000025edf0dd840: 0f1f 8400 | b039 006d | baf6 ffff | ff48 8b6c | 2458 4c8b | 5424 284c | 8954 2420 | 4c8b 5424 
  0x0000025edf0dd860: 384c 8954 

  0x0000025edf0dd864: ;   {runtime_call UncommonTrapBlob}
  0x0000025edf0dd864: 2428 90e8 

  0x0000025edf0dd868: ; ImmutableOopMap {rbp=Oop [32]=Oop [64]=NarrowOop [80]=Oop }
                      ;*invokevirtual getCrc {reexecute=0 rethrow=0 return_oop=0}
                      ; - jdk.internal.loader.URLClassPath$JarLoader$2::getBytes@26
                      ; - java.net.URLClassLoader::defineClass@179
  0x0000025edf0dd868: 9469 27ff 

  0x0000025edf0dd86c: ;   {other}
  0x0000025edf0dd86c: 0f1f 8400 | dc39 006e | baf6 ffff | ff48 8b6c | 2458 4c8b | 5424 284c | 8954 2420 | 4c8b 5424 
  0x0000025edf0dd88c: 384c 8954 

  0x0000025edf0dd890: ;   {runtime_call UncommonTrapBlob}
  0x0000025edf0dd890: 2428 90e8 

  0x0000025edf0dd894: ; ImmutableOopMap {rbp=Oop [32]=Oop [64]=NarrowOop [104]=Oop }
                      ;*invokevirtual getCodeSigners {reexecute=0 rethrow=0 return_oop=0}
                      ; - jdk.internal.loader.URLClassPath$JarLoader$2::getCodeSigners@4
                      ; - java.net.URLClassLoader::defineClass@185
  0x0000025edf0dd894: 6869 27ff 

  0x0000025edf0dd898: ;   {other}
  0x0000025edf0dd898: 0f1f 8400 | 083a 006f | baf6 ffff | ff48 8b6c | 2458 4c8b | 5424 284c | 8954 2420 | 4c8b 5424 
  0x0000025edf0dd8b8: 384c 8954 | 2428 448b | 5c24 4044 | 895c 2430 | 4c89 4c24 

  0x0000025edf0dd8cc: ;   {runtime_call UncommonTrapBlob}
  0x0000025edf0dd8cc: 4066 90e8 

  0x0000025edf0dd8d0: ; ImmutableOopMap {rbp=Oop [32]=Oop [48]=NarrowOop [64]=Oop [104]=Oop }
                      ;*invokevirtual maybeInstantiateVerifier {reexecute=0 rethrow=0 return_oop=0}
                      ; - java.util.jar.JarFile$JarFileEntry::getCodeSigners@4
                      ; - jdk.internal.loader.URLClassPath$JarLoader$2::getCodeSigners@4
                      ; - java.net.URLClassLoader::defineClass@185
  0x0000025edf0dd8d0: 2c69 27ff 

  0x0000025edf0dd8d4: ;   {other}
  0x0000025edf0dd8d4: 0f1f 8400 | 443a 0070 | baf6 ffff | ff48 8b6c | 2458 4c8b | 5424 284c | 8954 2420 | 4c8b 5424 
  0x0000025edf0dd8f4: 384c 8954 | 2428 448b | 5c24 4044 | 895c 2430 | 4c89 4c24 

  0x0000025edf0dd908: ;   {runtime_call UncommonTrapBlob}
  0x0000025edf0dd908: 4066 90e8 

  0x0000025edf0dd90c: ; ImmutableOopMap {rbp=Oop [32]=Oop [48]=NarrowOop [64]=Oop [104]=Oop }
                      ;*getfield jv {reexecute=1 rethrow=0 return_oop=0}
                      ; - (reexecute) java.util.jar.JarFile$JarFileEntry::getCodeSigners@31
                      ; - jdk.internal.loader.URLClassPath$JarLoader$2::getCodeSigners@4
                      ; - java.net.URLClassLoader::defineClass@185
  0x0000025edf0dd90c: f068 27ff 

  0x0000025edf0dd910: ;   {other}
  0x0000025edf0dd910: 0f1f 8400 | 803a 0071 | baf6 ffff | ff48 8b6c | 2458 4c8b | 5424 284c | 8954 2420 | 4c8b 5424 
  0x0000025edf0dd930: 304c 8954 | 2428 4c8b | 5424 384c | 8954 2430 | 448b 5c24 | 4044 895c 

  0x0000025edf0dd948: ;   {runtime_call UncommonTrapBlob}
  0x0000025edf0dd948: 2438 90e8 

  0x0000025edf0dd94c: ; ImmutableOopMap {rbp=Oop [32]=Oop [40]=Oop [56]=NarrowOop [72]=Oop [136]=Oop }
                      ;*invokevirtual isNamed {reexecute=0 rethrow=0 return_oop=0}
                      ; - java.lang.Package::isSealed@4
                      ; - java.net.URLClassLoader::getAndVerifyPackage@14
                      ; - java.net.URLClassLoader::defineClass@46
  0x0000025edf0dd94c: b068 27ff 

  0x0000025edf0dd950: ;   {other}
  0x0000025edf0dd950: 0f1f 8400 | c03a 0072 | baf6 ffff | ff48 8b6c | 2458 4c8b | 5424 284c | 8954 2420 | 4c8b 5424 
  0x0000025edf0dd970: 304c 8954 | 2428 4c8b | 5424 384c | 8954 2430 | 448b 5c24 | 4044 895c 

  0x0000025edf0dd988: ;   {runtime_call UncommonTrapBlob}
  0x0000025edf0dd988: 2438 90e8 

  0x0000025edf0dd98c: ; ImmutableOopMap {rbp=Oop [32]=Oop [40]=Oop [56]=NarrowOop [72]=Oop [136]=Oop }
                      ;*getfield sealBase {reexecute=1 rethrow=0 return_oop=0}
                      ; - (reexecute) java.lang.Package::isSealed@14
                      ; - java.net.URLClassLoader::getAndVerifyPackage@14
                      ; - java.net.URLClassLoader::defineClass@46
  0x0000025edf0dd98c: 7068 27ff 

  0x0000025edf0dd990: ;   {other}
  0x0000025edf0dd990: 0f1f 8400 | 003b 0073 | baf6 ffff | ff48 8b6c | 2458 4c8b | 5424 284c | 8954 2420 | 4c8b 5424 
  0x0000025edf0dd9b0: 304c 8954 | 2428 4c8b | 5424 384c | 8954 2430 | 448b 5424 | 4044 8954 

  0x0000025edf0dd9c8: ;   {runtime_call UncommonTrapBlob}
  0x0000025edf0dd9c8: 2438 90e8 

  0x0000025edf0dd9cc: ; ImmutableOopMap {rbp=Oop [32]=Oop [40]=Oop [56]=NarrowOop [72]=Oop [136]=Oop }
                      ;*invokevirtual replace {reexecute=0 rethrow=0 return_oop=0}
                      ; - java.net.URLClassLoader::isSealed@9
                      ; - java.net.URLClassLoader::getAndVerifyPackage@68
                      ; - java.net.URLClassLoader::defineClass@46
  0x0000025edf0dd9cc: 3068 27ff 

  0x0000025edf0dd9d0: ;   {other}
  0x0000025edf0dd9d0: 0f1f 8400 | 403b 0074 | baf6 ffff | ff48 8b6c | 2458 4c8b | 5424 284c | 8954 2420 | 4c8b 5424 
  0x0000025edf0dd9f0: 304c 8954 | 2428 4c8b | 5424 384c | 8954 2430 | 448b 5424 | 4044 8954 

  0x0000025edf0dda08: ;   {runtime_call UncommonTrapBlob}
  0x0000025edf0dda08: 2438 90e8 

  0x0000025edf0dda0c: ; ImmutableOopMap {rbp=Oop [32]=Oop [40]=Oop [56]=NarrowOop [112]=Oop [136]=Oop }
                      ;*arraylength {reexecute=0 rethrow=0 return_oop=0}
                      ; - java.lang.String::isEmpty@4
                      ; - java.lang.StringConcatHelper::simpleConcat@11
                      ; - java.lang.String::concat@11
                      ; - java.net.URLClassLoader::isSealed@15
                      ; - java.net.URLClassLoader::getAndVerifyPackage@68
                      ; - java.net.URLClassLoader::defineClass@46
  0x0000025edf0dda0c: f067 27ff 

  0x0000025edf0dda10: ;   {other}
  0x0000025edf0dda10: 0f1f 8400 | 803b 0075 | baf6 ffff | ff48 8b6c | 2458 4c8b | 5424 284c | 8954 2420 | 4c8b 5424 
  0x0000025edf0dda30: 304c 8954 | 2428 4c8b | 5424 384c | 8954 2430 | 448b 5c24 | 4044 895c | 2438 4889 

  0x0000025edf0dda4c: ;   {runtime_call UncommonTrapBlob}
  0x0000025edf0dda4c: 4424 50e8 

  0x0000025edf0dda50: ; ImmutableOopMap {rbp=Oop [32]=Oop [40]=Oop [56]=NarrowOop [80]=Oop [112]=Oop [136]=Oop }
                      ;*invokeinterface get {reexecute=0 rethrow=0 return_oop=0}
                      ; - java.util.jar.Manifest::getAttributes@5
                      ; - java.util.jar.Manifest::getTrustedAttributes@2
                      ; - java.util.jar.JavaUtilJarAccessImpl::getTrustedAttributes@2
                      ; - java.net.URLClassLoader::isSealed@18
                      ; - java.net.URLClassLoader::getAndVerifyPackage@68
                      ; - java.net.URLClassLoader::defineClass@46
  0x0000025edf0dda50: ac67 27ff 

  0x0000025edf0dda54: ;   {other}
  0x0000025edf0dda54: 0f1f 8400 | c43b 0076 | baf6 ffff | ff48 8b6c | 2458 4c8b | 5424 284c | 8954 2420 | 4c8b 5424 
  0x0000025edf0dda74: 304c 8954 | 2428 4c8b | 5424 384c | 8954 2430 | 448b 5c24 | 4044 895c 

  0x0000025edf0dda8c: ;   {runtime_call UncommonTrapBlob}
  0x0000025edf0dda8c: 2438 90e8 

  0x0000025edf0dda90: ; ImmutableOopMap {rbp=Oop [32]=Oop [40]=Oop [56]=NarrowOop [112]=Oop [136]=Oop }
                      ;*invokeinterface get {reexecute=0 rethrow=0 return_oop=0}
                      ; - java.util.jar.Attributes::get@5
                      ; - java.util.jar.Attributes::getValue@2
                      ; - java.net.URLClassLoader::isSealed@58
                      ; - java.net.URLClassLoader::getAndVerifyPackage@68
                      ; - java.net.URLClassLoader::defineClass@46
  0x0000025edf0dda90: 6c67 27ff 

  0x0000025edf0dda94: ;   {other}
  0x0000025edf0dda94: 0f1f 8400 | 043c 0077 | baf6 ffff | ff48 8b6c | 2458 4c8b | 5424 284c | 8954 2420 | 4c8b 5424 
  0x0000025edf0ddab4: 304c 8954 | 2428 4c8b | 5424 384c | 8954 2430 | 448b 5c24 | 4044 895c 

  0x0000025edf0ddacc: ;   {runtime_call UncommonTrapBlob}
  0x0000025edf0ddacc: 2438 90e8 

  0x0000025edf0ddad0: ; ImmutableOopMap {rbp=Oop [32]=Oop [40]=Oop [56]=NarrowOop [72]=Oop [136]=Oop }
                      ;*arraylength {reexecute=0 rethrow=0 return_oop=0}
                      ; - java.lang.StringLatin1::replace@8
                      ; - java.lang.String::replace@18
                      ; - java.net.URLClassLoader::isSealed@9
                      ; - java.net.URLClassLoader::getAndVerifyPackage@68
                      ; - java.net.URLClassLoader::defineClass@46
  0x0000025edf0ddad0: 2c67 27ff 

  0x0000025edf0ddad4: ;   {other}
  0x0000025edf0ddad4: 0f1f 8400 | 443c 0078 | ba45 ffff | ff48 8b6c | 2458 4c8b | 5c24 284c | 895c 2420 | 4c8b 5c24 
  0x0000025edf0ddaf4: 384c 895c | 2428 4489 | 7424 304c | 896c 2448 | 4489 5424 

  0x0000025edf0ddb08: ;   {runtime_call UncommonTrapBlob}
  0x0000025edf0ddb08: 5066 90e8 

  0x0000025edf0ddb0c: ; ImmutableOopMap {rbp=Oop [32]=Oop [48]=NarrowOop [72]=Oop [80]=NarrowOop [136]=Oop }
                      ;*ifnonnull {reexecute=1 rethrow=0 return_oop=0}
                      ; - (reexecute) jdk.internal.access.SharedSecrets::javaUtilJarAccess@5
                      ; - jdk.internal.loader.URLClassPath$JarLoader$2::getManifest@0
                      ; - java.net.URLClassLoader::defineClass@34
  0x0000025edf0ddb0c: f066 27ff 

  0x0000025edf0ddb10: ;   {other}
  0x0000025edf0ddb10: 0f1f 8400 | 803c 0079 | baf6 ffff | ff48 8b6c | 2458 4c8b | 5424 284c | 8954 2420 | 4c8b 5424 
  0x0000025edf0ddb30: 304c 8954 | 2428 4c8b | 5424 384c | 8954 2430 | 448b 5c24 | 4044 895c 

  0x0000025edf0ddb48: ;   {runtime_call UncommonTrapBlob}
  0x0000025edf0ddb48: 2438 90e8 

  0x0000025edf0ddb4c: ; ImmutableOopMap {rbp=Oop [32]=Oop [40]=Oop [56]=NarrowOop [112]=Oop [136]=Oop }
                      ;*arraylength {reexecute=0 rethrow=0 return_oop=0}
                      ; - java.lang.String::length@4
                      ; - java.lang.String::equalsIgnoreCase@14
                      ; - java.net.URLClassLoader::isSealed@68
                      ; - java.net.URLClassLoader::getAndVerifyPackage@68
                      ; - java.net.URLClassLoader::defineClass@46
  0x0000025edf0ddb4c: b066 27ff 

  0x0000025edf0ddb50: ;   {other}
  0x0000025edf0ddb50: 0f1f 8400 | c03c 007a | ba45 ffff | ff48 8b6c | 2458 4c8b | 5424 284c | 8954 2420 | 4c8b 5424 
  0x0000025edf0ddb70: 304c 8954 | 2428 4c8b | 5424 384c | 8954 2430 | 448b 4424 | 4044 8944 | 2438 4889 | 4424 5844 
  0x0000025edf0ddb90: 895c 2470 

  0x0000025edf0ddb94: ;   {runtime_call UncommonTrapBlob}
  0x0000025edf0ddb94: 6666 90e8 

  0x0000025edf0ddb98: ; ImmutableOopMap {rbp=Oop [32]=Oop [40]=Oop [56]=NarrowOop [72]=Oop [88]=Oop [112]=NarrowOop [136]=Oop }
                      ;*ifnonnull {reexecute=1 rethrow=0 return_oop=0}
                      ; - (reexecute) jdk.internal.access.SharedSecrets::javaUtilJarAccess@5
                      ; - java.net.URLClassLoader::isSealed@0
                      ; - java.net.URLClassLoader::getAndVerifyPackage@68
                      ; - java.net.URLClassLoader::defineClass@46
  0x0000025edf0ddb98: 6466 27ff 

  0x0000025edf0ddb9c: ;   {other}
  0x0000025edf0ddb9c: 0f1f 8400 | 0c3d 007b | ba45 ffff | ff48 8b6c | 2458 4c8b | 5424 284c | 8954 2420 | 4c8b 5424 
  0x0000025edf0ddbbc: 304c 8954 | 2428 4c8b | 5424 384c | 8954 2430 | 448b 5424 | 4044 8954 | 2438 4c8b | 5424 604c 
  0x0000025edf0ddbdc: 8954 2458 | 4489 5c24 

  0x0000025edf0ddbe4: ;   {runtime_call UncommonTrapBlob}
  0x0000025edf0ddbe4: 6066 90e8 

  0x0000025edf0ddbe8: ; ImmutableOopMap {rbp=Oop [32]=Oop [40]=Oop [56]=NarrowOop [88]=Oop [96]=NarrowOop [112]=Oop [136]=Oop }
                      ;*ifnull {reexecute=1 rethrow=0 return_oop=0}
                      ; - (reexecute) java.net.URLClassLoader::isSealed@51
                      ; - java.net.URLClassLoader::getAndVerifyPackage@68
                      ; - java.net.URLClassLoader::defineClass@46
  0x0000025edf0ddbe8: 1466 27ff 

  0x0000025edf0ddbec: ;   {other}
  0x0000025edf0ddbec: 0f1f 8400 | 5c3d 007c | baf6 ffff | ff48 8b6c | 2458 4c8b | 4424 284c | 8944 2420 | 4c8b 4424 
  0x0000025edf0ddc0c: 384c 8944 | 2428 4489 | 5424 304c | 895c 2438 

  0x0000025edf0ddc1c: ;   {runtime_call UncommonTrapBlob}
  0x0000025edf0ddc1c: 6666 90e8 

  0x0000025edf0ddc20: ; ImmutableOopMap {rbp=Oop [32]=Oop [56]=Oop }
                      ;*invokevirtual getBaseURL {reexecute=0 rethrow=0 return_oop=0}
                      ; - jdk.internal.loader.URLClassPath$FileLoader$1::getCodeSourceURL@4
                      ; - java.net.URLClassLoader::defineClass@13
  0x0000025edf0ddc20: dc65 27ff 

  0x0000025edf0ddc24: ;   {other}
  0x0000025edf0ddc24: 0f1f 8400 | 943d 007d | ba97 ffff | ff48 8b6c | 2458 4c8b | 5424 304c | 8954 2428 | 4c8b 5424 
  0x0000025edf0ddc44: 384c 8954 

  0x0000025edf0ddc48: ;   {runtime_call UncommonTrapBlob}
  0x0000025edf0ddc48: 2430 90e8 

  0x0000025edf0ddc4c: ; ImmutableOopMap {rbp=Oop [32]=Oop [40]=Oop [64]=NarrowOop [68]=NarrowOop [72]=Oop }
                      ;*invokevirtual clone {reexecute=1 rethrow=0 return_oop=0}
                      ; - (reexecute) java.util.Arrays::copyOfRange@18
                      ; - java.lang.StringLatin1::newString@16
                      ; - java.lang.String::substring@41
                      ; - java.net.URLClassLoader::defineClass@28
  0x0000025edf0ddc4c: b065 27ff 

  0x0000025edf0ddc50: ;   {other}
  0x0000025edf0ddc50: 0f1f 8400 | c03d 007e | ba97 ffff | ff48 8b6c | 2458 4c8b | 5424 284c | 8954 2420 | 4c8b 5424 
  0x0000025edf0ddc70: 384c 8954 

  0x0000025edf0ddc74: ;   {runtime_call UncommonTrapBlob}
  0x0000025edf0ddc74: 2428 90e8 

  0x0000025edf0ddc78: ; ImmutableOopMap {rbp=Oop [32]=Oop [52]=NarrowOop [64]=NarrowOop [104]=Oop }
                      ;*invokevirtual clone {reexecute=1 rethrow=0 return_oop=0}
                      ; - (reexecute) java.util.jar.JarFile$JarFileEntry::getCodeSigners@70
                      ; - jdk.internal.loader.URLClassPath$JarLoader$2::getCodeSigners@4
                      ; - java.net.URLClassLoader::defineClass@185
  0x0000025edf0ddc78: 8465 27ff 

  0x0000025edf0ddc7c: ;   {other}
  0x0000025edf0ddc7c: 0f1f 8400 | ec3d 007f | ba97 ffff | ff48 8b6c | 2458 4c8b | 5424 284c | 8954 2420 | 4c8b 5424 
  0x0000025edf0ddc9c: 384c 8954 

  0x0000025edf0ddca0: ;   {runtime_call UncommonTrapBlob}
  0x0000025edf0ddca0: 2428 90e8 

  0x0000025edf0ddca4: ; ImmutableOopMap {rbp=Oop [32]=Oop [48]=Oop [64]=Oop [104]=Oop }
                      ;*invokevirtual clone {reexecute=1 rethrow=0 return_oop=0}
                      ; - (reexecute) java.security.CodeSource::<init>@42
                      ; - java.net.URLClassLoader::defineClass@198
  0x0000025edf0ddca4: 5865 27ff 

  0x0000025edf0ddca8: ;   {other}
  0x0000025edf0ddca8: 0f1f 8400 | 183e 0080 | 488b d8e9 | 9801 0000 | e9a9 0200 | 0048 8bd0 | e9a4 0200 | 00e9 9c02 
  0x0000025edf0ddcc8: 0000 e9c9 | 0000 0048 | 8bd0 e992 | 0200 0048 | 8944 2450 | 488b 6c24 | 584c 8b54 | 2438 4c89 
  0x0000025edf0ddce8: 5424 2848 | 8b54 2448 

  0x0000025edf0ddcf0: ;   {static_call}
  0x0000025edf0ddcf0: 6666 90e8 

  0x0000025edf0ddcf4: ; ImmutableOopMap {rbp=Oop [32]=Oop [48]=NarrowOop [64]=Oop [80]=Oop [96]=Oop [136]=Oop }
                      ;*invokestatic endInit {reexecute=0 rethrow=0 return_oop=0}
                      ; - java.util.jar.JarFile::ensureInitialization@53
                      ; - java.util.jar.JavaUtilJarAccessImpl::ensureInitialization@1
                      ; - jdk.internal.loader.URLClassPath$JarLoader$2::getManifest@10
                      ; - java.net.URLClassLoader::defineClass@34
  0x0000025edf0ddcf4: 8813 27ff 

  0x0000025edf0ddcf8: ;   {other}
  0x0000025edf0ddcf8: 0f1f 8400 | 683e 0081 | 4c8b 5424 | 5049 8bda | e943 0100 | 0048 8bd8 | e93b 0100 | 0048 8bd8 
  0x0000025edf0ddd18: e933 0100 | 0048 8bd0 | e944 0200 | 00e9 3c02 | 0000 e937 | 0200 00e9 | 3202 0000 | e92d 0200 
  0x0000025edf0ddd38: 00e9 2802 | 0000 488b | d0e9 2302 | 0000 e91b | 0200 00e9 | 1602 0000 | e9e0 0100 | 00e9 db01 
  0x0000025edf0ddd58: 0000 448b | 5008 4d33 | db4f 8d1c | d3e9 b401 | 0000 488b | d844 8b50 | 084d 33c0 | 4f8d 04d0 
  0x0000025edf0ddd78: e9bc 0000 | 0044 8b58 | 084d 33d2 | 4f8d 14da | 4d8b 5250 | 4c3b d575 | 8c45 33c9 | eb3c eb00 
  0x0000025edf0ddd98: 488b d0e9 | c901 0000 | e9c1 0100 | 00e9 bc01 | 0000 e9a5 | 0100 00e9 | b201 0000 | e9ad 0100 
  0x0000025edf0dddb8: 0044 8b50 | 084d 33db | 4f8d 1cd3 | 4d8b 5350 | 4c3b d575 | 564c 8b4c | 2440 488b | 5424 584c 
  0x0000025edf0dddd8: 8b84 2488 | 0000 0048 | 8b7c 2448 

  0x0000025edf0ddde4: ;   {optimized virtual_call}
  0x0000025edf0ddde4: 488b eae8 

  0x0000025edf0ddde8: ; ImmutableOopMap {rbp=Oop [32]=NarrowOop [40]=Oop [48]=Oop [88]=Oop [136]=Oop }
                      ;*invokevirtual getAndVerifyPackage {reexecute=0 rethrow=0 return_oop=1}
                      ; - java.net.URLClassLoader::defineClass@97
  0x0000025edf0ddde8: 940c 27ff 

  0x0000025edf0dddec: ;   {other}
  0x0000025edf0dddec: 0f1f 8400 | 5c3f 0082 | 4885 c00f | 8479 0100 | 0045 33d2 | 49bb 0000 | 9de5 5e02 | 0000 488b 
  0x0000025edf0dde0c: 7424 3044 | 8b74 2420 | 4c89 5424 | 484c 895c | 2470 e945 | d5ff ff48 | 8bd0 e93e | 0100 0048 
  0x0000025edf0dde2c: 8bd8 448b | 5808 4d33 | c04f 8d04 | d84d 8b50 

  0x0000025edf0dde3c: ;   {metadata('java/io/IOException')}
  0x0000025edf0dde3c: 4849 bb98 | df09 0001 | 0000 004d | 3bd3 0f84 | 3801 0000 | 4c8b 5c24 | 6048 8d84 | 24c0 0000 
  0x0000025edf0dde5c: 0048 8338 | 000f 8479 | 0000 004d | 8b13 41f6 | c202 0f84 | 6200 0000 | 4983 ba86 | 0000 0000 
  0x0000025edf0dde7c: 7409 49ff | 8a86 0000 | 00eb 4b49 | 8b82 9600 | 0000 490b | 828e 0000 | 0075 0a49 | c742 3e00 
  0x0000025edf0dde9c: 0000 00eb | 3d49 83ba | 9e00 0000 | 0074 2248 | 33c0 49c7 | 423e 0000 | 0000 f083 | 0424 0049 
  0x0000025edf0ddebc: 83ba 9e00 | 0000 0075 | 0df0 4d0f | b17a 3e75 | 0583 c801 | eb0c a800 | eb08 4c8b | 10f0 4d0f 
  0x0000025edf0ddedc: b113 750a | 49ff 8f50 | 0500 0045 | 33d2 7475 | 488b 4c24 | 6048 8d94 | 24c0 0000 | 004d 8bc7 
  0x0000025edf0ddefc: 49ba b0d7 | 2c2c ff7f | 0000 41ff 

  0x0000025edf0ddf08: ;   {other}
  0x0000025edf0ddf08: d20f 1f84 | 0000 0000 | 00eb 4e44 | 8b50 084d | 33db 4f8d | 1cd3 4d8b 

  0x0000025edf0ddf20: ;   {metadata('java/io/IOException')}
  0x0000025edf0ddf20: 5348 49bb | 98df 0900 | 0100 0000 | 4d3b d30f | 8487 0000 | 0048 8bd0 | eb2f eb2a | eb28 eb26 
  0x0000025edf0ddf40: eb24 eb22 | eb20 eb1e | eb1c 488b | d0eb 1a48 | 8bd0 eb15 | 488b d0eb | 1048 8bd0 | eb0b 488b 
  0x0000025edf0ddf60: d848 8bd3 | eb03 488b | d048 81c4 | e000 0000 

  0x0000025edf0ddf70: ;   {runtime_call _rethrow_Java}
  0x0000025edf0ddf70: 5de9 8ae0 | 29ff bafd 

  0x0000025edf0ddf78: ;   {runtime_call UncommonTrapBlob}
  0x0000025edf0ddf78: 0000 00e8 

  0x0000025edf0ddf7c: ; ImmutableOopMap {[136]=Oop }
                      ;*new {reexecute=0 rethrow=0 return_oop=0}
                      ; - java.net.URLClassLoader::defineClass@103
  0x0000025edf0ddf7c: 8062 27ff 

  0x0000025edf0ddf80: ;   {other}
  0x0000025edf0ddf80: 0f1f 8400 | f040 0083 | 488b ebba | f201 0000 | 4c8b 5424 | 584c 8954 | 2420 4c8b | 5424 384c 
  0x0000025edf0ddfa0: 8954 2430 | 448b 5424 | 4044 8954 

  0x0000025edf0ddfac: ;   {runtime_call UncommonTrapBlob}
  0x0000025edf0ddfac: 2438 90e8 

  0x0000025edf0ddfb0: ; ImmutableOopMap {rbp=Oop [32]=Oop [40]=Oop [56]=NarrowOop [72]=Oop [80]=NarrowOop [136]=Oop }
                      ;*new {reexecute=0 rethrow=0 return_oop=0}
                      ; - java.util.jar.JarFile::ensureInitialization@8
                      ; - java.util.jar.JavaUtilJarAccessImpl::ensureInitialization@1
                      ; - jdk.internal.loader.URLClassPath$JarLoader$2::getManifest@10
                      ; - java.net.URLClassLoader::defineClass@34
  0x0000025edf0ddfb0: 4c62 27ff 

  0x0000025edf0ddfb4: ;   {other}
  0x0000025edf0ddfb4: 0f1f 8400 | 2441 0084 | 488b e8ba | 2a00 0000 | 4c8b 5424 | 384c 8954 | 2430 448b | 5c24 4044 
  0x0000025edf0ddfd4: 895c 2438 

  0x0000025edf0ddfd8: ;   {runtime_call UncommonTrapBlob}
  0x0000025edf0ddfd8: 6666 90e8 

  0x0000025edf0ddfdc: ; ImmutableOopMap {rbp=Oop [40]=Oop [56]=NarrowOop [88]=Oop [104]=Oop }
                      ;*new {reexecute=0 rethrow=0 return_oop=0}
                      ; - java.util.jar.JarFile$JarFileEntry::getCodeSigners@11
                      ; - jdk.internal.loader.URLClassPath$JarLoader$2::getCodeSigners@4
                      ; - java.net.URLClassLoader::defineClass@185
  0x0000025edf0ddfdc: 2062 27ff 

  0x0000025edf0ddfe0: ;   {other}
  0x0000025edf0ddfe0: 0f1f 8400 | 5041 0085 

  0x0000025edf0ddfe8: ;   {internal_word}
  0x0000025edf0ddfe8: 49ba e8b6 | 0ddf 5e02 | 0000 4d89 | 9768 0400 

  0x0000025edf0ddff8: ;   {runtime_call SafepointBlob}
  0x0000025edf0ddff8: 00e9 826e 

  0x0000025edf0ddffc: ;   {runtime_call StubRoutines (final stubs)}
  0x0000025edf0ddffc: 27ff e8fd | d625 ffe9 | 96c4 ffff 
[Stub Code]
  0x0000025edf0de008: ;   {no_reloc}
  0x0000025edf0de008: 48bb 0000 | 0000 0000 

  0x0000025edf0de010: ;   {runtime_call nmethod}
  0x0000025edf0de010: 0000 e9fb 

  0x0000025edf0de014: ;   {static_stub}
  0x0000025edf0de014: ffff ff48 | bb00 0000 | 0000 0000 

  0x0000025edf0de020: ;   {runtime_call nmethod}
  0x0000025edf0de020: 00e9 fbff 

  0x0000025edf0de024: ;   {static_stub}
  0x0000025edf0de024: ffff 48bb | 0000 0000 | 0000 0000 

  0x0000025edf0de030: ;   {runtime_call nmethod}
  0x0000025edf0de030: e9fb ffff 

  0x0000025edf0de034: ;   {static_stub}
  0x0000025edf0de034: ff48 bb00 | 0000 0000 

  0x0000025edf0de03c: ;   {runtime_call nmethod}
  0x0000025edf0de03c: 0000 00e9 | fbff ffff 

  0x0000025edf0de044: ;   {static_stub}
  0x0000025edf0de044: 48bb 0000 | 0000 0000 

  0x0000025edf0de04c: ;   {runtime_call nmethod}
  0x0000025edf0de04c: 0000 e9fb 

  0x0000025edf0de050: ;   {static_stub}
  0x0000025edf0de050: ffff ff48 | bb00 0000 | 0000 0000 

  0x0000025edf0de05c: ;   {runtime_call nmethod}
  0x0000025edf0de05c: 00e9 fbff 

  0x0000025edf0de060: ;   {static_stub}
  0x0000025edf0de060: ffff 48bb | 0000 0000 | 0000 0000 

  0x0000025edf0de06c: ;   {runtime_call nmethod}
  0x0000025edf0de06c: e9fb ffff 

  0x0000025edf0de070: ;   {static_stub}
  0x0000025edf0de070: ff48 bb00 | 0000 0000 

  0x0000025edf0de078: ;   {runtime_call nmethod}
  0x0000025edf0de078: 0000 00e9 | fbff ffff 

  0x0000025edf0de080: ;   {static_stub}
  0x0000025edf0de080: 48bb 0000 | 0000 0000 

  0x0000025edf0de088: ;   {runtime_call nmethod}
  0x0000025edf0de088: 0000 e9fb 

  0x0000025edf0de08c: ;   {static_stub}
  0x0000025edf0de08c: ffff ff48 | bb00 0000 | 0000 0000 

  0x0000025edf0de098: ;   {runtime_call nmethod}
  0x0000025edf0de098: 00e9 fbff 

  0x0000025edf0de09c: ;   {static_stub}
  0x0000025edf0de09c: ffff 48bb | 0000 0000 | 0000 0000 

  0x0000025edf0de0a8: ;   {runtime_call nmethod}
  0x0000025edf0de0a8: e9fb ffff 

  0x0000025edf0de0ac: ;   {static_stub}
  0x0000025edf0de0ac: ff48 bb00 | 0000 0000 

  0x0000025edf0de0b4: ;   {runtime_call nmethod}
  0x0000025edf0de0b4: 0000 00e9 | fbff ffff 

  0x0000025edf0de0bc: ;   {static_stub}
  0x0000025edf0de0bc: 48bb 0000 | 0000 0000 

  0x0000025edf0de0c4: ;   {runtime_call nmethod}
  0x0000025edf0de0c4: 0000 e9fb 

  0x0000025edf0de0c8: ;   {static_stub}
  0x0000025edf0de0c8: ffff ff48 | bb00 0000 | 0000 0000 

  0x0000025edf0de0d4: ;   {runtime_call nmethod}
  0x0000025edf0de0d4: 00e9 fbff 

  0x0000025edf0de0d8: ;   {static_stub}
  0x0000025edf0de0d8: ffff 48bb | 0000 0000 | 0000 0000 

  0x0000025edf0de0e4: ;   {runtime_call nmethod}
  0x0000025edf0de0e4: e9fb ffff 

  0x0000025edf0de0e8: ;   {static_stub}
  0x0000025edf0de0e8: ff48 bb00 | 0000 0000 

  0x0000025edf0de0f0: ;   {runtime_call nmethod}
  0x0000025edf0de0f0: 0000 00e9 | fbff ffff 

  0x0000025edf0de0f8: ;   {static_stub}
  0x0000025edf0de0f8: 48bb f8e6 | 54eb 5e02 

  0x0000025edf0de100: ;   {runtime_call I2C/C2I adapters}
  0x0000025edf0de100: 0000 e9cf 

  0x0000025edf0de104: ;   {static_stub}
  0x0000025edf0de104: fd26 ff48 | bb58 dd54 | eb5e 0200 

  0x0000025edf0de110: ;   {runtime_call I2C/C2I adapters}
  0x0000025edf0de110: 00e9 4453 

  0x0000025edf0de114: ;   {static_stub}
  0x0000025edf0de114: 27ff 48bb | a8e7 54eb | 5e02 0000 

  0x0000025edf0de120: ;   {runtime_call I2C/C2I adapters}
  0x0000025edf0de120: e935 5327 

  0x0000025edf0de124: ;   {static_stub}
  0x0000025edf0de124: ff48 bb00 | 0000 0000 

  0x0000025edf0de12c: ;   {runtime_call nmethod}
  0x0000025edf0de12c: 0000 00e9 | fbff ffff 

  0x0000025edf0de134: ;   {static_stub}
  0x0000025edf0de134: 48bb 0000 | 0000 0000 

  0x0000025edf0de13c: ;   {runtime_call nmethod}
  0x0000025edf0de13c: 0000 e9fb 

  0x0000025edf0de140: ;   {static_stub}
  0x0000025edf0de140: ffff ff48 | bb00 0000 | 0000 0000 

  0x0000025edf0de14c: ;   {runtime_call nmethod}
  0x0000025edf0de14c: 00e9 fbff 

  0x0000025edf0de150: ;   {static_stub}
  0x0000025edf0de150: ffff 48bb | 0000 0000 | 0000 0000 

  0x0000025edf0de15c: ;   {runtime_call nmethod}
  0x0000025edf0de15c: e9fb ffff 

  0x0000025edf0de160: ;   {static_stub}
  0x0000025edf0de160: ff48 bb00 | 0000 0000 

  0x0000025edf0de168: ;   {runtime_call nmethod}
  0x0000025edf0de168: 0000 00e9 | fbff ffff 

  0x0000025edf0de170: ;   {static_stub}
  0x0000025edf0de170: 48bb 0000 | 0000 0000 

  0x0000025edf0de178: ;   {runtime_call nmethod}
  0x0000025edf0de178: 0000 e9fb 

  0x0000025edf0de17c: ;   {static_stub}
  0x0000025edf0de17c: ffff ff48 | bb00 0000 | 0000 0000 

  0x0000025edf0de188: ;   {runtime_call nmethod}
  0x0000025edf0de188: 00e9 fbff 

  0x0000025edf0de18c: ;   {static_stub}
  0x0000025edf0de18c: ffff 48bb | 00dd 5feb | 5e02 0000 

  0x0000025edf0de198: ;   {runtime_call I2C/C2I adapters}
  0x0000025edf0de198: e9bd 5227 

  0x0000025edf0de19c: ;   {static_stub}
  0x0000025edf0de19c: ff48 bb00 | 0000 0000 

  0x0000025edf0de1a4: ;   {runtime_call nmethod}
  0x0000025edf0de1a4: 0000 00e9 | fbff ffff 

  0x0000025edf0de1ac: ;   {static_stub}
  0x0000025edf0de1ac: 48bb 0000 | 0000 0000 

  0x0000025edf0de1b4: ;   {runtime_call nmethod}
  0x0000025edf0de1b4: 0000 e9fb 

  0x0000025edf0de1b8: ;   {runtime_call ExceptionBlob}
  0x0000025edf0de1b8: ffff ffe9 | 4081 29ff 
[Deopt Handler Code]
  0x0000025edf0de1c0: e800 0000 | 0048 832c 

  0x0000025edf0de1c8: ;   {runtime_call DeoptimizationBlob}
  0x0000025edf0de1c8: 2405 e9d1 | 6527 fff4 
[/MachCode]


---------------  P R O C E S S  ---------------

Threads class SMR info:
_java_thread_list=0x0000025efe6d5170, length=66, elements={
0x0000025ed3c795d0, 0x0000025eea73df40, 0x0000025eea5fe490, 0x0000025eea74b7f0,
0x0000025eea764da0, 0x0000025eea771620, 0x0000025eea772060, 0x0000025eea7726d0,
0x0000025eea773070, 0x0000025eea795cd0, 0x0000025eeaa49aa0, 0x0000025ef1080780,
0x0000025ef107d530, 0x0000025ef08a2940, 0x0000025ef08ea630, 0x0000025ef0e9ac10,
0x0000025ef0e9b280, 0x0000025ef0e9b8f0, 0x0000025ef07b6aa0, 0x0000025ef07b7130,
0x0000025ef07b84e0, 0x0000025ef07b6410, 0x0000025ef07b77c0, 0x0000025ef07b7e50,
0x0000025ef07b5060, 0x0000025ef07b56f0, 0x0000025ef04f2050, 0x0000025ef04f5b60,
0x0000025ef04f4e40, 0x0000025ef04f2d70, 0x0000025ef04f26e0, 0x0000025ef04f4120,
0x0000025ef04f47b0, 0x0000025ef04f82c0, 0x0000025ef04f8950, 0x0000025ef0e79b80,
0x0000025ef0e78e60, 0x0000025ef0e794f0, 0x0000025ef0e7a210, 0x0000025ef0e7a8a0,
0x0000025ef9970db0, 0x0000025ef0e77ab0, 0x0000025ef0e7c970, 0x0000025ef0e7c2e0,
0x0000025ef0e7af30, 0x0000025ef0e7d000, 0x0000025ef996d2a0, 0x0000025ef996dfc0,
0x0000025ef996fa00, 0x0000025ef996d930, 0x0000025ef9970090, 0x0000025ef996cc10,
0x0000025ef9970720, 0x0000025e846d4950, 0x0000025e846d3c30, 0x0000025efe63b420,
0x0000025efe63ce60, 0x0000025efe63c7d0, 0x0000025efe63d4f0, 0x0000025ef9971440,
0x0000025efe63a700, 0x0000025efe63e210, 0x0000025efe63ad90, 0x0000025efe63e8a0,
0x0000025efe63ef30, 0x0000025efe9348f0
}

Java Threads: ( => current thread )
  0x0000025ed3c795d0 JavaThread "main"                              [_thread_blocked, id=5292, stack(0x000000c14b500000,0x000000c14b600000) (1024K)]
  0x0000025eea73df40 JavaThread "Common-Cleaner"             daemon [_thread_blocked, id=12052, stack(0x000000c14bd00000,0x000000c14be00000) (1024K)]
  0x0000025eea5fe490 JavaThread "Reference Handler"          daemon [_thread_blocked, id=6168, stack(0x000000c14be00000,0x000000c14bf00000) (1024K)]
  0x0000025eea74b7f0 JavaThread "Finalizer"                  daemon [_thread_blocked, id=9076, stack(0x000000c14bf00000,0x000000c14c000000) (1024K)]
  0x0000025eea764da0 JavaThread "Signal Dispatcher"          daemon [_thread_blocked, id=10736, stack(0x000000c14c000000,0x000000c14c100000) (1024K)]
  0x0000025eea771620 JavaThread "Attach Listener"            daemon [_thread_blocked, id=9680, stack(0x000000c14c100000,0x000000c14c200000) (1024K)]
  0x0000025eea772060 JavaThread "Service Thread"             daemon [_thread_blocked, id=9212, stack(0x000000c14c200000,0x000000c14c300000) (1024K)]
  0x0000025eea7726d0 JavaThread "Monitor Deflation Thread"   daemon [_thread_blocked, id=12276, stack(0x000000c14c300000,0x000000c14c400000) (1024K)]
  0x0000025eea773070 JavaThread "C2 CompilerThread0"         daemon [_thread_blocked, id=5304, stack(0x000000c14c400000,0x000000c14c500000) (1024K)]
  0x0000025eea795cd0 JavaThread "C1 CompilerThread0"         daemon [_thread_blocked, id=10624, stack(0x000000c14c500000,0x000000c14c600000) (1024K)]
  0x0000025eeaa49aa0 JavaThread "Notification Thread"        daemon [_thread_blocked, id=9468, stack(0x000000c14c600000,0x000000c14c700000) (1024K)]
  0x0000025ef1080780 JavaThread "Daemon health stats"               [_thread_blocked, id=4196, stack(0x000000c14c800000,0x000000c14c900000) (1024K)]
  0x0000025ef107d530 JavaThread "Incoming local TCP Connector on port 49357"        [_thread_in_native, id=1448, stack(0x000000c14c900000,0x000000c14ca00000) (1024K)]
  0x0000025ef08a2940 JavaThread "Daemon periodic checks"            [_thread_blocked, id=2640, stack(0x000000c14ca00000,0x000000c14cb00000) (1024K)]
  0x0000025ef08ea630 JavaThread "Daemon"                            [_thread_blocked, id=4380, stack(0x000000c14cb00000,0x000000c14cc00000) (1024K)]
  0x0000025ef0e9ac10 JavaThread "Handler for socket connection from /127.0.0.1:49357 to /127.0.0.1:49358"        [_thread_in_native, id=11168, stack(0x000000c14cc00000,0x000000c14cd00000) (1024K)]
  0x0000025ef0e9b280 JavaThread "Cancel handler"                    [_thread_blocked, id=12248, stack(0x000000c14cd00000,0x000000c14ce00000) (1024K)]
  0x0000025ef0e9b8f0 JavaThread "Daemon worker"                     [_thread_blocked, id=11056, stack(0x000000c14ce00000,0x000000c14cf00000) (1024K)]
  0x0000025ef07b6aa0 JavaThread "Asynchronous log dispatcher for DefaultDaemonConnection: socket connection from /127.0.0.1:49357 to /127.0.0.1:49358"        [_thread_blocked, id=9372, stack(0x000000c14cf00000,0x000000c14d000000) (1024K)]
  0x0000025ef07b7130 JavaThread "Stdin handler"                     [_thread_blocked, id=1760, stack(0x000000c14d000000,0x000000c14d100000) (1024K)]
  0x0000025ef07b84e0 JavaThread "Daemon client event forwarder"        [_thread_blocked, id=12176, stack(0x000000c14d100000,0x000000c14d200000) (1024K)]
  0x0000025ef07b6410 JavaThread "Cache worker for journal cache (C:\Users\VINICIUS\.gradle\caches\journal-1)"        [_thread_blocked, id=1112, stack(0x000000c14d200000,0x000000c14d300000) (1024K)]
  0x0000025ef07b77c0 JavaThread "File lock request listener"        [_thread_in_native, id=3744, stack(0x000000c14d300000,0x000000c14d400000) (1024K)]
  0x0000025ef07b7e50 JavaThread "Cache worker for file hash cache (C:\Users\VINICIUS\.gradle\caches\8.9\fileHashes)"        [_thread_blocked, id=12244, stack(0x000000c14d400000,0x000000c14d500000) (1024K)]
  0x0000025ef07b5060 JavaThread "Cache worker for file hash cache (C:\sistema-agro-v79-atualizado-v8\native-app\.gradle\8.9\fileHashes)"        [_thread_blocked, id=8316, stack(0x000000c14d500000,0x000000c14d600000) (1024K)]
  0x0000025ef07b56f0 JavaThread "Cache worker for Build Output Cleanup Cache (C:\sistema-agro-v79-atualizado-v8\native-app\.gradle\buildOutputCleanup)"        [_thread_blocked, id=9284, stack(0x000000c14d600000,0x000000c14d700000) (1024K)]
  0x0000025ef04f2050 JavaThread "File watcher server"        daemon [_thread_in_native, id=2248, stack(0x000000c14d700000,0x000000c14d800000) (1024K)]
  0x0000025ef04f5b60 JavaThread "File watcher consumer"      daemon [_thread_blocked, id=1452, stack(0x000000c14d800000,0x000000c14d900000) (1024K)]
  0x0000025ef04f4e40 JavaThread "Cache worker for checksums cache (C:\sistema-agro-v79-atualizado-v8\native-app\.gradle\8.9\checksums)"        [_thread_blocked, id=11088, stack(0x000000c14d900000,0x000000c14da00000) (1024K)]
  0x0000025ef04f2d70 JavaThread "Cache worker for file content cache (C:\Users\VINICIUS\.gradle\caches\8.9\fileContent)"        [_thread_blocked, id=8600, stack(0x000000c14da00000,0x000000c14db00000) (1024K)]
  0x0000025ef04f26e0 JavaThread "Cache worker for cache directory md-rule (C:\Users\VINICIUS\.gradle\caches\8.9\md-rule)"        [_thread_blocked, id=11244, stack(0x000000c14db00000,0x000000c14dc00000) (1024K)]
  0x0000025ef04f4120 JavaThread "Cache worker for cache directory md-supplier (C:\Users\VINICIUS\.gradle\caches\8.9\md-supplier)"        [_thread_blocked, id=11324, stack(0x000000c14dc00000,0x000000c14dd00000) (1024K)]
  0x0000025ef04f47b0 JavaThread "Unconstrained build operations"        [_thread_blocked, id=11564, stack(0x000000c14dd00000,0x000000c14de00000) (1024K)]
  0x0000025ef04f82c0 JavaThread "Unconstrained build operations Thread 2"        [_thread_blocked, id=4208, stack(0x000000c14de00000,0x000000c14df00000) (1024K)]
  0x0000025ef04f8950 JavaThread "Unconstrained build operations Thread 3"        [_thread_blocked, id=11148, stack(0x000000c14df00000,0x000000c14e000000) (1024K)]
  0x0000025ef0e79b80 JavaThread "Unconstrained build operations Thread 4"        [_thread_blocked, id=9132, stack(0x000000c14e000000,0x000000c14e100000) (1024K)]
  0x0000025ef0e78e60 JavaThread "Unconstrained build operations Thread 5"        [_thread_blocked, id=10972, stack(0x000000c14e100000,0x000000c14e200000) (1024K)]
  0x0000025ef0e794f0 JavaThread "Unconstrained build operations Thread 6"        [_thread_blocked, id=6052, stack(0x000000c14e200000,0x000000c14e300000) (1024K)]
  0x0000025ef0e7a210 JavaThread "Memory manager"                    [_thread_blocked, id=10364, stack(0x000000c14e300000,0x000000c14e400000) (1024K)]
  0x0000025ef0e7a8a0 JavaThread "build event listener"              [_thread_blocked, id=11912, stack(0x000000c14b200000,0x000000c14b300000) (1024K)]
  0x0000025ef9970db0 JavaThread "included builds"                   [_thread_blocked, id=52, stack(0x000000c14e500000,0x000000c14e600000) (1024K)]
  0x0000025ef0e77ab0 JavaThread "Execution worker"                  [_thread_blocked, id=11668, stack(0x000000c14e600000,0x000000c14e700000) (1024K)]
  0x0000025ef0e7c970 JavaThread "Cache worker for execution history cache (C:\sistema-agro-v79-atualizado-v8\native-app\.gradle\8.9\executionHistory)"        [_thread_blocked, id=7308, stack(0x000000c14e700000,0x000000c14e800000) (1024K)]
  0x0000025ef0e7c2e0 JavaThread "Unconstrained build operations Thread 7"        [_thread_blocked, id=8216, stack(0x000000c14e800000,0x000000c14e900000) (1024K)]
  0x0000025ef0e7af30 JavaThread "Unconstrained build operations Thread 8"        [_thread_blocked, id=2176, stack(0x000000c14e400000,0x000000c14e500000) (1024K)]
  0x0000025ef0e7d000 JavaThread "Unconstrained build operations Thread 9"        [_thread_blocked, id=5832, stack(0x000000c14eb00000,0x000000c14ec00000) (1024K)]
  0x0000025ef996d2a0 JavaThread "Unconstrained build operations Thread 10"        [_thread_blocked, id=132, stack(0x000000c14ec00000,0x000000c14ed00000) (1024K)]
  0x0000025ef996dfc0 JavaThread "Unconstrained build operations Thread 11"        [_thread_blocked, id=11940, stack(0x000000c14ed00000,0x000000c14ee00000) (1024K)]
  0x0000025ef996fa00 JavaThread "WorkerExecutor Queue"              [_thread_blocked, id=2636, stack(0x000000c14ee00000,0x000000c14ef00000) (1024K)]
  0x0000025ef996d930 JavaThread "Unconstrained build operations Thread 12"        [_thread_blocked, id=3668, stack(0x000000c14ef00000,0x000000c14f000000) (1024K)]
  0x0000025ef9970090 JavaThread "Unconstrained build operations Thread 13"        [_thread_blocked, id=10456, stack(0x000000c14f000000,0x000000c14f100000) (1024K)]
  0x0000025ef996cc10 JavaThread "Unconstrained build operations Thread 14"        [_thread_blocked, id=11820, stack(0x000000c14f100000,0x000000c14f200000) (1024K)]
  0x0000025ef9970720 JavaThread "Unconstrained build operations Thread 15"        [_thread_blocked, id=9900, stack(0x000000c14f200000,0x000000c14f300000) (1024K)]
=>0x0000025e846d4950 JavaThread "WorkerExecutor Queue Thread 2"        [_thread_in_vm, id=4384, stack(0x000000c14f300000,0x000000c14f400000) (1024K)]
  0x0000025e846d3c30 JavaThread "Unconstrained build operations Thread 16"        [_thread_blocked, id=11720, stack(0x000000c14f400000,0x000000c14f500000) (1024K)]
  0x0000025efe63b420 JavaThread "Unconstrained build operations Thread 17"        [_thread_blocked, id=10652, stack(0x000000c14f800000,0x000000c14f900000) (1024K)]
  0x0000025efe63ce60 JavaThread "Unconstrained build operations Thread 18"        [_thread_blocked, id=1096, stack(0x000000c14f900000,0x000000c14fa00000) (1024K)]
  0x0000025efe63c7d0 JavaThread "Unconstrained build operations Thread 19"        [_thread_blocked, id=10584, stack(0x000000c14fa00000,0x000000c14fb00000) (1024K)]
  0x0000025efe63d4f0 JavaThread "Unconstrained build operations Thread 20"        [_thread_blocked, id=6528, stack(0x000000c14fb00000,0x000000c14fc00000) (1024K)]
  0x0000025ef9971440 JavaThread "RMI Scheduler(0)"           daemon [_thread_blocked, id=11468, stack(0x000000c14fc00000,0x000000c14fd00000) (1024K)]
  0x0000025efe63a700 JavaThread "RMI GC Daemon"              daemon [_thread_blocked, id=11568, stack(0x000000c14fe00000,0x000000c14ff00000) (1024K)]
  0x0000025efe63e210 JavaThread "RMI TCP Accept-0"           daemon [_thread_in_native, id=9568, stack(0x000000c14ff00000,0x000000c150000000) (1024K)]
  0x0000025efe63ad90 JavaThread "RMI Reaper"                        [_thread_blocked, id=6944, stack(0x000000c150000000,0x000000c150100000) (1024K)]
  0x0000025efe63e8a0 JavaThread "Cache worker for Java compile cache (C:\Users\VINICIUS\.gradle\caches\8.9\javaCompile)"        [_thread_blocked, id=4408, stack(0x000000c14ea00000,0x000000c14eb00000) (1024K)]
  0x0000025efe63ef30 JavaThread "Build operations"                  [_thread_blocked, id=12148, stack(0x000000c14f500000,0x000000c14f600000) (1024K)]
  0x0000025efe9348f0 JavaThread "RMI TCP Connection(7)-127.0.0.1" daemon [_thread_in_native, id=7172, stack(0x000000c14b300000,0x000000c14b400000) (1024K)]
Total: 66

Other Threads:
  0x0000025eea5d2450 VMThread "VM Thread"                           [id=4356, stack(0x000000c14bc00000,0x000000c14bd00000) (1024K)] _threads_hazard_ptr=0x0000025efe6d5170
  0x0000025ed3c732f0 WatcherThread "VM Periodic Task Thread"        [id=9472, stack(0x000000c14bb00000,0x000000c14bc00000) (1024K)]
  0x0000025ed3cd0cb0 WorkerThread "GC Thread#0"                     [id=9960, stack(0x000000c14b600000,0x000000c14b700000) (1024K)]
  0x0000025eef19c020 WorkerThread "GC Thread#1"                     [id=9220, stack(0x000000c14c700000,0x000000c14c800000) (1024K)]
  0x0000025ed3ce1bb0 ConcurrentGCThread "G1 Main Marker"            [id=2612, stack(0x000000c14b700000,0x000000c14b800000) (1024K)]
  0x0000025ed3ce41f0 WorkerThread "G1 Conc#0"                       [id=9776, stack(0x000000c14b800000,0x000000c14b900000) (1024K)]
  0x0000025ed3d2e120 ConcurrentGCThread "G1 Refine#0"               [id=11748, stack(0x000000c14b900000,0x000000c14ba00000) (1024K)]
  0x0000025ed3d2e660 ConcurrentGCThread "G1 Service"                [id=10528, stack(0x000000c14ba00000,0x000000c14bb00000) (1024K)]
Total: 8

Threads with active compile tasks:
Total: 0

VM state: synchronizing (normal execution)

VM Mutex/Monitor currently owned by a thread:  ([mutex/lock_event])
[0x00007fff2c7464d0] Metaspace_lock - owner thread: 0x0000025e846d4950
[0x00007fff2c7486d0] Threads_lock - owner thread: 0x0000025eea5d2450

Heap address: 0x0000000080000000, size: 2048 MB, Compressed Oops mode: 32-bit

CDS archive(s) not mapped
Compressed class space mapped at: 0x0000000100000000-0x0000000140000000, reserved size: 1073741824
Narrow klass base: 0x0000000000000000, Narrow klass shift: 3, Narrow klass range: 0x140000000

GC Precious Log:
 CardTable entry size: 512
 Card Set container configuration: InlinePtr #cards 5 size 8 Array Of Cards #cards 12 size 40 Howl #buckets 4 coarsen threshold 1843 Howl Bitmap #cards 512 size 80 coarsen threshold 460 Card regions per heap region 1 cards per card region 2048
 CPUs: 2 total, 2 available
 Memory: 3932M
 Large Page Support: Disabled
 NUMA Support: Disabled
 Compressed Oops: Enabled (32-bit)
 Heap Region Size: 1M
 Heap Min Capacity: 8M
 Heap Initial Capacity: 62M
 Heap Max Capacity: 2G
 Pre-touch: Disabled
 Parallel Workers: 2
 Concurrent Workers: 1
 Concurrent Refinement Workers: 2
 Periodic GC: Disabled

Heap:
 garbage-first heap   total 847872K, used 443392K [0x0000000080000000, 0x0000000100000000)
  region size 1024K, 36 young (36864K), 13 survivors (13312K)
 Metaspace       used 243459K, committed 246272K, reserved 1310720K
  class space    used 31344K, committed 32704K, reserved 1048576K

Heap Regions: E=young(eden), S=young(survivor), O=old, HS=humongous(starts), HC=humongous(continues), CS=collection set, F=free, TAMS=top-at-mark-start, PB=parsable bottom
|   0|0x0000000080000000, 0x0000000080100000, 0x0000000080100000|100%| O|  |TAMS 0x0000000080100000| PB 0x0000000080000000| Untracked 
|   1|0x0000000080100000, 0x0000000080200000, 0x0000000080200000|100%|HS|  |TAMS 0x0000000080200000| PB 0x0000000080100000| Complete 
|   2|0x0000000080200000, 0x0000000080300000, 0x0000000080300000|100%|HC|  |TAMS 0x0000000080300000| PB 0x0000000080200000| Complete 
|   3|0x0000000080300000, 0x0000000080400000, 0x0000000080400000|100%|HC|  |TAMS 0x0000000080400000| PB 0x0000000080300000| Complete 
|   4|0x0000000080400000, 0x0000000080500000, 0x0000000080500000|100%|HC|  |TAMS 0x0000000080500000| PB 0x0000000080400000| Complete 
|   5|0x0000000080500000, 0x0000000080600000, 0x0000000080600000|100%| O|  |TAMS 0x0000000080600000| PB 0x0000000080500000| Untracked 
|   6|0x0000000080600000, 0x0000000080700000, 0x0000000080700000|100%| O|  |TAMS 0x0000000080700000| PB 0x0000000080600000| Untracked 
|   7|0x0000000080700000, 0x0000000080800000, 0x0000000080800000|100%| O|  |TAMS 0x0000000080800000| PB 0x0000000080700000| Untracked 
|   8|0x0000000080800000, 0x0000000080900000, 0x0000000080900000|100%| O|  |TAMS 0x0000000080900000| PB 0x0000000080800000| Untracked 
|   9|0x0000000080900000, 0x0000000080a00000, 0x0000000080a00000|100%| O|  |TAMS 0x0000000080a00000| PB 0x0000000080900000| Untracked 
|  10|0x0000000080a00000, 0x0000000080b00000, 0x0000000080b00000|100%| O|  |TAMS 0x0000000080b00000| PB 0x0000000080a00000| Untracked 
|  11|0x0000000080b00000, 0x0000000080c00000, 0x0000000080c00000|100%|HS|  |TAMS 0x0000000080c00000| PB 0x0000000080b00000| Complete 
|  12|0x0000000080c00000, 0x0000000080d00000, 0x0000000080d00000|100%| O|  |TAMS 0x0000000080d00000| PB 0x0000000080c00000| Untracked 
|  13|0x0000000080d00000, 0x0000000080e00000, 0x0000000080e00000|100%| O|  |TAMS 0x0000000080e00000| PB 0x0000000080d00000| Untracked 
|  14|0x0000000080e00000, 0x0000000080f00000, 0x0000000080f00000|100%| O|  |TAMS 0x0000000080f00000| PB 0x0000000080e00000| Untracked 
|  15|0x0000000080f00000, 0x0000000081000000, 0x0000000081000000|100%| O|  |TAMS 0x0000000081000000| PB 0x0000000080f00000| Untracked 
|  16|0x0000000081000000, 0x0000000081100000, 0x0000000081100000|100%| O|  |TAMS 0x0000000081100000| PB 0x0000000081000000| Untracked 
|  17|0x0000000081100000, 0x0000000081200000, 0x0000000081200000|100%| O|  |TAMS 0x0000000081200000| PB 0x0000000081100000| Untracked 
|  18|0x0000000081200000, 0x0000000081300000, 0x0000000081300000|100%| O|  |TAMS 0x0000000081300000| PB 0x0000000081200000| Untracked 
|  19|0x0000000081300000, 0x0000000081400000, 0x0000000081400000|100%| O|  |TAMS 0x0000000081400000| PB 0x0000000081300000| Untracked 
|  20|0x0000000081400000, 0x0000000081500000, 0x0000000081500000|100%| O|  |TAMS 0x0000000081500000| PB 0x0000000081400000| Untracked 
|  21|0x0000000081500000, 0x0000000081600000, 0x0000000081600000|100%| O|  |TAMS 0x0000000081600000| PB 0x0000000081500000| Untracked 
|  22|0x0000000081600000, 0x0000000081700000, 0x0000000081700000|100%| O|  |TAMS 0x0000000081700000| PB 0x0000000081600000| Untracked 
|  23|0x0000000081700000, 0x0000000081800000, 0x0000000081800000|100%| O|  |TAMS 0x0000000081800000| PB 0x0000000081700000| Untracked 
|  24|0x0000000081800000, 0x0000000081900000, 0x0000000081900000|100%| O|  |TAMS 0x0000000081900000| PB 0x0000000081800000| Untracked 
|  25|0x0000000081900000, 0x0000000081a00000, 0x0000000081a00000|100%| O|  |TAMS 0x0000000081a00000| PB 0x0000000081900000| Untracked 
|  26|0x0000000081a00000, 0x0000000081b00000, 0x0000000081b00000|100%| O|  |TAMS 0x0000000081b00000| PB 0x0000000081a00000| Untracked 
|  27|0x0000000081b00000, 0x0000000081c00000, 0x0000000081c00000|100%| O|  |TAMS 0x0000000081c00000| PB 0x0000000081b00000| Untracked 
|  28|0x0000000081c00000, 0x0000000081d00000, 0x0000000081d00000|100%| O|  |TAMS 0x0000000081d00000| PB 0x0000000081c00000| Untracked 
|  29|0x0000000081d00000, 0x0000000081e00000, 0x0000000081e00000|100%| O|  |TAMS 0x0000000081e00000| PB 0x0000000081d00000| Untracked 
|  30|0x0000000081e00000, 0x0000000081f00000, 0x0000000081f00000|100%| O|  |TAMS 0x0000000081f00000| PB 0x0000000081e00000| Untracked 
|  31|0x0000000081f00000, 0x0000000082000000, 0x0000000082000000|100%| O|  |TAMS 0x0000000082000000| PB 0x0000000081f00000| Untracked 
|  32|0x0000000082000000, 0x0000000082100000, 0x0000000082100000|100%| O|  |TAMS 0x0000000082100000| PB 0x0000000082000000| Untracked 
|  33|0x0000000082100000, 0x0000000082200000, 0x0000000082200000|100%| O|  |TAMS 0x0000000082200000| PB 0x0000000082100000| Untracked 
|  34|0x0000000082200000, 0x0000000082300000, 0x0000000082300000|100%| O|  |TAMS 0x0000000082300000| PB 0x0000000082200000| Untracked 
|  35|0x0000000082300000, 0x0000000082400000, 0x0000000082400000|100%| O|  |TAMS 0x0000000082400000| PB 0x0000000082300000| Untracked 
|  36|0x0000000082400000, 0x0000000082500000, 0x0000000082500000|100%| O|  |TAMS 0x0000000082500000| PB 0x0000000082400000| Untracked 
|  37|0x0000000082500000, 0x0000000082600000, 0x0000000082600000|100%| O|  |TAMS 0x0000000082600000| PB 0x0000000082500000| Untracked 
|  38|0x0000000082600000, 0x0000000082700000, 0x0000000082700000|100%| O|  |TAMS 0x0000000082700000| PB 0x0000000082600000| Untracked 
|  39|0x0000000082700000, 0x0000000082800000, 0x0000000082800000|100%| O|  |TAMS 0x0000000082800000| PB 0x0000000082700000| Untracked 
|  40|0x0000000082800000, 0x0000000082900000, 0x0000000082900000|100%| O|  |TAMS 0x0000000082900000| PB 0x0000000082800000| Untracked 
|  41|0x0000000082900000, 0x0000000082a00000, 0x0000000082a00000|100%| O|  |TAMS 0x0000000082a00000| PB 0x0000000082900000| Untracked 
|  42|0x0000000082a00000, 0x0000000082b00000, 0x0000000082b00000|100%| O|  |TAMS 0x0000000082b00000| PB 0x0000000082a00000| Untracked 
|  43|0x0000000082b00000, 0x0000000082c00000, 0x0000000082c00000|100%| O|  |TAMS 0x0000000082c00000| PB 0x0000000082b00000| Untracked 
|  44|0x0000000082c00000, 0x0000000082d00000, 0x0000000082d00000|100%| O|  |TAMS 0x0000000082d00000| PB 0x0000000082c00000| Untracked 
|  45|0x0000000082d00000, 0x0000000082e00000, 0x0000000082e00000|100%| O|  |TAMS 0x0000000082e00000| PB 0x0000000082d00000| Untracked 
|  46|0x0000000082e00000, 0x0000000082f00000, 0x0000000082f00000|100%| O|  |TAMS 0x0000000082f00000| PB 0x0000000082e00000| Untracked 
|  47|0x0000000082f00000, 0x0000000083000000, 0x0000000083000000|100%| O|  |TAMS 0x0000000083000000| PB 0x0000000082f00000| Untracked 
|  48|0x0000000083000000, 0x0000000083100000, 0x0000000083100000|100%|HS|  |TAMS 0x0000000083100000| PB 0x0000000083000000| Complete 
|  49|0x0000000083100000, 0x0000000083200000, 0x0000000083200000|100%|HS|  |TAMS 0x0000000083200000| PB 0x0000000083100000| Complete 
|  50|0x0000000083200000, 0x0000000083300000, 0x0000000083300000|100%|HS|  |TAMS 0x0000000083300000| PB 0x0000000083200000| Complete 
|  51|0x0000000083300000, 0x0000000083400000, 0x0000000083400000|100%|HC|  |TAMS 0x0000000083400000| PB 0x0000000083300000| Complete 
|  52|0x0000000083400000, 0x0000000083500000, 0x0000000083500000|100%|HS|  |TAMS 0x0000000083500000| PB 0x0000000083400000| Complete 
|  53|0x0000000083500000, 0x0000000083600000, 0x0000000083600000|100%|HC|  |TAMS 0x0000000083600000| PB 0x0000000083500000| Complete 
|  54|0x0000000083600000, 0x0000000083700000, 0x0000000083700000|100%|HS|  |TAMS 0x0000000083700000| PB 0x0000000083600000| Complete 
|  55|0x0000000083700000, 0x0000000083800000, 0x0000000083800000|100%|HS|  |TAMS 0x0000000083800000| PB 0x0000000083700000| Complete 
|  56|0x0000000083800000, 0x0000000083900000, 0x0000000083900000|100%|HC|  |TAMS 0x0000000083900000| PB 0x0000000083800000| Complete 
|  57|0x0000000083900000, 0x0000000083a00000, 0x0000000083a00000|100%|HC|  |TAMS 0x0000000083a00000| PB 0x0000000083900000| Complete 
|  58|0x0000000083a00000, 0x0000000083b00000, 0x0000000083b00000|100%|HC|  |TAMS 0x0000000083b00000| PB 0x0000000083a00000| Complete 
|  59|0x0000000083b00000, 0x0000000083c00000, 0x0000000083c00000|100%|HS|  |TAMS 0x0000000083c00000| PB 0x0000000083b00000| Complete 
|  60|0x0000000083c00000, 0x0000000083d00000, 0x0000000083d00000|100%|HS|  |TAMS 0x0000000083d00000| PB 0x0000000083c00000| Complete 
|  61|0x0000000083d00000, 0x0000000083e00000, 0x0000000083e00000|100%|HS|  |TAMS 0x0000000083e00000| PB 0x0000000083d00000| Complete 
|  62|0x0000000083e00000, 0x0000000083f00000, 0x0000000083f00000|100%| O|  |TAMS 0x0000000083f00000| PB 0x0000000083e00000| Untracked 
|  63|0x0000000083f00000, 0x0000000084000000, 0x0000000084000000|100%| O|  |TAMS 0x0000000084000000| PB 0x0000000083f00000| Untracked 
|  64|0x0000000084000000, 0x0000000084100000, 0x0000000084100000|100%| O|  |TAMS 0x0000000084100000| PB 0x0000000084000000| Untracked 
|  65|0x0000000084100000, 0x0000000084200000, 0x0000000084200000|100%| O|  |TAMS 0x0000000084200000| PB 0x0000000084100000| Untracked 
|  66|0x0000000084200000, 0x0000000084300000, 0x0000000084300000|100%| O|  |TAMS 0x0000000084300000| PB 0x0000000084200000| Untracked 
|  67|0x0000000084300000, 0x0000000084400000, 0x0000000084400000|100%| O|  |TAMS 0x0000000084400000| PB 0x0000000084300000| Untracked 
|  68|0x0000000084400000, 0x0000000084500000, 0x0000000084500000|100%| O|  |TAMS 0x0000000084500000| PB 0x0000000084400000| Untracked 
|  69|0x0000000084500000, 0x0000000084600000, 0x0000000084600000|100%| O|  |TAMS 0x0000000084600000| PB 0x0000000084500000| Untracked 
|  70|0x0000000084600000, 0x0000000084700000, 0x0000000084700000|100%| O|  |TAMS 0x0000000084700000| PB 0x0000000084600000| Untracked 
|  71|0x0000000084700000, 0x0000000084800000, 0x0000000084800000|100%| O|  |TAMS 0x0000000084800000| PB 0x0000000084700000| Untracked 
|  72|0x0000000084800000, 0x0000000084900000, 0x0000000084900000|100%|HS|  |TAMS 0x0000000084900000| PB 0x0000000084800000| Complete 
|  73|0x0000000084900000, 0x0000000084a00000, 0x0000000084a00000|100%| O|  |TAMS 0x0000000084a00000| PB 0x0000000084900000| Untracked 
|  74|0x0000000084a00000, 0x0000000084b00000, 0x0000000084b00000|100%| O|  |TAMS 0x0000000084b00000| PB 0x0000000084a00000| Untracked 
|  75|0x0000000084b00000, 0x0000000084c00000, 0x0000000084c00000|100%| O|  |TAMS 0x0000000084c00000| PB 0x0000000084b00000| Untracked 
|  76|0x0000000084c00000, 0x0000000084d00000, 0x0000000084d00000|100%| O|  |TAMS 0x0000000084d00000| PB 0x0000000084c00000| Untracked 
|  77|0x0000000084d00000, 0x0000000084e00000, 0x0000000084e00000|100%| O|  |TAMS 0x0000000084e00000| PB 0x0000000084d00000| Untracked 
|  78|0x0000000084e00000, 0x0000000084f00000, 0x0000000084f00000|100%| O|  |TAMS 0x0000000084f00000| PB 0x0000000084e00000| Untracked 
|  79|0x0000000084f00000, 0x0000000085000000, 0x0000000085000000|100%|HS|  |TAMS 0x0000000085000000| PB 0x0000000084f00000| Complete 
|  80|0x0000000085000000, 0x0000000085100000, 0x0000000085100000|100%|HC|  |TAMS 0x0000000085100000| PB 0x0000000085000000| Complete 
|  81|0x0000000085100000, 0x0000000085200000, 0x0000000085200000|100%|HC|  |TAMS 0x0000000085200000| PB 0x0000000085100000| Complete 
|  82|0x0000000085200000, 0x0000000085300000, 0x0000000085300000|100%|HC|  |TAMS 0x0000000085300000| PB 0x0000000085200000| Complete 
|  83|0x0000000085300000, 0x0000000085400000, 0x0000000085400000|100%| O|  |TAMS 0x0000000085400000| PB 0x0000000085300000| Untracked 
|  84|0x0000000085400000, 0x0000000085500000, 0x0000000085500000|100%| O|  |TAMS 0x0000000085500000| PB 0x0000000085400000| Untracked 
|  85|0x0000000085500000, 0x0000000085600000, 0x0000000085600000|100%| O|  |TAMS 0x0000000085600000| PB 0x0000000085500000| Untracked 
|  86|0x0000000085600000, 0x0000000085700000, 0x0000000085700000|100%| O|  |TAMS 0x0000000085700000| PB 0x0000000085600000| Untracked 
|  87|0x0000000085700000, 0x0000000085800000, 0x0000000085800000|100%| O|  |TAMS 0x0000000085800000| PB 0x0000000085700000| Untracked 
|  88|0x0000000085800000, 0x0000000085900000, 0x0000000085900000|100%| O|  |TAMS 0x0000000085900000| PB 0x0000000085800000| Untracked 
|  89|0x0000000085900000, 0x0000000085a00000, 0x0000000085a00000|100%| O|  |TAMS 0x0000000085a00000| PB 0x0000000085900000| Untracked 
|  90|0x0000000085a00000, 0x0000000085b00000, 0x0000000085b00000|100%| O|  |TAMS 0x0000000085b00000| PB 0x0000000085a00000| Untracked 
|  91|0x0000000085b00000, 0x0000000085c00000, 0x0000000085c00000|100%| O|  |TAMS 0x0000000085c00000| PB 0x0000000085b00000| Untracked 
|  92|0x0000000085c00000, 0x0000000085d00000, 0x0000000085d00000|100%| O|  |TAMS 0x0000000085d00000| PB 0x0000000085c00000| Untracked 
|  93|0x0000000085d00000, 0x0000000085e00000, 0x0000000085e00000|100%| O|  |TAMS 0x0000000085e00000| PB 0x0000000085d00000| Untracked 
|  94|0x0000000085e00000, 0x0000000085f00000, 0x0000000085f00000|100%| O|  |TAMS 0x0000000085f00000| PB 0x0000000085e00000| Untracked 
|  95|0x0000000085f00000, 0x0000000086000000, 0x0000000086000000|100%| O|  |TAMS 0x0000000086000000| PB 0x0000000085f00000| Untracked 
|  96|0x0000000086000000, 0x0000000086100000, 0x0000000086100000|100%| O|  |TAMS 0x0000000086100000| PB 0x0000000086000000| Untracked 
|  97|0x0000000086100000, 0x0000000086200000, 0x0000000086200000|100%| O|  |TAMS 0x0000000086200000| PB 0x0000000086100000| Untracked 
|  98|0x0000000086200000, 0x0000000086300000, 0x0000000086300000|100%| O|  |TAMS 0x0000000086300000| PB 0x0000000086200000| Untracked 
|  99|0x0000000086300000, 0x0000000086400000, 0x0000000086400000|100%| O|  |TAMS 0x0000000086400000| PB 0x0000000086300000| Untracked 
| 100|0x0000000086400000, 0x0000000086500000, 0x0000000086500000|100%| O|  |TAMS 0x0000000086500000| PB 0x0000000086400000| Untracked 
| 101|0x0000000086500000, 0x0000000086600000, 0x0000000086600000|100%| O|  |TAMS 0x0000000086600000| PB 0x0000000086500000| Untracked 
| 102|0x0000000086600000, 0x0000000086700000, 0x0000000086700000|100%| O|  |TAMS 0x0000000086700000| PB 0x0000000086600000| Untracked 
| 103|0x0000000086700000, 0x0000000086800000, 0x0000000086800000|100%| O|  |TAMS 0x0000000086800000| PB 0x0000000086700000| Untracked 
| 104|0x0000000086800000, 0x0000000086900000, 0x0000000086900000|100%| O|  |TAMS 0x0000000086900000| PB 0x0000000086800000| Untracked 
| 105|0x0000000086900000, 0x0000000086a00000, 0x0000000086a00000|100%| O|  |TAMS 0x0000000086a00000| PB 0x0000000086900000| Untracked 
| 106|0x0000000086a00000, 0x0000000086b00000, 0x0000000086b00000|100%| O|  |TAMS 0x0000000086b00000| PB 0x0000000086a00000| Untracked 
| 107|0x0000000086b00000, 0x0000000086c00000, 0x0000000086c00000|100%| O|  |TAMS 0x0000000086c00000| PB 0x0000000086b00000| Untracked 
| 108|0x0000000086c00000, 0x0000000086d00000, 0x0000000086d00000|100%| O|  |TAMS 0x0000000086d00000| PB 0x0000000086c00000| Untracked 
| 109|0x0000000086d00000, 0x0000000086e00000, 0x0000000086e00000|100%| O|  |TAMS 0x0000000086e00000| PB 0x0000000086d00000| Untracked 
| 110|0x0000000086e00000, 0x0000000086f00000, 0x0000000086f00000|100%| O|  |TAMS 0x0000000086f00000| PB 0x0000000086e00000| Untracked 
| 111|0x0000000086f00000, 0x0000000087000000, 0x0000000087000000|100%| O|  |TAMS 0x0000000087000000| PB 0x0000000086f00000| Untracked 
| 112|0x0000000087000000, 0x0000000087100000, 0x0000000087100000|100%| O|  |TAMS 0x0000000087100000| PB 0x0000000087000000| Untracked 
| 113|0x0000000087100000, 0x0000000087200000, 0x0000000087200000|100%| O|  |TAMS 0x0000000087200000| PB 0x0000000087100000| Untracked 
| 114|0x0000000087200000, 0x0000000087300000, 0x0000000087300000|100%| O|  |TAMS 0x0000000087300000| PB 0x0000000087200000| Untracked 
| 115|0x0000000087300000, 0x0000000087400000, 0x0000000087400000|100%| O|  |TAMS 0x0000000087400000| PB 0x0000000087300000| Untracked 
| 116|0x0000000087400000, 0x0000000087500000, 0x0000000087500000|100%| O|  |TAMS 0x0000000087500000| PB 0x0000000087400000| Untracked 
| 117|0x0000000087500000, 0x0000000087600000, 0x0000000087600000|100%| O|  |TAMS 0x0000000087600000| PB 0x0000000087500000| Untracked 
| 118|0x0000000087600000, 0x0000000087700000, 0x0000000087700000|100%| O|  |TAMS 0x0000000087700000| PB 0x0000000087600000| Untracked 
| 119|0x0000000087700000, 0x0000000087800000, 0x0000000087800000|100%| O|  |TAMS 0x0000000087800000| PB 0x0000000087700000| Untracked 
| 120|0x0000000087800000, 0x0000000087900000, 0x0000000087900000|100%| O|  |TAMS 0x0000000087900000| PB 0x0000000087800000| Untracked 
| 121|0x0000000087900000, 0x0000000087a00000, 0x0000000087a00000|100%| O|  |TAMS 0x0000000087a00000| PB 0x0000000087900000| Untracked 
| 122|0x0000000087a00000, 0x0000000087b00000, 0x0000000087b00000|100%| O|  |TAMS 0x0000000087b00000| PB 0x0000000087a00000| Untracked 
| 123|0x0000000087b00000, 0x0000000087c00000, 0x0000000087c00000|100%| O|  |TAMS 0x0000000087c00000| PB 0x0000000087b00000| Untracked 
| 124|0x0000000087c00000, 0x0000000087d00000, 0x0000000087d00000|100%| O|  |TAMS 0x0000000087d00000| PB 0x0000000087c00000| Untracked 
| 125|0x0000000087d00000, 0x0000000087e00000, 0x0000000087e00000|100%| O|  |TAMS 0x0000000087e00000| PB 0x0000000087d00000| Untracked 
| 126|0x0000000087e00000, 0x0000000087f00000, 0x0000000087f00000|100%| O|  |TAMS 0x0000000087f00000| PB 0x0000000087e00000| Untracked 
| 127|0x0000000087f00000, 0x0000000088000000, 0x0000000088000000|100%| O|  |TAMS 0x0000000088000000| PB 0x0000000087f00000| Untracked 
| 128|0x0000000088000000, 0x0000000088100000, 0x0000000088100000|100%| O|  |TAMS 0x0000000088100000| PB 0x0000000088000000| Untracked 
| 129|0x0000000088100000, 0x0000000088200000, 0x0000000088200000|100%| O|  |TAMS 0x0000000088200000| PB 0x0000000088100000| Untracked 
| 130|0x0000000088200000, 0x0000000088300000, 0x0000000088300000|100%| O|  |TAMS 0x0000000088300000| PB 0x0000000088200000| Untracked 
| 131|0x0000000088300000, 0x0000000088400000, 0x0000000088400000|100%| O|  |TAMS 0x0000000088400000| PB 0x0000000088300000| Untracked 
| 132|0x0000000088400000, 0x0000000088500000, 0x0000000088500000|100%| O|  |TAMS 0x0000000088500000| PB 0x0000000088400000| Untracked 
| 133|0x0000000088500000, 0x0000000088600000, 0x0000000088600000|100%| O|  |TAMS 0x0000000088600000| PB 0x0000000088500000| Untracked 
| 134|0x0000000088600000, 0x0000000088700000, 0x0000000088700000|100%| O|  |TAMS 0x0000000088700000| PB 0x0000000088600000| Untracked 
| 135|0x0000000088700000, 0x0000000088800000, 0x0000000088800000|100%| O|  |TAMS 0x0000000088800000| PB 0x0000000088700000| Untracked 
| 136|0x0000000088800000, 0x0000000088900000, 0x0000000088900000|100%| O|  |TAMS 0x0000000088900000| PB 0x0000000088800000| Untracked 
| 137|0x0000000088900000, 0x0000000088a00000, 0x0000000088a00000|100%| O|  |TAMS 0x0000000088a00000| PB 0x0000000088900000| Untracked 
| 138|0x0000000088a00000, 0x0000000088b00000, 0x0000000088b00000|100%| O|  |TAMS 0x0000000088b00000| PB 0x0000000088a00000| Untracked 
| 139|0x0000000088b00000, 0x0000000088c00000, 0x0000000088c00000|100%| O|  |TAMS 0x0000000088c00000| PB 0x0000000088b00000| Untracked 
| 140|0x0000000088c00000, 0x0000000088d00000, 0x0000000088d00000|100%| O|  |TAMS 0x0000000088d00000| PB 0x0000000088c00000| Untracked 
| 141|0x0000000088d00000, 0x0000000088e00000, 0x0000000088e00000|100%| O|  |TAMS 0x0000000088e00000| PB 0x0000000088d00000| Untracked 
| 142|0x0000000088e00000, 0x0000000088f00000, 0x0000000088f00000|100%| O|  |TAMS 0x0000000088f00000| PB 0x0000000088e00000| Untracked 
| 143|0x0000000088f00000, 0x0000000089000000, 0x0000000089000000|100%| O|  |TAMS 0x0000000089000000| PB 0x0000000088f00000| Untracked 
| 144|0x0000000089000000, 0x0000000089100000, 0x0000000089100000|100%| O|  |TAMS 0x0000000089100000| PB 0x0000000089000000| Untracked 
| 145|0x0000000089100000, 0x0000000089200000, 0x0000000089200000|100%| O|  |TAMS 0x0000000089200000| PB 0x0000000089100000| Untracked 
| 146|0x0000000089200000, 0x0000000089300000, 0x0000000089300000|100%| O|  |TAMS 0x0000000089300000| PB 0x0000000089200000| Untracked 
| 147|0x0000000089300000, 0x0000000089400000, 0x0000000089400000|100%| O|  |TAMS 0x0000000089400000| PB 0x0000000089300000| Untracked 
| 148|0x0000000089400000, 0x0000000089500000, 0x0000000089500000|100%| O|  |TAMS 0x0000000089500000| PB 0x0000000089400000| Untracked 
| 149|0x0000000089500000, 0x0000000089600000, 0x0000000089600000|100%| O|  |TAMS 0x0000000089600000| PB 0x0000000089500000| Untracked 
| 150|0x0000000089600000, 0x0000000089700000, 0x0000000089700000|100%| O|  |TAMS 0x0000000089700000| PB 0x0000000089600000| Untracked 
| 151|0x0000000089700000, 0x0000000089800000, 0x0000000089800000|100%| O|  |TAMS 0x0000000089800000| PB 0x0000000089700000| Untracked 
| 152|0x0000000089800000, 0x0000000089900000, 0x0000000089900000|100%| O|  |TAMS 0x0000000089900000| PB 0x0000000089800000| Untracked 
| 153|0x0000000089900000, 0x0000000089a00000, 0x0000000089a00000|100%| O|  |TAMS 0x0000000089a00000| PB 0x0000000089900000| Untracked 
| 154|0x0000000089a00000, 0x0000000089b00000, 0x0000000089b00000|100%| O|  |TAMS 0x0000000089b00000| PB 0x0000000089a00000| Untracked 
| 155|0x0000000089b00000, 0x0000000089c00000, 0x0000000089c00000|100%| O|  |TAMS 0x0000000089c00000| PB 0x0000000089b00000| Untracked 
| 156|0x0000000089c00000, 0x0000000089d00000, 0x0000000089d00000|100%| O|  |TAMS 0x0000000089d00000| PB 0x0000000089c00000| Untracked 
| 157|0x0000000089d00000, 0x0000000089e00000, 0x0000000089e00000|100%| O|  |TAMS 0x0000000089e00000| PB 0x0000000089d00000| Untracked 
| 158|0x0000000089e00000, 0x0000000089f00000, 0x0000000089f00000|100%| O|  |TAMS 0x0000000089f00000| PB 0x0000000089e00000| Untracked 
| 159|0x0000000089f00000, 0x000000008a000000, 0x000000008a000000|100%| O|  |TAMS 0x000000008a000000| PB 0x0000000089f00000| Untracked 
| 160|0x000000008a000000, 0x000000008a100000, 0x000000008a100000|100%| O|  |TAMS 0x000000008a100000| PB 0x000000008a000000| Untracked 
| 161|0x000000008a100000, 0x000000008a200000, 0x000000008a200000|100%| O|  |TAMS 0x000000008a200000| PB 0x000000008a100000| Untracked 
| 162|0x000000008a200000, 0x000000008a300000, 0x000000008a300000|100%| O|  |TAMS 0x000000008a300000| PB 0x000000008a200000| Untracked 
| 163|0x000000008a300000, 0x000000008a400000, 0x000000008a400000|100%| O|  |TAMS 0x000000008a400000| PB 0x000000008a300000| Untracked 
| 164|0x000000008a400000, 0x000000008a500000, 0x000000008a500000|100%| O|  |TAMS 0x000000008a500000| PB 0x000000008a400000| Untracked 
| 165|0x000000008a500000, 0x000000008a600000, 0x000000008a600000|100%| O|  |TAMS 0x000000008a600000| PB 0x000000008a500000| Untracked 
| 166|0x000000008a600000, 0x000000008a700000, 0x000000008a700000|100%| O|  |TAMS 0x000000008a700000| PB 0x000000008a600000| Untracked 
| 167|0x000000008a700000, 0x000000008a800000, 0x000000008a800000|100%| O|  |TAMS 0x000000008a800000| PB 0x000000008a700000| Untracked 
| 168|0x000000008a800000, 0x000000008a900000, 0x000000008a900000|100%| O|  |TAMS 0x000000008a900000| PB 0x000000008a800000| Untracked 
| 169|0x000000008a900000, 0x000000008aa00000, 0x000000008aa00000|100%| O|  |TAMS 0x000000008aa00000| PB 0x000000008a900000| Untracked 
| 170|0x000000008aa00000, 0x000000008ab00000, 0x000000008ab00000|100%| O|  |TAMS 0x000000008ab00000| PB 0x000000008aa00000| Untracked 
| 171|0x000000008ab00000, 0x000000008ac00000, 0x000000008ac00000|100%| O|  |TAMS 0x000000008ac00000| PB 0x000000008ab00000| Untracked 
| 172|0x000000008ac00000, 0x000000008ad00000, 0x000000008ad00000|100%| O|  |TAMS 0x000000008ad00000| PB 0x000000008ac00000| Untracked 
| 173|0x000000008ad00000, 0x000000008ae00000, 0x000000008ae00000|100%| O|  |TAMS 0x000000008ae00000| PB 0x000000008ad00000| Untracked 
| 174|0x000000008ae00000, 0x000000008af00000, 0x000000008af00000|100%| O|  |TAMS 0x000000008af00000| PB 0x000000008ae00000| Untracked 
| 175|0x000000008af00000, 0x000000008b000000, 0x000000008b000000|100%| O|  |TAMS 0x000000008b000000| PB 0x000000008af00000| Untracked 
| 176|0x000000008b000000, 0x000000008b100000, 0x000000008b100000|100%| O|  |TAMS 0x000000008b100000| PB 0x000000008b000000| Untracked 
| 177|0x000000008b100000, 0x000000008b200000, 0x000000008b200000|100%| O|  |TAMS 0x000000008b200000| PB 0x000000008b100000| Untracked 
| 178|0x000000008b200000, 0x000000008b300000, 0x000000008b300000|100%| O|  |TAMS 0x000000008b300000| PB 0x000000008b200000| Untracked 
| 179|0x000000008b300000, 0x000000008b400000, 0x000000008b400000|100%| O|  |TAMS 0x000000008b400000| PB 0x000000008b300000| Untracked 
| 180|0x000000008b400000, 0x000000008b500000, 0x000000008b500000|100%| O|  |TAMS 0x000000008b500000| PB 0x000000008b400000| Untracked 
| 181|0x000000008b500000, 0x000000008b600000, 0x000000008b600000|100%| O|  |TAMS 0x000000008b600000| PB 0x000000008b500000| Untracked 
| 182|0x000000008b600000, 0x000000008b700000, 0x000000008b700000|100%| O|  |TAMS 0x000000008b700000| PB 0x000000008b600000| Untracked 
| 183|0x000000008b700000, 0x000000008b800000, 0x000000008b800000|100%| O|  |TAMS 0x000000008b800000| PB 0x000000008b700000| Untracked 
| 184|0x000000008b800000, 0x000000008b900000, 0x000000008b900000|100%| O|  |TAMS 0x000000008b900000| PB 0x000000008b800000| Untracked 
| 185|0x000000008b900000, 0x000000008ba00000, 0x000000008ba00000|100%| O|  |TAMS 0x000000008ba00000| PB 0x000000008b900000| Untracked 
| 186|0x000000008ba00000, 0x000000008bb00000, 0x000000008bb00000|100%| O|  |TAMS 0x000000008bb00000| PB 0x000000008ba00000| Untracked 
| 187|0x000000008bb00000, 0x000000008bc00000, 0x000000008bc00000|100%| O|  |TAMS 0x000000008bc00000| PB 0x000000008bb00000| Untracked 
| 188|0x000000008bc00000, 0x000000008bd00000, 0x000000008bd00000|100%| O|  |TAMS 0x000000008bd00000| PB 0x000000008bc00000| Untracked 
| 189|0x000000008bd00000, 0x000000008be00000, 0x000000008be00000|100%| O|  |TAMS 0x000000008be00000| PB 0x000000008bd00000| Untracked 
| 190|0x000000008be00000, 0x000000008bf00000, 0x000000008bf00000|100%| O|  |TAMS 0x000000008bf00000| PB 0x000000008be00000| Untracked 
| 191|0x000000008bf00000, 0x000000008c000000, 0x000000008c000000|100%| O|  |TAMS 0x000000008c000000| PB 0x000000008bf00000| Untracked 
| 192|0x000000008c000000, 0x000000008c100000, 0x000000008c100000|100%| O|  |TAMS 0x000000008c100000| PB 0x000000008c000000| Untracked 
| 193|0x000000008c100000, 0x000000008c200000, 0x000000008c200000|100%| O|  |TAMS 0x000000008c200000| PB 0x000000008c100000| Untracked 
| 194|0x000000008c200000, 0x000000008c300000, 0x000000008c300000|100%| O|  |TAMS 0x000000008c300000| PB 0x000000008c200000| Untracked 
| 195|0x000000008c300000, 0x000000008c400000, 0x000000008c400000|100%| O|  |TAMS 0x000000008c400000| PB 0x000000008c300000| Untracked 
| 196|0x000000008c400000, 0x000000008c500000, 0x000000008c500000|100%| O|  |TAMS 0x000000008c500000| PB 0x000000008c400000| Untracked 
| 197|0x000000008c500000, 0x000000008c600000, 0x000000008c600000|100%| O|  |TAMS 0x000000008c600000| PB 0x000000008c500000| Untracked 
| 198|0x000000008c600000, 0x000000008c700000, 0x000000008c700000|100%| O|  |TAMS 0x000000008c700000| PB 0x000000008c600000| Untracked 
| 199|0x000000008c700000, 0x000000008c800000, 0x000000008c800000|100%|HS|  |TAMS 0x000000008c800000| PB 0x000000008c700000| Complete 
| 200|0x000000008c800000, 0x000000008c900000, 0x000000008c900000|100%|HC|  |TAMS 0x000000008c900000| PB 0x000000008c800000| Complete 
| 201|0x000000008c900000, 0x000000008ca00000, 0x000000008ca00000|100%|HC|  |TAMS 0x000000008ca00000| PB 0x000000008c900000| Complete 
| 202|0x000000008ca00000, 0x000000008cb00000, 0x000000008cb00000|100%| O|  |TAMS 0x000000008cb00000| PB 0x000000008ca00000| Untracked 
| 203|0x000000008cb00000, 0x000000008cc00000, 0x000000008cc00000|100%| O|  |TAMS 0x000000008cc00000| PB 0x000000008cb00000| Untracked 
| 204|0x000000008cc00000, 0x000000008cd00000, 0x000000008cd00000|100%| O|  |TAMS 0x000000008cd00000| PB 0x000000008cc00000| Untracked 
| 205|0x000000008cd00000, 0x000000008ce00000, 0x000000008ce00000|100%| O|  |TAMS 0x000000008ce00000| PB 0x000000008cd00000| Untracked 
| 206|0x000000008ce00000, 0x000000008cf00000, 0x000000008cf00000|100%|HS|  |TAMS 0x000000008cf00000| PB 0x000000008ce00000| Complete 
| 207|0x000000008cf00000, 0x000000008d000000, 0x000000008d000000|100%|HC|  |TAMS 0x000000008d000000| PB 0x000000008cf00000| Complete 
| 208|0x000000008d000000, 0x000000008d100000, 0x000000008d100000|100%|HS|  |TAMS 0x000000008d100000| PB 0x000000008d000000| Complete 
| 209|0x000000008d100000, 0x000000008d200000, 0x000000008d200000|100%|HC|  |TAMS 0x000000008d200000| PB 0x000000008d100000| Complete 
| 210|0x000000008d200000, 0x000000008d300000, 0x000000008d300000|100%| O|  |TAMS 0x000000008d300000| PB 0x000000008d200000| Untracked 
| 211|0x000000008d300000, 0x000000008d400000, 0x000000008d400000|100%| O|  |TAMS 0x000000008d400000| PB 0x000000008d300000| Untracked 
| 212|0x000000008d400000, 0x000000008d500000, 0x000000008d500000|100%| O|  |TAMS 0x000000008d500000| PB 0x000000008d400000| Untracked 
| 213|0x000000008d500000, 0x000000008d600000, 0x000000008d600000|100%| O|  |TAMS 0x000000008d600000| PB 0x000000008d500000| Untracked 
| 214|0x000000008d600000, 0x000000008d700000, 0x000000008d700000|100%| O|  |TAMS 0x000000008d700000| PB 0x000000008d600000| Untracked 
| 215|0x000000008d700000, 0x000000008d800000, 0x000000008d800000|100%| O|  |TAMS 0x000000008d800000| PB 0x000000008d700000| Untracked 
| 216|0x000000008d800000, 0x000000008d900000, 0x000000008d900000|100%| O|  |TAMS 0x000000008d900000| PB 0x000000008d800000| Untracked 
| 217|0x000000008d900000, 0x000000008da00000, 0x000000008da00000|100%| O|  |TAMS 0x000000008da00000| PB 0x000000008d900000| Untracked 
| 218|0x000000008da00000, 0x000000008db00000, 0x000000008db00000|100%| O|  |TAMS 0x000000008db00000| PB 0x000000008da00000| Untracked 
| 219|0x000000008db00000, 0x000000008dc00000, 0x000000008dc00000|100%| O|  |TAMS 0x000000008dc00000| PB 0x000000008db00000| Untracked 
| 220|0x000000008dc00000, 0x000000008dd00000, 0x000000008dd00000|100%| O|  |TAMS 0x000000008dd00000| PB 0x000000008dc00000| Untracked 
| 221|0x000000008dd00000, 0x000000008de00000, 0x000000008de00000|100%| O|  |TAMS 0x000000008de00000| PB 0x000000008dd00000| Untracked 
| 222|0x000000008de00000, 0x000000008df00000, 0x000000008df00000|100%| O|  |TAMS 0x000000008df00000| PB 0x000000008de00000| Untracked 
| 223|0x000000008df00000, 0x000000008e000000, 0x000000008e000000|100%| O|  |TAMS 0x000000008e000000| PB 0x000000008df00000| Untracked 
| 224|0x000000008e000000, 0x000000008e100000, 0x000000008e100000|100%| O|  |TAMS 0x000000008e100000| PB 0x000000008e000000| Untracked 
| 225|0x000000008e100000, 0x000000008e200000, 0x000000008e200000|100%| O|  |TAMS 0x000000008e200000| PB 0x000000008e100000| Untracked 
| 226|0x000000008e200000, 0x000000008e300000, 0x000000008e300000|100%| O|  |TAMS 0x000000008e300000| PB 0x000000008e200000| Untracked 
| 227|0x000000008e300000, 0x000000008e400000, 0x000000008e400000|100%| O|  |TAMS 0x000000008e400000| PB 0x000000008e300000| Untracked 
| 228|0x000000008e400000, 0x000000008e500000, 0x000000008e500000|100%| O|  |TAMS 0x000000008e500000| PB 0x000000008e400000| Untracked 
| 229|0x000000008e500000, 0x000000008e600000, 0x000000008e600000|100%|HS|  |TAMS 0x000000008e600000| PB 0x000000008e500000| Complete 
| 230|0x000000008e600000, 0x000000008e700000, 0x000000008e700000|100%|HC|  |TAMS 0x000000008e700000| PB 0x000000008e600000| Complete 
| 231|0x000000008e700000, 0x000000008e800000, 0x000000008e800000|100%|HC|  |TAMS 0x000000008e800000| PB 0x000000008e700000| Complete 
| 232|0x000000008e800000, 0x000000008e900000, 0x000000008e900000|100%|HC|  |TAMS 0x000000008e900000| PB 0x000000008e800000| Complete 
| 233|0x000000008e900000, 0x000000008ea00000, 0x000000008ea00000|100%| O|  |TAMS 0x000000008ea00000| PB 0x000000008e900000| Untracked 
| 234|0x000000008ea00000, 0x000000008eb00000, 0x000000008eb00000|100%|HS|  |TAMS 0x000000008ea00000| PB 0x000000008ea00000| Complete 
| 235|0x000000008eb00000, 0x000000008ec00000, 0x000000008ec00000|100%|HC|  |TAMS 0x000000008eb00000| PB 0x000000008eb00000| Complete 
| 236|0x000000008ec00000, 0x000000008ed00000, 0x000000008ed00000|100%| O|  |TAMS 0x000000008ed00000| PB 0x000000008ec00000| Untracked 
| 237|0x000000008ed00000, 0x000000008ee00000, 0x000000008ee00000|100%| O|  |TAMS 0x000000008ee00000| PB 0x000000008ed00000| Untracked 
| 238|0x000000008ee00000, 0x000000008ef00000, 0x000000008ef00000|100%| O|  |TAMS 0x000000008ef00000| PB 0x000000008ee00000| Untracked 
| 239|0x000000008ef00000, 0x000000008f000000, 0x000000008f000000|100%| O|  |TAMS 0x000000008f000000| PB 0x000000008ef00000| Untracked 
| 240|0x000000008f000000, 0x000000008f100000, 0x000000008f100000|100%| O|  |TAMS 0x000000008f100000| PB 0x000000008f000000| Untracked 
| 241|0x000000008f100000, 0x000000008f200000, 0x000000008f200000|100%| O|  |TAMS 0x000000008f200000| PB 0x000000008f100000| Untracked 
| 242|0x000000008f200000, 0x000000008f300000, 0x000000008f300000|100%| O|  |TAMS 0x000000008f300000| PB 0x000000008f200000| Untracked 
| 243|0x000000008f300000, 0x000000008f400000, 0x000000008f400000|100%| O|  |TAMS 0x000000008f400000| PB 0x000000008f300000| Untracked 
| 244|0x000000008f400000, 0x000000008f500000, 0x000000008f500000|100%| O|  |TAMS 0x000000008f500000| PB 0x000000008f400000| Untracked 
| 245|0x000000008f500000, 0x000000008f600000, 0x000000008f600000|100%| O|  |TAMS 0x000000008f600000| PB 0x000000008f500000| Untracked 
| 246|0x000000008f600000, 0x000000008f700000, 0x000000008f700000|100%| O|  |TAMS 0x000000008f700000| PB 0x000000008f600000| Untracked 
| 247|0x000000008f700000, 0x000000008f800000, 0x000000008f800000|100%| O|  |TAMS 0x000000008f800000| PB 0x000000008f700000| Untracked 
| 248|0x000000008f800000, 0x000000008f900000, 0x000000008f900000|100%| O|  |TAMS 0x000000008f900000| PB 0x000000008f800000| Untracked 
| 249|0x000000008f900000, 0x000000008fa00000, 0x000000008fa00000|100%| O|  |TAMS 0x000000008fa00000| PB 0x000000008f900000| Untracked 
| 250|0x000000008fa00000, 0x000000008fb00000, 0x000000008fb00000|100%| O|  |TAMS 0x000000008fb00000| PB 0x000000008fa00000| Untracked 
| 251|0x000000008fb00000, 0x000000008fc00000, 0x000000008fc00000|100%| O|  |TAMS 0x000000008fc00000| PB 0x000000008fb00000| Untracked 
| 252|0x000000008fc00000, 0x000000008fd00000, 0x000000008fd00000|100%| O|  |TAMS 0x000000008fd00000| PB 0x000000008fc00000| Untracked 
| 253|0x000000008fd00000, 0x000000008fe00000, 0x000000008fe00000|100%| O|  |TAMS 0x000000008fe00000| PB 0x000000008fd00000| Untracked 
| 254|0x000000008fe00000, 0x000000008ff00000, 0x000000008ff00000|100%| O|  |TAMS 0x000000008ff00000| PB 0x000000008fe00000| Untracked 
| 255|0x000000008ff00000, 0x0000000090000000, 0x0000000090000000|100%| O|  |TAMS 0x0000000090000000| PB 0x000000008ff00000| Untracked 
| 256|0x0000000090000000, 0x0000000090100000, 0x0000000090100000|100%| O|  |TAMS 0x0000000090100000| PB 0x0000000090000000| Untracked 
| 257|0x0000000090100000, 0x0000000090200000, 0x0000000090200000|100%| O|  |TAMS 0x0000000090200000| PB 0x0000000090100000| Untracked 
| 258|0x0000000090200000, 0x0000000090300000, 0x0000000090300000|100%| O|  |TAMS 0x0000000090300000| PB 0x0000000090200000| Untracked 
| 259|0x0000000090300000, 0x0000000090400000, 0x0000000090400000|100%| O|  |TAMS 0x0000000090400000| PB 0x0000000090300000| Untracked 
| 260|0x0000000090400000, 0x0000000090500000, 0x0000000090500000|100%| O|  |TAMS 0x0000000090500000| PB 0x0000000090400000| Untracked 
| 261|0x0000000090500000, 0x0000000090600000, 0x0000000090600000|100%| O|  |TAMS 0x0000000090600000| PB 0x0000000090500000| Untracked 
| 262|0x0000000090600000, 0x0000000090700000, 0x0000000090700000|100%| O|  |TAMS 0x0000000090700000| PB 0x0000000090600000| Untracked 
| 263|0x0000000090700000, 0x0000000090800000, 0x0000000090800000|100%| O|  |TAMS 0x0000000090800000| PB 0x0000000090700000| Untracked 
| 264|0x0000000090800000, 0x0000000090900000, 0x0000000090900000|100%| O|  |TAMS 0x0000000090900000| PB 0x0000000090800000| Untracked 
| 265|0x0000000090900000, 0x0000000090a00000, 0x0000000090a00000|100%| O|  |TAMS 0x0000000090a00000| PB 0x0000000090900000| Untracked 
| 266|0x0000000090a00000, 0x0000000090b00000, 0x0000000090b00000|100%| O|  |TAMS 0x0000000090b00000| PB 0x0000000090a00000| Untracked 
| 267|0x0000000090b00000, 0x0000000090c00000, 0x0000000090c00000|100%| O|  |TAMS 0x0000000090c00000| PB 0x0000000090b00000| Untracked 
| 268|0x0000000090c00000, 0x0000000090d00000, 0x0000000090d00000|100%| O|  |TAMS 0x0000000090d00000| PB 0x0000000090c00000| Untracked 
| 269|0x0000000090d00000, 0x0000000090e00000, 0x0000000090e00000|100%| O|  |TAMS 0x0000000090e00000| PB 0x0000000090d00000| Untracked 
| 270|0x0000000090e00000, 0x0000000090f00000, 0x0000000090f00000|100%| O|  |TAMS 0x0000000090f00000| PB 0x0000000090e00000| Untracked 
| 271|0x0000000090f00000, 0x0000000091000000, 0x0000000091000000|100%| O|  |TAMS 0x0000000091000000| PB 0x0000000090f00000| Untracked 
| 272|0x0000000091000000, 0x0000000091100000, 0x0000000091100000|100%| O|  |TAMS 0x0000000091100000| PB 0x0000000091000000| Untracked 
| 273|0x0000000091100000, 0x0000000091100000, 0x0000000091200000|  0%| F|  |TAMS 0x0000000091100000| PB 0x0000000091100000| Untracked 
| 274|0x0000000091200000, 0x0000000091200000, 0x0000000091300000|  0%| F|  |TAMS 0x0000000091200000| PB 0x0000000091200000| Untracked 
| 275|0x0000000091300000, 0x0000000091400000, 0x0000000091400000|100%| O|  |TAMS 0x0000000091400000| PB 0x0000000091300000| Untracked 
| 276|0x0000000091400000, 0x0000000091500000, 0x0000000091500000|100%| O|  |TAMS 0x0000000091500000| PB 0x0000000091400000| Untracked 
| 277|0x0000000091500000, 0x0000000091600000, 0x0000000091600000|100%| O|  |TAMS 0x0000000091600000| PB 0x0000000091500000| Untracked 
| 278|0x0000000091600000, 0x0000000091700000, 0x0000000091700000|100%| O|  |TAMS 0x0000000091700000| PB 0x0000000091600000| Untracked 
| 279|0x0000000091700000, 0x0000000091800000, 0x0000000091800000|100%| O|  |TAMS 0x0000000091800000| PB 0x0000000091700000| Untracked 
| 280|0x0000000091800000, 0x0000000091900000, 0x0000000091900000|100%| O|  |TAMS 0x0000000091900000| PB 0x0000000091800000| Untracked 
| 281|0x0000000091900000, 0x0000000091a00000, 0x0000000091a00000|100%| O|  |TAMS 0x0000000091a00000| PB 0x0000000091900000| Untracked 
| 282|0x0000000091a00000, 0x0000000091b00000, 0x0000000091b00000|100%| O|  |TAMS 0x0000000091b00000| PB 0x0000000091a00000| Untracked 
| 283|0x0000000091b00000, 0x0000000091c00000, 0x0000000091c00000|100%| O|  |TAMS 0x0000000091c00000| PB 0x0000000091b00000| Untracked 
| 284|0x0000000091c00000, 0x0000000091d00000, 0x0000000091d00000|100%| O|  |TAMS 0x0000000091d00000| PB 0x0000000091c00000| Untracked 
| 285|0x0000000091d00000, 0x0000000091e00000, 0x0000000091e00000|100%| O|  |TAMS 0x0000000091e00000| PB 0x0000000091d00000| Untracked 
| 286|0x0000000091e00000, 0x0000000091f00000, 0x0000000091f00000|100%| O|  |TAMS 0x0000000091f00000| PB 0x0000000091e00000| Untracked 
| 287|0x0000000091f00000, 0x0000000092000000, 0x0000000092000000|100%| O|  |TAMS 0x0000000092000000| PB 0x0000000091f00000| Untracked 
| 288|0x0000000092000000, 0x0000000092100000, 0x0000000092100000|100%| O|  |TAMS 0x0000000092100000| PB 0x0000000092000000| Untracked 
| 289|0x0000000092100000, 0x0000000092200000, 0x0000000092200000|100%| O|  |TAMS 0x0000000092200000| PB 0x0000000092100000| Untracked 
| 290|0x0000000092200000, 0x0000000092300000, 0x0000000092300000|100%| O|  |TAMS 0x0000000092300000| PB 0x0000000092200000| Untracked 
| 291|0x0000000092300000, 0x0000000092400000, 0x0000000092400000|100%| O|  |TAMS 0x0000000092400000| PB 0x0000000092300000| Untracked 
| 292|0x0000000092400000, 0x0000000092500000, 0x0000000092500000|100%| O|  |TAMS 0x0000000092500000| PB 0x0000000092400000| Untracked 
| 293|0x0000000092500000, 0x0000000092600000, 0x0000000092600000|100%| O|  |TAMS 0x0000000092600000| PB 0x0000000092500000| Untracked 
| 294|0x0000000092600000, 0x0000000092700000, 0x0000000092700000|100%| O|  |TAMS 0x0000000092700000| PB 0x0000000092600000| Untracked 
| 295|0x0000000092700000, 0x0000000092800000, 0x0000000092800000|100%| O|  |TAMS 0x0000000092800000| PB 0x0000000092700000| Untracked 
| 296|0x0000000092800000, 0x0000000092900000, 0x0000000092900000|100%| O|  |TAMS 0x0000000092900000| PB 0x0000000092800000| Untracked 
| 297|0x0000000092900000, 0x0000000092a00000, 0x0000000092a00000|100%| O|  |TAMS 0x0000000092a00000| PB 0x0000000092900000| Untracked 
| 298|0x0000000092a00000, 0x0000000092b00000, 0x0000000092b00000|100%| O|  |TAMS 0x0000000092b00000| PB 0x0000000092a00000| Untracked 
| 299|0x0000000092b00000, 0x0000000092c00000, 0x0000000092c00000|100%| O|  |TAMS 0x0000000092c00000| PB 0x0000000092b00000| Untracked 
| 300|0x0000000092c00000, 0x0000000092d00000, 0x0000000092d00000|100%| O|  |TAMS 0x0000000092d00000| PB 0x0000000092c00000| Untracked 
| 301|0x0000000092d00000, 0x0000000092e00000, 0x0000000092e00000|100%| O|  |TAMS 0x0000000092e00000| PB 0x0000000092d00000| Untracked 
| 302|0x0000000092e00000, 0x0000000092f00000, 0x0000000092f00000|100%| O|  |TAMS 0x0000000092f00000| PB 0x0000000092e00000| Untracked 
| 303|0x0000000092f00000, 0x0000000093000000, 0x0000000093000000|100%| O|  |TAMS 0x0000000093000000| PB 0x0000000092f00000| Untracked 
| 304|0x0000000093000000, 0x0000000093100000, 0x0000000093100000|100%| O|  |TAMS 0x0000000093100000| PB 0x0000000093000000| Untracked 
| 305|0x0000000093100000, 0x0000000093200000, 0x0000000093200000|100%| O|  |TAMS 0x0000000093200000| PB 0x0000000093100000| Untracked 
| 306|0x0000000093200000, 0x0000000093300000, 0x0000000093300000|100%| O|  |TAMS 0x0000000093300000| PB 0x0000000093200000| Untracked 
| 307|0x0000000093300000, 0x0000000093400000, 0x0000000093400000|100%|HS|  |TAMS 0x0000000093400000| PB 0x0000000093300000| Complete 
| 308|0x0000000093400000, 0x0000000093500000, 0x0000000093500000|100%| O|  |TAMS 0x0000000093500000| PB 0x0000000093400000| Untracked 
| 309|0x0000000093500000, 0x0000000093500000, 0x0000000093600000|  0%| F|  |TAMS 0x0000000093500000| PB 0x0000000093500000| Untracked 
| 310|0x0000000093600000, 0x0000000093600000, 0x0000000093700000|  0%| F|  |TAMS 0x0000000093600000| PB 0x0000000093600000| Untracked 
| 311|0x0000000093700000, 0x0000000093800000, 0x0000000093800000|100%| O|  |TAMS 0x0000000093800000| PB 0x0000000093700000| Untracked 
| 312|0x0000000093800000, 0x0000000093900000, 0x0000000093900000|100%| O|  |TAMS 0x0000000093900000| PB 0x0000000093800000| Untracked 
| 313|0x0000000093900000, 0x0000000093a00000, 0x0000000093a00000|100%| O|  |TAMS 0x0000000093a00000| PB 0x0000000093900000| Untracked 
| 314|0x0000000093a00000, 0x0000000093b00000, 0x0000000093b00000|100%| O|  |TAMS 0x0000000093b00000| PB 0x0000000093a00000| Untracked 
| 315|0x0000000093b00000, 0x0000000093c00000, 0x0000000093c00000|100%| O|  |TAMS 0x0000000093c00000| PB 0x0000000093b00000| Untracked 
| 316|0x0000000093c00000, 0x0000000093d00000, 0x0000000093d00000|100%| O|  |TAMS 0x0000000093d00000| PB 0x0000000093c00000| Untracked 
| 317|0x0000000093d00000, 0x0000000093e00000, 0x0000000093e00000|100%| O|  |TAMS 0x0000000093e00000| PB 0x0000000093d00000| Untracked 
| 318|0x0000000093e00000, 0x0000000093f00000, 0x0000000093f00000|100%| O|  |TAMS 0x0000000093f00000| PB 0x0000000093e00000| Untracked 
| 319|0x0000000093f00000, 0x0000000094000000, 0x0000000094000000|100%| O|  |TAMS 0x0000000094000000| PB 0x0000000093f00000| Untracked 
| 320|0x0000000094000000, 0x0000000094100000, 0x0000000094100000|100%| O|  |TAMS 0x0000000094100000| PB 0x0000000094000000| Untracked 
| 321|0x0000000094100000, 0x0000000094200000, 0x0000000094200000|100%| O|  |TAMS 0x0000000094200000| PB 0x0000000094100000| Untracked 
| 322|0x0000000094200000, 0x0000000094300000, 0x0000000094300000|100%| O|  |TAMS 0x0000000094300000| PB 0x0000000094200000| Untracked 
| 323|0x0000000094300000, 0x0000000094400000, 0x0000000094400000|100%| O|  |TAMS 0x0000000094400000| PB 0x0000000094300000| Untracked 
| 324|0x0000000094400000, 0x0000000094500000, 0x0000000094500000|100%| O|  |TAMS 0x0000000094500000| PB 0x0000000094400000| Untracked 
| 325|0x0000000094500000, 0x0000000094600000, 0x0000000094600000|100%| O|  |TAMS 0x0000000094600000| PB 0x0000000094500000| Untracked 
| 326|0x0000000094600000, 0x0000000094700000, 0x0000000094700000|100%| O|  |TAMS 0x0000000094700000| PB 0x0000000094600000| Untracked 
| 327|0x0000000094700000, 0x0000000094800000, 0x0000000094800000|100%| O|  |TAMS 0x0000000094800000| PB 0x0000000094700000| Untracked 
| 328|0x0000000094800000, 0x0000000094900000, 0x0000000094900000|100%| O|  |TAMS 0x0000000094900000| PB 0x0000000094800000| Untracked 
| 329|0x0000000094900000, 0x0000000094a00000, 0x0000000094a00000|100%| O|  |TAMS 0x0000000094a00000| PB 0x0000000094900000| Untracked 
| 330|0x0000000094a00000, 0x0000000094b00000, 0x0000000094b00000|100%| O|  |TAMS 0x0000000094b00000| PB 0x0000000094a00000| Untracked 
| 331|0x0000000094b00000, 0x0000000094c00000, 0x0000000094c00000|100%| O|  |TAMS 0x0000000094c00000| PB 0x0000000094b00000| Untracked 
| 332|0x0000000094c00000, 0x0000000094d00000, 0x0000000094d00000|100%| O|  |TAMS 0x0000000094d00000| PB 0x0000000094c00000| Untracked 
| 333|0x0000000094d00000, 0x0000000094e00000, 0x0000000094e00000|100%| O|  |TAMS 0x0000000094e00000| PB 0x0000000094d00000| Untracked 
| 334|0x0000000094e00000, 0x0000000094f00000, 0x0000000094f00000|100%| O|  |TAMS 0x0000000094f00000| PB 0x0000000094e00000| Untracked 
| 335|0x0000000094f00000, 0x0000000095000000, 0x0000000095000000|100%| O|  |TAMS 0x0000000095000000| PB 0x0000000094f00000| Untracked 
| 336|0x0000000095000000, 0x0000000095100000, 0x0000000095100000|100%| O|  |TAMS 0x0000000095100000| PB 0x0000000095000000| Untracked 
| 337|0x0000000095100000, 0x0000000095200000, 0x0000000095200000|100%| O|  |TAMS 0x0000000095200000| PB 0x0000000095100000| Untracked 
| 338|0x0000000095200000, 0x0000000095200000, 0x0000000095300000|  0%| F|  |TAMS 0x0000000095200000| PB 0x0000000095200000| Untracked 
| 339|0x0000000095300000, 0x0000000095300000, 0x0000000095400000|  0%| F|  |TAMS 0x0000000095300000| PB 0x0000000095300000| Untracked 
| 340|0x0000000095400000, 0x0000000095500000, 0x0000000095500000|100%|HS|  |TAMS 0x0000000095500000| PB 0x0000000095400000| Complete 
| 341|0x0000000095500000, 0x0000000095600000, 0x0000000095600000|100%|HC|  |TAMS 0x0000000095600000| PB 0x0000000095500000| Complete 
| 342|0x0000000095600000, 0x0000000095700000, 0x0000000095700000|100%|HS|  |TAMS 0x0000000095700000| PB 0x0000000095600000| Complete 
| 343|0x0000000095700000, 0x0000000095800000, 0x0000000095800000|100%|HC|  |TAMS 0x0000000095800000| PB 0x0000000095700000| Complete 
| 344|0x0000000095800000, 0x0000000095900000, 0x0000000095900000|100%| O|  |TAMS 0x0000000095900000| PB 0x0000000095800000| Untracked 
| 345|0x0000000095900000, 0x0000000095a00000, 0x0000000095a00000|100%| O|  |TAMS 0x0000000095a00000| PB 0x0000000095900000| Untracked 
| 346|0x0000000095a00000, 0x0000000095b00000, 0x0000000095b00000|100%| O|  |TAMS 0x0000000095b00000| PB 0x0000000095a00000| Untracked 
| 347|0x0000000095b00000, 0x0000000095c00000, 0x0000000095c00000|100%| O|  |TAMS 0x0000000095c00000| PB 0x0000000095b00000| Untracked 
| 348|0x0000000095c00000, 0x0000000095d00000, 0x0000000095d00000|100%| O|  |TAMS 0x0000000095d00000| PB 0x0000000095c00000| Untracked 
| 349|0x0000000095d00000, 0x0000000095e00000, 0x0000000095e00000|100%| O|  |TAMS 0x0000000095e00000| PB 0x0000000095d00000| Untracked 
| 350|0x0000000095e00000, 0x0000000095f00000, 0x0000000095f00000|100%| O|  |TAMS 0x0000000095f00000| PB 0x0000000095e00000| Untracked 
| 351|0x0000000095f00000, 0x0000000096000000, 0x0000000096000000|100%| O|  |TAMS 0x0000000096000000| PB 0x0000000095f00000| Untracked 
| 352|0x0000000096000000, 0x0000000096100000, 0x0000000096100000|100%| O|  |TAMS 0x0000000096100000| PB 0x0000000096000000| Untracked 
| 353|0x0000000096100000, 0x0000000096200000, 0x0000000096200000|100%| O|  |TAMS 0x0000000096200000| PB 0x0000000096100000| Untracked 
| 354|0x0000000096200000, 0x0000000096300000, 0x0000000096300000|100%| O|  |TAMS 0x0000000096300000| PB 0x0000000096200000| Untracked 
| 355|0x0000000096300000, 0x0000000096400000, 0x0000000096400000|100%| O|  |TAMS 0x0000000096400000| PB 0x0000000096300000| Untracked 
| 356|0x0000000096400000, 0x0000000096500000, 0x0000000096500000|100%| O|  |TAMS 0x0000000096500000| PB 0x0000000096400000| Untracked 
| 357|0x0000000096500000, 0x0000000096600000, 0x0000000096600000|100%| O|  |TAMS 0x0000000096600000| PB 0x0000000096500000| Untracked 
| 358|0x0000000096600000, 0x0000000096700000, 0x0000000096700000|100%| O|  |TAMS 0x0000000096700000| PB 0x0000000096600000| Untracked 
| 359|0x0000000096700000, 0x0000000096800000, 0x0000000096800000|100%| O|  |TAMS 0x0000000096800000| PB 0x0000000096700000| Untracked 
| 360|0x0000000096800000, 0x0000000096900000, 0x0000000096900000|100%| O|  |TAMS 0x0000000096900000| PB 0x0000000096800000| Untracked 
| 361|0x0000000096900000, 0x0000000096a00000, 0x0000000096a00000|100%| O|  |TAMS 0x0000000096a00000| PB 0x0000000096900000| Untracked 
| 362|0x0000000096a00000, 0x0000000096b00000, 0x0000000096b00000|100%| O|  |TAMS 0x0000000096b00000| PB 0x0000000096a00000| Untracked 
| 363|0x0000000096b00000, 0x0000000096c00000, 0x0000000096c00000|100%| O|  |TAMS 0x0000000096c00000| PB 0x0000000096b00000| Untracked 
| 364|0x0000000096c00000, 0x0000000096d00000, 0x0000000096d00000|100%| O|  |TAMS 0x0000000096d00000| PB 0x0000000096c00000| Untracked 
| 365|0x0000000096d00000, 0x0000000096e00000, 0x0000000096e00000|100%| O|  |TAMS 0x0000000096e00000| PB 0x0000000096d00000| Untracked 
| 366|0x0000000096e00000, 0x0000000096f00000, 0x0000000096f00000|100%| O|  |TAMS 0x0000000096f00000| PB 0x0000000096e00000| Untracked 
| 367|0x0000000096f00000, 0x0000000097000000, 0x0000000097000000|100%| O|  |TAMS 0x0000000097000000| PB 0x0000000096f00000| Untracked 
| 368|0x0000000097000000, 0x0000000097000000, 0x0000000097100000|  0%| F|  |TAMS 0x0000000097000000| PB 0x0000000097000000| Untracked 
| 369|0x0000000097100000, 0x0000000097100000, 0x0000000097200000|  0%| F|  |TAMS 0x0000000097100000| PB 0x0000000097100000| Untracked 
| 370|0x0000000097200000, 0x0000000097200000, 0x0000000097300000|  0%| F|  |TAMS 0x0000000097200000| PB 0x0000000097200000| Untracked 
| 371|0x0000000097300000, 0x0000000097300000, 0x0000000097400000|  0%| F|  |TAMS 0x0000000097300000| PB 0x0000000097300000| Untracked 
| 372|0x0000000097400000, 0x0000000097400000, 0x0000000097500000|  0%| F|  |TAMS 0x0000000097400000| PB 0x0000000097400000| Untracked 
| 373|0x0000000097500000, 0x0000000097500000, 0x0000000097600000|  0%| F|  |TAMS 0x0000000097500000| PB 0x0000000097500000| Untracked 
| 374|0x0000000097600000, 0x0000000097600000, 0x0000000097700000|  0%| F|  |TAMS 0x0000000097600000| PB 0x0000000097600000| Untracked 
| 375|0x0000000097700000, 0x0000000097700000, 0x0000000097800000|  0%| F|  |TAMS 0x0000000097700000| PB 0x0000000097700000| Untracked 
| 376|0x0000000097800000, 0x0000000097800000, 0x0000000097900000|  0%| F|  |TAMS 0x0000000097800000| PB 0x0000000097800000| Untracked 
| 377|0x0000000097900000, 0x0000000097900000, 0x0000000097a00000|  0%| F|  |TAMS 0x0000000097900000| PB 0x0000000097900000| Untracked 
| 378|0x0000000097a00000, 0x0000000097b00000, 0x0000000097b00000|100%| O|  |TAMS 0x0000000097b00000| PB 0x0000000097a00000| Untracked 
| 379|0x0000000097b00000, 0x0000000097c00000, 0x0000000097c00000|100%| O|  |TAMS 0x0000000097c00000| PB 0x0000000097b00000| Untracked 
| 380|0x0000000097c00000, 0x0000000097d00000, 0x0000000097d00000|100%| O|  |TAMS 0x0000000097d00000| PB 0x0000000097c00000| Untracked 
| 381|0x0000000097d00000, 0x0000000097e00000, 0x0000000097e00000|100%| O|  |TAMS 0x0000000097e00000| PB 0x0000000097d00000| Untracked 
| 382|0x0000000097e00000, 0x0000000097f00000, 0x0000000097f00000|100%| O|  |TAMS 0x0000000097f00000| PB 0x0000000097e00000| Untracked 
| 383|0x0000000097f00000, 0x0000000098000000, 0x0000000098000000|100%| O|  |TAMS 0x0000000098000000| PB 0x0000000097f00000| Untracked 
| 384|0x0000000098000000, 0x0000000098100000, 0x0000000098100000|100%| O|  |TAMS 0x0000000098100000| PB 0x0000000098000000| Untracked 
| 385|0x0000000098100000, 0x0000000098200000, 0x0000000098200000|100%| O|  |TAMS 0x0000000098200000| PB 0x0000000098100000| Untracked 
| 386|0x0000000098200000, 0x0000000098300000, 0x0000000098300000|100%| O|  |TAMS 0x0000000098300000| PB 0x0000000098200000| Untracked 
| 387|0x0000000098300000, 0x0000000098400000, 0x0000000098400000|100%| O|  |TAMS 0x0000000098400000| PB 0x0000000098300000| Untracked 
| 388|0x0000000098400000, 0x0000000098500000, 0x0000000098500000|100%| O|  |TAMS 0x0000000098500000| PB 0x0000000098400000| Untracked 
| 389|0x0000000098500000, 0x0000000098600000, 0x0000000098600000|100%| O|  |TAMS 0x0000000098600000| PB 0x0000000098500000| Untracked 
| 390|0x0000000098600000, 0x0000000098700000, 0x0000000098700000|100%| O|  |TAMS 0x0000000098700000| PB 0x0000000098600000| Untracked 
| 391|0x0000000098700000, 0x0000000098700000, 0x0000000098800000|  0%| F|  |TAMS 0x0000000098700000| PB 0x0000000098700000| Untracked 
| 392|0x0000000098800000, 0x0000000098800000, 0x0000000098900000|  0%| F|  |TAMS 0x0000000098800000| PB 0x0000000098800000| Untracked 
| 393|0x0000000098900000, 0x0000000098900000, 0x0000000098a00000|  0%| F|  |TAMS 0x0000000098900000| PB 0x0000000098900000| Untracked 
| 394|0x0000000098a00000, 0x0000000098a00000, 0x0000000098b00000|  0%| F|  |TAMS 0x0000000098a00000| PB 0x0000000098a00000| Untracked 
| 395|0x0000000098b00000, 0x0000000098b00000, 0x0000000098c00000|  0%| F|  |TAMS 0x0000000098b00000| PB 0x0000000098b00000| Untracked 
| 396|0x0000000098c00000, 0x0000000098c00000, 0x0000000098d00000|  0%| F|  |TAMS 0x0000000098c00000| PB 0x0000000098c00000| Untracked 
| 397|0x0000000098d00000, 0x0000000098d00000, 0x0000000098e00000|  0%| F|  |TAMS 0x0000000098d00000| PB 0x0000000098d00000| Untracked 
| 398|0x0000000098e00000, 0x0000000098e00000, 0x0000000098f00000|  0%| F|  |TAMS 0x0000000098e00000| PB 0x0000000098e00000| Untracked 
| 399|0x0000000098f00000, 0x0000000098f00000, 0x0000000099000000|  0%| F|  |TAMS 0x0000000098f00000| PB 0x0000000098f00000| Untracked 
| 400|0x0000000099000000, 0x0000000099000000, 0x0000000099100000|  0%| F|  |TAMS 0x0000000099000000| PB 0x0000000099000000| Untracked 
| 401|0x0000000099100000, 0x0000000099100000, 0x0000000099200000|  0%| F|  |TAMS 0x0000000099100000| PB 0x0000000099100000| Untracked 
| 402|0x0000000099200000, 0x0000000099200000, 0x0000000099300000|  0%| F|  |TAMS 0x0000000099200000| PB 0x0000000099200000| Untracked 
| 403|0x0000000099300000, 0x0000000099300000, 0x0000000099400000|  0%| F|  |TAMS 0x0000000099300000| PB 0x0000000099300000| Untracked 
| 404|0x0000000099400000, 0x0000000099400000, 0x0000000099500000|  0%| F|  |TAMS 0x0000000099400000| PB 0x0000000099400000| Untracked 
| 405|0x0000000099500000, 0x0000000099500000, 0x0000000099600000|  0%| F|  |TAMS 0x0000000099500000| PB 0x0000000099500000| Untracked 
| 406|0x0000000099600000, 0x0000000099600000, 0x0000000099700000|  0%| F|  |TAMS 0x0000000099600000| PB 0x0000000099600000| Untracked 
| 407|0x0000000099700000, 0x0000000099700000, 0x0000000099800000|  0%| F|  |TAMS 0x0000000099700000| PB 0x0000000099700000| Untracked 
| 408|0x0000000099800000, 0x0000000099800000, 0x0000000099900000|  0%| F|  |TAMS 0x0000000099800000| PB 0x0000000099800000| Untracked 
| 409|0x0000000099900000, 0x0000000099900000, 0x0000000099a00000|  0%| F|  |TAMS 0x0000000099900000| PB 0x0000000099900000| Untracked 
| 410|0x0000000099a00000, 0x0000000099a00000, 0x0000000099b00000|  0%| F|  |TAMS 0x0000000099a00000| PB 0x0000000099a00000| Untracked 
| 411|0x0000000099b00000, 0x0000000099b00000, 0x0000000099c00000|  0%| F|  |TAMS 0x0000000099b00000| PB 0x0000000099b00000| Untracked 
| 412|0x0000000099c00000, 0x0000000099c00000, 0x0000000099d00000|  0%| F|  |TAMS 0x0000000099c00000| PB 0x0000000099c00000| Untracked 
| 413|0x0000000099d00000, 0x0000000099d00000, 0x0000000099e00000|  0%| F|  |TAMS 0x0000000099d00000| PB 0x0000000099d00000| Untracked 
| 414|0x0000000099e00000, 0x0000000099e00000, 0x0000000099f00000|  0%| F|  |TAMS 0x0000000099e00000| PB 0x0000000099e00000| Untracked 
| 415|0x0000000099f00000, 0x0000000099f00000, 0x000000009a000000|  0%| F|  |TAMS 0x0000000099f00000| PB 0x0000000099f00000| Untracked 
| 416|0x000000009a000000, 0x000000009a000000, 0x000000009a100000|  0%| F|  |TAMS 0x000000009a000000| PB 0x000000009a000000| Untracked 
| 417|0x000000009a100000, 0x000000009a100000, 0x000000009a200000|  0%| F|  |TAMS 0x000000009a100000| PB 0x000000009a100000| Untracked 
| 418|0x000000009a200000, 0x000000009a200000, 0x000000009a300000|  0%| F|  |TAMS 0x000000009a200000| PB 0x000000009a200000| Untracked 
| 419|0x000000009a300000, 0x000000009a300000, 0x000000009a400000|  0%| F|  |TAMS 0x000000009a300000| PB 0x000000009a300000| Untracked 
| 420|0x000000009a400000, 0x000000009a400000, 0x000000009a500000|  0%| F|  |TAMS 0x000000009a400000| PB 0x000000009a400000| Untracked 
| 421|0x000000009a500000, 0x000000009a500000, 0x000000009a600000|  0%| F|  |TAMS 0x000000009a500000| PB 0x000000009a500000| Untracked 
| 422|0x000000009a600000, 0x000000009a600000, 0x000000009a700000|  0%| F|  |TAMS 0x000000009a600000| PB 0x000000009a600000| Untracked 
| 423|0x000000009a700000, 0x000000009a700000, 0x000000009a800000|  0%| F|  |TAMS 0x000000009a700000| PB 0x000000009a700000| Untracked 
| 424|0x000000009a800000, 0x000000009a800000, 0x000000009a900000|  0%| F|  |TAMS 0x000000009a800000| PB 0x000000009a800000| Untracked 
| 425|0x000000009a900000, 0x000000009a900000, 0x000000009aa00000|  0%| F|  |TAMS 0x000000009a900000| PB 0x000000009a900000| Untracked 
| 426|0x000000009aa00000, 0x000000009aa00000, 0x000000009ab00000|  0%| F|  |TAMS 0x000000009aa00000| PB 0x000000009aa00000| Untracked 
| 427|0x000000009ab00000, 0x000000009ab00000, 0x000000009ac00000|  0%| F|  |TAMS 0x000000009ab00000| PB 0x000000009ab00000| Untracked 
| 428|0x000000009ac00000, 0x000000009ac00000, 0x000000009ad00000|  0%| F|  |TAMS 0x000000009ac00000| PB 0x000000009ac00000| Untracked 
| 429|0x000000009ad00000, 0x000000009ad00000, 0x000000009ae00000|  0%| F|  |TAMS 0x000000009ad00000| PB 0x000000009ad00000| Untracked 
| 430|0x000000009ae00000, 0x000000009ae00000, 0x000000009af00000|  0%| F|  |TAMS 0x000000009ae00000| PB 0x000000009ae00000| Untracked 
| 431|0x000000009af00000, 0x000000009af00000, 0x000000009b000000|  0%| F|  |TAMS 0x000000009af00000| PB 0x000000009af00000| Untracked 
| 432|0x000000009b000000, 0x000000009b000000, 0x000000009b100000|  0%| F|  |TAMS 0x000000009b000000| PB 0x000000009b000000| Untracked 
| 433|0x000000009b100000, 0x000000009b100000, 0x000000009b200000|  0%| F|  |TAMS 0x000000009b100000| PB 0x000000009b100000| Untracked 
| 434|0x000000009b200000, 0x000000009b200000, 0x000000009b300000|  0%| F|  |TAMS 0x000000009b200000| PB 0x000000009b200000| Untracked 
| 435|0x000000009b300000, 0x000000009b300000, 0x000000009b400000|  0%| F|  |TAMS 0x000000009b300000| PB 0x000000009b300000| Untracked 
| 436|0x000000009b400000, 0x000000009b400000, 0x000000009b500000|  0%| F|  |TAMS 0x000000009b400000| PB 0x000000009b400000| Untracked 
| 437|0x000000009b500000, 0x000000009b500000, 0x000000009b600000|  0%| F|  |TAMS 0x000000009b500000| PB 0x000000009b500000| Untracked 
| 438|0x000000009b600000, 0x000000009b600000, 0x000000009b700000|  0%| F|  |TAMS 0x000000009b600000| PB 0x000000009b600000| Untracked 
| 439|0x000000009b700000, 0x000000009b700000, 0x000000009b800000|  0%| F|  |TAMS 0x000000009b700000| PB 0x000000009b700000| Untracked 
| 440|0x000000009b800000, 0x000000009b800000, 0x000000009b900000|  0%| F|  |TAMS 0x000000009b800000| PB 0x000000009b800000| Untracked 
| 441|0x000000009b900000, 0x000000009b900000, 0x000000009ba00000|  0%| F|  |TAMS 0x000000009b900000| PB 0x000000009b900000| Untracked 
| 442|0x000000009ba00000, 0x000000009ba00000, 0x000000009bb00000|  0%| F|  |TAMS 0x000000009ba00000| PB 0x000000009ba00000| Untracked 
| 443|0x000000009bb00000, 0x000000009bb00000, 0x000000009bc00000|  0%| F|  |TAMS 0x000000009bb00000| PB 0x000000009bb00000| Untracked 
| 444|0x000000009bc00000, 0x000000009bc00000, 0x000000009bd00000|  0%| F|  |TAMS 0x000000009bc00000| PB 0x000000009bc00000| Untracked 
| 445|0x000000009bd00000, 0x000000009bd00000, 0x000000009be00000|  0%| F|  |TAMS 0x000000009bd00000| PB 0x000000009bd00000| Untracked 
| 446|0x000000009be00000, 0x000000009be00000, 0x000000009bf00000|  0%| F|  |TAMS 0x000000009be00000| PB 0x000000009be00000| Untracked 
| 447|0x000000009bf00000, 0x000000009bf00000, 0x000000009c000000|  0%| F|  |TAMS 0x000000009bf00000| PB 0x000000009bf00000| Untracked 
| 448|0x000000009c000000, 0x000000009c000000, 0x000000009c100000|  0%| F|  |TAMS 0x000000009c000000| PB 0x000000009c000000| Untracked 
| 449|0x000000009c100000, 0x000000009c100000, 0x000000009c200000|  0%| F|  |TAMS 0x000000009c100000| PB 0x000000009c100000| Untracked 
| 450|0x000000009c200000, 0x000000009c200000, 0x000000009c300000|  0%| F|  |TAMS 0x000000009c200000| PB 0x000000009c200000| Untracked 
| 451|0x000000009c300000, 0x000000009c300000, 0x000000009c400000|  0%| F|  |TAMS 0x000000009c300000| PB 0x000000009c300000| Untracked 
| 452|0x000000009c400000, 0x000000009c400000, 0x000000009c500000|  0%| F|  |TAMS 0x000000009c400000| PB 0x000000009c400000| Untracked 
| 453|0x000000009c500000, 0x000000009c500000, 0x000000009c600000|  0%| F|  |TAMS 0x000000009c500000| PB 0x000000009c500000| Untracked 
| 454|0x000000009c600000, 0x000000009c600000, 0x000000009c700000|  0%| F|  |TAMS 0x000000009c600000| PB 0x000000009c600000| Untracked 
| 455|0x000000009c700000, 0x000000009c700000, 0x000000009c800000|  0%| F|  |TAMS 0x000000009c700000| PB 0x000000009c700000| Untracked 
| 456|0x000000009c800000, 0x000000009c800000, 0x000000009c900000|  0%| F|  |TAMS 0x000000009c800000| PB 0x000000009c800000| Untracked 
| 457|0x000000009c900000, 0x000000009c900000, 0x000000009ca00000|  0%| F|  |TAMS 0x000000009c900000| PB 0x000000009c900000| Untracked 
| 458|0x000000009ca00000, 0x000000009ca00000, 0x000000009cb00000|  0%| F|  |TAMS 0x000000009ca00000| PB 0x000000009ca00000| Untracked 
| 459|0x000000009cb00000, 0x000000009cb00000, 0x000000009cc00000|  0%| F|  |TAMS 0x000000009cb00000| PB 0x000000009cb00000| Untracked 
| 460|0x000000009cc00000, 0x000000009cc00000, 0x000000009cd00000|  0%| F|  |TAMS 0x000000009cc00000| PB 0x000000009cc00000| Untracked 
| 461|0x000000009cd00000, 0x000000009cd00000, 0x000000009ce00000|  0%| F|  |TAMS 0x000000009cd00000| PB 0x000000009cd00000| Untracked 
| 462|0x000000009ce00000, 0x000000009ce00000, 0x000000009cf00000|  0%| F|  |TAMS 0x000000009ce00000| PB 0x000000009ce00000| Untracked 
| 463|0x000000009cf00000, 0x000000009cf00000, 0x000000009d000000|  0%| F|  |TAMS 0x000000009cf00000| PB 0x000000009cf00000| Untracked 
| 464|0x000000009d000000, 0x000000009d000000, 0x000000009d100000|  0%| F|  |TAMS 0x000000009d000000| PB 0x000000009d000000| Untracked 
| 465|0x000000009d100000, 0x000000009d100000, 0x000000009d200000|  0%| F|  |TAMS 0x000000009d100000| PB 0x000000009d100000| Untracked 
| 466|0x000000009d200000, 0x000000009d200000, 0x000000009d300000|  0%| F|  |TAMS 0x000000009d200000| PB 0x000000009d200000| Untracked 
| 467|0x000000009d300000, 0x000000009d300000, 0x000000009d400000|  0%| F|  |TAMS 0x000000009d300000| PB 0x000000009d300000| Untracked 
| 468|0x000000009d400000, 0x000000009d400000, 0x000000009d500000|  0%| F|  |TAMS 0x000000009d400000| PB 0x000000009d400000| Untracked 
| 469|0x000000009d500000, 0x000000009d500000, 0x000000009d600000|  0%| F|  |TAMS 0x000000009d500000| PB 0x000000009d500000| Untracked 
| 470|0x000000009d600000, 0x000000009d600000, 0x000000009d700000|  0%| F|  |TAMS 0x000000009d600000| PB 0x000000009d600000| Untracked 
| 471|0x000000009d700000, 0x000000009d700000, 0x000000009d800000|  0%| F|  |TAMS 0x000000009d700000| PB 0x000000009d700000| Untracked 
| 472|0x000000009d800000, 0x000000009d800000, 0x000000009d900000|  0%| F|  |TAMS 0x000000009d800000| PB 0x000000009d800000| Untracked 
| 473|0x000000009d900000, 0x000000009d900000, 0x000000009da00000|  0%| F|  |TAMS 0x000000009d900000| PB 0x000000009d900000| Untracked 
| 474|0x000000009da00000, 0x000000009da00000, 0x000000009db00000|  0%| F|  |TAMS 0x000000009da00000| PB 0x000000009da00000| Untracked 
| 475|0x000000009db00000, 0x000000009db00000, 0x000000009dc00000|  0%| F|  |TAMS 0x000000009db00000| PB 0x000000009db00000| Untracked 
| 476|0x000000009dc00000, 0x000000009dc00000, 0x000000009dd00000|  0%| F|  |TAMS 0x000000009dc00000| PB 0x000000009dc00000| Untracked 
| 477|0x000000009dd00000, 0x000000009dd00000, 0x000000009de00000|  0%| F|  |TAMS 0x000000009dd00000| PB 0x000000009dd00000| Untracked 
| 478|0x000000009de00000, 0x000000009de00000, 0x000000009df00000|  0%| F|  |TAMS 0x000000009de00000| PB 0x000000009de00000| Untracked 
| 479|0x000000009df00000, 0x000000009df00000, 0x000000009e000000|  0%| F|  |TAMS 0x000000009df00000| PB 0x000000009df00000| Untracked 
| 480|0x000000009e000000, 0x000000009e000000, 0x000000009e100000|  0%| F|  |TAMS 0x000000009e000000| PB 0x000000009e000000| Untracked 
| 481|0x000000009e100000, 0x000000009e100000, 0x000000009e200000|  0%| F|  |TAMS 0x000000009e100000| PB 0x000000009e100000| Untracked 
| 482|0x000000009e200000, 0x000000009e200000, 0x000000009e300000|  0%| F|  |TAMS 0x000000009e200000| PB 0x000000009e200000| Untracked 
| 483|0x000000009e300000, 0x000000009e300000, 0x000000009e400000|  0%| F|  |TAMS 0x000000009e300000| PB 0x000000009e300000| Untracked 
| 484|0x000000009e400000, 0x000000009e400000, 0x000000009e500000|  0%| F|  |TAMS 0x000000009e400000| PB 0x000000009e400000| Untracked 
| 485|0x000000009e500000, 0x000000009e500000, 0x000000009e600000|  0%| F|  |TAMS 0x000000009e500000| PB 0x000000009e500000| Untracked 
| 486|0x000000009e600000, 0x000000009e600000, 0x000000009e700000|  0%| F|  |TAMS 0x000000009e600000| PB 0x000000009e600000| Untracked 
| 487|0x000000009e700000, 0x000000009e700000, 0x000000009e800000|  0%| F|  |TAMS 0x000000009e700000| PB 0x000000009e700000| Untracked 
| 488|0x000000009e800000, 0x000000009e800000, 0x000000009e900000|  0%| F|  |TAMS 0x000000009e800000| PB 0x000000009e800000| Untracked 
| 489|0x000000009e900000, 0x000000009e900000, 0x000000009ea00000|  0%| F|  |TAMS 0x000000009e900000| PB 0x000000009e900000| Untracked 
| 490|0x000000009ea00000, 0x000000009ea00000, 0x000000009eb00000|  0%| F|  |TAMS 0x000000009ea00000| PB 0x000000009ea00000| Untracked 
| 491|0x000000009eb00000, 0x000000009eb00000, 0x000000009ec00000|  0%| F|  |TAMS 0x000000009eb00000| PB 0x000000009eb00000| Untracked 
| 492|0x000000009ec00000, 0x000000009ec00000, 0x000000009ed00000|  0%| F|  |TAMS 0x000000009ec00000| PB 0x000000009ec00000| Untracked 
| 493|0x000000009ed00000, 0x000000009ed00000, 0x000000009ee00000|  0%| F|  |TAMS 0x000000009ed00000| PB 0x000000009ed00000| Untracked 
| 494|0x000000009ee00000, 0x000000009ee00000, 0x000000009ef00000|  0%| F|  |TAMS 0x000000009ee00000| PB 0x000000009ee00000| Untracked 
| 495|0x000000009ef00000, 0x000000009ef00000, 0x000000009f000000|  0%| F|  |TAMS 0x000000009ef00000| PB 0x000000009ef00000| Untracked 
| 496|0x000000009f000000, 0x000000009f000000, 0x000000009f100000|  0%| F|  |TAMS 0x000000009f000000| PB 0x000000009f000000| Untracked 
| 497|0x000000009f100000, 0x000000009f100000, 0x000000009f200000|  0%| F|  |TAMS 0x000000009f100000| PB 0x000000009f100000| Untracked 
| 498|0x000000009f200000, 0x000000009f200000, 0x000000009f300000|  0%| F|  |TAMS 0x000000009f200000| PB 0x000000009f200000| Untracked 
| 499|0x000000009f300000, 0x000000009f300000, 0x000000009f400000|  0%| F|  |TAMS 0x000000009f300000| PB 0x000000009f300000| Untracked 
| 500|0x000000009f400000, 0x000000009f400000, 0x000000009f500000|  0%| F|  |TAMS 0x000000009f400000| PB 0x000000009f400000| Untracked 
| 501|0x000000009f500000, 0x000000009f500000, 0x000000009f600000|  0%| F|  |TAMS 0x000000009f500000| PB 0x000000009f500000| Untracked 
| 502|0x000000009f600000, 0x000000009f600000, 0x000000009f700000|  0%| F|  |TAMS 0x000000009f600000| PB 0x000000009f600000| Untracked 
| 503|0x000000009f700000, 0x000000009f700000, 0x000000009f800000|  0%| F|  |TAMS 0x000000009f700000| PB 0x000000009f700000| Untracked 
| 504|0x000000009f800000, 0x000000009f800000, 0x000000009f900000|  0%| F|  |TAMS 0x000000009f800000| PB 0x000000009f800000| Untracked 
| 505|0x000000009f900000, 0x000000009f900000, 0x000000009fa00000|  0%| F|  |TAMS 0x000000009f900000| PB 0x000000009f900000| Untracked 
| 506|0x000000009fa00000, 0x000000009fa00000, 0x000000009fb00000|  0%| F|  |TAMS 0x000000009fa00000| PB 0x000000009fa00000| Untracked 
| 507|0x000000009fb00000, 0x000000009fb00000, 0x000000009fc00000|  0%| F|  |TAMS 0x000000009fb00000| PB 0x000000009fb00000| Untracked 
| 508|0x000000009fc00000, 0x000000009fc00000, 0x000000009fd00000|  0%| F|  |TAMS 0x000000009fc00000| PB 0x000000009fc00000| Untracked 
| 509|0x000000009fd00000, 0x000000009fd00000, 0x000000009fe00000|  0%| F|  |TAMS 0x000000009fd00000| PB 0x000000009fd00000| Untracked 
| 510|0x000000009fe00000, 0x000000009fe00000, 0x000000009ff00000|  0%| F|  |TAMS 0x000000009fe00000| PB 0x000000009fe00000| Untracked 
| 511|0x000000009ff00000, 0x000000009ff00000, 0x00000000a0000000|  0%| F|  |TAMS 0x000000009ff00000| PB 0x000000009ff00000| Untracked 
| 512|0x00000000a0000000, 0x00000000a0000000, 0x00000000a0100000|  0%| F|  |TAMS 0x00000000a0000000| PB 0x00000000a0000000| Untracked 
| 513|0x00000000a0100000, 0x00000000a0100000, 0x00000000a0200000|  0%| F|  |TAMS 0x00000000a0100000| PB 0x00000000a0100000| Untracked 
| 514|0x00000000a0200000, 0x00000000a0200000, 0x00000000a0300000|  0%| F|  |TAMS 0x00000000a0200000| PB 0x00000000a0200000| Untracked 
| 515|0x00000000a0300000, 0x00000000a0300000, 0x00000000a0400000|  0%| F|  |TAMS 0x00000000a0300000| PB 0x00000000a0300000| Untracked 
| 516|0x00000000a0400000, 0x00000000a0400000, 0x00000000a0500000|  0%| F|  |TAMS 0x00000000a0400000| PB 0x00000000a0400000| Untracked 
| 517|0x00000000a0500000, 0x00000000a0500000, 0x00000000a0600000|  0%| F|  |TAMS 0x00000000a0500000| PB 0x00000000a0500000| Untracked 
| 518|0x00000000a0600000, 0x00000000a0600000, 0x00000000a0700000|  0%| F|  |TAMS 0x00000000a0600000| PB 0x00000000a0600000| Untracked 
| 519|0x00000000a0700000, 0x00000000a0700000, 0x00000000a0800000|  0%| F|  |TAMS 0x00000000a0700000| PB 0x00000000a0700000| Untracked 
| 520|0x00000000a0800000, 0x00000000a0800000, 0x00000000a0900000|  0%| F|  |TAMS 0x00000000a0800000| PB 0x00000000a0800000| Untracked 
| 521|0x00000000a0900000, 0x00000000a0900000, 0x00000000a0a00000|  0%| F|  |TAMS 0x00000000a0900000| PB 0x00000000a0900000| Untracked 
| 522|0x00000000a0a00000, 0x00000000a0a00000, 0x00000000a0b00000|  0%| F|  |TAMS 0x00000000a0a00000| PB 0x00000000a0a00000| Untracked 
| 523|0x00000000a0b00000, 0x00000000a0b00000, 0x00000000a0c00000|  0%| F|  |TAMS 0x00000000a0b00000| PB 0x00000000a0b00000| Untracked 
| 524|0x00000000a0c00000, 0x00000000a0c00000, 0x00000000a0d00000|  0%| F|  |TAMS 0x00000000a0c00000| PB 0x00000000a0c00000| Untracked 
| 525|0x00000000a0d00000, 0x00000000a0d00000, 0x00000000a0e00000|  0%| F|  |TAMS 0x00000000a0d00000| PB 0x00000000a0d00000| Untracked 
| 526|0x00000000a0e00000, 0x00000000a0e00000, 0x00000000a0f00000|  0%| F|  |TAMS 0x00000000a0e00000| PB 0x00000000a0e00000| Untracked 
| 527|0x00000000a0f00000, 0x00000000a0f00000, 0x00000000a1000000|  0%| F|  |TAMS 0x00000000a0f00000| PB 0x00000000a0f00000| Untracked 
| 528|0x00000000a1000000, 0x00000000a1000000, 0x00000000a1100000|  0%| F|  |TAMS 0x00000000a1000000| PB 0x00000000a1000000| Untracked 
| 529|0x00000000a1100000, 0x00000000a1100000, 0x00000000a1200000|  0%| F|  |TAMS 0x00000000a1100000| PB 0x00000000a1100000| Untracked 
| 530|0x00000000a1200000, 0x00000000a1200000, 0x00000000a1300000|  0%| F|  |TAMS 0x00000000a1200000| PB 0x00000000a1200000| Untracked 
| 531|0x00000000a1300000, 0x00000000a1300000, 0x00000000a1400000|  0%| F|  |TAMS 0x00000000a1300000| PB 0x00000000a1300000| Untracked 
| 532|0x00000000a1400000, 0x00000000a1400000, 0x00000000a1500000|  0%| F|  |TAMS 0x00000000a1400000| PB 0x00000000a1400000| Untracked 
| 533|0x00000000a1500000, 0x00000000a1500000, 0x00000000a1600000|  0%| F|  |TAMS 0x00000000a1500000| PB 0x00000000a1500000| Untracked 
| 534|0x00000000a1600000, 0x00000000a1600000, 0x00000000a1700000|  0%| F|  |TAMS 0x00000000a1600000| PB 0x00000000a1600000| Untracked 
| 535|0x00000000a1700000, 0x00000000a1700000, 0x00000000a1800000|  0%| F|  |TAMS 0x00000000a1700000| PB 0x00000000a1700000| Untracked 
| 536|0x00000000a1800000, 0x00000000a1800000, 0x00000000a1900000|  0%| F|  |TAMS 0x00000000a1800000| PB 0x00000000a1800000| Untracked 
| 537|0x00000000a1900000, 0x00000000a1900000, 0x00000000a1a00000|  0%| F|  |TAMS 0x00000000a1900000| PB 0x00000000a1900000| Untracked 
| 538|0x00000000a1a00000, 0x00000000a1a00000, 0x00000000a1b00000|  0%| F|  |TAMS 0x00000000a1a00000| PB 0x00000000a1a00000| Untracked 
| 539|0x00000000a1b00000, 0x00000000a1b00000, 0x00000000a1c00000|  0%| F|  |TAMS 0x00000000a1b00000| PB 0x00000000a1b00000| Untracked 
| 540|0x00000000a1c00000, 0x00000000a1c00000, 0x00000000a1d00000|  0%| F|  |TAMS 0x00000000a1c00000| PB 0x00000000a1c00000| Untracked 
| 541|0x00000000a1d00000, 0x00000000a1d00000, 0x00000000a1e00000|  0%| F|  |TAMS 0x00000000a1d00000| PB 0x00000000a1d00000| Untracked 
| 542|0x00000000a1e00000, 0x00000000a1e00000, 0x00000000a1f00000|  0%| F|  |TAMS 0x00000000a1e00000| PB 0x00000000a1e00000| Untracked 
| 543|0x00000000a1f00000, 0x00000000a1f00000, 0x00000000a2000000|  0%| F|  |TAMS 0x00000000a1f00000| PB 0x00000000a1f00000| Untracked 
| 544|0x00000000a2000000, 0x00000000a2000000, 0x00000000a2100000|  0%| F|  |TAMS 0x00000000a2000000| PB 0x00000000a2000000| Untracked 
| 545|0x00000000a2100000, 0x00000000a2100000, 0x00000000a2200000|  0%| F|  |TAMS 0x00000000a2100000| PB 0x00000000a2100000| Untracked 
| 546|0x00000000a2200000, 0x00000000a2200000, 0x00000000a2300000|  0%| F|  |TAMS 0x00000000a2200000| PB 0x00000000a2200000| Untracked 
| 547|0x00000000a2300000, 0x00000000a2300000, 0x00000000a2400000|  0%| F|  |TAMS 0x00000000a2300000| PB 0x00000000a2300000| Untracked 
| 548|0x00000000a2400000, 0x00000000a2400000, 0x00000000a2500000|  0%| F|  |TAMS 0x00000000a2400000| PB 0x00000000a2400000| Untracked 
| 549|0x00000000a2500000, 0x00000000a2500000, 0x00000000a2600000|  0%| F|  |TAMS 0x00000000a2500000| PB 0x00000000a2500000| Untracked 
| 550|0x00000000a2600000, 0x00000000a2600000, 0x00000000a2700000|  0%| F|  |TAMS 0x00000000a2600000| PB 0x00000000a2600000| Untracked 
| 551|0x00000000a2700000, 0x00000000a2700000, 0x00000000a2800000|  0%| F|  |TAMS 0x00000000a2700000| PB 0x00000000a2700000| Untracked 
| 552|0x00000000a2800000, 0x00000000a2800000, 0x00000000a2900000|  0%| F|  |TAMS 0x00000000a2800000| PB 0x00000000a2800000| Untracked 
| 553|0x00000000a2900000, 0x00000000a2900000, 0x00000000a2a00000|  0%| F|  |TAMS 0x00000000a2900000| PB 0x00000000a2900000| Untracked 
| 554|0x00000000a2a00000, 0x00000000a2a00000, 0x00000000a2b00000|  0%| F|  |TAMS 0x00000000a2a00000| PB 0x00000000a2a00000| Untracked 
| 555|0x00000000a2b00000, 0x00000000a2b00000, 0x00000000a2c00000|  0%| F|  |TAMS 0x00000000a2b00000| PB 0x00000000a2b00000| Untracked 
| 556|0x00000000a2c00000, 0x00000000a2c00000, 0x00000000a2d00000|  0%| F|  |TAMS 0x00000000a2c00000| PB 0x00000000a2c00000| Untracked 
| 557|0x00000000a2d00000, 0x00000000a2d00000, 0x00000000a2e00000|  0%| F|  |TAMS 0x00000000a2d00000| PB 0x00000000a2d00000| Untracked 
| 558|0x00000000a2e00000, 0x00000000a2e00000, 0x00000000a2f00000|  0%| F|  |TAMS 0x00000000a2e00000| PB 0x00000000a2e00000| Untracked 
| 559|0x00000000a2f00000, 0x00000000a2f00000, 0x00000000a3000000|  0%| F|  |TAMS 0x00000000a2f00000| PB 0x00000000a2f00000| Untracked 
| 560|0x00000000a3000000, 0x00000000a3000000, 0x00000000a3100000|  0%| F|  |TAMS 0x00000000a3000000| PB 0x00000000a3000000| Untracked 
| 561|0x00000000a3100000, 0x00000000a3100000, 0x00000000a3200000|  0%| F|  |TAMS 0x00000000a3100000| PB 0x00000000a3100000| Untracked 
| 562|0x00000000a3200000, 0x00000000a3200000, 0x00000000a3300000|  0%| F|  |TAMS 0x00000000a3200000| PB 0x00000000a3200000| Untracked 
| 563|0x00000000a3300000, 0x00000000a3300000, 0x00000000a3400000|  0%| F|  |TAMS 0x00000000a3300000| PB 0x00000000a3300000| Untracked 
| 564|0x00000000a3400000, 0x00000000a3400000, 0x00000000a3500000|  0%| F|  |TAMS 0x00000000a3400000| PB 0x00000000a3400000| Untracked 
| 565|0x00000000a3500000, 0x00000000a3500000, 0x00000000a3600000|  0%| F|  |TAMS 0x00000000a3500000| PB 0x00000000a3500000| Untracked 
| 566|0x00000000a3600000, 0x00000000a3600000, 0x00000000a3700000|  0%| F|  |TAMS 0x00000000a3600000| PB 0x00000000a3600000| Untracked 
| 567|0x00000000a3700000, 0x00000000a3700000, 0x00000000a3800000|  0%| F|  |TAMS 0x00000000a3700000| PB 0x00000000a3700000| Untracked 
| 568|0x00000000a3800000, 0x00000000a3800000, 0x00000000a3900000|  0%| F|  |TAMS 0x00000000a3800000| PB 0x00000000a3800000| Untracked 
| 569|0x00000000a3900000, 0x00000000a3900000, 0x00000000a3a00000|  0%| F|  |TAMS 0x00000000a3900000| PB 0x00000000a3900000| Untracked 
| 570|0x00000000a3a00000, 0x00000000a3a00000, 0x00000000a3b00000|  0%| F|  |TAMS 0x00000000a3a00000| PB 0x00000000a3a00000| Untracked 
| 571|0x00000000a3b00000, 0x00000000a3b00000, 0x00000000a3c00000|  0%| F|  |TAMS 0x00000000a3b00000| PB 0x00000000a3b00000| Untracked 
| 572|0x00000000a3c00000, 0x00000000a3c00000, 0x00000000a3d00000|  0%| F|  |TAMS 0x00000000a3c00000| PB 0x00000000a3c00000| Untracked 
| 573|0x00000000a3d00000, 0x00000000a3d00000, 0x00000000a3e00000|  0%| F|  |TAMS 0x00000000a3d00000| PB 0x00000000a3d00000| Untracked 
| 574|0x00000000a3e00000, 0x00000000a3e00000, 0x00000000a3f00000|  0%| F|  |TAMS 0x00000000a3e00000| PB 0x00000000a3e00000| Untracked 
| 575|0x00000000a3f00000, 0x00000000a3f00000, 0x00000000a4000000|  0%| F|  |TAMS 0x00000000a3f00000| PB 0x00000000a3f00000| Untracked 
| 576|0x00000000a4000000, 0x00000000a4000000, 0x00000000a4100000|  0%| F|  |TAMS 0x00000000a4000000| PB 0x00000000a4000000| Untracked 
| 577|0x00000000a4100000, 0x00000000a4100000, 0x00000000a4200000|  0%| F|  |TAMS 0x00000000a4100000| PB 0x00000000a4100000| Untracked 
| 578|0x00000000a4200000, 0x00000000a4200000, 0x00000000a4300000|  0%| F|  |TAMS 0x00000000a4200000| PB 0x00000000a4200000| Untracked 
| 579|0x00000000a4300000, 0x00000000a4300000, 0x00000000a4400000|  0%| F|  |TAMS 0x00000000a4300000| PB 0x00000000a4300000| Untracked 
| 580|0x00000000a4400000, 0x00000000a4400000, 0x00000000a4500000|  0%| F|  |TAMS 0x00000000a4400000| PB 0x00000000a4400000| Untracked 
| 581|0x00000000a4500000, 0x00000000a4500000, 0x00000000a4600000|  0%| F|  |TAMS 0x00000000a4500000| PB 0x00000000a4500000| Untracked 
| 582|0x00000000a4600000, 0x00000000a4600000, 0x00000000a4700000|  0%| F|  |TAMS 0x00000000a4600000| PB 0x00000000a4600000| Untracked 
| 583|0x00000000a4700000, 0x00000000a4700000, 0x00000000a4800000|  0%| F|  |TAMS 0x00000000a4700000| PB 0x00000000a4700000| Untracked 
| 584|0x00000000a4800000, 0x00000000a4800000, 0x00000000a4900000|  0%| F|  |TAMS 0x00000000a4800000| PB 0x00000000a4800000| Untracked 
| 585|0x00000000a4900000, 0x00000000a4900000, 0x00000000a4a00000|  0%| F|  |TAMS 0x00000000a4900000| PB 0x00000000a4900000| Untracked 
| 586|0x00000000a4a00000, 0x00000000a4a00000, 0x00000000a4b00000|  0%| F|  |TAMS 0x00000000a4a00000| PB 0x00000000a4a00000| Untracked 
| 587|0x00000000a4b00000, 0x00000000a4b00000, 0x00000000a4c00000|  0%| F|  |TAMS 0x00000000a4b00000| PB 0x00000000a4b00000| Untracked 
| 588|0x00000000a4c00000, 0x00000000a4c00000, 0x00000000a4d00000|  0%| F|  |TAMS 0x00000000a4c00000| PB 0x00000000a4c00000| Untracked 
| 589|0x00000000a4d00000, 0x00000000a4d00000, 0x00000000a4e00000|  0%| F|  |TAMS 0x00000000a4d00000| PB 0x00000000a4d00000| Untracked 
| 590|0x00000000a4e00000, 0x00000000a4e00000, 0x00000000a4f00000|  0%| F|  |TAMS 0x00000000a4e00000| PB 0x00000000a4e00000| Untracked 
| 591|0x00000000a4f00000, 0x00000000a4f00000, 0x00000000a5000000|  0%| F|  |TAMS 0x00000000a4f00000| PB 0x00000000a4f00000| Untracked 
| 592|0x00000000a5000000, 0x00000000a5000000, 0x00000000a5100000|  0%| F|  |TAMS 0x00000000a5000000| PB 0x00000000a5000000| Untracked 
| 593|0x00000000a5100000, 0x00000000a5100000, 0x00000000a5200000|  0%| F|  |TAMS 0x00000000a5100000| PB 0x00000000a5100000| Untracked 
| 594|0x00000000a5200000, 0x00000000a5200000, 0x00000000a5300000|  0%| F|  |TAMS 0x00000000a5200000| PB 0x00000000a5200000| Untracked 
| 595|0x00000000a5300000, 0x00000000a5300000, 0x00000000a5400000|  0%| F|  |TAMS 0x00000000a5300000| PB 0x00000000a5300000| Untracked 
| 596|0x00000000a5400000, 0x00000000a5400000, 0x00000000a5500000|  0%| F|  |TAMS 0x00000000a5400000| PB 0x00000000a5400000| Untracked 
| 597|0x00000000a5500000, 0x00000000a5500000, 0x00000000a5600000|  0%| F|  |TAMS 0x00000000a5500000| PB 0x00000000a5500000| Untracked 
| 598|0x00000000a5600000, 0x00000000a5600000, 0x00000000a5700000|  0%| F|  |TAMS 0x00000000a5600000| PB 0x00000000a5600000| Untracked 
| 599|0x00000000a5700000, 0x00000000a5700000, 0x00000000a5800000|  0%| F|  |TAMS 0x00000000a5700000| PB 0x00000000a5700000| Untracked 
| 600|0x00000000a5800000, 0x00000000a5800000, 0x00000000a5900000|  0%| F|  |TAMS 0x00000000a5800000| PB 0x00000000a5800000| Untracked 
| 601|0x00000000a5900000, 0x00000000a5900000, 0x00000000a5a00000|  0%| F|  |TAMS 0x00000000a5900000| PB 0x00000000a5900000| Untracked 
| 602|0x00000000a5a00000, 0x00000000a5a00000, 0x00000000a5b00000|  0%| F|  |TAMS 0x00000000a5a00000| PB 0x00000000a5a00000| Untracked 
| 603|0x00000000a5b00000, 0x00000000a5b00000, 0x00000000a5c00000|  0%| F|  |TAMS 0x00000000a5b00000| PB 0x00000000a5b00000| Untracked 
| 604|0x00000000a5c00000, 0x00000000a5c00000, 0x00000000a5d00000|  0%| F|  |TAMS 0x00000000a5c00000| PB 0x00000000a5c00000| Untracked 
| 605|0x00000000a5d00000, 0x00000000a5d00000, 0x00000000a5e00000|  0%| F|  |TAMS 0x00000000a5d00000| PB 0x00000000a5d00000| Untracked 
| 606|0x00000000a5e00000, 0x00000000a5e00000, 0x00000000a5f00000|  0%| F|  |TAMS 0x00000000a5e00000| PB 0x00000000a5e00000| Untracked 
| 607|0x00000000a5f00000, 0x00000000a5f00000, 0x00000000a6000000|  0%| F|  |TAMS 0x00000000a5f00000| PB 0x00000000a5f00000| Untracked 
| 608|0x00000000a6000000, 0x00000000a6000000, 0x00000000a6100000|  0%| F|  |TAMS 0x00000000a6000000| PB 0x00000000a6000000| Untracked 
| 609|0x00000000a6100000, 0x00000000a6100000, 0x00000000a6200000|  0%| F|  |TAMS 0x00000000a6100000| PB 0x00000000a6100000| Untracked 
| 610|0x00000000a6200000, 0x00000000a6200000, 0x00000000a6300000|  0%| F|  |TAMS 0x00000000a6200000| PB 0x00000000a6200000| Untracked 
| 611|0x00000000a6300000, 0x00000000a6300000, 0x00000000a6400000|  0%| F|  |TAMS 0x00000000a6300000| PB 0x00000000a6300000| Untracked 
| 612|0x00000000a6400000, 0x00000000a6400000, 0x00000000a6500000|  0%| F|  |TAMS 0x00000000a6400000| PB 0x00000000a6400000| Untracked 
| 613|0x00000000a6500000, 0x00000000a6500000, 0x00000000a6600000|  0%| F|  |TAMS 0x00000000a6500000| PB 0x00000000a6500000| Untracked 
| 614|0x00000000a6600000, 0x00000000a6600000, 0x00000000a6700000|  0%| F|  |TAMS 0x00000000a6600000| PB 0x00000000a6600000| Untracked 
| 615|0x00000000a6700000, 0x00000000a6700000, 0x00000000a6800000|  0%| F|  |TAMS 0x00000000a6700000| PB 0x00000000a6700000| Untracked 
| 616|0x00000000a6800000, 0x00000000a6800000, 0x00000000a6900000|  0%| F|  |TAMS 0x00000000a6800000| PB 0x00000000a6800000| Untracked 
| 617|0x00000000a6900000, 0x00000000a6900000, 0x00000000a6a00000|  0%| F|  |TAMS 0x00000000a6900000| PB 0x00000000a6900000| Untracked 
| 618|0x00000000a6a00000, 0x00000000a6a00000, 0x00000000a6b00000|  0%| F|  |TAMS 0x00000000a6a00000| PB 0x00000000a6a00000| Untracked 
| 619|0x00000000a6b00000, 0x00000000a6b00000, 0x00000000a6c00000|  0%| F|  |TAMS 0x00000000a6b00000| PB 0x00000000a6b00000| Untracked 
| 620|0x00000000a6c00000, 0x00000000a6c00000, 0x00000000a6d00000|  0%| F|  |TAMS 0x00000000a6c00000| PB 0x00000000a6c00000| Untracked 
| 621|0x00000000a6d00000, 0x00000000a6d00000, 0x00000000a6e00000|  0%| F|  |TAMS 0x00000000a6d00000| PB 0x00000000a6d00000| Untracked 
| 622|0x00000000a6e00000, 0x00000000a6e00000, 0x00000000a6f00000|  0%| F|  |TAMS 0x00000000a6e00000| PB 0x00000000a6e00000| Untracked 
| 623|0x00000000a6f00000, 0x00000000a6f00000, 0x00000000a7000000|  0%| F|  |TAMS 0x00000000a6f00000| PB 0x00000000a6f00000| Untracked 
| 624|0x00000000a7000000, 0x00000000a7000000, 0x00000000a7100000|  0%| F|  |TAMS 0x00000000a7000000| PB 0x00000000a7000000| Untracked 
| 625|0x00000000a7100000, 0x00000000a7100000, 0x00000000a7200000|  0%| F|  |TAMS 0x00000000a7100000| PB 0x00000000a7100000| Untracked 
| 626|0x00000000a7200000, 0x00000000a7200000, 0x00000000a7300000|  0%| F|  |TAMS 0x00000000a7200000| PB 0x00000000a7200000| Untracked 
| 627|0x00000000a7300000, 0x00000000a7300000, 0x00000000a7400000|  0%| F|  |TAMS 0x00000000a7300000| PB 0x00000000a7300000| Untracked 
| 628|0x00000000a7400000, 0x00000000a7400000, 0x00000000a7500000|  0%| F|  |TAMS 0x00000000a7400000| PB 0x00000000a7400000| Untracked 
| 629|0x00000000a7500000, 0x00000000a7500000, 0x00000000a7600000|  0%| F|  |TAMS 0x00000000a7500000| PB 0x00000000a7500000| Untracked 
| 630|0x00000000a7600000, 0x00000000a7600000, 0x00000000a7700000|  0%| F|  |TAMS 0x00000000a7600000| PB 0x00000000a7600000| Untracked 
| 631|0x00000000a7700000, 0x00000000a7700000, 0x00000000a7800000|  0%| F|  |TAMS 0x00000000a7700000| PB 0x00000000a7700000| Untracked 
| 632|0x00000000a7800000, 0x00000000a7800000, 0x00000000a7900000|  0%| F|  |TAMS 0x00000000a7800000| PB 0x00000000a7800000| Untracked 
| 633|0x00000000a7900000, 0x00000000a7900000, 0x00000000a7a00000|  0%| F|  |TAMS 0x00000000a7900000| PB 0x00000000a7900000| Untracked 
| 634|0x00000000a7a00000, 0x00000000a7a00000, 0x00000000a7b00000|  0%| F|  |TAMS 0x00000000a7a00000| PB 0x00000000a7a00000| Untracked 
| 635|0x00000000a7b00000, 0x00000000a7b00000, 0x00000000a7c00000|  0%| F|  |TAMS 0x00000000a7b00000| PB 0x00000000a7b00000| Untracked 
| 636|0x00000000a7c00000, 0x00000000a7c00000, 0x00000000a7d00000|  0%| F|  |TAMS 0x00000000a7c00000| PB 0x00000000a7c00000| Untracked 
| 637|0x00000000a7d00000, 0x00000000a7d00000, 0x00000000a7e00000|  0%| F|  |TAMS 0x00000000a7d00000| PB 0x00000000a7d00000| Untracked 
| 638|0x00000000a7e00000, 0x00000000a7e00000, 0x00000000a7f00000|  0%| F|  |TAMS 0x00000000a7e00000| PB 0x00000000a7e00000| Untracked 
| 639|0x00000000a7f00000, 0x00000000a7f00000, 0x00000000a8000000|  0%| F|  |TAMS 0x00000000a7f00000| PB 0x00000000a7f00000| Untracked 
| 640|0x00000000a8000000, 0x00000000a8000000, 0x00000000a8100000|  0%| F|  |TAMS 0x00000000a8000000| PB 0x00000000a8000000| Untracked 
| 641|0x00000000a8100000, 0x00000000a8100000, 0x00000000a8200000|  0%| F|  |TAMS 0x00000000a8100000| PB 0x00000000a8100000| Untracked 
| 642|0x00000000a8200000, 0x00000000a8200000, 0x00000000a8300000|  0%| F|  |TAMS 0x00000000a8200000| PB 0x00000000a8200000| Untracked 
| 643|0x00000000a8300000, 0x00000000a8300000, 0x00000000a8400000|  0%| F|  |TAMS 0x00000000a8300000| PB 0x00000000a8300000| Untracked 
| 644|0x00000000a8400000, 0x00000000a8400000, 0x00000000a8500000|  0%| F|  |TAMS 0x00000000a8400000| PB 0x00000000a8400000| Untracked 
| 645|0x00000000a8500000, 0x00000000a8500000, 0x00000000a8600000|  0%| F|  |TAMS 0x00000000a8500000| PB 0x00000000a8500000| Untracked 
| 646|0x00000000a8600000, 0x00000000a8600000, 0x00000000a8700000|  0%| F|  |TAMS 0x00000000a8600000| PB 0x00000000a8600000| Untracked 
| 647|0x00000000a8700000, 0x00000000a8700000, 0x00000000a8800000|  0%| F|  |TAMS 0x00000000a8700000| PB 0x00000000a8700000| Untracked 
| 648|0x00000000a8800000, 0x00000000a8800000, 0x00000000a8900000|  0%| F|  |TAMS 0x00000000a8800000| PB 0x00000000a8800000| Untracked 
| 649|0x00000000a8900000, 0x00000000a8900000, 0x00000000a8a00000|  0%| F|  |TAMS 0x00000000a8900000| PB 0x00000000a8900000| Untracked 
| 650|0x00000000a8a00000, 0x00000000a8a00000, 0x00000000a8b00000|  0%| F|  |TAMS 0x00000000a8a00000| PB 0x00000000a8a00000| Untracked 
| 651|0x00000000a8b00000, 0x00000000a8b00000, 0x00000000a8c00000|  0%| F|  |TAMS 0x00000000a8b00000| PB 0x00000000a8b00000| Untracked 
| 652|0x00000000a8c00000, 0x00000000a8c00000, 0x00000000a8d00000|  0%| F|  |TAMS 0x00000000a8c00000| PB 0x00000000a8c00000| Untracked 
| 653|0x00000000a8d00000, 0x00000000a8d00000, 0x00000000a8e00000|  0%| F|  |TAMS 0x00000000a8d00000| PB 0x00000000a8d00000| Untracked 
| 654|0x00000000a8e00000, 0x00000000a8e00000, 0x00000000a8f00000|  0%| F|  |TAMS 0x00000000a8e00000| PB 0x00000000a8e00000| Untracked 
| 655|0x00000000a8f00000, 0x00000000a8f00000, 0x00000000a9000000|  0%| F|  |TAMS 0x00000000a8f00000| PB 0x00000000a8f00000| Untracked 
| 656|0x00000000a9000000, 0x00000000a9000000, 0x00000000a9100000|  0%| F|  |TAMS 0x00000000a9000000| PB 0x00000000a9000000| Untracked 
| 657|0x00000000a9100000, 0x00000000a9100000, 0x00000000a9200000|  0%| F|  |TAMS 0x00000000a9100000| PB 0x00000000a9100000| Untracked 
| 658|0x00000000a9200000, 0x00000000a9200000, 0x00000000a9300000|  0%| F|  |TAMS 0x00000000a9200000| PB 0x00000000a9200000| Untracked 
| 659|0x00000000a9300000, 0x00000000a9300000, 0x00000000a9400000|  0%| F|  |TAMS 0x00000000a9300000| PB 0x00000000a9300000| Untracked 
| 660|0x00000000a9400000, 0x00000000a9400000, 0x00000000a9500000|  0%| F|  |TAMS 0x00000000a9400000| PB 0x00000000a9400000| Untracked 
| 661|0x00000000a9500000, 0x00000000a9500000, 0x00000000a9600000|  0%| F|  |TAMS 0x00000000a9500000| PB 0x00000000a9500000| Untracked 
| 662|0x00000000a9600000, 0x00000000a9600000, 0x00000000a9700000|  0%| F|  |TAMS 0x00000000a9600000| PB 0x00000000a9600000| Untracked 
| 663|0x00000000a9700000, 0x00000000a9700000, 0x00000000a9800000|  0%| F|  |TAMS 0x00000000a9700000| PB 0x00000000a9700000| Untracked 
| 664|0x00000000a9800000, 0x00000000a9800000, 0x00000000a9900000|  0%| F|  |TAMS 0x00000000a9800000| PB 0x00000000a9800000| Untracked 
| 665|0x00000000a9900000, 0x00000000a9900000, 0x00000000a9a00000|  0%| F|  |TAMS 0x00000000a9900000| PB 0x00000000a9900000| Untracked 
| 666|0x00000000a9a00000, 0x00000000a9a00000, 0x00000000a9b00000|  0%| F|  |TAMS 0x00000000a9a00000| PB 0x00000000a9a00000| Untracked 
| 667|0x00000000a9b00000, 0x00000000a9b00000, 0x00000000a9c00000|  0%| F|  |TAMS 0x00000000a9b00000| PB 0x00000000a9b00000| Untracked 
| 668|0x00000000a9c00000, 0x00000000a9c00000, 0x00000000a9d00000|  0%| F|  |TAMS 0x00000000a9c00000| PB 0x00000000a9c00000| Untracked 
| 669|0x00000000a9d00000, 0x00000000a9d00000, 0x00000000a9e00000|  0%| F|  |TAMS 0x00000000a9d00000| PB 0x00000000a9d00000| Untracked 
| 670|0x00000000a9e00000, 0x00000000a9e00000, 0x00000000a9f00000|  0%| F|  |TAMS 0x00000000a9e00000| PB 0x00000000a9e00000| Untracked 
| 671|0x00000000a9f00000, 0x00000000a9f00000, 0x00000000aa000000|  0%| F|  |TAMS 0x00000000a9f00000| PB 0x00000000a9f00000| Untracked 
| 672|0x00000000aa000000, 0x00000000aa000000, 0x00000000aa100000|  0%| F|  |TAMS 0x00000000aa000000| PB 0x00000000aa000000| Untracked 
| 673|0x00000000aa100000, 0x00000000aa100000, 0x00000000aa200000|  0%| F|  |TAMS 0x00000000aa100000| PB 0x00000000aa100000| Untracked 
| 674|0x00000000aa200000, 0x00000000aa200000, 0x00000000aa300000|  0%| F|  |TAMS 0x00000000aa200000| PB 0x00000000aa200000| Untracked 
| 675|0x00000000aa300000, 0x00000000aa300000, 0x00000000aa400000|  0%| F|  |TAMS 0x00000000aa300000| PB 0x00000000aa300000| Untracked 
| 676|0x00000000aa400000, 0x00000000aa400000, 0x00000000aa500000|  0%| F|  |TAMS 0x00000000aa400000| PB 0x00000000aa400000| Untracked 
| 677|0x00000000aa500000, 0x00000000aa500000, 0x00000000aa600000|  0%| F|  |TAMS 0x00000000aa500000| PB 0x00000000aa500000| Untracked 
| 678|0x00000000aa600000, 0x00000000aa600000, 0x00000000aa700000|  0%| F|  |TAMS 0x00000000aa600000| PB 0x00000000aa600000| Untracked 
| 679|0x00000000aa700000, 0x00000000aa700000, 0x00000000aa800000|  0%| F|  |TAMS 0x00000000aa700000| PB 0x00000000aa700000| Untracked 
| 680|0x00000000aa800000, 0x00000000aa800000, 0x00000000aa900000|  0%| F|  |TAMS 0x00000000aa800000| PB 0x00000000aa800000| Untracked 
| 681|0x00000000aa900000, 0x00000000aa900000, 0x00000000aaa00000|  0%| F|  |TAMS 0x00000000aa900000| PB 0x00000000aa900000| Untracked 
| 682|0x00000000aaa00000, 0x00000000aaa00000, 0x00000000aab00000|  0%| F|  |TAMS 0x00000000aaa00000| PB 0x00000000aaa00000| Untracked 
| 683|0x00000000aab00000, 0x00000000aab00000, 0x00000000aac00000|  0%| F|  |TAMS 0x00000000aab00000| PB 0x00000000aab00000| Untracked 
| 684|0x00000000aac00000, 0x00000000aac00000, 0x00000000aad00000|  0%| F|  |TAMS 0x00000000aac00000| PB 0x00000000aac00000| Untracked 
| 685|0x00000000aad00000, 0x00000000aad00000, 0x00000000aae00000|  0%| F|  |TAMS 0x00000000aad00000| PB 0x00000000aad00000| Untracked 
| 686|0x00000000aae00000, 0x00000000aae00000, 0x00000000aaf00000|  0%| F|  |TAMS 0x00000000aae00000| PB 0x00000000aae00000| Untracked 
| 687|0x00000000aaf00000, 0x00000000aaf00000, 0x00000000ab000000|  0%| F|  |TAMS 0x00000000aaf00000| PB 0x00000000aaf00000| Untracked 
| 688|0x00000000ab000000, 0x00000000ab000000, 0x00000000ab100000|  0%| F|  |TAMS 0x00000000ab000000| PB 0x00000000ab000000| Untracked 
| 689|0x00000000ab100000, 0x00000000ab100000, 0x00000000ab200000|  0%| F|  |TAMS 0x00000000ab100000| PB 0x00000000ab100000| Untracked 
| 690|0x00000000ab200000, 0x00000000ab200000, 0x00000000ab300000|  0%| F|  |TAMS 0x00000000ab200000| PB 0x00000000ab200000| Untracked 
| 691|0x00000000ab300000, 0x00000000ab300000, 0x00000000ab400000|  0%| F|  |TAMS 0x00000000ab300000| PB 0x00000000ab300000| Untracked 
| 692|0x00000000ab400000, 0x00000000ab400000, 0x00000000ab500000|  0%| F|  |TAMS 0x00000000ab400000| PB 0x00000000ab400000| Untracked 
| 693|0x00000000ab500000, 0x00000000ab500000, 0x00000000ab600000|  0%| F|  |TAMS 0x00000000ab500000| PB 0x00000000ab500000| Untracked 
| 694|0x00000000ab600000, 0x00000000ab600000, 0x00000000ab700000|  0%| F|  |TAMS 0x00000000ab600000| PB 0x00000000ab600000| Untracked 
| 695|0x00000000ab700000, 0x00000000ab700000, 0x00000000ab800000|  0%| F|  |TAMS 0x00000000ab700000| PB 0x00000000ab700000| Untracked 
| 696|0x00000000ab800000, 0x00000000ab800000, 0x00000000ab900000|  0%| F|  |TAMS 0x00000000ab800000| PB 0x00000000ab800000| Untracked 
| 697|0x00000000ab900000, 0x00000000ab900000, 0x00000000aba00000|  0%| F|  |TAMS 0x00000000ab900000| PB 0x00000000ab900000| Untracked 
| 698|0x00000000aba00000, 0x00000000aba00000, 0x00000000abb00000|  0%| F|  |TAMS 0x00000000aba00000| PB 0x00000000aba00000| Untracked 
| 699|0x00000000abb00000, 0x00000000abb00000, 0x00000000abc00000|  0%| F|  |TAMS 0x00000000abb00000| PB 0x00000000abb00000| Untracked 
| 700|0x00000000abc00000, 0x00000000abc00000, 0x00000000abd00000|  0%| F|  |TAMS 0x00000000abc00000| PB 0x00000000abc00000| Untracked 
| 701|0x00000000abd00000, 0x00000000abd00000, 0x00000000abe00000|  0%| F|  |TAMS 0x00000000abd00000| PB 0x00000000abd00000| Untracked 
| 702|0x00000000abe00000, 0x00000000abe00000, 0x00000000abf00000|  0%| F|  |TAMS 0x00000000abe00000| PB 0x00000000abe00000| Untracked 
| 703|0x00000000abf00000, 0x00000000abf00000, 0x00000000ac000000|  0%| F|  |TAMS 0x00000000abf00000| PB 0x00000000abf00000| Untracked 
| 704|0x00000000ac000000, 0x00000000ac000000, 0x00000000ac100000|  0%| F|  |TAMS 0x00000000ac000000| PB 0x00000000ac000000| Untracked 
| 705|0x00000000ac100000, 0x00000000ac100000, 0x00000000ac200000|  0%| F|  |TAMS 0x00000000ac100000| PB 0x00000000ac100000| Untracked 
| 706|0x00000000ac200000, 0x00000000ac200000, 0x00000000ac300000|  0%| F|  |TAMS 0x00000000ac200000| PB 0x00000000ac200000| Untracked 
| 707|0x00000000ac300000, 0x00000000ac300000, 0x00000000ac400000|  0%| F|  |TAMS 0x00000000ac300000| PB 0x00000000ac300000| Untracked 
| 708|0x00000000ac400000, 0x00000000ac400000, 0x00000000ac500000|  0%| F|  |TAMS 0x00000000ac400000| PB 0x00000000ac400000| Untracked 
| 709|0x00000000ac500000, 0x00000000ac500000, 0x00000000ac600000|  0%| F|  |TAMS 0x00000000ac500000| PB 0x00000000ac500000| Untracked 
| 710|0x00000000ac600000, 0x00000000ac600000, 0x00000000ac700000|  0%| F|  |TAMS 0x00000000ac600000| PB 0x00000000ac600000| Untracked 
| 711|0x00000000ac700000, 0x00000000ac700000, 0x00000000ac800000|  0%| F|  |TAMS 0x00000000ac700000| PB 0x00000000ac700000| Untracked 
| 712|0x00000000ac800000, 0x00000000ac800000, 0x00000000ac900000|  0%| F|  |TAMS 0x00000000ac800000| PB 0x00000000ac800000| Untracked 
| 713|0x00000000ac900000, 0x00000000ac900000, 0x00000000aca00000|  0%| F|  |TAMS 0x00000000ac900000| PB 0x00000000ac900000| Untracked 
| 714|0x00000000aca00000, 0x00000000aca00000, 0x00000000acb00000|  0%| F|  |TAMS 0x00000000aca00000| PB 0x00000000aca00000| Untracked 
| 715|0x00000000acb00000, 0x00000000acb00000, 0x00000000acc00000|  0%| F|  |TAMS 0x00000000acb00000| PB 0x00000000acb00000| Untracked 
| 716|0x00000000acc00000, 0x00000000acc00000, 0x00000000acd00000|  0%| F|  |TAMS 0x00000000acc00000| PB 0x00000000acc00000| Untracked 
| 717|0x00000000acd00000, 0x00000000acd00000, 0x00000000ace00000|  0%| F|  |TAMS 0x00000000acd00000| PB 0x00000000acd00000| Untracked 
| 718|0x00000000ace00000, 0x00000000ace00000, 0x00000000acf00000|  0%| F|  |TAMS 0x00000000ace00000| PB 0x00000000ace00000| Untracked 
| 719|0x00000000acf00000, 0x00000000acf00000, 0x00000000ad000000|  0%| F|  |TAMS 0x00000000acf00000| PB 0x00000000acf00000| Untracked 
| 720|0x00000000ad000000, 0x00000000ad000000, 0x00000000ad100000|  0%| F|  |TAMS 0x00000000ad000000| PB 0x00000000ad000000| Untracked 
| 721|0x00000000ad100000, 0x00000000ad100000, 0x00000000ad200000|  0%| F|  |TAMS 0x00000000ad100000| PB 0x00000000ad100000| Untracked 
| 722|0x00000000ad200000, 0x00000000ad200000, 0x00000000ad300000|  0%| F|  |TAMS 0x00000000ad200000| PB 0x00000000ad200000| Untracked 
| 723|0x00000000ad300000, 0x00000000ad300000, 0x00000000ad400000|  0%| F|  |TAMS 0x00000000ad300000| PB 0x00000000ad300000| Untracked 
| 724|0x00000000ad400000, 0x00000000ad400000, 0x00000000ad500000|  0%| F|  |TAMS 0x00000000ad400000| PB 0x00000000ad400000| Untracked 
| 725|0x00000000ad500000, 0x00000000ad500000, 0x00000000ad600000|  0%| F|  |TAMS 0x00000000ad500000| PB 0x00000000ad500000| Untracked 
| 726|0x00000000ad600000, 0x00000000ad600000, 0x00000000ad700000|  0%| F|  |TAMS 0x00000000ad600000| PB 0x00000000ad600000| Untracked 
| 727|0x00000000ad700000, 0x00000000ad700000, 0x00000000ad800000|  0%| F|  |TAMS 0x00000000ad700000| PB 0x00000000ad700000| Untracked 
| 728|0x00000000ad800000, 0x00000000ad800000, 0x00000000ad900000|  0%| F|  |TAMS 0x00000000ad800000| PB 0x00000000ad800000| Untracked 
| 729|0x00000000ad900000, 0x00000000ad900000, 0x00000000ada00000|  0%| F|  |TAMS 0x00000000ad900000| PB 0x00000000ad900000| Untracked 
| 730|0x00000000ada00000, 0x00000000ada00000, 0x00000000adb00000|  0%| F|  |TAMS 0x00000000ada00000| PB 0x00000000ada00000| Untracked 
| 731|0x00000000adb00000, 0x00000000adb00000, 0x00000000adc00000|  0%| F|  |TAMS 0x00000000adb00000| PB 0x00000000adb00000| Untracked 
| 732|0x00000000adc00000, 0x00000000adc00000, 0x00000000add00000|  0%| F|  |TAMS 0x00000000adc00000| PB 0x00000000adc00000| Untracked 
| 733|0x00000000add00000, 0x00000000add00000, 0x00000000ade00000|  0%| F|  |TAMS 0x00000000add00000| PB 0x00000000add00000| Untracked 
| 734|0x00000000ade00000, 0x00000000ade00000, 0x00000000adf00000|  0%| F|  |TAMS 0x00000000ade00000| PB 0x00000000ade00000| Untracked 
| 735|0x00000000adf00000, 0x00000000adf00000, 0x00000000ae000000|  0%| F|  |TAMS 0x00000000adf00000| PB 0x00000000adf00000| Untracked 
| 736|0x00000000ae000000, 0x00000000ae000000, 0x00000000ae100000|  0%| F|  |TAMS 0x00000000ae000000| PB 0x00000000ae000000| Untracked 
| 737|0x00000000ae100000, 0x00000000ae100000, 0x00000000ae200000|  0%| F|  |TAMS 0x00000000ae100000| PB 0x00000000ae100000| Untracked 
| 738|0x00000000ae200000, 0x00000000ae200000, 0x00000000ae300000|  0%| F|  |TAMS 0x00000000ae200000| PB 0x00000000ae200000| Untracked 
| 739|0x00000000ae300000, 0x00000000ae300000, 0x00000000ae400000|  0%| F|  |TAMS 0x00000000ae300000| PB 0x00000000ae300000| Untracked 
| 740|0x00000000ae400000, 0x00000000ae400000, 0x00000000ae500000|  0%| F|  |TAMS 0x00000000ae400000| PB 0x00000000ae400000| Untracked 
| 741|0x00000000ae500000, 0x00000000ae500000, 0x00000000ae600000|  0%| F|  |TAMS 0x00000000ae500000| PB 0x00000000ae500000| Untracked 
| 742|0x00000000ae600000, 0x00000000ae600000, 0x00000000ae700000|  0%| F|  |TAMS 0x00000000ae600000| PB 0x00000000ae600000| Untracked 
| 743|0x00000000ae700000, 0x00000000ae700000, 0x00000000ae800000|  0%| F|  |TAMS 0x00000000ae700000| PB 0x00000000ae700000| Untracked 
| 744|0x00000000ae800000, 0x00000000ae800000, 0x00000000ae900000|  0%| F|  |TAMS 0x00000000ae800000| PB 0x00000000ae800000| Untracked 
| 745|0x00000000ae900000, 0x00000000ae900000, 0x00000000aea00000|  0%| F|  |TAMS 0x00000000ae900000| PB 0x00000000ae900000| Untracked 
| 746|0x00000000aea00000, 0x00000000aea00000, 0x00000000aeb00000|  0%| F|  |TAMS 0x00000000aea00000| PB 0x00000000aea00000| Untracked 
| 747|0x00000000aeb00000, 0x00000000aeb00000, 0x00000000aec00000|  0%| F|  |TAMS 0x00000000aeb00000| PB 0x00000000aeb00000| Untracked 
| 748|0x00000000aec00000, 0x00000000aec00000, 0x00000000aed00000|  0%| F|  |TAMS 0x00000000aec00000| PB 0x00000000aec00000| Untracked 
| 749|0x00000000aed00000, 0x00000000aed00000, 0x00000000aee00000|  0%| F|  |TAMS 0x00000000aed00000| PB 0x00000000aed00000| Untracked 
| 750|0x00000000aee00000, 0x00000000aee00000, 0x00000000aef00000|  0%| F|  |TAMS 0x00000000aee00000| PB 0x00000000aee00000| Untracked 
| 751|0x00000000aef00000, 0x00000000aef00000, 0x00000000af000000|  0%| F|  |TAMS 0x00000000aef00000| PB 0x00000000aef00000| Untracked 
| 752|0x00000000af000000, 0x00000000af000000, 0x00000000af100000|  0%| F|  |TAMS 0x00000000af000000| PB 0x00000000af000000| Untracked 
| 753|0x00000000af100000, 0x00000000af100000, 0x00000000af200000|  0%| F|  |TAMS 0x00000000af100000| PB 0x00000000af100000| Untracked 
| 754|0x00000000af200000, 0x00000000af200000, 0x00000000af300000|  0%| F|  |TAMS 0x00000000af200000| PB 0x00000000af200000| Untracked 
| 755|0x00000000af300000, 0x00000000af300000, 0x00000000af400000|  0%| F|  |TAMS 0x00000000af300000| PB 0x00000000af300000| Untracked 
| 756|0x00000000af400000, 0x00000000af400000, 0x00000000af500000|  0%| F|  |TAMS 0x00000000af400000| PB 0x00000000af400000| Untracked 
| 757|0x00000000af500000, 0x00000000af500000, 0x00000000af600000|  0%| F|  |TAMS 0x00000000af500000| PB 0x00000000af500000| Untracked 
| 758|0x00000000af600000, 0x00000000af600000, 0x00000000af700000|  0%| F|  |TAMS 0x00000000af600000| PB 0x00000000af600000| Untracked 
| 759|0x00000000af700000, 0x00000000af700000, 0x00000000af800000|  0%| F|  |TAMS 0x00000000af700000| PB 0x00000000af700000| Untracked 
| 760|0x00000000af800000, 0x00000000af900000, 0x00000000af900000|100%| S|CS|TAMS 0x00000000af800000| PB 0x00000000af800000| Complete 
| 761|0x00000000af900000, 0x00000000afa00000, 0x00000000afa00000|100%| S|CS|TAMS 0x00000000af900000| PB 0x00000000af900000| Complete 
| 762|0x00000000afa00000, 0x00000000afb00000, 0x00000000afb00000|100%| S|CS|TAMS 0x00000000afa00000| PB 0x00000000afa00000| Complete 
| 763|0x00000000afb00000, 0x00000000afc00000, 0x00000000afc00000|100%| S|CS|TAMS 0x00000000afb00000| PB 0x00000000afb00000| Complete 
| 764|0x00000000afc00000, 0x00000000afd00000, 0x00000000afd00000|100%| S|CS|TAMS 0x00000000afc00000| PB 0x00000000afc00000| Complete 
| 765|0x00000000afd00000, 0x00000000afe00000, 0x00000000afe00000|100%| S|CS|TAMS 0x00000000afd00000| PB 0x00000000afd00000| Complete 
| 766|0x00000000afe00000, 0x00000000aff00000, 0x00000000aff00000|100%| S|CS|TAMS 0x00000000afe00000| PB 0x00000000afe00000| Complete 
| 767|0x00000000aff00000, 0x00000000b0000000, 0x00000000b0000000|100%| S|CS|TAMS 0x00000000aff00000| PB 0x00000000aff00000| Complete 
| 768|0x00000000b0000000, 0x00000000b0100000, 0x00000000b0100000|100%| S|CS|TAMS 0x00000000b0000000| PB 0x00000000b0000000| Complete 
| 769|0x00000000b0100000, 0x00000000b0200000, 0x00000000b0200000|100%| S|CS|TAMS 0x00000000b0100000| PB 0x00000000b0100000| Complete 
| 770|0x00000000b0200000, 0x00000000b0300000, 0x00000000b0300000|100%| S|CS|TAMS 0x00000000b0200000| PB 0x00000000b0200000| Complete 
| 771|0x00000000b0300000, 0x00000000b0400000, 0x00000000b0400000|100%| S|CS|TAMS 0x00000000b0300000| PB 0x00000000b0300000| Complete 
| 772|0x00000000b0400000, 0x00000000b0500000, 0x00000000b0500000|100%| S|CS|TAMS 0x00000000b0400000| PB 0x00000000b0400000| Complete 
| 773|0x00000000b0500000, 0x00000000b0500000, 0x00000000b0600000|  0%| F|  |TAMS 0x00000000b0500000| PB 0x00000000b0500000| Untracked 
| 774|0x00000000b0600000, 0x00000000b0600000, 0x00000000b0700000|  0%| F|  |TAMS 0x00000000b0600000| PB 0x00000000b0600000| Untracked 
| 775|0x00000000b0700000, 0x00000000b0700000, 0x00000000b0800000|  0%| F|  |TAMS 0x00000000b0700000| PB 0x00000000b0700000| Untracked 
| 776|0x00000000b0800000, 0x00000000b0800000, 0x00000000b0900000|  0%| F|  |TAMS 0x00000000b0800000| PB 0x00000000b0800000| Untracked 
| 777|0x00000000b0900000, 0x00000000b0900000, 0x00000000b0a00000|  0%| F|  |TAMS 0x00000000b0900000| PB 0x00000000b0900000| Untracked 
| 778|0x00000000b0a00000, 0x00000000b0a00000, 0x00000000b0b00000|  0%| F|  |TAMS 0x00000000b0a00000| PB 0x00000000b0a00000| Untracked 
| 779|0x00000000b0b00000, 0x00000000b0b00000, 0x00000000b0c00000|  0%| F|  |TAMS 0x00000000b0b00000| PB 0x00000000b0b00000| Untracked 
| 780|0x00000000b0c00000, 0x00000000b0c00000, 0x00000000b0d00000|  0%| F|  |TAMS 0x00000000b0c00000| PB 0x00000000b0c00000| Untracked 
| 781|0x00000000b0d00000, 0x00000000b0d00000, 0x00000000b0e00000|  0%| F|  |TAMS 0x00000000b0d00000| PB 0x00000000b0d00000| Untracked 
| 782|0x00000000b0e00000, 0x00000000b0ea05f8, 0x00000000b0f00000| 62%| E|  |TAMS 0x00000000b0e00000| PB 0x00000000b0e00000| Complete 
| 783|0x00000000b0f00000, 0x00000000b1000000, 0x00000000b1000000|100%| E|CS|TAMS 0x00000000b0f00000| PB 0x00000000b0f00000| Complete 
| 784|0x00000000b1000000, 0x00000000b1100000, 0x00000000b1100000|100%| E|CS|TAMS 0x00000000b1000000| PB 0x00000000b1000000| Complete 
| 785|0x00000000b1100000, 0x00000000b1200000, 0x00000000b1200000|100%| E|CS|TAMS 0x00000000b1100000| PB 0x00000000b1100000| Complete 
| 786|0x00000000b1200000, 0x00000000b1300000, 0x00000000b1300000|100%| E|CS|TAMS 0x00000000b1200000| PB 0x00000000b1200000| Complete 
| 787|0x00000000b1300000, 0x00000000b1400000, 0x00000000b1400000|100%| E|CS|TAMS 0x00000000b1300000| PB 0x00000000b1300000| Complete 
| 788|0x00000000b1400000, 0x00000000b1500000, 0x00000000b1500000|100%| E|CS|TAMS 0x00000000b1400000| PB 0x00000000b1400000| Complete 
| 789|0x00000000b1500000, 0x00000000b1600000, 0x00000000b1600000|100%| E|CS|TAMS 0x00000000b1500000| PB 0x00000000b1500000| Complete 
| 790|0x00000000b1600000, 0x00000000b1700000, 0x00000000b1700000|100%| E|CS|TAMS 0x00000000b1600000| PB 0x00000000b1600000| Complete 
| 791|0x00000000b1700000, 0x00000000b1800000, 0x00000000b1800000|100%| E|CS|TAMS 0x00000000b1700000| PB 0x00000000b1700000| Complete 
| 792|0x00000000b1800000, 0x00000000b1900000, 0x00000000b1900000|100%| E|CS|TAMS 0x00000000b1800000| PB 0x00000000b1800000| Complete 
| 793|0x00000000b1900000, 0x00000000b1a00000, 0x00000000b1a00000|100%| E|CS|TAMS 0x00000000b1900000| PB 0x00000000b1900000| Complete 
| 794|0x00000000b1a00000, 0x00000000b1b00000, 0x00000000b1b00000|100%| E|CS|TAMS 0x00000000b1a00000| PB 0x00000000b1a00000| Complete 
| 795|0x00000000b1b00000, 0x00000000b1c00000, 0x00000000b1c00000|100%| E|CS|TAMS 0x00000000b1b00000| PB 0x00000000b1b00000| Complete 
| 796|0x00000000b1c00000, 0x00000000b1d00000, 0x00000000b1d00000|100%| E|CS|TAMS 0x00000000b1c00000| PB 0x00000000b1c00000| Complete 
| 797|0x00000000b1d00000, 0x00000000b1e00000, 0x00000000b1e00000|100%| E|CS|TAMS 0x00000000b1d00000| PB 0x00000000b1d00000| Complete 
| 798|0x00000000b1e00000, 0x00000000b1f00000, 0x00000000b1f00000|100%| E|CS|TAMS 0x00000000b1e00000| PB 0x00000000b1e00000| Complete 
| 799|0x00000000b1f00000, 0x00000000b2000000, 0x00000000b2000000|100%| E|CS|TAMS 0x00000000b1f00000| PB 0x00000000b1f00000| Complete 
| 800|0x00000000b2000000, 0x00000000b2100000, 0x00000000b2100000|100%| E|CS|TAMS 0x00000000b2000000| PB 0x00000000b2000000| Complete 
|2021|0x00000000fe500000, 0x00000000fe600000, 0x00000000fe600000|100%| O|  |TAMS 0x00000000fe600000| PB 0x00000000fe500000| Untracked 
|2022|0x00000000fe600000, 0x00000000fe700000, 0x00000000fe700000|100%| O|  |TAMS 0x00000000fe700000| PB 0x00000000fe600000| Untracked 
|2023|0x00000000fe700000, 0x00000000fe800000, 0x00000000fe800000|100%| O|  |TAMS 0x00000000fe800000| PB 0x00000000fe700000| Untracked 
|2024|0x00000000fe800000, 0x00000000fe900000, 0x00000000fe900000|100%| O|  |TAMS 0x00000000fe900000| PB 0x00000000fe800000| Untracked 
|2025|0x00000000fe900000, 0x00000000fea00000, 0x00000000fea00000|100%| O|  |TAMS 0x00000000fea00000| PB 0x00000000fe900000| Untracked 
|2026|0x00000000fea00000, 0x00000000feb00000, 0x00000000feb00000|100%| O|  |TAMS 0x00000000feb00000| PB 0x00000000fea00000| Untracked 
|2027|0x00000000feb00000, 0x00000000fec00000, 0x00000000fec00000|100%| O|  |TAMS 0x00000000fec00000| PB 0x00000000feb00000| Untracked 
|2028|0x00000000fec00000, 0x00000000fed00000, 0x00000000fed00000|100%| O|  |TAMS 0x00000000fed00000| PB 0x00000000fec00000| Untracked 
|2029|0x00000000fed00000, 0x00000000fee00000, 0x00000000fee00000|100%| O|  |TAMS 0x00000000fee00000| PB 0x00000000fed00000| Untracked 
|2030|0x00000000fee00000, 0x00000000fef00000, 0x00000000fef00000|100%| O|  |TAMS 0x00000000fef00000| PB 0x00000000fee00000| Untracked 
|2031|0x00000000fef00000, 0x00000000ff000000, 0x00000000ff000000|100%| O|  |TAMS 0x00000000ff000000| PB 0x00000000fef00000| Untracked 
|2032|0x00000000ff000000, 0x00000000ff100000, 0x00000000ff100000|100%| E|CS|TAMS 0x00000000ff000000| PB 0x00000000ff000000| Complete 
|2033|0x00000000ff100000, 0x00000000ff200000, 0x00000000ff200000|100%| O|  |TAMS 0x00000000ff200000| PB 0x00000000ff100000| Untracked 
|2034|0x00000000ff200000, 0x00000000ff300000, 0x00000000ff300000|100%| O|  |TAMS 0x00000000ff300000| PB 0x00000000ff200000| Untracked 
|2035|0x00000000ff300000, 0x00000000ff400000, 0x00000000ff400000|100%| O|  |TAMS 0x00000000ff400000| PB 0x00000000ff300000| Untracked 
|2036|0x00000000ff400000, 0x00000000ff500000, 0x00000000ff500000|100%| O|  |TAMS 0x00000000ff500000| PB 0x00000000ff400000| Untracked 
|2037|0x00000000ff500000, 0x00000000ff600000, 0x00000000ff600000|100%| E|CS|TAMS 0x00000000ff500000| PB 0x00000000ff500000| Complete 
|2038|0x00000000ff600000, 0x00000000ff700000, 0x00000000ff700000|100%| O|  |TAMS 0x00000000ff700000| PB 0x00000000ff600000| Untracked 
|2039|0x00000000ff700000, 0x00000000ff800000, 0x00000000ff800000|100%| O|  |TAMS 0x00000000ff800000| PB 0x00000000ff700000| Untracked 
|2040|0x00000000ff800000, 0x00000000ff900000, 0x00000000ff900000|100%| O|  |TAMS 0x00000000ff900000| PB 0x00000000ff800000| Untracked 
|2041|0x00000000ff900000, 0x00000000ffa00000, 0x00000000ffa00000|100%| O|  |TAMS 0x00000000ffa00000| PB 0x00000000ff900000| Untracked 
|2042|0x00000000ffa00000, 0x00000000ffb00000, 0x00000000ffb00000|100%| O|  |TAMS 0x00000000ffb00000| PB 0x00000000ffa00000| Untracked 
|2043|0x00000000ffb00000, 0x00000000ffc00000, 0x00000000ffc00000|100%| O|  |TAMS 0x00000000ffc00000| PB 0x00000000ffb00000| Untracked 
|2044|0x00000000ffc00000, 0x00000000ffd00000, 0x00000000ffd00000|100%| O|  |TAMS 0x00000000ffd00000| PB 0x00000000ffc00000| Untracked 
|2045|0x00000000ffd00000, 0x00000000ffe00000, 0x00000000ffe00000|100%| E|CS|TAMS 0x00000000ffd00000| PB 0x00000000ffd00000| Complete 
|2046|0x00000000ffe00000, 0x00000000fff00000, 0x00000000fff00000|100%| E|CS|TAMS 0x00000000ffe00000| PB 0x00000000ffe00000| Complete 
|2047|0x00000000fff00000, 0x0000000100000000, 0x0000000100000000|100%| O|  |TAMS 0x0000000100000000| PB 0x00000000fff00000| Untracked 

Card table byte_map: [0x0000025ee5dd0000,0x0000025ee61d0000] _byte_map_base: 0x0000025ee59d0000

Marking Bits: (CMBitMap*) 0x0000025ed3cd12d0
 Bits: [0x0000025ee61d0000, 0x0000025ee81d0000)

Polling page: 0x0000025ed18a0000

Metaspace:

Usage:
  Non-class:    207.14 MB used.
      Class:     30.61 MB used.
       Both:    237.75 MB used.

Virtual space:
  Non-class space:      256.00 MB reserved,     208.56 MB ( 81%) committed,  4 nodes.
      Class space:        1.00 GB reserved,      31.94 MB (  3%) committed,  1 nodes.
             Both:        1.25 GB reserved,     240.50 MB ( 19%) committed. 

Chunk freelists:
   Non-Class:  14.66 MB
       Class:  48.00 KB
        Both:  14.70 MB

MaxMetaspaceSize: unlimited
CompressedClassSpaceSize: 1.00 GB
Initial GC threshold: 21.00 MB
Current GC threshold: 313.88 MB
CDS: off
 - commit_granule_bytes: 65536.
 - commit_granule_words: 8192.
 - virtual_space_node_default_size: 8388608.
 - enlarge_chunks_in_place: 1.
 - use_allocation_guard: 0.


Internal statistics:

num_allocs_failed_limit: 6.
num_arena_births: 5402.
num_arena_deaths: 0.
num_vsnodes_births: 5.
num_vsnodes_deaths: 0.
num_space_committed: 3843.
num_space_uncommitted: 0.
num_chunks_returned_to_freelist: 6.
num_chunks_taken_from_freelist: 14919.
num_chunk_merges: 6.
num_chunk_splits: 10774.
num_chunks_enlarged: 7873.
num_inconsistent_stats: 0.

CodeHeap 'non-profiled nmethods': size=120064Kb used=19417Kb max_used=19417Kb free=100647Kb
 bounds [0x0000025ede890000, 0x0000025edfb90000, 0x0000025ee5dd0000]
CodeHeap 'profiled nmethods': size=120000Kb used=57455Kb max_used=57455Kb free=62544Kb
 bounds [0x0000025ed6dd0000, 0x0000025eda5f0000, 0x0000025ede300000]
CodeHeap 'non-nmethods': size=5696Kb used=2330Kb max_used=2372Kb free=3365Kb
 bounds [0x0000025ede300000, 0x0000025ede570000, 0x0000025ede890000]
CodeCache: size=245760Kb, used=79202Kb, max_used=79244Kb, free=166556Kb
 total_blobs=25955, nmethods=24773, adapters=1083, full_count=0
Compilation: enabled, stopped_count=0, restarted_count=0

Compilation events (20 events):
Event: 842.375 Thread 0x0000025eea773070 29774       4       org.jetbrains.kotlin.protobuf.CodedOutputStream::newInstance (12 bytes)
Event: 842.379 Thread 0x0000025eea773070 nmethod 29774 0x0000025edfb82f10 code [0x0000025edfb830a0, 0x0000025edfb833d0]
Event: 842.391 Thread 0x0000025eea795cd0 29775       3       org.jetbrains.kotlin.metadata.ProtoBuf$Class::initFields (160 bytes)
Event: 842.392 Thread 0x0000025eea795cd0 nmethod 29775 0x0000025eda5e7910 code [0x0000025eda5e7be0, 0x0000025eda5e8bf8]
Event: 842.426 Thread 0x0000025eea795cd0 29776       1       org.jetbrains.kotlin.cli.jvm.index.JavaRoot::component2 (5 bytes)
Event: 842.426 Thread 0x0000025eea795cd0 nmethod 29776 0x0000025edfb83510 code [0x0000025edfb836a0, 0x0000025edfb83768]
Event: 842.441 Thread 0x0000025eea795cd0 29777       3       com.intellij.psi.search.GlobalSearchScope$UnionScope$$Lambda/0x0000000101fe67f8::value (12 bytes)
Event: 842.441 Thread 0x0000025eea795cd0 nmethod 29777 0x0000025eda5e8f10 code [0x0000025eda5e90e0, 0x0000025eda5e9400]
Event: 842.460 Thread 0x0000025eea795cd0 29778       1       com.android.tools.build.apkzlib.zip.FileUseMapEntry::getStore (5 bytes)
Event: 842.460 Thread 0x0000025eea795cd0 nmethod 29778 0x0000025edfb83810 code [0x0000025edfb839a0, 0x0000025edfb83a68]
Event: 842.465 Thread 0x0000025eea773070 29779       4       org.jetbrains.kotlin.cli.jvm.modules.CoreJrtVirtualFile::hashCode (8 bytes)
Event: 842.465 Thread 0x0000025eea795cd0 29780       3       com.intellij.openapi.util.text.StringUtilRt::lastIndexOf (58 bytes)
Event: 842.466 Thread 0x0000025eea795cd0 nmethod 29780 0x0000025eda5e9510 code [0x0000025eda5e9700, 0x0000025eda5e9c60]
Event: 842.468 Thread 0x0000025eea773070 nmethod 29779 0x0000025edfb83b10 code [0x0000025edfb83ce0, 0x0000025edfb83ea8]
Event: 842.739 Thread 0x0000025eea795cd0 29781       1       com.android.tools.build.apkzlib.zip.Eocd::getDirectorySize (5 bytes)
Event: 842.740 Thread 0x0000025eea795cd0 nmethod 29781 0x0000025edfb84090 code [0x0000025edfb84220, 0x0000025edfb842e8]
Event: 842.923 Thread 0x0000025eea773070 29782 %     4       sun.security.provider.SHA2::implCompress0 @ 204 (448 bytes)
Event: 842.943 Thread 0x0000025eea773070 nmethod 29782% 0x0000025edfb84390 code [0x0000025edfb84540, 0x0000025edfb84d28]
Event: 842.955 Thread 0x0000025eea773070 29783       4       sun.security.provider.SHA2::implCompress0 (448 bytes)
Event: 843.070 Thread 0x0000025eea773070 nmethod 29783 0x0000025edfb84f90 code [0x0000025edfb85160, 0x0000025edfb85c38]

GC Heap History (20 events):
Event: 781.530 GC heap before
{Heap before GC invocations=99 (full 0):
 garbage-first heap   total 700416K, used 528384K [0x0000000080000000, 0x0000000100000000)
  region size 1024K, 221 young (226304K), 1 survivors (1024K)
 Metaspace       used 228300K, committed 230976K, reserved 1310720K
  class space    used 29626K, committed 30912K, reserved 1048576K
}
Event: 781.592 GC heap after
{Heap after GC invocations=100 (full 0):
 garbage-first heap   total 847872K, used 319488K [0x0000000080000000, 0x0000000100000000)
  region size 1024K, 18 young (18432K), 18 survivors (18432K)
 Metaspace       used 228300K, committed 230976K, reserved 1310720K
  class space    used 29626K, committed 30912K, reserved 1048576K
}
Event: 784.968 GC heap before
{Heap before GC invocations=100 (full 0):
 garbage-first heap   total 847872K, used 368640K [0x0000000080000000, 0x0000000100000000)
  region size 1024K, 62 young (63488K), 18 survivors (18432K)
 Metaspace       used 228306K, committed 230976K, reserved 1310720K
  class space    used 29626K, committed 30912K, reserved 1048576K
}
Event: 785.145 GC heap after
{Heap after GC invocations=101 (full 0):
 garbage-first heap   total 847872K, used 327168K [0x0000000080000000, 0x0000000100000000)
  region size 1024K, 6 young (6144K), 6 survivors (6144K)
 Metaspace       used 228306K, committed 230976K, reserved 1310720K
  class space    used 29626K, committed 30912K, reserved 1048576K
}
Event: 787.224 GC heap before
{Heap before GC invocations=101 (full 0):
 garbage-first heap   total 847872K, used 431616K [0x0000000080000000, 0x0000000100000000)
  region size 1024K, 109 young (111616K), 6 survivors (6144K)
 Metaspace       used 228430K, committed 231168K, reserved 1310720K
  class space    used 29635K, committed 30976K, reserved 1048576K
}
Event: 787.260 GC heap after
{Heap after GC invocations=102 (full 0):
 garbage-first heap   total 847872K, used 336896K [0x0000000080000000, 0x0000000100000000)
  region size 1024K, 14 young (14336K), 14 survivors (14336K)
 Metaspace       used 228430K, committed 231168K, reserved 1310720K
  class space    used 29635K, committed 30976K, reserved 1048576K
}
Event: 787.854 GC heap before
{Heap before GC invocations=102 (full 0):
 garbage-first heap   total 847872K, used 391168K [0x0000000080000000, 0x0000000100000000)
  region size 1024K, 67 young (68608K), 14 survivors (14336K)
 Metaspace       used 228430K, committed 231168K, reserved 1310720K
  class space    used 29635K, committed 30976K, reserved 1048576K
}
Event: 787.893 GC heap after
{Heap after GC invocations=103 (full 0):
 garbage-first heap   total 847872K, used 342528K [0x0000000080000000, 0x0000000100000000)
  region size 1024K, 5 young (5120K), 5 survivors (5120K)
 Metaspace       used 228430K, committed 231168K, reserved 1310720K
  class space    used 29635K, committed 30976K, reserved 1048576K
}
Event: 795.051 GC heap before
{Heap before GC invocations=103 (full 0):
 garbage-first heap   total 847872K, used 506368K [0x0000000080000000, 0x0000000100000000)
  region size 1024K, 162 young (165888K), 5 survivors (5120K)
 Metaspace       used 230701K, committed 233408K, reserved 1310720K
  class space    used 29906K, committed 31232K, reserved 1048576K
}
Event: 795.066 GC heap after
{Heap after GC invocations=104 (full 0):
 garbage-first heap   total 847872K, used 347136K [0x0000000080000000, 0x0000000100000000)
  region size 1024K, 9 young (9216K), 9 survivors (9216K)
 Metaspace       used 230701K, committed 233408K, reserved 1310720K
  class space    used 29906K, committed 31232K, reserved 1048576K
}
Event: 797.562 GC heap before
{Heap before GC invocations=104 (full 0):
 garbage-first heap   total 847872K, used 544768K [0x0000000080000000, 0x0000000100000000)
  region size 1024K, 202 young (206848K), 9 survivors (9216K)
 Metaspace       used 230741K, committed 233408K, reserved 1310720K
  class space    used 29906K, committed 31232K, reserved 1048576K
}
Event: 797.618 GC heap after
{Heap after GC invocations=105 (full 0):
 garbage-first heap   total 847872K, used 366394K [0x0000000080000000, 0x0000000100000000)
  region size 1024K, 26 young (26624K), 26 survivors (26624K)
 Metaspace       used 230741K, committed 233408K, reserved 1310720K
  class space    used 29906K, committed 31232K, reserved 1048576K
}
Event: 806.164 GC heap before
{Heap before GC invocations=105 (full 0):
 garbage-first heap   total 847872K, used 507706K [0x0000000080000000, 0x0000000100000000)
  region size 1024K, 161 young (164864K), 26 survivors (26624K)
 Metaspace       used 235838K, committed 238528K, reserved 1310720K
  class space    used 30452K, committed 31808K, reserved 1048576K
}
Event: 806.293 GC heap after
{Heap after GC invocations=106 (full 0):
 garbage-first heap   total 847872K, used 385536K [0x0000000080000000, 0x0000000100000000)
  region size 1024K, 21 young (21504K), 21 survivors (21504K)
 Metaspace       used 235838K, committed 238528K, reserved 1310720K
  class space    used 30452K, committed 31808K, reserved 1048576K
}
Event: 825.985 GC heap before
{Heap before GC invocations=106 (full 0):
 garbage-first heap   total 847872K, used 499200K [0x0000000080000000, 0x0000000100000000)
  region size 1024K, 122 young (124928K), 21 survivors (21504K)
 Metaspace       used 239223K, committed 241984K, reserved 1310720K
  class space    used 30809K, committed 32192K, reserved 1048576K
}
Event: 826.170 GC heap after
{Heap after GC invocations=107 (full 0):
 garbage-first heap   total 847872K, used 412160K [0x0000000080000000, 0x0000000100000000)
  region size 1024K, 16 young (16384K), 16 survivors (16384K)
 Metaspace       used 239223K, committed 241984K, reserved 1310720K
  class space    used 30809K, committed 32192K, reserved 1048576K
}
Event: 835.630 GC heap before
{Heap before GC invocations=107 (full 0):
 garbage-first heap   total 847872K, used 538112K [0x0000000080000000, 0x0000000100000000)
  region size 1024K, 125 young (128000K), 16 survivors (16384K)
 Metaspace       used 241243K, committed 244096K, reserved 1310720K
  class space    used 31079K, committed 32448K, reserved 1048576K
}
Event: 835.689 GC heap after
{Heap after GC invocations=108 (full 0):
 garbage-first heap   total 847872K, used 414720K [0x0000000080000000, 0x0000000100000000)
  region size 1024K, 7 young (7168K), 7 survivors (7168K)
 Metaspace       used 241243K, committed 244096K, reserved 1310720K
  class space    used 31079K, committed 32448K, reserved 1048576K
}
Event: 840.210 GC heap before
{Heap before GC invocations=108 (full 0):
 garbage-first heap   total 847872K, used 446464K [0x0000000080000000, 0x0000000100000000)
  region size 1024K, 39 young (39936K), 7 survivors (7168K)
 Metaspace       used 243263K, committed 246080K, reserved 1310720K
  class space    used 31323K, committed 32704K, reserved 1048576K
}
Event: 840.267 GC heap after
{Heap after GC invocations=109 (full 0):
 garbage-first heap   total 847872K, used 418816K [0x0000000080000000, 0x0000000100000000)
  region size 1024K, 13 young (13312K), 13 survivors (13312K)
 Metaspace       used 243263K, committed 246080K, reserved 1310720K
  class space    used 31323K, committed 32704K, reserved 1048576K
}

Dll operation events (3 events):
Event: 0.020 Loaded shared library C:\Program Files\Android\Android Studio\jbr\bin\java.dll
Event: 0.027 Loaded shared library C:\Program Files\Android\Android Studio\jbr\bin\zip.dll
Event: 1.690 Loaded shared library C:\Program Files\Android\Android Studio\jbr\bin\verify.dll

Deoptimization events (20 events):
Event: 842.440 Thread 0x0000025e846d4950 DEOPT PACKING pc=0x0000025edf982b94 sp=0x000000c14f3fca00
Event: 842.440 Thread 0x0000025e846d4950 DEOPT UNPACKING pc=0x0000025ede35429c sp=0x000000c14f3fc998 mode 2
Event: 842.440 Thread 0x0000025e846d4950 Uncommon trap: trap_request=0xffffffde fr.pc=0x0000025edf982b94 relative=0x00000000000000d4
Event: 842.440 Thread 0x0000025e846d4950 Uncommon trap: reason=class_check action=maybe_recompile pc=0x0000025edf982b94 method=org.jetbrains.kotlin.cli.jvm.modules.CoreJrtVirtualFile.hashCode()I @ 4 c2
Event: 842.441 Thread 0x0000025e846d4950 DEOPT PACKING pc=0x0000025edf982b94 sp=0x000000c14f3fca00
Event: 842.441 Thread 0x0000025e846d4950 DEOPT UNPACKING pc=0x0000025ede35429c sp=0x000000c14f3fc998 mode 2
Event: 842.441 Thread 0x0000025e846d4950 Uncommon trap: trap_request=0xffffffde fr.pc=0x0000025edf982b94 relative=0x00000000000000d4
Event: 842.441 Thread 0x0000025e846d4950 Uncommon trap: reason=class_check action=maybe_recompile pc=0x0000025edf982b94 method=org.jetbrains.kotlin.cli.jvm.modules.CoreJrtVirtualFile.hashCode()I @ 4 c2
Event: 842.441 Thread 0x0000025e846d4950 DEOPT PACKING pc=0x0000025edf982b94 sp=0x000000c14f3fca00
Event: 842.441 Thread 0x0000025e846d4950 DEOPT UNPACKING pc=0x0000025ede35429c sp=0x000000c14f3fc998 mode 2
Event: 842.455 Thread 0x0000025e846d4950 Uncommon trap: trap_request=0xffffffde fr.pc=0x0000025edf96c6f4 relative=0x00000000000023b4
Event: 842.455 Thread 0x0000025e846d4950 Uncommon trap: reason=class_check action=maybe_recompile pc=0x0000025edf96c6f4 method=org.jetbrains.kotlin.cli.jvm.modules.CoreJrtVirtualFile.computeChildren()[Lcom/intellij/openapi/vfs/VirtualFile; @ 8 c2
Event: 842.455 Thread 0x0000025e846d4950 DEOPT PACKING pc=0x0000025edf96c6f4 sp=0x000000c14f3fcc80
Event: 842.455 Thread 0x0000025e846d4950 DEOPT UNPACKING pc=0x0000025ede35429c sp=0x000000c14f3fcc30 mode 2
Event: 842.455 Thread 0x0000025e846d4950 Uncommon trap: trap_request=0xffffffde fr.pc=0x0000025edf98d83c relative=0x0000000000000cbc
Event: 842.455 Thread 0x0000025e846d4950 Uncommon trap: reason=class_check action=maybe_recompile pc=0x0000025edf98d83c method=kotlin.collections.CollectionsKt___CollectionsKt.toCollection(Ljava/lang/Iterable;Ljava/util/Collection;)Ljava/util/Collection; @ 14 c2
Event: 842.455 Thread 0x0000025e846d4950 DEOPT PACKING pc=0x0000025edf98d83c sp=0x000000c14f3fca10
Event: 842.455 Thread 0x0000025e846d4950 DEOPT UNPACKING pc=0x0000025ede35429c sp=0x000000c14f3fc9e0 mode 2
Event: 842.971 Thread 0x0000025ef996fa00 DEOPT PACKING pc=0x0000025ed74d3c2f sp=0x000000c14eefd150
Event: 842.971 Thread 0x0000025ef996fa00 DEOPT UNPACKING pc=0x0000025ede354a23 sp=0x000000c14eefc5c8 mode 0

Classes loaded (20 events):
Event: 764.251 Loading class java/util/concurrent/atomic/AtomicIntegerFieldUpdater
Event: 764.253 Loading class java/util/concurrent/atomic/AtomicIntegerFieldUpdater done
Event: 764.254 Loading class java/util/concurrent/atomic/AtomicIntegerFieldUpdater$AtomicIntegerFieldUpdaterImpl
Event: 764.257 Loading class java/util/concurrent/atomic/AtomicIntegerFieldUpdater$AtomicIntegerFieldUpdaterImpl done
Event: 764.257 Loading class java/util/concurrent/atomic/AtomicIntegerFieldUpdater$AtomicIntegerFieldUpdaterImpl$1
Event: 764.258 Loading class java/util/concurrent/atomic/AtomicIntegerFieldUpdater$AtomicIntegerFieldUpdaterImpl$1 done
Event: 773.292 Loading class sun/nio/cs/ThreadLocalCoders
Event: 773.295 Loading class sun/nio/cs/ThreadLocalCoders done
Event: 773.295 Loading class sun/nio/cs/ThreadLocalCoders$1
Event: 773.297 Loading class sun/nio/cs/ThreadLocalCoders$Cache
Event: 773.297 Loading class sun/nio/cs/ThreadLocalCoders$Cache done
Event: 773.297 Loading class sun/nio/cs/ThreadLocalCoders$1 done
Event: 773.297 Loading class sun/nio/cs/ThreadLocalCoders$2
Event: 773.297 Loading class sun/nio/cs/ThreadLocalCoders$2 done
Event: 805.359 Loading class sun/nio/cs/US_ASCII$Decoder
Event: 805.359 Loading class sun/nio/cs/US_ASCII$Decoder done
Event: 816.190 Loading class java/util/jar/JarInputStream
Event: 816.219 Loading class java/util/jar/JarInputStream done
Event: 816.219 Loading class java/io/PushbackInputStream
Event: 816.235 Loading class java/io/PushbackInputStream done

Classes unloaded (0 events):
No events

Classes redefined (0 events):
No events

Internal exceptions (20 events):
Event: 834.281 Thread 0x0000025e846d4950 Exception <a 'sun/nio/fs/WindowsException'{0x00000000aae27be0}> (0x00000000aae27be0) 
thrown [s\src\hotspot\share\prims\jni.cpp, line 537]
Event: 834.281 Thread 0x0000025e846d4950 Exception <a 'sun/nio/fs/WindowsException'{0x00000000aae2aa88}> (0x00000000aae2aa88) 
thrown [s\src\hotspot\share\prims\jni.cpp, line 537]
Event: 834.333 Thread 0x0000025e846d4950 Exception <a 'sun/nio/fs/WindowsException'{0x00000000aae42370}> (0x00000000aae42370) 
thrown [s\src\hotspot\share\prims\jni.cpp, line 537]
Event: 834.334 Thread 0x0000025e846d4950 Exception <a 'sun/nio/fs/WindowsException'{0x00000000aae43868}> (0x00000000aae43868) 
thrown [s\src\hotspot\share\prims\jni.cpp, line 537]
Event: 834.334 Thread 0x0000025e846d4950 Exception <a 'sun/nio/fs/WindowsException'{0x00000000aae44cf8}> (0x00000000aae44cf8) 
thrown [s\src\hotspot\share\prims\jni.cpp, line 537]
Event: 834.344 Thread 0x0000025e846d4950 Exception <a 'sun/nio/fs/WindowsException'{0x00000000aae46140}> (0x00000000aae46140) 
thrown [s\src\hotspot\share\prims\jni.cpp, line 537]
Event: 834.345 Thread 0x0000025e846d4950 Exception <a 'sun/nio/fs/WindowsException'{0x00000000aae47510}> (0x00000000aae47510) 
thrown [s\src\hotspot\share\prims\jni.cpp, line 537]
Event: 834.345 Thread 0x0000025e846d4950 Exception <a 'sun/nio/fs/WindowsException'{0x00000000aae488b0}> (0x00000000aae488b0) 
thrown [s\src\hotspot\share\prims\jni.cpp, line 537]
Event: 834.346 Thread 0x0000025e846d4950 Exception <a 'sun/nio/fs/WindowsException'{0x00000000aae49c08}> (0x00000000aae49c08) 
thrown [s\src\hotspot\share\prims\jni.cpp, line 537]
Event: 834.346 Thread 0x0000025e846d4950 Exception <a 'sun/nio/fs/WindowsException'{0x00000000aae4aee8}> (0x00000000aae4aee8) 
thrown [s\src\hotspot\share\prims\jni.cpp, line 537]
Event: 834.347 Thread 0x0000025e846d4950 Exception <a 'sun/nio/fs/WindowsException'{0x00000000aae4c188}> (0x00000000aae4c188) 
thrown [s\src\hotspot\share\prims\jni.cpp, line 537]
Event: 834.347 Thread 0x0000025e846d4950 Exception <a 'sun/nio/fs/WindowsException'{0x00000000aae4d378}> (0x00000000aae4d378) 
thrown [s\src\hotspot\share\prims\jni.cpp, line 537]
Event: 834.347 Thread 0x0000025e846d4950 Exception <a 'sun/nio/fs/WindowsException'{0x00000000aae54110}> (0x00000000aae54110) 
thrown [s\src\hotspot\share\prims\jni.cpp, line 537]
Event: 834.347 Thread 0x0000025e846d4950 Exception <a 'sun/nio/fs/WindowsException'{0x00000000aae555d0}> (0x00000000aae555d0) 
thrown [s\src\hotspot\share\prims\jni.cpp, line 537]
Event: 834.355 Thread 0x0000025e846d4950 Exception <a 'sun/nio/fs/WindowsException'{0x00000000aae56a18}> (0x00000000aae56a18) 
thrown [s\src\hotspot\share\prims\jni.cpp, line 537]
Event: 834.355 Thread 0x0000025e846d4950 Exception <a 'sun/nio/fs/WindowsException'{0x00000000aae57e30}> (0x00000000aae57e30) 
thrown [s\src\hotspot\share\prims\jni.cpp, line 537]
Event: 834.356 Thread 0x0000025e846d4950 Exception <a 'sun/nio/fs/WindowsException'{0x00000000aae591f0}> (0x00000000aae591f0) 
thrown [s\src\hotspot\share\prims\jni.cpp, line 537]
Event: 834.356 Thread 0x0000025e846d4950 Exception <a 'sun/nio/fs/WindowsException'{0x00000000aae5a4f0}> (0x00000000aae5a4f0) 
thrown [s\src\hotspot\share\prims\jni.cpp, line 537]
Event: 836.246 Thread 0x0000025ef08a2940 Exception <a 'sun/nio/fs/WindowsException'{0x00000000ffd88198}> (0x00000000ffd88198) 
thrown [s\src\hotspot\share\prims\jni.cpp, line 537]
Event: 836.261 Thread 0x0000025ef08a2940 Exception <a 'sun/nio/fs/WindowsException'{0x00000000ff50f710}> (0x00000000ff50f710) 
thrown [s\src\hotspot\share\prims\jni.cpp, line 537]

ZGC Phase Switch (0 events):
No events

VM Operations (20 events):
Event: 834.319 Executing safepoint VM operation: Cleanup
Event: 834.319 Executing safepoint VM operation: Cleanup done
Event: 835.323 Executing safepoint VM operation: Cleanup
Event: 835.339 Executing safepoint VM operation: Cleanup done
Event: 835.630 Executing safepoint VM operation: G1CollectForAllocation (G1 Evacuation Pause)
Event: 835.690 Executing safepoint VM operation: G1CollectForAllocation (G1 Evacuation Pause) done
Event: 836.701 Executing safepoint VM operation: Cleanup
Event: 836.717 Executing safepoint VM operation: Cleanup done
Event: 838.438 Executing non-safepoint VM operation: HandshakeAllThreads (Deoptimize)
Event: 838.438 Executing non-safepoint VM operation: HandshakeAllThreads (Deoptimize) done
Event: 838.438 Executing safepoint VM operation: Cleanup
Event: 838.438 Executing safepoint VM operation: Cleanup done
Event: 840.209 Executing safepoint VM operation: G1TryInitiateConcMark (G1 Humongous Allocation)
Event: 840.267 Executing safepoint VM operation: G1TryInitiateConcMark (G1 Humongous Allocation) done
Event: 841.274 Executing safepoint VM operation: Cleanup
Event: 841.321 Executing safepoint VM operation: Cleanup done
Event: 842.336 Executing safepoint VM operation: Cleanup
Event: 842.339 Executing safepoint VM operation: Cleanup done
Event: 843.349 Executing safepoint VM operation: Cleanup
Event: 843.350 Executing safepoint VM operation: Cleanup done

Memory protections (0 events):
No events

Nmethod flushes (20 events):
Event: 720.406 Thread 0x0000025eea5d2450 flushing  nmethod 0x0000025ed8130990
Event: 720.406 Thread 0x0000025eea5d2450 flushing  nmethod 0x0000025ed84cc210
Event: 720.406 Thread 0x0000025eea5d2450 flushing  nmethod 0x0000025ed8936790
Event: 720.406 Thread 0x0000025eea5d2450 flushing  nmethod 0x0000025ed8936d10
Event: 720.406 Thread 0x0000025eea5d2450 flushing  nmethod 0x0000025ed8b06910
Event: 720.406 Thread 0x0000025eea5d2450 flushing  nmethod 0x0000025ed8b4ca10
Event: 720.406 Thread 0x0000025eea5d2450 flushing  nmethod 0x0000025ed8ec5c90
Event: 720.406 Thread 0x0000025eea5d2450 flushing  nmethod 0x0000025ed8eed410
Event: 720.406 Thread 0x0000025eea5d2450 flushing  nmethod 0x0000025ed8fc1b90
Event: 720.406 Thread 0x0000025eea5d2450 flushing  nmethod 0x0000025ed9022690
Event: 720.406 Thread 0x0000025eea5d2450 flushing  nmethod 0x0000025ed905f910
Event: 720.406 Thread 0x0000025eea5d2450 flushing  nmethod 0x0000025ed910dc90
Event: 720.406 Thread 0x0000025eea5d2450 flushing  nmethod 0x0000025ed9327c90
Event: 720.406 Thread 0x0000025eea5d2450 flushing  nmethod 0x0000025ed9491290
Event: 720.406 Thread 0x0000025eea5d2450 flushing  nmethod 0x0000025ed9491890
Event: 720.406 Thread 0x0000025eea5d2450 flushing  nmethod 0x0000025ed9492c10
Event: 720.406 Thread 0x0000025eea5d2450 flushing  nmethod 0x0000025ed9493010
Event: 720.407 Thread 0x0000025eea5d2450 flushing  nmethod 0x0000025ed9494410
Event: 720.407 Thread 0x0000025eea5d2450 flushing  nmethod 0x0000025ed9497a90
Event: 720.407 Thread 0x0000025eea5d2450 flushing  nmethod 0x0000025ed94a1f90

Events (20 events):
Event: 385.068 Thread 0x0000025e846d4950 Thread added: 0x0000025efe63a700
Event: 385.252 Thread 0x0000025e846d4950 Thread added: 0x0000025efe63e210
Event: 385.253 Thread 0x0000025e846d4950 Thread added: 0x0000025efe63ad90
Event: 385.537 Thread 0x0000025efe63e210 Thread added: 0x0000025efe6402e0
Event: 460.600 Thread 0x0000025efe6402e0 Thread exited: 0x0000025efe6402e0
Event: 493.679 Thread 0x0000025efe63e210 Thread added: 0x0000025efe641000
Event: 531.248 Thread 0x0000025ef9972160 Thread exited: 0x0000025ef9972160
Event: 533.150 Thread 0x0000025ef996fa00 Thread added: 0x0000025efe641690
Event: 534.252 Thread 0x0000025efe63e210 Thread added: 0x0000025efe640970
Event: 581.131 Thread 0x0000025e846d42c0 Thread exited: 0x0000025e846d42c0
Event: 581.162 Thread 0x0000025e846d4fe0 Thread exited: 0x0000025e846d4fe0
Event: 581.162 Thread 0x0000025e846d5670 Thread exited: 0x0000025e846d5670
Event: 608.454 Thread 0x0000025efe641000 Thread exited: 0x0000025efe641000
Event: 624.311 Thread 0x0000025efe640970 Thread exited: 0x0000025efe640970
Event: 679.375 Thread 0x0000025efe63e210 Thread added: 0x0000025efe640970
Event: 713.770 Thread 0x0000025ef0e77ab0 Thread added: 0x0000025efe63e8a0
Event: 714.598 Thread 0x0000025ef0e77ab0 Thread added: 0x0000025efe63ef30
Event: 715.656 Thread 0x0000025efe641690 Thread exited: 0x0000025efe641690
Event: 769.804 Thread 0x0000025efe640970 Thread exited: 0x0000025efe640970
Event: 833.883 Thread 0x0000025efe63e210 Thread added: 0x0000025efe9348f0


Dynamic libraries:
0x00007ff617140000 - 0x00007ff61714a000 	C:\Program Files\Android\Android Studio\jbr\bin\java.exe
0x00007fff9e7a0000 - 0x00007fff9ea06000 	C:\WINDOWS\SYSTEM32\ntdll.dll
0x00007fff9d060000 - 0x00007fff9d129000 	C:\WINDOWS\System32\KERNEL32.DLL
0x00007fff9b9b0000 - 0x00007fff9bdaf000 	C:\WINDOWS\System32\KERNELBASE.dll
0x00007fff9c200000 - 0x00007fff9c34c000 	C:\WINDOWS\System32\ucrtbase.dll
0x00007fff859f0000 - 0x00007fff85a08000 	C:\Program Files\Android\Android Studio\jbr\bin\jli.dll
0x00007fff9e2d0000 - 0x00007fff9e496000 	C:\WINDOWS\System32\USER32.dll
0x00007fff859d0000 - 0x00007fff859eb000 	C:\Program Files\Android\Android Studio\jbr\bin\VCRUNTIME140.dll
0x00007fff9c140000 - 0x00007fff9c167000 	C:\WINDOWS\System32\win32u.dll
0x00007fff88d30000 - 0x00007fff88fc1000 	C:\WINDOWS\WinSxS\amd64_microsoft.windows.common-controls_6595b64144ccf1df_6.0.26100.8972_none_3e0da176e32f9d4b\COMCTL32.dll
0x00007fff9c4d0000 - 0x00007fff9c4fb000 	C:\WINDOWS\System32\GDI32.dll
0x00007fff9e4a0000 - 0x00007fff9e549000 	C:\WINDOWS\System32\msvcrt.dll
0x00007fff9c010000 - 0x00007fff9c139000 	C:\WINDOWS\System32\gdi32full.dll
0x00007fff9c420000 - 0x00007fff9c4c3000 	C:\WINDOWS\System32\msvcp_win.dll
0x00007fff9e650000 - 0x00007fff9e682000 	C:\WINDOWS\System32\IMM32.DLL
0x00007fff86c50000 - 0x00007fff86d42000 	C:\Program Files\Windhawk\Engine\1.6.1\64\windhawk.dll
0x00007fff9d9d0000 - 0x00007fff9da8c000 	C:\WINDOWS\System32\ADVAPI32.dll
0x00007fff9d920000 - 0x00007fff9d9ca000 	C:\WINDOWS\System32\sechost.dll
0x00007fff9dd00000 - 0x00007fff9de18000 	C:\WINDOWS\System32\RPCRT4.dll
0x00007fff963a0000 - 0x00007fff963ac000 	C:\Program Files\Android\Android Studio\jbr\bin\vcruntime140_1.dll
0x00007fff49f50000 - 0x00007fff49fdd000 	C:\Program Files\Android\Android Studio\jbr\bin\msvcp140.dll
0x00007fff2bb90000 - 0x00007fff2c826000 	C:\Program Files\Android\Android Studio\jbr\bin\server\jvm.dll
0x00007fff9c680000 - 0x00007fff9c702000 	C:\WINDOWS\System32\WS2_32.dll
0x00007fff9b7a0000 - 0x00007fff9b7fe000 	C:\WINDOWS\SYSTEM32\POWRPROF.dll
0x00007fff88cf0000 - 0x00007fff88d26000 	C:\WINDOWS\SYSTEM32\WINMM.dll
0x00007fff91c70000 - 0x00007fff91c7b000 	C:\WINDOWS\SYSTEM32\VERSION.dll
0x00007fff9b760000 - 0x00007fff9b775000 	C:\WINDOWS\SYSTEM32\UMPDC.dll
0x00007fff9a5d0000 - 0x00007fff9a5eb000 	C:\WINDOWS\SYSTEM32\kernel.appcore.dll
0x00007fff90510000 - 0x00007fff9051a000 	C:\Program Files\Android\Android Studio\jbr\bin\jimage.dll
0x00007fff892a0000 - 0x00007fff894e2000 	C:\WINDOWS\SYSTEM32\DBGHELP.DLL
0x00007fff9def0000 - 0x00007fff9e275000 	C:\WINDOWS\System32\combase.dll
0x00007fff9db20000 - 0x00007fff9dbf9000 	C:\WINDOWS\System32\OLEAUT32.dll
0x00007fff89910000 - 0x00007fff8994b000 	C:\WINDOWS\SYSTEM32\dbgcore.DLL
0x00007fff9c360000 - 0x00007fff9c40c000 	C:\WINDOWS\System32\bcryptPrimitives.dll
0x00007fff70580000 - 0x00007fff7058e000 	C:\Program Files\Android\Android Studio\jbr\bin\instrument.dll
0x00007fff859b0000 - 0x00007fff859d0000 	C:\Program Files\Android\Android Studio\jbr\bin\java.dll
0x00007fff85990000 - 0x00007fff859a8000 	C:\Program Files\Android\Android Studio\jbr\bin\zip.dll
0x00007fff9d190000 - 0x00007fff9d918000 	C:\WINDOWS\System32\SHELL32.dll
0x00007fff993b0000 - 0x00007fff99c4b000 	C:\WINDOWS\SYSTEM32\windows.storage.dll
0x00007fff9dc00000 - 0x00007fff9dcf9000 	C:\WINDOWS\System32\SHCORE.dll
0x00007fff9cf40000 - 0x00007fff9cfa6000 	C:\WINDOWS\System32\shlwapi.dll
0x00007fff9b8d0000 - 0x00007fff9b8f9000 	C:\WINDOWS\SYSTEM32\profapi.dll
0x00007fff872f0000 - 0x00007fff87300000 	C:\Program Files\Android\Android Studio\jbr\bin\net.dll
0x00007fff91220000 - 0x00007fff91348000 	C:\WINDOWS\SYSTEM32\WINHTTP.dll
0x00007fff9ab60000 - 0x00007fff9abcc000 	C:\WINDOWS\system32\mswsock.dll
0x00007fff85970000 - 0x00007fff85986000 	C:\Program Files\Android\Android Studio\jbr\bin\nio.dll
0x00007fff74a50000 - 0x00007fff74a60000 	C:\Program Files\Android\Android Studio\jbr\bin\verify.dll
0x00007fff53d70000 - 0x00007fff53d97000 	C:\Users\VINICIUS\.gradle\native\c067742578af261105cb4f569cf0c3c89f3d7b1fecec35dd04571415982c5e48\windows-amd64\native-platform.dll
0x00007fff49e00000 - 0x00007fff49f44000 	C:\Users\VINICIUS\.gradle\native\100fb08df4bc3b14c8652ba06237920a3bd2aa13389f12d3474272988ae205f9\windows-amd64\native-platform-file-events.dll
0x00007fff733c0000 - 0x00007fff733c9000 	C:\Program Files\Android\Android Studio\jbr\bin\management.dll
0x00007fff71340000 - 0x00007fff7134b000 	C:\Program Files\Android\Android Studio\jbr\bin\management_ext.dll
0x00007fff9de20000 - 0x00007fff9de28000 	C:\WINDOWS\System32\PSAPI.DLL
0x00007fff9af80000 - 0x00007fff9af9b000 	C:\WINDOWS\SYSTEM32\CRYPTSP.dll
0x00007fff9a530000 - 0x00007fff9a569000 	C:\WINDOWS\system32\rsaenh.dll
0x00007fff9ac10000 - 0x00007fff9ac42000 	C:\WINDOWS\SYSTEM32\USERENV.dll
0x00007fff9b8a0000 - 0x00007fff9b8ca000 	C:\WINDOWS\SYSTEM32\bcrypt.dll
0x00007fff9adc0000 - 0x00007fff9adcc000 	C:\WINDOWS\SYSTEM32\CRYPTBASE.dll
0x00007fff9a030000 - 0x00007fff9a063000 	C:\WINDOWS\SYSTEM32\IPHLPAPI.DLL
0x00007fff9e750000 - 0x00007fff9e75a000 	C:\WINDOWS\System32\NSI.dll
0x00007fff70a70000 - 0x00007fff70a79000 	C:\Program Files\Android\Android Studio\jbr\bin\extnet.dll
0x00007fff8ebd0000 - 0x00007fff8ebd8000 	C:\WINDOWS\system32\wshunix.dll
0x00007fff81090000 - 0x00007fff810a8000 	C:\WINDOWS\system32\napinsp.dll
0x00007fff9a070000 - 0x00007fff9a1c8000 	C:\WINDOWS\SYSTEM32\DNSAPI.dll
0x00007fff9a960000 - 0x00007fff9a96d000 	C:\WINDOWS\SYSTEM32\DSPARSE.dll
0x00007fff81070000 - 0x00007fff81083000 	C:\WINDOWS\System32\winrnr.dll
0x00007fff81040000 - 0x00007fff81062000 	C:\WINDOWS\system32\nlansp_c.dll
0x00007fff80ec0000 - 0x00007fff80ed6000 	C:\WINDOWS\system32\wshbth.dll
0x00007fff8c310000 - 0x00007fff8c31b000 	C:\Windows\System32\rasadhlp.dll
0x00007fff8f0d0000 - 0x00007fff8f156000 	C:\WINDOWS\System32\fwpuclnt.dll
0x00007fff51990000 - 0x00007fff519ae000 	C:\Users\VINICIUS\AppData\Local\Temp\native-platform409365091193741381dir\native-platform.dll
0x00007fff51980000 - 0x00007fff51987000 	C:\Program Files\Android\Android Studio\jbr\bin\rmi.dll

JVMTI agents:
C:\Users\VINICIUS\.gradle\wrapper\dists\gradle-8.9-bin\90cnw93cvbtalezasaz0blq0a\gradle-8.9\lib\agents\gradle-instrumentation-agent-8.9.jar path:C:\Program Files\Android\Android Studio\jbr\bin\instrument.dll, loaded, initialized, instrumentlib options:none

dbghelp: loaded successfully - version: 4.0.5 - missing functions: none
symbol engine: initialized successfully - sym options: 0x614 - pdb path: .;C:\Program Files\Android\Android Studio\jbr\bin;C:\WINDOWS\SYSTEM32;C:\WINDOWS\WinSxS\amd64_microsoft.windows.common-controls_6595b64144ccf1df_6.0.26100.8972_none_3e0da176e32f9d4b;C:\Program Files\Windhawk\Engine\1.6.1\64;C:\Program Files\Android\Android Studio\jbr\bin\server;C:\Users\VINICIUS\.gradle\native\c067742578af261105cb4f569cf0c3c89f3d7b1fecec35dd04571415982c5e48\windows-amd64;C:\Users\VINICIUS\.gradle\native\100fb08df4bc3b14c8652ba06237920a3bd2aa13389f12d3474272988ae205f9\windows-amd64;C:\Users\VINICIUS\AppData\Local\Temp\native-platform409365091193741381dir

VM Arguments:
jvm_args: --add-opens=java.base/java.util=ALL-UNNAMED --add-opens=java.base/java.lang=ALL-UNNAMED --add-opens=java.base/java.lang.invoke=ALL-UNNAMED --add-opens=java.prefs/java.util.prefs=ALL-UNNAMED --add-exports=jdk.compiler/com.sun.tools.javac.api=ALL-UNNAMED --add-exports=jdk.compiler/com.sun.tools.javac.util=ALL-UNNAMED --add-opens=java.base/java.nio.charset=ALL-UNNAMED --add-opens=java.base/java.net=ALL-UNNAMED --add-opens=java.base/java.util.concurrent.atomic=ALL-UNNAMED -Xmx2048m -Dfile.encoding=UTF-8 -Duser.country=BR -Duser.language=pt -Duser.variant -javaagent:C:\Users\VINICIUS\.gradle\wrapper\dists\gradle-8.9-bin\90cnw93cvbtalezasaz0blq0a\gradle-8.9\lib\agents\gradle-instrumentation-agent-8.9.jar 
java_command: org.gradle.launcher.daemon.bootstrap.GradleDaemon 8.9
java_class_path (initial): C:\Users\VINICIUS\.gradle\wrapper\dists\gradle-8.9-bin\90cnw93cvbtalezasaz0blq0a\gradle-8.9\lib\gradle-daemon-main-8.9.jar
Launcher Type: SUN_STANDARD

[Global flags]
     intx CICompilerCount                          = 2                                         {product} {ergonomic}
     uint ConcGCThreads                            = 1                                         {product} {ergonomic}
     uint G1ConcRefinementThreads                  = 2                                         {product} {ergonomic}
   size_t G1HeapRegionSize                         = 1048576                                   {product} {ergonomic}
    uintx GCDrainStackTargetSize                   = 64                                        {product} {ergonomic}
   size_t InitialHeapSize                          = 65011712                                  {product} {ergonomic}
   size_t MarkStackSize                            = 4194304                                   {product} {ergonomic}
   size_t MaxHeapSize                              = 2147483648                                {product} {command line}
   size_t MaxNewSize                               = 1287651328                                {product} {ergonomic}
   size_t MinHeapDeltaBytes                        = 1048576                                   {product} {ergonomic}
   size_t MinHeapSize                              = 8388608                                   {product} {ergonomic}
    uintx NonNMethodCodeHeapSize                   = 5826188                                {pd product} {ergonomic}
    uintx NonProfiledCodeHeapSize                  = 122916026                              {pd product} {ergonomic}
    uintx ProfiledCodeHeapSize                     = 122916026                              {pd product} {ergonomic}
    uintx ReservedCodeCacheSize                    = 251658240                              {pd product} {ergonomic}
     bool SegmentedCodeCache                       = true                                      {product} {ergonomic}
   size_t SoftMaxHeapSize                          = 2147483648                             {manageable} {ergonomic}
     bool UseCompressedOops                        = true                           {product lp64_product} {ergonomic}
     bool UseG1GC                                  = true                                      {product} {ergonomic}
     bool UseLargePagesIndividualAllocation        = false                                  {pd product} {ergonomic}

Logging:
Log output configuration:
 #0: stdout all=warning uptime,level,tags foldmultilines=false
 #1: stderr all=off uptime,level,tags foldmultilines=false

Release file:
JAVA_VERSION="21.0.10" 
MODULES="java.base java.compiler java.datatransfer java.xml java.prefs java.desktop java.instrument java.logging java.management java.security.sasl java.naming java.rmi java.management.rmi java.net.http java.scripting java.security.jgss java.transaction.xa java.sql java.sql.rowset java.xml.crypto java.se java.smartcardio jdk.accessibility jdk.internal.jvmstat jdk.attach jdk.charsets jdk.internal.opt jdk.zipfs jdk.compiler jdk.crypto.ec jdk.crypto.cryptoki jdk.dynalink jdk.hotspot.agent jdk.httpserver jdk.internal.ed jdk.internal.le jdk.internal.vm.ci jdk.jartool jdk.javadoc jdk.jcmd jdk.jdeps jdk.jdwp.agent jdk.jdi jdk.jfr jdk.jlink jdk.jsobject jdk.localedata jdk.management jdk.management.agent jdk.management.jfr jdk.naming.dns jdk.naming.rmi jdk.net jdk.sctp jdk.security.auth jdk.security.jgss jdk.unsupported jdk.unsupported.desktop jdk.xml.dom" 
IMPLEMENTOR="JetBrains s.r.o." 
JAVA_RUNTIME_VERSION="21.0.10+-14961533-b1163.108" 
LIBC="default" 
OS_ARCH="x86_64" 
OS_NAME="Windows" 
SOURCE=".:git:1351622c2ff2" 

Environment Variables:
JAVA_HOME=C:\Program Files\Android\Android Studio\jbr
PATH=C:\WINDOWS\system32;C:\WINDOWS;C:\WINDOWS\System32\Wbem;C:\WINDOWS\System32\WindowsPowerShell\v1.0\;C:\WINDOWS\System32\OpenSSH\;C:\Program Files\dotnet\;C:\Program Files (x86)\HP\HP OCR\DB_Lib\;C:\Program Files\HP\Common\HPDestPlgIn\;C:\Program Files (x86)\HP\Common\HPDestPlgIn\;C:\Program Files\nodejs\;C:\Program Files\Git\cmd;C:\Users\VINICIUS\AppData\Local\Microsoft\WindowsApps;C:\Program Files\HP\Common\HPDestPlgIn\;C:\Program Files (x86)\HP\Common\HPDestPlgIn\;C:\Users\VINICIUS\AppData\Local\Programs\Ollama;C:\Users\VINICIUS\AppData\Local\Programs\Microsoft VS Code\bin;C:\Users\VINICIUS\AppData\Roaming\npm
USERNAME=VINICIUS
OS=Windows_NT
PROCESSOR_IDENTIFIER=Intel64 Family 6 Model 122 Stepping 1, GenuineIntel
TMP=C:\Users\VINICIUS\AppData\Local\Temp
TEMP=C:\Users\VINICIUS\AppData\Local\Temp




Periodic native trim disabled

JNI global refs:
JNI global refs: 26, weak refs: 0

JNI global refs memory usage: 835, weak refs: 201

Process memory usage:
Resident Set Size: 669672K (16% of 4026768K total physical memory with 135104K free physical memory)

OOME stack traces (most recent first):
Classloader memory used:
Loader org.gradle.internal.classloader.VisitableURLClassLoader                         : 103M
Loader org.gradle.internal.classloader.VisitableURLClassLoader$InstrumentingVisitableURLClassLoader: 41063K
Loader java.net.URLClassLoader                                                         : 38726K
Loader bootstrap                                                                       : 33473K
Loader org.gradle.initialization.MixInLegacyTypesClassLoader                           : 12047K
Loader jdk.internal.loader.ClassLoaders$AppClassLoader                                 : 9134K
Loader jdk.internal.jrtfs.JrtFileSystemProvider$JrtFsLoader                            : 1280K
Loader com.intellij.util.lang.UrlClassLoader                                           : 774K
Loader jdk.internal.loader.ClassLoaders$PlatformClassLoader                            : 769K
Loader jdk.internal.reflect.DelegatingClassLoader                                      : 458K
Loader org.gradle.internal.classloader.VisitableURLClassLoader                         : 153K
Loader sun.reflect.misc.MethodUtil                                                     : 2984B

Classes loaded by more than one classloader:
Class jdk.internal.jrtfs.SystemImage                                                  : loaded 5 times (x 74B)
Class jdk.internal.jimage.BasicImageReader                                            : loaded 5 times (x 95B)
Class jdk.internal.jimage.ImageStrings                                                : loaded 5 times (x 70B)
Class jdk.internal.jrtfs.SystemImage$1                                                : loaded 5 times (x 78B)
Class jdk.internal.jrtfs.SystemImage$2                                                : loaded 5 times (x 76B)
Class jdk.internal.jrtfs.JrtFileSystemProvider                                        : loaded 5 times (x 101B)
Class jdk.internal.jimage.ImageLocation                                               : loaded 5 times (x 90B)
Class jdk.internal.jrtfs.JrtDirectoryStream                                           : loaded 5 times (x 89B)
Class jdk.internal.jrtfs.JrtDirectoryStream$1                                         : loaded 5 times (x 83B)
Class jdk.internal.jimage.ImageBufferCache$1                                          : loaded 5 times (x 83B)
Class jdk.internal.jimage.ImageBufferCache$2                                          : loaded 5 times (x 91B)
Class jdk.internal.jimage.ImageHeader                                                 : loaded 5 times (x 71B)
Class Program                                                                         : loaded 5 times (x 72B)
Class jdk.internal.jimage.ImageStringsReader                                          : loaded 5 times (x 80B)
Class jdk.internal.jimage.ImageReader                                                 : loaded 5 times (x 75B)
Class jdk.internal.jimage.ImageReader$SharedImageReader                               : loaded 5 times (x 95B)
Class jdk.internal.jimage.ImageReader$Node                                            : loaded 5 times (x 84B)
Class jdk.internal.jimage.BasicImageReader$1                                          : loaded 5 times (x 77B)
Class jdk.internal.jimage.ImageReader$Directory                                       : loaded 5 times (x 84B)
Class jdk.internal.jimage.decompressor.Decompressor                                   : loaded 5 times (x 72B)
Class jdk.internal.jimage.ImageReader$Resource                                        : loaded 5 times (x 84B)
Class jdk.internal.jrtfs.JrtFileAttributes                                            : loaded 5 times (x 83B)
Class jdk.internal.jimage.ImageReader$SharedImageReader$LocationVisitor               : loaded 5 times (x 70B)
Class jdk.internal.jimage.ImageBufferCache                                            : loaded 5 times (x 71B)
Class jdk.internal.jrtfs.JrtPath                                                      : loaded 5 times (x 118B)
Class jdk.internal.jrtfs.JrtFileSystem                                                : loaded 5 times (x 102B)
Class jdk.internal.jimage.ImageReader$LinkNode                                        : loaded 4 times (x 84B)
Class jdk.internal.jrtfs.JrtFileStore                                                 : loaded 4 times (x 83B)
Class jdk.internal.jimage.BasicImageReader$2                                          : loaded 4 times (x 77B)
Class jdk.internal.jrtfs.ExplodedImage                                                : loaded 4 times (x 77B)
Class jdk.internal.jimage.decompressor.CompressedResourceHeader                       : loaded 3 times (x 71B)
Class com.google.common.collect.RegularImmutableMap$BucketOverflowException           : loaded 3 times (x 82B)
Class org.objectweb.asm.MethodWriter                                                  : loaded 3 times (x 106B)
Class org.jetbrains.kotlin.cli.common.CompilerSystemProperties$Companion              : loaded 3 times (x 71B)
Class com.google.common.base.CharMatcher$SingleWidth                                  : loaded 3 times (x 112B)
Class com.google.common.collect.ImmutableSet$RegularSetBuilderImpl                    : loaded 3 times (x 77B)
Class com.google.common.collect.ImmutableRangeSet$ComplementRanges                    : loaded 3 times (x 207B)
Class com.google.common.base.CharMatcher$Whitespace                                   : loaded 3 times (x 112B)
Class com.google.common.base.Splitter$1$1                                             : loaded 3 times (x 86B)
Class [Lorg.jetbrains.kotlin.config.ExplicitApiMode;                                  : loaded 3 times (x 69B)
Class com.google.common.collect.SortedMapDifference                                   : loaded 3 times (x 70B)
Class com.google.common.base.CharMatcher$JavaLowerCase                                : loaded 3 times (x 111B)
Class com.google.common.base.CharMatcher$JavaIsoControl                               : loaded 3 times (x 112B)
Class com.google.common.collect.CollectPreconditions                                  : loaded 3 times (x 71B)
Class com.google.common.base.CharMatcher$Negated                                      : loaded 3 times (x 113B)
Class com.google.common.base.CharMatcher$Digit                                        : loaded 3 times (x 112B)
Class com.google.common.base.AbstractIterator$1                                       : loaded 3 times (x 71B)
Class org.jetbrains.kotlin.config.LanguageVersion                                     : loaded 3 times (x 91B)
Class com.google.common.collect.ImmutableEntry                                        : loaded 3 times (x 82B)
Class [Lcom.google.common.collect.AbstractMapEntry;                                   : loaded 3 times (x 69B)
Class com.google.common.base.CharMatcher$NegatedFastMatcher                           : loaded 3 times (x 113B)
Class com.google.common.collect.AbstractRangeSet                                      : loaded 3 times (x 114B)
Class com.google.common.collect.ImmutableMap                                          : loaded 3 times (x 120B)
Class com.google.common.base.Predicate                                                : loaded 3 times (x 70B)
Class com.google.common.collect.Sets                                                  : loaded 3 times (x 71B)
Class com.google.common.base.CharMatcher$FastMatcher                                  : loaded 3 times (x 111B)
Class jdk.internal.jimage.decompressor.ZipDecompressor                                : loaded 3 times (x 75B)
Class [Lorg.jetbrains.kotlin.utils.DescriptionAware;                                  : loaded 3 times (x 69B)
Class org.objectweb.asm.Attribute                                                     : loaded 3 times (x 77B)
Class [Lorg.objectweb.asm.Label;                                                      : loaded 3 times (x 69B)
Class com.google.common.base.CharMatcher$Or                                           : loaded 3 times (x 112B)
Class com.google.common.io.Closer$Suppressor                                          : loaded 3 times (x 70B)
Class org.jetbrains.kotlin.config.MavenComparableVersion$ListItem                     : loaded 3 times (x 218B)
Class com.google.common.collect.ImmutableSet                                          : loaded 3 times (x 145B)
Class com.google.common.base.CharMatcher$Ascii                                        : loaded 3 times (x 112B)
Class com.google.common.base.CharMatcher$BitSetMatcher                                : loaded 3 times (x 112B)
Class com.google.common.io.Closer                                                     : loaded 3 times (x 78B)
Class org.jetbrains.kotlin.config.ApiVersion$Companion                                : loaded 3 times (x 71B)
Class [Lcom.google.common.base.AbstractIterator$State;                                : loaded 3 times (x 69B)
Class com.google.common.base.CharMatcher$IsEither                                     : loaded 3 times (x 111B)
Class com.google.common.collect.RegularImmutableMap$Values                            : loaded 3 times (x 207B)
Class com.google.common.base.AbstractIterator                                         : loaded 3 times (x 80B)
Class jdk.internal.jimage.decompressor.ZipDecompressorFactory                         : loaded 3 times (x 74B)
Class com.google.common.math.IntMath$1                                                : loaded 3 times (x 71B)
Class org.objectweb.asm.Type                                                          : loaded 3 times (x 72B)
Class com.google.common.collect.Sets$SetView                                          : loaded 3 times (x 138B)
Class com.google.common.base.CharMatcher$Invisible                                    : loaded 3 times (x 112B)
Class com.google.common.collect.ImmutableRangeSet$Builder                             : loaded 3 times (x 77B)
Class com.google.common.collect.Maps$8                                                : loaded 3 times (x 82B)
Class com.google.common.primitives.Ints$IntConverter                                  : loaded 3 times (x 90B)
Class com.google.common.base.CharMatcher$Is                                           : loaded 3 times (x 111B)
Class jdk.internal.jimage.decompressor.ResourceDecompressorRepository                 : loaded 3 times (x 71B)
Class com.google.common.collect.ImmutableList$1                                       : loaded 3 times (x 97B)
Class org.jetbrains.kotlin.name.Name                                                  : loaded 3 times (x 75B)
Class [Lcom.google.common.collect.ImmutableEntry;                                     : loaded 3 times (x 69B)
Class com.google.common.collect.Hashing                                               : loaded 3 times (x 71B)
Class com.google.common.collect.Maps                                                  : loaded 3 times (x 71B)
Class com.google.common.base.CharMatcher$JavaUpperCase                                : loaded 3 times (x 111B)
Class com.google.common.base.Charsets                                                 : loaded 3 times (x 71B)
Class com.google.common.collect.ImmutableBiMapFauxverideShim                          : loaded 3 times (x 120B)
Class com.google.common.base.Preconditions                                            : loaded 3 times (x 71B)
Class org.objectweb.asm.Label                                                         : loaded 3 times (x 73B)
Class [Lorg.jetbrains.kotlin.cli.common.CompilerSystemProperties;                     : loaded 3 times (x 69B)
Class com.google.common.collect.RegularImmutableList                                  : loaded 3 times (x 212B)
Class com.google.common.base.Function                                                 : loaded 3 times (x 70B)
Class org.jetbrains.kotlin.name.FqName                                                : loaded 3 times (x 72B)
Class com.google.common.collect.ImmutableMapEntry$NonTerminalImmutableMapEntry        : loaded 3 times (x 85B)
Class com.google.common.base.CharMatcher$JavaDigit                                    : loaded 3 times (x 111B)
Class com.google.common.collect.ImmutableMapEntry                                     : loaded 3 times (x 85B)
Class com.google.common.math.IntMath                                                  : loaded 3 times (x 71B)
Class com.google.common.collect.RegularImmutableSortedSet                             : loaded 3 times (x 299B)
Class com.google.common.base.CommonPattern                                            : loaded 3 times (x 74B)
Class com.google.common.base.CharMatcher$IsNot                                        : loaded 3 times (x 111B)
Class com.google.common.base.CharMatcher                                              : loaded 3 times (x 111B)
Class com.google.common.collect.ImmutableSortedSet                                    : loaded 3 times (x 299B)
Class com.google.common.collect.ImmutableEnumSet                                      : loaded 3 times (x 146B)
Class com.google.common.collect.RangeGwtSerializationDependencies                     : loaded 3 times (x 71B)
Class com.google.common.collect.Maps$EntryTransformer                                 : loaded 3 times (x 70B)
Class [Lorg.jetbrains.kotlin.config.LanguageVersion;                                  : loaded 3 times (x 69B)
Class org.jetbrains.kotlin.cli.common.CompilerSystemProperties$value$1                : loaded 3 times (x 125B)
Class org.objectweb.asm.MethodVisitor                                                 : loaded 3 times (x 105B)
Class org.jetbrains.kotlin.config.MavenComparableVersion$Item                         : loaded 3 times (x 70B)
Class org.jetbrains.kotlin.config.ExplicitApiMode                                     : loaded 3 times (x 79B)
Class com.google.common.collect.ImmutableAsList                                       : loaded 3 times (x 209B)
Class org.jetbrains.kotlin.config.LanguageFeature$State                               : loaded 3 times (x 82B)
Class com.google.common.base.CharMatcher$1                                            : loaded 3 times (x 113B)
Class com.google.common.collect.Lists                                                 : loaded 3 times (x 71B)
Class com.google.common.base.Converter                                                : loaded 3 times (x 90B)
Class com.google.common.base.CharMatcher$Any                                          : loaded 3 times (x 112B)
Class com.google.common.collect.ImmutableSet$CachingAsList                            : loaded 3 times (x 147B)
Class com.google.common.base.CharMatcher$NamedFastMatcher                             : loaded 3 times (x 112B)
Class com.google.common.collect.ImmutableCollection                                   : loaded 3 times (x 125B)
Class com.google.common.base.CharMatcher$AnyOf                                        : loaded 3 times (x 112B)
Class com.google.common.collect.RegularImmutableMap                                   : loaded 3 times (x 121B)
Class com.google.common.collect.ImmutableMap$MapViewOfValuesAsSingletonSets           : loaded 3 times (x 125B)
Class org.jetbrains.kotlin.config.AnalysisFlag                                        : loaded 3 times (x 72B)
Class com.google.common.collect.RangeSet                                              : loaded 3 times (x 70B)
Class com.google.common.base.CharMatcher$ForPredicate                                 : loaded 3 times (x 112B)
Class com.google.common.io.Closer$SuppressingSuppressor                               : loaded 3 times (x 75B)
Class org.jetbrains.kotlin.name.FqNameUnsafe                                          : loaded 3 times (x 72B)
Class com.google.common.base.Splitter$SplittingIterator                               : loaded 3 times (x 84B)
Class com.google.common.collect.ImmutableSet$JdkBackedSetBuilderImpl                  : loaded 3 times (x 76B)
Class jdk.internal.jimage.decompressor.ResourceDecompressorFactory                    : loaded 3 times (x 74B)
Class org.jetbrains.kotlin.utils.DescriptionAware                                     : loaded 3 times (x 70B)
Class com.google.common.collect.ImmutableBiMap                                        : loaded 3 times (x 143B)
Class com.google.common.collect.SortedIterable                                        : loaded 3 times (x 70B)
Class com.google.common.collect.CollectCollectors                                     : loaded 3 times (x 71B)
Class [Lorg.jetbrains.kotlin.cli.common.messages.CompilerMessageSeverity;             : loaded 3 times (x 69B)
Class com.google.common.collect.ImmutableMapEntrySet$RegularEntrySet                  : loaded 3 times (x 151B)
Class com.google.common.collect.ImmutableMap$IteratorBasedImmutableMap                : loaded 3 times (x 125B)
Class com.google.common.collect.SingletonImmutableSet                                 : loaded 3 times (x 146B)
Class com.google.common.collect.Maps$BiMapConverter                                   : loaded 3 times (x 90B)
Class jdk.internal.jimage.decompressor.StringSharingDecompressorFactory               : loaded 3 times (x 74B)
Class com.google.common.base.JdkPattern                                               : loaded 3 times (x 75B)
Class org.jetbrains.kotlin.config.ExplicitApiMode$Companion                           : loaded 3 times (x 71B)
Class com.google.common.collect.ImmutableList$ReverseImmutableList                    : loaded 3 times (x 208B)
Class com.google.common.collect.ImmutableSet$Builder                                  : loaded 3 times (x 85B)
Class com.google.common.collect.SingletonImmutableList                                : loaded 3 times (x 207B)
Class jdk.internal.jimage.decompressor.ResourceDecompressor                           : loaded 3 times (x 70B)
Class com.google.common.collect.UnmodifiableListIterator                              : loaded 3 times (x 95B)
Class org.objectweb.asm.ClassVisitor                                                  : loaded 3 times (x 88B)
Class com.google.common.collect.Multimap                                              : loaded 3 times (x 70B)
Class com.google.common.primitives.IntsMethodsForWeb                                  : loaded 3 times (x 71B)
Class org.jetbrains.kotlin.cli.common.messages.MessageCollector                       : loaded 3 times (x 70B)
Class com.google.common.base.NullnessCasts                                            : loaded 3 times (x 71B)
Class com.google.common.collect.ImmutableMap$Builder                                  : loaded 3 times (x 82B)
Class org.jetbrains.kotlin.config.ApiVersion                                          : loaded 3 times (x 86B)
Class com.google.common.collect.RegularImmutableMap$KeySet                            : loaded 3 times (x 150B)
Class com.google.common.collect.ImmutableMapEntrySet                                  : loaded 3 times (x 151B)
Class com.google.common.math.MathPreconditions                                        : loaded 3 times (x 71B)
Class com.google.common.collect.AbstractIndexedListIterator                           : loaded 3 times (x 96B)
Class com.google.common.collect.ObjectArrays                                          : loaded 3 times (x 71B)
Class org.jetbrains.kotlin.name.ClassId                                               : loaded 3 times (x 72B)
Class com.google.common.primitives.Ints                                               : loaded 3 times (x 71B)
Class com.google.common.collect.BiMap                                                 : loaded 3 times (x 70B)
Class com.google.common.collect.ImmutableMap$1                                        : loaded 3 times (x 81B)
Class com.google.common.collect.IndexedImmutableSet                                   : loaded 3 times (x 150B)
Class org.objectweb.asm.FieldVisitor                                                  : loaded 3 times (x 77B)
Class com.google.common.base.CharMatcher$InRange                                      : loaded 3 times (x 111B)
Class com.google.common.base.CharMatcher$And                                          : loaded 3 times (x 112B)
Class org.objectweb.asm.ClassReader                                                   : loaded 3 times (x 93B)
Class com.google.common.base.CharMatcher$JavaLetterOrDigit                            : loaded 3 times (x 111B)
Class org.jetbrains.kotlin.config.MavenComparableVersion                              : loaded 3 times (x 78B)
Class com.google.common.collect.ImmutableSortedSetFauxverideShim                      : loaded 3 times (x 147B)
Class com.google.common.collect.Lists$StringAsImmutableList                           : loaded 3 times (x 207B)
Class com.google.common.collect.ImmutableList                                         : loaded 3 times (x 206B)
Class org.jetbrains.kotlin.util.capitalizeDecapitalize.CapitalizeDecapitalizeKt       : loaded 3 times (x 71B)
Class com.google.common.base.CharMatcher$RangesMatcher                                : loaded 3 times (x 112B)
Class com.google.common.collect.Range                                                 : loaded 3 times (x 87B)
Class com.google.common.collect.RegularImmutableAsList                                : loaded 3 times (x 216B)
Class org.jetbrains.kotlin.config.MavenComparableVersion$IntegerItem                  : loaded 3 times (x 80B)
Class com.google.common.collect.ImmutableRangeSet$1                                   : loaded 3 times (x 209B)
Class com.google.common.collect.ImmutableList$Builder                                 : loaded 3 times (x 77B)
Class com.google.common.collect.AbstractMapEntry                                      : loaded 3 times (x 81B)
Class com.google.common.collect.ImmutableSet$SetBuilderImpl                           : loaded 3 times (x 76B)
Class com.google.common.collect.UnmodifiableIterator                                  : loaded 3 times (x 80B)
Class org.jetbrains.kotlin.name.FqNameUnsafe$1                                        : loaded 3 times (x 74B)
Class org.jetbrains.kotlin.config.LanguageOrApiVersion                                : loaded 3 times (x 70B)
Class [Lorg.objectweb.asm.Attribute;                                                  : loaded 3 times (x 69B)
Class [Lorg.objectweb.asm.Type;                                                       : loaded 3 times (x 69B)
Class org.jetbrains.kotlin.config.LanguageFeature                                     : loaded 3 times (x 80B)
Class com.google.common.collect.ImmutableList$SubList                                 : loaded 3 times (x 208B)
Class com.google.common.collect.ImmutableCollection$Builder                           : loaded 3 times (x 76B)
Class com.google.common.collect.ImmutableRangeSet$AsSet                               : loaded 3 times (x 299B)
Class org.objectweb.asm.Context                                                       : loaded 3 times (x 72B)
Class com.google.common.collect.RegularImmutableSet                                   : loaded 3 times (x 148B)
Class com.google.common.collect.MapDifference                                         : loaded 3 times (x 70B)
Class com.google.common.base.Splitter$1                                               : loaded 3 times (x 77B)
Class jdk.internal.jimage.decompressor.ResourceDecompressor$StringsProvider           : loaded 3 times (x 70B)
Class org.jetbrains.kotlin.cli.common.messages.CompilerMessageSeverity                : loaded 3 times (x 79B)
Class com.google.common.collect.Sets$4                                                : loaded 3 times (x 139B)
Class com.google.common.collect.Sets$3                                                : loaded 3 times (x 139B)
Class com.google.common.base.AbstractIterator$State                                   : loaded 3 times (x 79B)
Class org.jetbrains.kotlin.cli.common.CompilerSystemProperties                        : loaded 3 times (x 80B)
Class org.jetbrains.kotlin.config.LanguageVersion$Companion                           : loaded 3 times (x 71B)
Class com.google.common.base.CharMatcher$JavaLetter                                   : loaded 3 times (x 111B)
Class com.google.common.collect.Sets$2                                                : loaded 3 times (x 139B)
Class com.google.common.collect.Sets$1                                                : loaded 3 times (x 139B)
Class com.google.common.base.Splitter                                                 : loaded 3 times (x 72B)
Class org.objectweb.asm.AnnotationVisitor                                             : loaded 3 times (x 78B)
Class com.google.common.collect.ImmutableEnumMap                                      : loaded 3 times (x 125B)
Class [Lorg.jetbrains.kotlin.config.LanguageOrApiVersion;                             : loaded 3 times (x 69B)
Class com.google.common.collect.ImmutableRangeSet                                     : loaded 3 times (x 115B)
Class [Lcom.google.common.collect.ImmutableMapEntry;                                  : loaded 3 times (x 69B)
Class com.google.common.base.Splitter$Strategy                                        : loaded 3 times (x 70B)
Class org.jetbrains.kotlin.config.LanguageVersionSettings                             : loaded 3 times (x 70B)
Class com.google.common.base.CharMatcher$None                                         : loaded 3 times (x 112B)
Class kotlin.reflect.jvm.internal.KDeclarationContainerImpl$Data$moduleData$2         : loaded 2 times (x 79B)
Class org.jetbrains.kotlin.resolve.jvm.KotlinCliJavaFileManager                       : loaded 2 times (x 70B)
Class org.jetbrains.kotlin.cli.jvm.compiler.KotlinCoreEnvironment$Companion           : loaded 2 times (x 71B)
Class org.jetbrains.kotlin.config.JVMConfigurationKeys                                : loaded 2 times (x 71B)
Class kotlin.collections.AbstractList$Companion                                       : loaded 2 times (x 71B)
Class kotlin.text.MatcherMatchResult$groupValues$1                                    : loaded 2 times (x 198B)
Class kotlin.sequences.SequencesKt___SequencesKt                                      : loaded 2 times (x 71B)
Class com.android.utils.EnvironmentProvider$DirectEnvironmentProvider                 : loaded 2 times (x 80B)
Class org.jetbrains.kotlin.scripting.definitions.AutoloadedScriptDefinitions$definitions$1: loaded 2 times (x 95B)
Class org.jetbrains.org.objectweb.asm.ClassVisitor                                    : loaded 2 times (x 88B)
Class com.google.common.io.ByteSource$ConcatenatedByteSource                          : loaded 2 times (x 85B)
Class [Lcom.google.common.collect.AbstractIterator$State;                             : loaded 2 times (x 69B)
Class org.gradle.internal.classloader.ClassLoaderVisitor                              : loaded 2 times (x 76B)
Class org.jetbrains.kotlin.util.OperatorNameConventions                               : loaded 2 times (x 71B)
Class org.jetbrains.kotlin.serialization.deserialization.AnnotationAndConstantLoader  : loaded 2 times (x 70B)
Class org.jetbrains.kotlin.types.WrappedType                                          : loaded 2 times (x 85B)
Class org.jetbrains.kotlin.incremental.components.InlineConstTracker                  : loaded 2 times (x 70B)
Class org.jetbrains.kotlin.resolve.BindingTraceContext$1                              : loaded 2 times (x 92B)
Class org.jetbrains.kotlin.metadata.deserialization.Flags$EnumLiteFlagField           : loaded 2 times (x 76B)
Class org.jetbrains.kotlin.metadata.ProtoBuf$Type$Argument$1                          : loaded 2 times (x 144B)
Class org.jetbrains.kotlin.types.KotlinType                                           : loaded 2 times (x 83B)
Class org.jetbrains.kotlin.descriptors.DeclarationDescriptorNonRoot                   : loaded 2 times (x 70B)
Class org.jetbrains.kotlin.resolve.checkers.DeprecatedClassifierUsageChecker          : loaded 2 times (x 74B)
Class org.jetbrains.kotlin.resolve.checkers.SealedInheritorInSameModuleChecker        : loaded 2 times (x 74B)
Class org.jetbrains.kotlin.diagnostics.PositioningStrategies$DECLARATION_START_TO_NAME$1: loaded 2 times (x 75B)
Class org.jetbrains.kotlin.parsing.TrailingCommentsBinder                             : loaded 2 times (x 74B)
Class org.jetbrains.kotlin.resolve.calls.checkers.AssignmentChecker                   : loaded 2 times (x 70B)
Class org.jetbrains.kotlin.parsing.SemanticWhitespaceAwarePsiBuilder                  : loaded 2 times (x 70B)
Class org.jetbrains.kotlin.psi.KtScriptInitializer                                    : loaded 2 times (x 716B)
Class [Lorg.jetbrains.kotlin.psi.ValueArgument;                                       : loaded 2 times (x 69B)
Class [Lorg.jetbrains.kotlin.psi.KtUserType;                                          : loaded 2 times (x 69B)
Class [Lorg.jetbrains.kotlin.psi.KtAnonymousInitializer;                              : loaded 2 times (x 69B)
Class org.jetbrains.kotlin.cli.jvm.modules.CliJavaModuleResolver                      : loaded 2 times (x 78B)
Class org.jetbrains.kotlin.resolve.jvm.modules.JavaModule                             : loaded 2 times (x 70B)
Class org.jetbrains.org.objectweb.asm.ClassReader                                     : loaded 2 times (x 93B)
Class org.jetbrains.kotlin.scripting.definitions.ScriptDefinitionProvider$Companion   : loaded 2 times (x 71B)
Class kotlin.script.experimental.api.ScriptAcceptedLocation                           : loaded 2 times (x 79B)
Class kotlin.reflect.jvm.internal.KClassImpl$Data$objectInstance$2                    : loaded 2 times (x 79B)
Class org.jetbrains.kotlin.cli.jvm.compiler.KotlinCoreEnvironment$Companion$registerExtensionsFromPlugins$2: loaded 2 times (x 78B)
Class kotlin.reflect.jvm.internal.KProperty1Impl                                      : loaded 2 times (x 128B)
Class org.jetbrains.kotlin.cli.common.extensions.ShellExtension                       : loaded 2 times (x 70B)
Class org.jetbrains.kotlin.asJava.finder.JavaElementFinder                            : loaded 2 times (x 88B)
Class org.jetbrains.kotlin.load.java.structure.impl.classFiles.BinaryClassSignatureParser$ClsFormatException: loaded 2 times (x 82B)
Class org.jetbrains.kotlin.cli.jvm.compiler.KotlinCoreProjectEnvironment              : loaded 2 times (x 89B)
Class org.jetbrains.kotlin.utils.PathUtil                                             : loaded 2 times (x 71B)
Class [Lcom.android.ide.common.repository.AgpVersion$PreviewKind;                     : loaded 2 times (x 69B)
Class kotlin.sequences.SequencesKt___SequencesKt$flatMap$2                            : loaded 2 times (x 125B)
Class net.rubygrapefruit.platform.NativeIntegrationUnavailableException               : loaded 2 times (x 82B)
Class net.rubygrapefruit.platform.internal.Platform                                   : loaded 2 times (x 79B)
Class org.gradle.api.internal.classpath.EffectiveClassPath                            : loaded 2 times (x 90B)
Class org.jetbrains.kotlin.metadata.jvm.deserialization.JvmMetadataVersion            : loaded 2 times (x 74B)
Class org.jetbrains.kotlin.config.AnalysisFlag$Delegates$ListOfStrings                : loaded 2 times (x 71B)
Class org.jetbrains.kotlin.serialization.deserialization.descriptors.DeserializedMemberScope$OptimizedImplementation$properties$1: loaded 2 times (x 79B)
Class org.jetbrains.kotlin.serialization.deserialization.descriptors.DeserializedMemberScope$OptimizedImplementation$functions$1: loaded 2 times (x 79B)
Class org.jetbrains.kotlin.serialization.deserialization.builtins.BuiltInsPackageFragmentImpl: loaded 2 times (x 157B)
Class [Lorg.jetbrains.kotlin.descriptors.CallableMemberDescriptor$Kind;               : loaded 2 times (x 69B)
Class org.jetbrains.kotlin.resolve.scopes.MemberScopeImpl                             : loaded 2 times (x 99B)
Class org.jetbrains.kotlin.context.ProjectContextImpl                                 : loaded 2 times (x 79B)
Class org.jetbrains.kotlin.diagnostics.DiagnosticFactoryWithPsiElement                : loaded 2 times (x 80B)
Class org.objectweb.asm.tree.ClassNode                                                : loaded 2 times (x 91B)
Class org.jetbrains.kotlin.psi.KtExpressionImpl$Companion                             : loaded 2 times (x 71B)
Class org.jetbrains.kotlin.metadata.ProtoBuf$EnumEntry                                : loaded 2 times (x 118B)
Class org.jetbrains.kotlin.resolve.calls.checkers.FunInterfaceConstructorReferenceChecker: loaded 2 times (x 74B)
Class org.jetbrains.kotlin.resolve.calls.checkers.CapturingInClosureChecker           : loaded 2 times (x 74B)
Class org.jetbrains.kotlin.diagnostics.ClassicPositioningStrategies$UNREACHABLE_CODE$1: loaded 2 times (x 74B)
Class org.jetbrains.kotlin.diagnostics.PositioningStrategies$RETURN_WITH_LABEL$1      : loaded 2 times (x 74B)
Class org.jetbrains.kotlin.BlockExpressionElementType                                 : loaded 2 times (x 98B)
Class [Lorg.jetbrains.kotlin.psi.KtValueArgument;                                     : loaded 2 times (x 69B)
Class [Lorg.jetbrains.kotlin.psi.KtTypeElement;                                       : loaded 2 times (x 69B)
Class [Lorg.jetbrains.kotlin.psi.KtImportDirective;                                   : loaded 2 times (x 69B)
Class org.jetbrains.kotlin.psi.KtPureElement                                          : loaded 2 times (x 70B)
Class org.jetbrains.kotlin.utils.WrappedValues$1                                      : loaded 2 times (x 71B)
Class org.jetbrains.kotlin.scripting.definitions.ScriptDefinition$FromConfigurationsBase$contextClassLoader$2: loaded 2 times (x 79B)
Class kotlin.reflect.jvm.internal.impl.name.FqNameUnsafe$1                            : loaded 2 times (x 74B)
Class kotlin.reflect.jvm.internal.CachesKt$K_CLASS_CACHE$1                            : loaded 2 times (x 78B)
Class org.jetbrains.kotlin.backend.jvm.extensions.ClassGeneratorExtension             : loaded 2 times (x 70B)
Class kotlin.coroutines.ContinuationInterceptor                                       : loaded 2 times (x 70B)
Class org.jetbrains.kotlin.cli.jvm.config.JvmContentRoot                              : loaded 2 times (x 70B)
Class org.jetbrains.kotlin.cli.jvm.config.JvmContentRootsKt                           : loaded 2 times (x 71B)
Class org.jetbrains.kotlin.diagnostics.PositioningStrategies$WHEN_CONDITION_IN_RANGE$1: loaded 2 times (x 74B)
Class kotlin.text.StringsKt__AppendableKt                                             : loaded 2 times (x 71B)
Class org.jetbrains.kotlin.diagnostics.PositioningStrategies$SELECTOR_BY_QUALIFIED$1  : loaded 2 times (x 74B)
Class com.google.common.collect.AbstractIterator$1                                    : loaded 2 times (x 71B)
Class com.google.common.collect.ListMultimap                                          : loaded 2 times (x 70B)
Class org.jetbrains.kotlin.util.ModuleVisibilityHelper                                : loaded 2 times (x 70B)
Class org.jetbrains.kotlin.descriptors.DescriptorVisibilities$1                       : loaded 2 times (x 79B)
Class org.jetbrains.kotlin.types.TypeProjection                                       : loaded 2 times (x 70B)
Class org.jetbrains.kotlin.types.AbstractTypeRefiner                                  : loaded 2 times (x 72B)
Class org.jetbrains.kotlin.builtins.BuiltInsLoader$Companion$Instance$2               : loaded 2 times (x 78B)
Class org.jetbrains.kotlin.diagnostics.PositioningStrategies$IMPORT_LAST_NAME$1       : loaded 2 times (x 74B)
Class org.jetbrains.kotlin.psi.psiUtil.PsiUtilsKt$parentsWithSelf$1                   : loaded 2 times (x 78B)
Class org.jetbrains.kotlin.protobuf.CodedOutputStream$ByteBufferOutputStream          : loaded 2 times (x 86B)
Class org.jetbrains.kotlin.mpp.ClassLikeSymbolMarker                                  : loaded 2 times (x 70B)
Class org.jetbrains.kotlin.diagnostics.PositioningStrategies$PARAMETERS_WITH_DEFAULT_VALUE$1: loaded 2 times (x 74B)
Class org.jetbrains.kotlin.diagnostics.PositioningStrategies$InlineFunPositioningStrategy: loaded 2 times (x 76B)
Class org.jetbrains.kotlin.psi.stubs.elements.KtEnumEntrySuperClassReferenceExpressionElementType: loaded 2 times (x 100B)
Class org.jetbrains.kotlin.psi.KtUserType                                             : loaded 2 times (x 512B)
Class org.jetbrains.kotlin.storage.CacheWithNullableValues                            : loaded 2 times (x 70B)
Class kotlin.reflect.jvm.internal.impl.builtins.functions.FunctionTypeKind$Function   : loaded 2 times (x 72B)
Class kotlin.reflect.jvm.internal.KCallableImpl                                       : loaded 2 times (x 105B)
Class [Lkotlin.reflect.KCallable;                                                     : loaded 2 times (x 69B)
Class kotlin.reflect.KProperty$Accessor                                               : loaded 2 times (x 70B)
Class kotlin.jvm.internal.ArrayIteratorKt                                             : loaded 2 times (x 71B)
Class org.jetbrains.kotlin.diagnostics.Errors$Initializer                             : loaded 2 times (x 71B)
Class org.jetbrains.kotlin.resolve.DeclarationReturnTypeSanitizer                     : loaded 2 times (x 70B)
Class com.google.common.collect.Iterators$EmptyModifiableIterator                     : loaded 2 times (x 86B)
Class org.gradle.api.internal.DefaultClassPathProvider                                : loaded 2 times (x 76B)
Class org.jetbrains.kotlin.load.kotlin.JvmPackagePartProviderBase$ModuleMappingInfo   : loaded 2 times (x 72B)
Class org.jetbrains.kotlin.descriptors.DescriptorVisibilities$2                       : loaded 2 times (x 79B)
Class org.jetbrains.kotlin.resolve.scopes.ResolutionScope                             : loaded 2 times (x 70B)
Class org.jetbrains.kotlin.descriptors.impl.ModuleAwareClassDescriptor                : loaded 2 times (x 266B)
Class org.jetbrains.kotlin.parsing.KotlinWhitespaceAndCommentsBindersKt               : loaded 2 times (x 71B)
Class org.jetbrains.kotlin.metadata.ProtoBuf$Modality                                 : loaded 2 times (x 82B)
Class org.jetbrains.kotlin.metadata.jvm.JvmProtoBuf$JvmFieldSignature                 : loaded 2 times (x 108B)
Class org.jetbrains.kotlin.protobuf.ExtensionRegistryLite                             : loaded 2 times (x 74B)
Class org.jetbrains.kotlin.resolve.calls.results.TypeSpecificityComparator$NONE       : loaded 2 times (x 74B)
Class org.jetbrains.kotlin.diagnostics.rendering.DiagnosticFactoryToRendererMap       : loaded 2 times (x 72B)
Class org.jetbrains.kotlin.diagnostics.PositioningStrategies$VALUE_ARGUMENTS$1        : loaded 2 times (x 74B)
Class org.jetbrains.kotlin.diagnostics.DiagnosticMarker                               : loaded 2 times (x 70B)
Class org.jetbrains.kotlin.parsing.KotlinParsing$NameParsingMode                      : loaded 2 times (x 79B)
Class org.jetbrains.kotlin.psi.KtDoWhileExpression                                    : loaded 2 times (x 442B)
Class [Lorg.jetbrains.kotlin.psi.KtValueArgumentList;                                 : loaded 2 times (x 69B)
Class org.jetbrains.kotlin.psi.KtImportInfo$ImportContent$ExpressionBased             : loaded 2 times (x 72B)
Class org.jetbrains.kotlin.resolve.lazy.declarations.DeclarationProviderFactoryService: loaded 2 times (x 72B)
Class kotlin.script.experimental.dependencies.DependenciesResolver$NoDependencies     : loaded 2 times (x 77B)
Class kotlin.reflect.jvm.internal.impl.builtins.PrimitiveType$arrayTypeFqName$2       : loaded 2 times (x 79B)
Class kotlin.reflect.jvm.internal.impl.builtins.jvm.JavaToKotlinClassMap$PlatformMutabilityMapping: loaded 2 times (x 72B)
Class org.jetbrains.kotlin.config.LanguageVersionSettingsImpl$Companion               : loaded 2 times (x 71B)
Class it.unimi.dsi.fastutil.ints.IntSet                                               : loaded 2 times (x 70B)
Class it.unimi.dsi.fastutil.ints.IntIterable                                          : loaded 2 times (x 70B)
Class kotlin.text.MatchResult                                                         : loaded 2 times (x 70B)
Class kotlin.sequences.Sequence                                                       : loaded 2 times (x 70B)
Class kotlin.text.StringsKt__StringNumberConversionsJVMKt                             : loaded 2 times (x 71B)
Class org.jetbrains.kotlin.container.ComponentStorage                                 : loaded 2 times (x 75B)
Class com.google.common.io.CharSource$ConcatenatedCharSource                          : loaded 2 times (x 86B)
Class com.google.common.collect.MapMakerInternalMap$Strength$1                        : loaded 2 times (x 80B)
Class com.google.common.collect.Maps$ViewCachingAbstractMap                           : loaded 2 times (x 125B)
Class [Lorg.gradle.api.internal.ClassPathProvider;                                    : loaded 2 times (x 69B)
Class org.gradle.api.internal.ClassPathProvider                                       : loaded 2 times (x 70B)
Class org.jetbrains.kotlin.resolve.checkers.MissingDependencySupertypeChecker$ForCalls: loaded 2 times (x 74B)
Class org.jetbrains.kotlin.descriptors.DescriptorVisibilities$3                       : loaded 2 times (x 79B)
Class org.jetbrains.kotlin.builtins.jvm.JvmBuiltIns$Kind                              : loaded 2 times (x 79B)
Class org.jetbrains.kotlin.name.SpecialNames                                          : loaded 2 times (x 71B)
Class org.jetbrains.kotlin.metadata.ProtoBuf$MemberKind                               : loaded 2 times (x 82B)
Class org.jetbrains.kotlin.serialization.deserialization.ClassDeserializer            : loaded 2 times (x 72B)
Class org.jetbrains.kotlin.protobuf.LazyStringList                                    : loaded 2 times (x 70B)
Class org.jetbrains.kotlin.resolve.calls.checkers.ApiVersionCallChecker               : loaded 2 times (x 74B)
Class org.jetbrains.kotlin.resolve.checkers.AnnotationClassTargetAndRetentionChecker  : loaded 2 times (x 74B)
Class org.jetbrains.kotlin.builtins.jvm.JavaToKotlinClassMapper                       : loaded 2 times (x 74B)
Class org.jetbrains.kotlin.diagnostics.PositioningStrategies$SECONDARY_CONSTRUCTOR_DELEGATION_CALL$1: loaded 2 times (x 74B)
Class org.jetbrains.kotlin.resolve.jvm.checkers.OverloadsAnnotationChecker            : loaded 2 times (x 74B)
Class org.jetbrains.kotlin.psi.KtContinueExpression                                   : loaded 2 times (x 437B)
Class org.jetbrains.kotlin.psi.KtStringTemplateEntry                                  : loaded 2 times (x 444B)
Class org.jetbrains.kotlin.psi.KtIntersectionType                                     : loaded 2 times (x 505B)
Class [Lorg.jetbrains.kotlin.psi.KtDeclarationModifierList;                           : loaded 2 times (x 69B)
Class org.jetbrains.kotlin.psi.stubs.elements.KtTypeParameterElementType              : loaded 2 times (x 103B)
Class org.jetbrains.kotlin.utils.WrappedValues                                        : loaded 2 times (x 71B)
Class org.jetbrains.kotlin.cli.jvm.modules.CliJavaModuleFinder$ctSymRootFolder$2      : loaded 2 times (x 79B)
Class org.jetbrains.kotlin.cli.jvm.modules.CliJavaModuleFinder$ctSymFile$2            : loaded 2 times (x 79B)
Class kotlin.jvm.functions.Function20                                                 : loaded 2 times (x 70B)
Class org.jetbrains.kotlin.cli.jvm.compiler.CliModuleAnnotationsResolver              : loaded 2 times (x 75B)
Class org.jetbrains.kotlin.load.java.structure.impl.classFiles.BinaryClassSignatureParser: loaded 2 times (x 72B)
Class org.jetbrains.kotlin.mpp.CallableSymbolMarker                                   : loaded 2 times (x 70B)
Class org.jetbrains.kotlin.compiler.plugin.ComponentRegistrar$Companion               : loaded 2 times (x 71B)
Class org.jetbrains.kotlin.types.UnwrappedType                                        : loaded 2 times (x 86B)
Class kotlin.collections.CollectionsKt___CollectionsKt$asSequence$$inlined$Sequence$1 : loaded 2 times (x 75B)
Class org.jetbrains.kotlin.psi.KtVisitorVoid                                          : loaded 2 times (x 303B)
Class org.jetbrains.kotlin.protobuf.LazyStringArrayList                               : loaded 2 times (x 280B)
Class com.google.common.collect.MapMakerInternalMap$Strength$2                        : loaded 2 times (x 80B)
Class [Lorg.objectweb.asm.AnnotationVisitor;                                          : loaded 2 times (x 69B)
Class com.google.common.util.concurrent.AbstractFuture$SafeAtomicHelper               : loaded 2 times (x 79B)
Class com.google.common.cache.LocalCache$LocalLoadingCache                            : loaded 2 times (x 134B)
Class org.gradle.internal.service.UnknownServiceException                             : loaded 2 times (x 83B)
Class org.jetbrains.kotlin.protobuf.SmallSortedMap$EntryIterator                      : loaded 2 times (x 83B)
Class org.jetbrains.kotlin.protobuf.SmallSortedMap$EntrySet                           : loaded 2 times (x 137B)
Class org.jetbrains.kotlin.descriptors.DescriptorVisibilities$4                       : loaded 2 times (x 79B)
Class org.jetbrains.kotlin.descriptors.FunctionDescriptor                             : loaded 2 times (x 70B)
Class org.jetbrains.kotlin.builtins.jvm.JvmBuiltInsCustomizer$createMockJavaIoSerializableType$mockJavaIoPackageFragment$1: loaded 2 times (x 140B)
Class org.jetbrains.kotlin.load.kotlin.KotlinJvmBinarySourceElement                   : loaded 2 times (x 81B)
Class org.jetbrains.kotlin.metadata.ProtoBuf$StringTableOrBuilder                     : loaded 2 times (x 70B)
Class [Lorg.jetbrains.kotlin.protobuf.WireFormat$JavaType;                            : loaded 2 times (x 69B)
Class org.jetbrains.kotlin.serialization.SerializerExtensionProtocol                  : loaded 2 times (x 72B)
Class org.jetbrains.kotlin.resolve.calls.checkers.AbstractClassInstantiationChecker   : loaded 2 times (x 74B)
Class org.jetbrains.kotlin.resolve.checkers.TailrecFunctionChecker                    : loaded 2 times (x 74B)
Class [Lorg.jetbrains.kotlin.resolve.AdditionalAnnotationChecker;                     : loaded 2 times (x 69B)
Class org.jetbrains.kotlin.resolve.jvm.RuntimeAssertionsTypeChecker                   : loaded 2 times (x 76B)
Class org.jetbrains.kotlin.diagnostics.PositioningStrategies$projectionPosition$1     : loaded 2 times (x 74B)
Class org.jetbrains.kotlin.psi.KtBinaryExpressionWithTypeRHS                          : loaded 2 times (x 502B)
Class it.unimi.dsi.fastutil.longs.LongIterable                                        : loaded 2 times (x 70B)
Class org.jetbrains.kotlin.psi.KtInitializerList                                      : loaded 2 times (x 444B)
Class [Lorg.jetbrains.kotlin.psi.KtVariableDeclaration;                               : loaded 2 times (x 69B)
Class [Lorg.jetbrains.kotlin.psi.KtCallableDeclaration;                               : loaded 2 times (x 69B)
Class [Lorg.jetbrains.org.objectweb.asm.Attribute;                                    : loaded 2 times (x 69B)
Class kotlin.script.experimental.api.IdeScriptCompilationConfigurationKeys            : loaded 2 times (x 70B)
Class kotlin.jvm.functions.Function21                                                 : loaded 2 times (x 70B)
Class kotlin.reflect.jvm.internal.impl.name.ClassId                                   : loaded 2 times (x 72B)
Class org.jetbrains.kotlin.load.java.structure.JavaElement                            : loaded 2 times (x 70B)
Class org.jetbrains.kotlin.scripting.compiler.plugin.AbstractScriptEvaluationExtension: loaded 2 times (x 82B)
Class org.jetbrains.kotlin.name.NameUtils                                             : loaded 2 times (x 71B)
Class com.google.common.io.ByteArrayDataInput                                         : loaded 2 times (x 70B)
Class org.jetbrains.kotlin.config.JvmDefaultMode                                      : loaded 2 times (x 79B)
Class com.google.common.collect.MapMakerInternalMap$StrongValueEntry                  : loaded 2 times (x 70B)
Class org.objectweb.asm.ModuleVisitor                                                 : loaded 2 times (x 81B)
Class com.google.common.cache.LocalCache$Strength$1                                   : loaded 2 times (x 81B)
Class org.jetbrains.kotlin.metadata.jvm.JvmModuleProtoBuf$Module                      : loaded 2 times (x 124B)
Class kotlin.collections.MapWithDefault                                               : loaded 2 times (x 70B)
Class org.jetbrains.kotlin.config.AnalysisFlags$ideMode$2                             : loaded 2 times (x 127B)
Class org.jetbrains.kotlin.config.AnalysisFlags$ignoreDataFlowInAssert$2              : loaded 2 times (x 127B)
Class org.jetbrains.kotlin.types.TypeAttributes$Companion                             : loaded 2 times (x 73B)
Class org.jetbrains.kotlin.descriptors.DescriptorVisibilities$5                       : loaded 2 times (x 79B)
Class org.jetbrains.kotlin.types.AbstractTypeConstructor$supertypes$1                 : loaded 2 times (x 79B)
Class org.jetbrains.kotlin.descriptors.impl.PackageViewDescriptorFactory              : loaded 2 times (x 70B)
Class org.jetbrains.kotlin.diagnostics.AbstractKotlinSuppressCache                    : loaded 2 times (x 76B)
Class [Lcom.android.resources.ResourceType;                                           : loaded 2 times (x 69B)
Class org.jetbrains.kotlin.metadata.jvm.JvmProtoBuf$JvmPropertySignatureOrBuilder     : loaded 2 times (x 70B)
Class org.jetbrains.kotlin.metadata.ProtoBuf$QualifiedNameTable$QualifiedNameOrBuilder: loaded 2 times (x 70B)
Class org.jetbrains.kotlin.protobuf.GeneratedMessageLite$ExtendableMessage            : loaded 2 times (x 113B)
Class org.jetbrains.kotlin.resolve.calls.checkers.OperatorCallChecker$Companion       : loaded 2 times (x 71B)
Class org.jetbrains.kotlin.resolve.calls.checkers.OperatorCallChecker                 : loaded 2 times (x 74B)
Class org.jetbrains.kotlin.resolve.lazy.DelegationFilter                              : loaded 2 times (x 70B)
Class org.jetbrains.kotlin.diagnostics.PositioningStrategies$SPECIAL_CONSTRUCT_TOKEN$1: loaded 2 times (x 74B)
Class org.jetbrains.kotlin.diagnostics.PositioningStrategies$DECLARATION_SIGNATURE_OR_DEFAULT$1: loaded 2 times (x 74B)
Class org.jetbrains.kotlin.diagnostics.PositioningStrategies$SUPERTYPES_LIST$1        : loaded 2 times (x 74B)
Class [Lorg.jetbrains.kotlin.descriptors.annotations.AnnotationUseSiteTarget;         : loaded 2 times (x 69B)
Class org.jetbrains.kotlin.psi.KtBlockExpression                                      : loaded 2 times (x 540B)
Class org.jetbrains.kotlin.psi.KtWhileExpression                                      : loaded 2 times (x 441B)
Class org.jetbrains.kotlin.psi.KtCollectionLiteralExpression                          : loaded 2 times (x 569B)
Class [Lorg.jetbrains.kotlin.psi.KtSuperTypeListEntry;                                : loaded 2 times (x 69B)
Class org.jetbrains.kotlin.psi.KtTypeParameterList                                    : loaded 2 times (x 446B)
Class org.jetbrains.kotlin.renderer.DescriptorRenderer$Companion                      : loaded 2 times (x 71B)
Class org.jetbrains.kotlin.scripting.definitions.ScriptDefinition$FromConfigurations  : loaded 2 times (x 115B)
Class kotlin.jvm.functions.Function22                                                 : loaded 2 times (x 70B)
Class org.jetbrains.kotlin.resolve.jvm.extensions.AnalysisHandlerExtension            : loaded 2 times (x 70B)
Class it.unimi.dsi.fastutil.objects.ObjectSpliterator                                 : loaded 2 times (x 70B)
Class org.jetbrains.kotlin.cli.jvm.compiler.KotlinCliJavaFileManagerImpl              : loaded 2 times (x 91B)
Class kotlin.coroutines.jvm.internal.SuspendLambda                                    : loaded 2 times (x 91B)
Class kotlin.coroutines.jvm.internal.ContinuationImpl                                 : loaded 2 times (x 87B)
Class net.rubygrapefruit.platform.internal.Platform$MacOs64Bit                        : loaded 2 times (x 82B)
Class com.google.common.util.concurrent.SettableFuture                                : loaded 2 times (x 114B)
Class com.google.common.cache.LocalCache$Strength$2                                   : loaded 2 times (x 81B)
Class org.jetbrains.kotlin.renderer.PropertyAccessorRenderingPolicy                   : loaded 2 times (x 79B)
Class [Lorg.jetbrains.kotlin.descriptors.Named;                                       : loaded 2 times (x 69B)
Class org.jetbrains.kotlin.serialization.deserialization.TypeDeserializer$typeAliasDescriptors$1: loaded 2 times (x 79B)
Class org.jetbrains.kotlin.descriptors.DescriptorVisibilities$6                       : loaded 2 times (x 79B)
Class org.jetbrains.kotlin.storage.LockBasedStorageManager$LockBasedNotNullLazyValueWithPostCompute: loaded 2 times (x 93B)
Class org.jetbrains.kotlin.types.AbstractTypeConstructor$supertypes$2                 : loaded 2 times (x 78B)
Class org.jetbrains.kotlin.renderer.DescriptorRenderer                                : loaded 2 times (x 83B)
Class org.jetbrains.kotlin.builtins.jvm.JvmBuiltInClassDescriptorFactory$1            : loaded 2 times (x 78B)
Class org.objectweb.asm.Handle                                                        : loaded 2 times (x 72B)
Class org.jetbrains.kotlin.protobuf.CodedOutputStream$OutOfSpaceException             : loaded 2 times (x 82B)
Class org.jetbrains.kotlin.metadata.ProtoBuf$Annotation$Argument$Value                : loaded 2 times (x 127B)
Class org.jetbrains.kotlin.resolve.checkers.ExplicitApiDeclarationChecker             : loaded 2 times (x 74B)
Class org.jetbrains.kotlin.diagnostics.PositioningStrategies$VAL_OR_VAR_NODE$1        : loaded 2 times (x 74B)
Class it.unimi.dsi.fastutil.ints.IntIterator                                          : loaded 2 times (x 70B)
Class [Lorg.jetbrains.kotlin.psi.KtConstructorCalleeExpression;                       : loaded 2 times (x 69B)
Class [Lorg.jetbrains.kotlin.psi.KtDeclarationWithInitializer;                        : loaded 2 times (x 69B)
Class org.jetbrains.kotlin.psi.stubs.elements.KtValueArgumentListElementType          : loaded 2 times (x 103B)
Class kotlin.reflect.jvm.internal.KClassImpl$Data$descriptor$2                        : loaded 2 times (x 79B)
Class kotlin.script.experimental.api.ScriptCompilationConfigurationKeys               : loaded 2 times (x 70B)
Class kotlin.reflect.KTypeParameter                                                   : loaded 2 times (x 70B)
Class org.jetbrains.kotlin.fir.extensions.FirExtensionRegistrarAdapter$Companion      : loaded 2 times (x 72B)
Class org.jetbrains.kotlin.scripting.compiler.plugin.ScriptingCompilerConfigurationComponentRegistrar: loaded 2 times (x 75B)
Class com.android.tools.lint.model.LintModelModuleLibrary                             : loaded 2 times (x 70B)
Class [Lcom.android.tools.lint.model.LintModelNamespacingMode;                        : loaded 2 times (x 69B)
Class com.android.tools.lint.model.LintModelSerialization$TargetFile                  : loaded 2 times (x 79B)
Class kotlin.collections.CollectionsKt__CollectionsKt                                 : loaded 2 times (x 71B)
Class kotlin.collections.ArraysKt___ArraysJvmKt                                       : loaded 2 times (x 71B)
Class org.jetbrains.kotlin.types.checker.KotlinTypeRefiner$Default                    : loaded 2 times (x 79B)
Class kotlin.text.StringsKt__RegexExtensionsJVMKt                                     : loaded 2 times (x 71B)
Class [Lorg.jetbrains.kotlin.types.error.ErrorScopeKind;                              : loaded 2 times (x 69B)
Class net.rubygrapefruit.platform.internal.Platform$Posix                             : loaded 2 times (x 81B)
Class com.google.common.io.ByteStreams                                                : loaded 2 times (x 71B)
Class com.google.common.collect.Interners$InternerImpl                                : loaded 2 times (x 75B)
Class com.google.common.collect.Interner                                              : loaded 2 times (x 70B)
Class com.google.common.cache.LocalCache$Strength$3                                   : loaded 2 times (x 81B)
Class org.gradle.internal.classloader.DefaultClassLoaderFactory                       : loaded 2 times (x 82B)
Class org.jetbrains.kotlin.resolve.jvm.JvmAdditionalClassPartsProvider                : loaded 2 times (x 75B)
Class org.jetbrains.kotlin.types.checker.KotlinTypeChecker$TypeConstructorEquality    : loaded 2 times (x 70B)
Class org.jetbrains.kotlin.types.KotlinTypeFactory                                    : loaded 2 times (x 71B)
Class org.jetbrains.kotlin.descriptors.DescriptorVisibilities$7                       : loaded 2 times (x 79B)
Class org.jetbrains.kotlin.types.AbstractTypeConstructor$supertypes$3                 : loaded 2 times (x 79B)
Class [Lorg.jetbrains.kotlin.serialization.deserialization.descriptors.DeserializedContainerAbiStability;: loaded 2 times (x 69B)
Class kotlin.sequences.SequencesKt__SequencesKt$generateSequence$2                    : loaded 2 times (x 79B)
Class org.jetbrains.kotlin.resolve.jvm.platform.JavaGenericVarianceViolationTypeChecker: loaded 2 times (x 76B)
Class [Lorg.jetbrains.kotlin.config.LanguageFeature;                                  : loaded 2 times (x 69B)
Class org.jetbrains.kotlin.diagnostics.PositioningStrategies$FUN_INTERFACE$1          : loaded 2 times (x 74B)
Class org.jetbrains.kotlin.diagnostics.PositioningStrategies$PARAMETER_VARARG_MODIFIER$1: loaded 2 times (x 74B)
Class org.jetbrains.kotlin.psi.KtScript                                               : loaded 2 times (x 917B)
Class org.jetbrains.kotlin.psi.stubs.KotlinValueArgumentStub                          : loaded 2 times (x 70B)
Class [Lorg.jetbrains.kotlin.psi.KtModifierList;                                      : loaded 2 times (x 69B)
Class org.jetbrains.kotlin.psi.KtDeclarationModifierList                              : loaded 2 times (x 510B)
Class org.jetbrains.kotlin.psi.KtTypeParameter                                        : loaded 2 times (x 915B)
Class org.jetbrains.kotlin.resolve.jvm.modules.JavaModule$Root                        : loaded 2 times (x 72B)
Class org.jetbrains.kotlin.scripting.definitions.ScriptiDefinitionsFromClasspathDiscoverySourceKt: loaded 2 times (x 71B)
Class kotlin.reflect.jvm.internal.impl.builtins.functions.FunctionTypeKind            : loaded 2 times (x 72B)
Class [Lorg.jetbrains.kotlin.extensions.CompilerConfigurationExtension;               : loaded 2 times (x 69B)
Class kotlin.text.StringsKt__StringsKt$rangesDelimitedBy$1                            : loaded 2 times (x 79B)
Class kotlin.sequences.SequencesKt___SequencesJvmKt$filterIsInstance$1                : loaded 2 times (x 79B)
Class kotlin._Assertions                                                              : loaded 2 times (x 71B)
Class kotlin.text.Regex$Companion                                                     : loaded 2 times (x 71B)
Class com.android.utils.Pair                                                          : loaded 2 times (x 72B)
Class com.google.common.reflect.Invokable                                             : loaded 2 times (x 103B)
Class com.google.common.collect.MapMaker$Dummy                                        : loaded 2 times (x 79B)
Class org.objectweb.asm.FieldWriter                                                   : loaded 2 times (x 78B)
Class com.google.common.cache.CacheBuilder$NullListener                               : loaded 2 times (x 82B)
Class org.gradle.internal.classpath.TransformedClassPath                              : loaded 2 times (x 96B)
Class com.google.common.base.Platform$JdkPatternCompiler                              : loaded 2 times (x 75B)
Class org.jetbrains.kotlin.container.ComponentState                                   : loaded 2 times (x 79B)
Class org.jetbrains.kotlin.frontend.di.InjectionKt                                    : loaded 2 times (x 71B)
Class org.jetbrains.kotlin.descriptors.DescriptorVisibilities$8                       : loaded 2 times (x 79B)
Class org.jetbrains.kotlin.renderer.DescriptorRenderer$Companion$DEBUG_TEXT$1         : loaded 2 times (x 78B)
Class org.jetbrains.kotlin.renderer.DescriptorRenderer$Companion$SHORT_NAMES_IN_TYPES$1: loaded 2 times (x 78B)
Class [Lorg.jetbrains.kotlin.renderer.ParameterNameRenderingPolicy;                   : loaded 2 times (x 69B)
Class com.android.utils.PositionXmlParser                                             : loaded 2 times (x 71B)
Class com.google.common.base.Suppliers                                                : loaded 2 times (x 71B)
Class org.jetbrains.kotlin.metadata.ProtoBuf$MemberKind$1                             : loaded 2 times (x 74B)
Class org.jetbrains.kotlin.resolve.jvm.JvmClassName                                   : loaded 2 times (x 76B)
Class org.jetbrains.kotlin.builtins.PrimitiveType$typeFqName$2                        : loaded 2 times (x 79B)
Class org.jetbrains.kotlin.builtins.StandardNames                                     : loaded 2 times (x 71B)
Class org.jetbrains.kotlin.container.ComponentDescriptor                              : loaded 2 times (x 70B)
Class [Lcom.google.common.cache.CacheBuilder$OneWeigher;                              : loaded 2 times (x 69B)
Class org.jetbrains.kotlin.psi.KtFunctionNotStubbed                                   : loaded 2 times (x 1195B)
Class it.unimi.dsi.fastutil.longs.LongSet                                             : loaded 2 times (x 70B)
Class [Lorg.jetbrains.kotlin.psi.KtTypeParameterListOwnerStub;                        : loaded 2 times (x 69B)
Class org.jetbrains.kotlin.storage.StorageManager                                     : loaded 2 times (x 70B)
Class org.jetbrains.kotlin.cli.common.config.KotlinSourceRoot                         : loaded 2 times (x 72B)
Class kotlin.script.experimental.api.ScriptEvaluationKt                               : loaded 2 times (x 71B)
Class kotlin.reflect.jvm.internal.impl.name.StandardClassIds                          : loaded 2 times (x 71B)
Class org.jetbrains.kotlin.scripting.definitions.ScriptCompilationConfigurationFromDefinition$1: loaded 2 times (x 79B)
Class kotlin.reflect.jvm.internal.KClassImpl$data$1                                   : loaded 2 times (x 79B)
Class kotlin.script.experimental.util.PropertiesCollection$Key                        : loaded 2 times (x 72B)
Class kotlin.script.experimental.jvm.JvmScriptingHostConfigurationKt$baseClassLoader$2: loaded 2 times (x 78B)
Class kotlin.reflect.jvm.internal.KPropertyImpl$_javaField$1                          : loaded 2 times (x 79B)
Class org.jetbrains.kotlin.backend.jvm.extensions.ClassGeneratorExtension$Companion   : loaded 2 times (x 72B)
Class org.jetbrains.kotlin.cli.common.environment.UtilKt                              : loaded 2 times (x 71B)
Class [Lkotlin.coroutines.intrinsics.CoroutineSingletons;                             : loaded 2 times (x 69B)
Class it.unimi.dsi.fastutil.objects.ReferenceCollection                               : loaded 2 times (x 70B)
Class kotlin.enums.EnumEntriesList                                                    : loaded 2 times (x 223B)
Class com.android.tools.lint.model.DefaultLintModelArtifact                           : loaded 2 times (x 82B)
Class kotlin.jvm.internal.FunctionReference                                           : loaded 2 times (x 122B)
Class kotlin.jvm.internal.FunctionBase                                                : loaded 2 times (x 70B)
Class com.google.common.collect.ImmutableListMultimap                                 : loaded 2 times (x 176B)
Class com.google.common.cache.CacheLoader$FunctionToCacheLoader                       : loaded 2 times (x 75B)
Class com.google.common.collect.Iterators$ArrayItr                                    : loaded 2 times (x 97B)
Class org.objectweb.asm.MethodTooLargeException                                       : loaded 2 times (x 83B)
Class org.jetbrains.kotlin.config.AnalysisFlags$explicitApiMode$2                     : loaded 2 times (x 127B)
Class org.jetbrains.kotlin.descriptors.PackageFragmentProviderOptimized               : loaded 2 times (x 70B)
Class org.jetbrains.kotlin.descriptors.DescriptorVisibilities$9                       : loaded 2 times (x 79B)
Class org.jetbrains.kotlin.renderer.ClassifierNamePolicy$FULLY_QUALIFIED              : loaded 2 times (x 74B)
Class org.jetbrains.kotlin.builtins.jvm.JvmBuiltInClassDescriptorFactory$Companion    : loaded 2 times (x 71B)
Class org.jetbrains.kotlin.resolve.diagnostics.Diagnostics                            : loaded 2 times (x 70B)
Class org.jetbrains.kotlin.resolve.BindingTraceFilter$Companion                       : loaded 2 times (x 71B)
Class org.jetbrains.kotlin.resolve.ModuleAnnotationsResolver$Companion                : loaded 2 times (x 71B)
Class org.jetbrains.kotlin.container.DynamicComponentDescriptor                       : loaded 2 times (x 74B)
Class com.google.common.collect.MapMakerInternalMap$Strength                          : loaded 2 times (x 80B)
Class org.jetbrains.kotlin.diagnostics.PositioningStrategies                          : loaded 2 times (x 71B)
Class org.jetbrains.kotlin.resolve.jvm.checkers.ProtectedInSuperClassCompanionCallChecker: loaded 2 times (x 74B)
Class org.jetbrains.kotlin.resolve.jvm.checkers.DefaultCheckerInTailrec               : loaded 2 times (x 74B)
Class org.jetbrains.kotlin.descriptors.annotations.AnnotationUseSiteTarget            : loaded 2 times (x 79B)
Class org.jetbrains.kotlin.resolve.jvm.checkers.StrictfpApplicabilityChecker          : loaded 2 times (x 74B)
Class [Lorg.jetbrains.kotlin.psi.KtClassLiteralExpression;                            : loaded 2 times (x 69B)
Class org.jetbrains.kotlin.psi.KtSuperTypeEntry                                       : loaded 2 times (x 445B)
Class org.jetbrains.kotlin.psi.stubs.elements.KtTypeProjectionElementType             : loaded 2 times (x 103B)
Class org.jetbrains.kotlin.psi.KtSimpleNameExpression                                 : loaded 2 times (x 70B)
Class org.jetbrains.kotlin.psi.KtTypeReference                                        : loaded 2 times (x 642B)
Class [Lorg.jetbrains.kotlin.psi.KtImportList;                                        : loaded 2 times (x 69B)
Class org.jetbrains.kotlin.psi.stubs.KotlinClassStub                                  : loaded 2 times (x 70B)
Class org.jetbrains.kotlin.psi.stubs.elements.KtPlaceHolderStubElementType            : loaded 2 times (x 103B)
Class kotlin.collections.builders.ListBuilder$Companion                               : loaded 2 times (x 71B)
Class kotlin.collections.builders.ListBuilder                                         : loaded 2 times (x 207B)
Class kotlin.reflect.jvm.internal.impl.name.FqNamesUtilKt                             : loaded 2 times (x 71B)
Class kotlin.reflect.jvm.internal.impl.name.StandardClassIdsKt                        : loaded 2 times (x 71B)
Class org.jetbrains.kotlin.scripting.compiler.plugin.ScriptingCompilerConfigurationComponentRegistrar$registerProjectComponents$hostConfiguration$1: loaded 2 times (x 78B)
Class kotlin.script.experimental.host.ScriptingHostConfigurationKeys                  : loaded 2 times (x 70B)
Class org.jetbrains.kotlin.cli.jvm.config.JavaSourceRoot                              : loaded 2 times (x 77B)
Class kotlin.collections.CollectionsKt__IteratorsJVMKt                                : loaded 2 times (x 71B)
Class kotlin.comparisons.ComparisonsKt___ComparisonsJvmKt                             : loaded 2 times (x 71B)
Class com.google.common.collect.EmptyImmutableListMultimap                            : loaded 2 times (x 176B)
Class com.google.common.collect.BaseImmutableMultimap                                 : loaded 2 times (x 123B)
Class com.google.common.base.Joiner                                                   : loaded 2 times (x 79B)
Class com.google.common.base.MoreObjects                                              : loaded 2 times (x 71B)
Class org.jetbrains.kotlin.config.AnalysisFlags$muteExpectActualClassesWarning$2      : loaded 2 times (x 127B)
Class org.jetbrains.kotlin.config.AnalysisFlags$multiPlatformDoNotCheckActual$2       : loaded 2 times (x 127B)
Class org.jetbrains.kotlin.descriptors.PackageFragmentProviderImpl                    : loaded 2 times (x 80B)
Class org.jetbrains.kotlin.serialization.deserialization.DeserializedPackageFragmentImpl$classDataFinder$1: loaded 2 times (x 79B)
Class com.google.common.collect.MapMakerInternalMap$StrongKeyDummyValueEntry$LinkedStrongKeyDummyValueEntry: loaded 2 times (x 82B)
Class com.android.tools.lint.model.LintModelModule                                    : loaded 2 times (x 70B)
Class org.jetbrains.kotlin.psi.psiUtil.PsiUtilsKt$siblings$1$iterator$1               : loaded 2 times (x 79B)
Class org.jetbrains.kotlin.serialization.deserialization.ClassData                    : loaded 2 times (x 72B)
Class org.jetbrains.kotlin.metadata.ProtoBuf$PropertyOrBuilder                        : loaded 2 times (x 70B)
Class org.jetbrains.kotlin.metadata.ProtoBuf$Constructor$1                            : loaded 2 times (x 144B)
Class org.jetbrains.kotlin.resolve.calls.checkers.CallableReferenceCompatibilityChecker: loaded 2 times (x 74B)
Class org.jetbrains.kotlin.resolve.jvm.checkers.SynchronizedAnnotationOnLambdaChecker : loaded 2 times (x 74B)
Class org.jetbrains.kotlin.resolve.jvm.checkers.JvmMultifileClassStateChecker         : loaded 2 times (x 74B)
Class [Lorg.jetbrains.kotlin.lexer.KtKeywordToken;                                    : loaded 2 times (x 69B)
Class org.jetbrains.kotlin.cli.jvm.index.JvmDependenciesIndex                         : loaded 2 times (x 70B)
Class org.jetbrains.kotlin.utils.CollectionsKt                                        : loaded 2 times (x 71B)
Class org.jetbrains.kotlin.storage.CacheWithNotNullValues                             : loaded 2 times (x 70B)
Class kotlin.reflect.KProperty0                                                       : loaded 2 times (x 70B)
Class kotlin.Result                                                                   : loaded 2 times (x 72B)
Class com.google.gson.JsonSyntaxException                                             : loaded 2 times (x 82B)
Class it.unimi.dsi.fastutil.ints.IntCollection                                        : loaded 2 times (x 70B)
Class com.google.common.base.Splitter$5                                               : loaded 2 times (x 80B)
Class org.jetbrains.kotlin.cli.jvm.modules.CoreJrtFileSystem$roots$1                  : loaded 2 times (x 79B)
Class com.google.common.collect.Platform                                              : loaded 2 times (x 71B)
Class org.gradle.internal.service.ServiceLocator                                      : loaded 2 times (x 70B)
Class [Lkotlin.reflect.KClass;                                                        : loaded 2 times (x 69B)
Class jdk.internal.jrtfs.JrtFileSystem$1                                              : loaded 2 times (x 107B)
Class org.jetbrains.kotlin.resolve.PlatformAnnotationFeaturesSupport                  : loaded 2 times (x 70B)
Class org.jetbrains.kotlin.config.AnalysisFlags$extendedCompilerChecks$2              : loaded 2 times (x 127B)
Class org.jetbrains.kotlin.protobuf.GeneratedMessageLite$ExtendableMessage$ExtensionWriter: loaded 2 times (x 73B)
Class org.jetbrains.kotlin.builtins.BuiltInsPackageFragment                           : loaded 2 times (x 70B)
Class org.jetbrains.kotlin.descriptors.annotations.Annotations$Companion$EMPTY$1      : loaded 2 times (x 85B)
Class org.jetbrains.kotlin.resolve.checkers.VolatileAnnotationChecker                 : loaded 2 times (x 74B)
Class org.jetbrains.kotlin.diagnostics.PositioningStrategies$NAME_IDENTIFIER$1        : loaded 2 times (x 74B)
Class org.jetbrains.kotlin.resolve.jvm.checkers.JvmAnnotationsTargetNonExistentAccessorChecker: loaded 2 times (x 74B)
Class kotlin.script.experimental.host.GetScriptingClass                               : loaded 2 times (x 70B)
Class org.jetbrains.kotlin.psi.stubs.elements.KtClassLiteralExpressionElementType     : loaded 2 times (x 100B)
Class org.jetbrains.kotlin.psi.KtSuperTypeListEntry                                   : loaded 2 times (x 445B)
Class [Lorg.jetbrains.kotlin.psi.KtContractEffectList;                                : loaded 2 times (x 69B)
Class [Lorg.jetbrains.kotlin.psi.KtReferenceExpression;                               : loaded 2 times (x 69B)
Class org.jetbrains.kotlin.psi.KtParameterList                                        : loaded 2 times (x 454B)
Class kotlin.reflect.KClass                                                           : loaded 2 times (x 70B)
Class kotlin.reflect.KProperty1                                                       : loaded 2 times (x 70B)
Class kotlin.Pair                                                                     : loaded 2 times (x 72B)
Class com.android.tools.lint.model.LintModelModuleType                                : loaded 2 times (x 79B)
Class kotlin.sequences.TransformingSequence$iterator$1                                : loaded 2 times (x 79B)
Class [Lkotlin.Function;                                                              : loaded 2 times (x 69B)
Class com.google.common.collect.HashBiMap$BiEntry                                     : loaded 2 times (x 83B)
Class com.google.common.collect.SingletonImmutableBiMap                               : loaded 2 times (x 143B)
Class com.google.common.base.Ascii                                                    : loaded 2 times (x 71B)
Class com.google.common.cache.LocalCache$1                                            : loaded 2 times (x 89B)
Class [Lorg.jetbrains.kotlin.descriptors.ValidateableDescriptor;                      : loaded 2 times (x 69B)
Class org.jetbrains.kotlin.descriptors.CallableMemberDescriptor$CopyBuilder           : loaded 2 times (x 70B)
Class org.jetbrains.kotlin.renderer.DescriptorRenderer$Companion$COMPACT_WITH_SHORT_TYPES$1: loaded 2 times (x 78B)
Class org.jetbrains.kotlin.scripting.definitions.ScriptDependenciesProvider$Companion : loaded 2 times (x 71B)
Class org.jetbrains.kotlin.metadata.deserialization.NameResolverImpl                  : loaded 2 times (x 77B)
Class kotlin.sequences.GeneratorSequence$iterator$1                                   : loaded 2 times (x 79B)
Class org.jetbrains.kotlin.resolve.checkers.UnderscoreChecker                         : loaded 2 times (x 74B)
Class org.jetbrains.kotlin.resolve.jvm.JvmDeclarationReturnTypeSanitizer              : loaded 2 times (x 74B)
Class org.jetbrains.kotlin.resolve.sam.SamConversionResolver$Empty                    : loaded 2 times (x 74B)
Class [Lorg.jetbrains.kotlin.diagnostics.DiagnosticFactoryWithPsiElement;             : loaded 2 times (x 69B)
Class org.jetbrains.kotlin.resolve.jvm.checkers.JavaAnnotationCallChecker$Companion   : loaded 2 times (x 71B)
Class org.jetbrains.kotlin.resolve.jvm.checkers.JavaAnnotationCallChecker             : loaded 2 times (x 74B)
Class org.jetbrains.kotlin.psi.KtReturnExpression                                     : loaded 2 times (x 440B)
Class org.jetbrains.kotlin.psi.KtConstructorCalleeExpression                          : loaded 2 times (x 507B)
Class org.jetbrains.kotlin.storage.EmptySimpleLock                                    : loaded 2 times (x 75B)
Class kotlin.reflect.jvm.internal.KClassImpl$Data$qualifiedName$2                     : loaded 2 times (x 79B)
Class kotlin.reflect.KProperty2                                                       : loaded 2 times (x 70B)
Class org.jetbrains.kotlin.cli.jvm.config.JvmClasspathRoot                            : loaded 2 times (x 80B)
Class [Lorg.jetbrains.kotlin.name.FqName;                                             : loaded 2 times (x 69B)
Class kotlin.io.CloseableKt                                                           : loaded 2 times (x 71B)
Class com.android.tools.lint.model.LintModelDependency                                : loaded 2 times (x 70B)
Class kotlin.collections.CollectionsKt__MutableCollectionsKt                          : loaded 2 times (x 71B)
Class com.google.common.reflect.TypeToken$SimpleTypeToken                             : loaded 2 times (x 73B)
Class com.google.common.io.CharSource$StringCharSource                                : loaded 2 times (x 86B)
Class com.google.common.io.ByteSource$ByteArrayByteSource                             : loaded 2 times (x 85B)
Class com.google.common.collect.MapMakerInternalMap$AbstractStrongKeyEntry            : loaded 2 times (x 80B)
Class com.google.common.collect.Sets$ImprovedAbstractSet                              : loaded 2 times (x 135B)
Class com.google.common.cache.LocalCache$2                                            : loaded 2 times (x 142B)
Class com.google.common.collect.AbstractMultimap                                      : loaded 2 times (x 123B)
Class org.jetbrains.kotlin.serialization.deserialization.descriptors.DeserializedMemberScope$OptimizedImplementation$typeAliasByName$1: loaded 2 times (x 79B)
Class org.jetbrains.kotlin.serialization.deserialization.ErrorReporter                : loaded 2 times (x 70B)
Class org.jetbrains.kotlin.resolve.diagnostics.Diagnostics$Companion                  : loaded 2 times (x 71B)
Class kotlin.reflect.jvm.internal.impl.name.FqName                                    : loaded 2 times (x 72B)
Class [Lcom.android.resources.ResourceType$Kind;                                      : loaded 2 times (x 69B)
Class kotlin.io.FilesKt__FilePathComponentsKt                                         : loaded 2 times (x 71B)
Class org.jetbrains.kotlin.psi.KtPsiUtil$1                                            : loaded 2 times (x 304B)
Class org.jetbrains.kotlin.metadata.deserialization.ProtoBufUtilKt                    : loaded 2 times (x 71B)
Class org.jetbrains.kotlin.serialization.deserialization.FlexibleTypeDeserializer$ThrowException: loaded 2 times (x 74B)
Class org.jetbrains.kotlin.diagnostics.DiagnosticFactoryForDeprecation2$Companion     : loaded 2 times (x 71B)
Class it.unimi.dsi.fastutil.ints.IntSpliterator                                       : loaded 2 times (x 70B)
Class org.jetbrains.kotlin.psi.KtTypeArgumentList                                     : loaded 2 times (x 446B)
Class org.jetbrains.kotlin.psi.KtEnumEntrySuperclassReferenceExpression               : loaded 2 times (x 632B)
Class [Lorg.jetbrains.kotlin.psi.KtTypeConstraint;                                    : loaded 2 times (x 69B)
Class kotlin.reflect.jvm.internal.impl.utils.CollectionsKt                            : loaded 2 times (x 71B)
Class org.jetbrains.kotlin.cli.common.CliModuleVisibilityManagerImpl                  : loaded 2 times (x 82B)
Class kotlin.reflect.jvm.internal.CacheByClass                                        : loaded 2 times (x 73B)
Class org.jetbrains.kotlin.serialization.DescriptorSerializerPlugin$Companion         : loaded 2 times (x 72B)
Class org.jetbrains.kotlin.util.PerformanceCounter                                    : loaded 2 times (x 73B)
Class kotlin.coroutines.CoroutineContext$Element                                      : loaded 2 times (x 70B)
Class org.jetbrains.kotlin.cli.jvm.config.JvmContentRootBase                          : loaded 2 times (x 70B)
Class org.jetbrains.kotlin.load.kotlin.VirtualFileFinderFactory                       : loaded 2 times (x 70B)
Class org.jetbrains.kotlin.psi.stubs.elements.KtPropertyElementType                   : loaded 2 times (x 104B)
Class kotlin.reflect.KCallable                                                        : loaded 2 times (x 70B)
Class com.google.common.util.concurrent.AbstractFuture$UnsafeAtomicHelper$1           : loaded 2 times (x 76B)
Class [Lorg.jetbrains.kotlin.types.error.ErrorTypeKind;                               : loaded 2 times (x 69B)
Class org.jetbrains.kotlin.renderer.KeywordStringsGenerated                           : loaded 2 times (x 71B)
Class org.jetbrains.kotlin.util.slicedMap.KeyWithSlice                                : loaded 2 times (x 78B)
Class [Lorg.jetbrains.kotlin.psi.KtBackingField;                                      : loaded 2 times (x 69B)
Class kotlin.io.LinesSequence$iterator$1                                              : loaded 2 times (x 79B)
Class org.jetbrains.kotlin.psi.KtPsiUtil$2                                            : loaded 2 times (x 304B)
Class [Lorg.jetbrains.kotlin.serialization.deserialization.AnnotatedCallableKind;     : loaded 2 times (x 69B)
Class org.jetbrains.kotlin.protobuf.AbstractMessageLite$Builder                       : loaded 2 times (x 122B)
Class org.jetbrains.kotlin.protobuf.Internal$EnumLiteMap                              : loaded 2 times (x 70B)
Class org.jetbrains.kotlin.protobuf.GeneratedMessageLite                              : loaded 2 times (x 101B)
Class org.jetbrains.kotlin.diagnostics.PositioningStrategies$LABEL$1                  : loaded 2 times (x 74B)
Class org.jetbrains.kotlin.parsing.KotlinExpressionParsing                            : loaded 2 times (x 112B)
Class org.jetbrains.kotlin.psi.KtFunctionType                                         : loaded 2 times (x 513B)
Class org.jetbrains.kotlin.psi.KtConstructor                                          : loaded 2 times (x 1274B)
Class org.jetbrains.kotlin.resolve.CodeAnalyzerInitializer                            : loaded 2 times (x 70B)
Class org.jetbrains.kotlin.config.CompilerConfiguration                               : loaded 2 times (x 88B)
Class kotlin.text.CharsKt                                                             : loaded 2 times (x 71B)
Class com.android.io.CancellableFileIo                                                : loaded 2 times (x 71B)
Class [Lorg.jetbrains.kotlin.psi.KtScript;                                            : loaded 2 times (x 69B)
Class org.jetbrains.kotlin.cli.common.messages.MessageCollector$Companion             : loaded 2 times (x 71B)
Class com.google.common.base.Optional                                                 : loaded 2 times (x 80B)
Class com.google.common.util.concurrent.AbstractFuture$Trusted                        : loaded 2 times (x 70B)
Class com.google.common.collect.Iterators                                             : loaded 2 times (x 71B)
Class org.jetbrains.kotlin.parsing.KotlinParser                                       : loaded 2 times (x 75B)
Class org.jetbrains.kotlin.config.JvmTarget$Companion                                 : loaded 2 times (x 71B)
Class org.jetbrains.kotlin.metadata.jvm.JvmModuleProtoBuf$ModuleOrBuilder             : loaded 2 times (x 70B)
Class org.jetbrains.kotlin.config.KotlinCompilerVersion                               : loaded 2 times (x 71B)
Class org.jetbrains.kotlin.descriptors.Visibilities$Unknown                           : loaded 2 times (x 79B)
Class org.jetbrains.kotlin.descriptors.Visibilities$Inherited                         : loaded 2 times (x 79B)
Class [Lorg.jetbrains.kotlin.renderer.AnnotationArgumentsRenderingPolicy;             : loaded 2 times (x 69B)
Class org.jetbrains.kotlin.load.java.lazy.ModuleClassResolver                         : loaded 2 times (x 70B)
Class org.jetbrains.kotlin.context.MutableModuleContextImpl                           : loaded 2 times (x 95B)
Class org.jetbrains.kotlin.resolve.BindingContext                                     : loaded 2 times (x 70B)
Class kotlin.reflect.jvm.internal.KMutableProperty1Impl                               : loaded 2 times (x 135B)
Class org.jetbrains.kotlin.serialization.deserialization.ClassDeserializer$Companion  : loaded 2 times (x 71B)
Class org.jetbrains.kotlin.protobuf.Parser                                            : loaded 2 times (x 70B)
Class org.jetbrains.kotlin.resolve.checkers.ClassifierUsageCheckerContext             : loaded 2 times (x 78B)
Class org.jetbrains.kotlin.resolve.checkers.ReservedMembersAndConstructsForValueClass$Companion: loaded 2 times (x 71B)
Class [Lorg.jetbrains.kotlin.config.LanguageFeature$Kind;                             : loaded 2 times (x 69B)
Class org.jetbrains.kotlin.config.LanguageFeature$Kind                                : loaded 2 times (x 79B)
Class org.jetbrains.kotlin.diagnostics.PositioningStrategies$CALL_ELEMENT$1           : loaded 2 times (x 74B)
Class org.jetbrains.kotlin.resolve.PlatformDependentAnalyzerServices                  : loaded 2 times (x 77B)
Class org.jetbrains.kotlin.psi.KtWhenConditionInRange                                 : loaded 2 times (x 379B)
Class org.jetbrains.kotlin.psi.KtContainerNode                                        : loaded 2 times (x 376B)
Class org.jetbrains.kotlin.psi.KtExpressionCodeFragmentType                           : loaded 2 times (x 84B)
Class org.jetbrains.kotlin.psi.stubs.KotlinImportDirectiveStub                        : loaded 2 times (x 70B)
Class org.jetbrains.kotlin.psi.stubs.elements.KtObjectElementType                     : loaded 2 times (x 104B)
Class org.jetbrains.kotlin.psi.KtBackingField                                         : loaded 2 times (x 790B)
Class kotlin.reflect.jvm.internal.impl.builtins.functions.FunctionTypeKind$SuspendFunction: loaded 2 times (x 72B)
Class org.jetbrains.kotlin.scripting.definitions.ScriptCompilationConfigurationFromDefinition: loaded 2 times (x 72B)
Class org.jetbrains.kotlin.cli.jvm.compiler.MockInferredAnnotationsManager            : loaded 2 times (x 74B)
Class org.jetbrains.kotlin.asJava.KotlinAsJavaSupport                                 : loaded 2 times (x 89B)
Class kotlin.coroutines.ContinuationInterceptor$Key                                   : loaded 2 times (x 71B)
Class kotlin.text.DelimitedRangesSequence$iterator$1                                  : loaded 2 times (x 79B)
Class com.android.tools.lint.model.DefaultLintModelLibraryResolver                    : loaded 2 times (x 76B)
Class org.jetbrains.kotlin.resolve.checkers.InfixModifierChecker                      : loaded 2 times (x 74B)
Class net.rubygrapefruit.platform.internal.Platform$Linux32Bit                        : loaded 2 times (x 83B)
Class com.google.common.io.ByteSink$AsCharSink                                        : loaded 2 times (x 80B)
Class com.google.common.util.concurrent.UncheckedExecutionException                   : loaded 2 times (x 82B)
Class org.jetbrains.kotlin.types.expressions.GenericArrayClassLiteralSupport$Enabled  : loaded 2 times (x 74B)
Class org.jetbrains.kotlin.resolve.UpperBoundChecker                                  : loaded 2 times (x 74B)
Class [Lorg.jetbrains.kotlin.descriptors.ModuleDescriptor;                            : loaded 2 times (x 69B)
Class org.jetbrains.kotlin.types.SimpleTypeImpl                                       : loaded 2 times (x 92B)
Class org.jetbrains.kotlin.builtins.jvm.JvmBuiltInsCustomizer$createMockJavaIoSerializableType$superTypes$1: loaded 2 times (x 79B)
Class org.jetbrains.kotlin.incremental.components.ExpectActualTracker                 : loaded 2 times (x 70B)
Class org.jetbrains.kotlin.resolve.calls.model.ResolvedCall                           : loaded 2 times (x 70B)
Class org.jetbrains.kotlin.protobuf.WireFormat$JavaType                               : loaded 2 times (x 79B)
Class org.jetbrains.kotlin.resolve.checkers.SubtypingBetweenContextReceiversChecker   : loaded 2 times (x 74B)
Class org.jetbrains.kotlin.resolve.checkers.MissingDependencySupertypeChecker$ForDeclarations: loaded 2 times (x 74B)
Class org.jetbrains.kotlin.resolve.jvm.checkers.JvmNameAnnotationChecker              : loaded 2 times (x 74B)
Class org.jetbrains.kotlin.platform.jvm.JvmPlatforms                                  : loaded 2 times (x 71B)
Class org.jetbrains.kotlin.psi.stubs.KotlinClassifierStub                             : loaded 2 times (x 70B)
Class org.jetbrains.kotlin.psi.stubs.elements.KtStubElementType                       : loaded 2 times (x 100B)
Class org.jetbrains.kotlin.psi.KtFile$Companion                                       : loaded 2 times (x 71B)
Class kotlin.reflect.jvm.internal.KClassImpl$Data$declaredMembers$2                   : loaded 2 times (x 79B)
Class org.jetbrains.kotlin.load.java.structure.JavaClass                              : loaded 2 times (x 70B)
Class kotlin.script.experimental.util.PropertiesCollection$TransientKey               : loaded 2 times (x 72B)
Class org.jetbrains.kotlin.types.TypeAttributeTranslator                              : loaded 2 times (x 70B)
Class org.jetbrains.kotlin.parsing.KotlinParserDefinition$Companion                   : loaded 2 times (x 71B)
Class kotlin.io.LinesSequence                                                         : loaded 2 times (x 75B)
Class com.android.tools.lint.model.LintModelModuleLoader                              : loaded 2 times (x 70B)
Class org.jetbrains.kotlin.resolve.diagnostics.KotlinSuppressCache                    : loaded 2 times (x 80B)
Class net.rubygrapefruit.platform.Native                                              : loaded 2 times (x 71B)
Class net.rubygrapefruit.platform.NativeIntegration                                   : loaded 2 times (x 70B)
Class org.gradle.internal.InternalTransformer                                         : loaded 2 times (x 70B)
Class org.jetbrains.kotlin.types.model.TypeConstructorMarker                          : loaded 2 times (x 70B)
Class org.jetbrains.kotlin.types.expressions.FunctionWithBigAritySupport              : loaded 2 times (x 70B)
Class org.jetbrains.kotlin.config.AnalysisFlags$libraryToSourceAnalysis$2             : loaded 2 times (x 127B)
Class org.jetbrains.kotlin.config.AnalysisFlags$skipPrereleaseCheck$2                 : loaded 2 times (x 127B)
Class org.jetbrains.kotlin.resolve.OverridingUtil$1                                   : loaded 2 times (x 74B)
Class org.jetbrains.kotlin.types.KotlinTypeFactory$EMPTY_REFINED_TYPE_FACTORY$1       : loaded 2 times (x 78B)
Class org.jetbrains.kotlin.descriptors.Visibilities$PrivateToThis                     : loaded 2 times (x 79B)
Class org.jetbrains.kotlin.renderer.DescriptorRendererModifier$Companion              : loaded 2 times (x 71B)
Class org.jetbrains.kotlin.descriptors.annotations.Annotations$Companion              : loaded 2 times (x 71B)
Class org.jetbrains.kotlin.util.slicedMap.WritableSlice                               : loaded 2 times (x 70B)
Class org.jetbrains.kotlin.serialization.deserialization.ProtoBasedClassDataFinder    : loaded 2 times (x 75B)
Class org.jetbrains.kotlin.metadata.ProtoBuf$Annotation$Argument$Value$Builder        : loaded 2 times (x 154B)
Class org.jetbrains.kotlin.protobuf.SmallSortedMap$1                                  : loaded 2 times (x 130B)
Class kotlin.jvm.JvmStatic                                                            : loaded 2 times (x 70B)
Class org.jetbrains.kotlin.types.DynamicTypesSettings                                 : loaded 2 times (x 72B)
Class org.jetbrains.kotlin.resolve.calls.checkers.CompanionIncorrectlyUnboundedWhenUsedAsLHSCallChecker: loaded 2 times (x 74B)
Class org.jetbrains.kotlin.resolve.checkers.PrimitiveNumericComparisonCallChecker     : loaded 2 times (x 74B)
Class org.jetbrains.kotlin.resolve.calls.checkers.UnsupportedUntilRangeDeclarationChecker: loaded 2 times (x 74B)
Class org.jetbrains.kotlin.diagnostics.PositioningStrategies$CUT_CHAR_QUOTES$1        : loaded 2 times (x 74B)
Class org.jetbrains.kotlin.diagnostics.PositioningStrategies$PROPERTY_DELEGATE$1      : loaded 2 times (x 75B)
Class it.unimi.dsi.fastutil.ints.IntArraySet                                          : loaded 2 times (x 235B)
Class kotlin.collections.builders.SetBuilder$Companion                                : loaded 2 times (x 71B)
Class kotlin.reflect.jvm.internal.ReflectionFactoryImpl                               : loaded 2 times (x 91B)
Class com.android.tools.lint.model.LintModelSourceProvider                            : loaded 2 times (x 70B)
Class kotlin.collections.MapsKt__MapsJVMKt                                            : loaded 2 times (x 71B)
Class kotlin.collections.EmptyList                                                    : loaded 2 times (x 174B)
Class [Lcom.android.prefs.VariableValue;                                              : loaded 2 times (x 69B)
Class kotlin.collections.ArraysKt___ArraysKt$asSequence$$inlined$Sequence$1           : loaded 2 times (x 75B)
Class com.android.tools.lint.model.PathVariables$Companion                            : loaded 2 times (x 71B)
Class org.jetbrains.kotlin.serialization.deserialization.LocalClassifierTypeSettings  : loaded 2 times (x 70B)
Class com.android.manifmerger.ManifestMerger2$MergeFailureException                   : loaded 2 times (x 82B)
Class [Lnet.rubygrapefruit.platform.internal.FunctionResult$Failure;                  : loaded 2 times (x 69B)
Class com.google.common.collect.AbstractMapBasedMultimap$KeySet$1                     : loaded 2 times (x 82B)
Class org.objectweb.asm.ClassWriter                                                   : loaded 2 times (x 106B)
Class com.google.common.cache.CacheLoader$UnsupportedLoadingOperationException        : loaded 2 times (x 82B)
Class org.gradle.internal.classloader.ClasspathUtil$1                                 : loaded 2 times (x 76B)
Class org.jetbrains.kotlin.resolve.lazy.declarations.AbstractDeclarationProviderFactory: loaded 2 times (x 82B)
Class org.jetbrains.kotlin.metadata.jvm.deserialization.PackageParts                  : loaded 2 times (x 72B)
Class org.jetbrains.kotlin.config.AnalysisFlags                                       : loaded 2 times (x 71B)
Class org.jetbrains.kotlin.load.kotlin.JvmPackagePartProviderBase$Companion           : loaded 2 times (x 71B)
Class org.jetbrains.kotlin.descriptors.Modality                                       : loaded 2 times (x 79B)
Class org.jetbrains.kotlin.renderer.DescriptorRendererImpl                            : loaded 2 times (x 186B)
Class org.jetbrains.kotlin.storage.StorageKt                                          : loaded 2 times (x 71B)
Class [Lorg.objectweb.asm.Symbol;                                                     : loaded 2 times (x 69B)
Class org.jetbrains.kotlin.protobuf.BoundedByteString                                 : loaded 2 times (x 112B)
Class org.jetbrains.kotlin.resolve.calls.results.TypeSpecificityComparator            : loaded 2 times (x 70B)
Class org.jetbrains.kotlin.diagnostics.PositioningStrategies$WHOLE_ELEMENT$1          : loaded 2 times (x 74B)
Class com.google.common.reflect.TypeCapture                                           : loaded 2 times (x 71B)
Class com.android.utils.ILogger                                                       : loaded 2 times (x 70B)
Class org.jetbrains.kotlin.psi.KtPrefixExpression                                     : loaded 2 times (x 502B)
Class [Lorg.jetbrains.kotlin.psi.KtBlockStringTemplateEntry;                          : loaded 2 times (x 69B)
Class org.jetbrains.kotlin.types.model.KotlinTypeMarker                               : loaded 2 times (x 70B)
Class org.jetbrains.kotlin.psi.KtDeclarationWithInitializer                           : loaded 2 times (x 70B)
Class org.jetbrains.kotlin.psi.KtElementImplStub                                      : loaded 2 times (x 443B)
Class kotlin.collections.builders.ListBuilderKt                                       : loaded 2 times (x 71B)
Class org.jetbrains.kotlin.cli.jvm.index.JavaRoot$RootType                            : loaded 2 times (x 79B)
Class org.jetbrains.kotlin.storage.NullableLazyValue                                  : loaded 2 times (x 70B)
Class kotlin.reflect.jvm.internal.impl.builtins.StandardNames$FqNames                 : loaded 2 times (x 71B)
Class org.jetbrains.kotlin.scripting.compiler.plugin.definitions.CliScriptReportSink  : loaded 2 times (x 75B)
Class kotlin.reflect.jvm.internal.KCallableImpl$_absentArguments$1                    : loaded 2 times (x 79B)
Class com.android.tools.lint.model.LintModelDependencyGraph                           : loaded 2 times (x 70B)
Class com.android.utils.NullLogger                                                    : loaded 2 times (x 85B)
Class com.google.common.collect.AbstractMapBasedMultimap$Itr                          : loaded 2 times (x 83B)
Class com.google.common.collect.FluentIterable$1                                      : loaded 2 times (x 81B)
Class com.google.common.base.Objects                                                  : loaded 2 times (x 71B)
Class org.gradle.api.internal.classpath.DefaultModuleRegistry$DefaultModule           : loaded 2 times (x 86B)
Class org.jetbrains.kotlin.descriptors.Visibilities$InvisibleFake                     : loaded 2 times (x 79B)
Class org.jetbrains.kotlin.metadata.deserialization.NameResolverImpl$WhenMappings     : loaded 2 times (x 71B)
Class org.jetbrains.kotlin.protobuf.UninitializedMessageException                     : loaded 2 times (x 84B)
Class org.jetbrains.kotlin.metadata.ProtoBuf$TypeParameter$Variance                   : loaded 2 times (x 82B)
Class org.jetbrains.kotlin.metadata.ProtoBuf$Annotation$Argument$Value$1              : loaded 2 times (x 144B)
Class org.jetbrains.kotlin.resolve.jvm.checkers.FileClassAnnotationsChecker           : loaded 2 times (x 74B)
Class org.jetbrains.kotlin.diagnostics.PositioningStrategies$DEFAULT$1                : loaded 2 times (x 74B)
Class org.jetbrains.kotlin.platform.jvm.JvmPlatform                                   : loaded 2 times (x 75B)
Class org.jetbrains.kotlin.parsing.KotlinParsing$DeclarationParsingMode               : loaded 2 times (x 79B)
Class org.jetbrains.kotlin.psi.KtOperationExpression                                  : loaded 2 times (x 70B)
Class org.jetbrains.kotlin.psi.KtDestructuringDeclarationEntry                        : loaded 2 times (x 1237B)
Class org.jetbrains.kotlin.psi.stubs.elements.KtScriptElementType                     : loaded 2 times (x 100B)
Class [Lorg.jetbrains.kotlin.psi.KtSuperTypeEntry;                                    : loaded 2 times (x 69B)
Class [Lorg.jetbrains.kotlin.psi.KtSimpleNameExpression;                              : loaded 2 times (x 69B)
Class org.jetbrains.kotlin.psi.KtTypeConstraint                                       : loaded 2 times (x 571B)
Class org.jetbrains.kotlin.storage.SimpleLock                                         : loaded 2 times (x 70B)
Class org.jetbrains.kotlin.load.kotlin.ModuleVisibilityManager                        : loaded 2 times (x 70B)
Class kotlin.reflect.jvm.internal.ClassValueCache                                     : loaded 2 times (x 74B)
Class org.jetbrains.kotlin.resolve.extensions.ExtraImportsProviderExtension$Companion : loaded 2 times (x 72B)
Class org.jetbrains.kotlin.asJava.classes.ImplUtilsKt                                 : loaded 2 times (x 71B)
Class kotlin.ResultKt                                                                 : loaded 2 times (x 71B)
Class kotlin.sequences.TransformingSequence                                           : loaded 2 times (x 75B)
Class it.unimi.dsi.fastutil.objects.ReferenceSet                                      : loaded 2 times (x 70B)
Class com.android.tools.lint.model.DefaultLintModelDependencies                       : loaded 2 times (x 79B)
Class com.android.ide.common.repository.AgpVersion                                    : loaded 2 times (x 75B)
Class com.google.common.base.Absent                                                   : loaded 2 times (x 80B)
Class com.google.common.collect.FluentIterable$2                                      : loaded 2 times (x 81B)
Class com.google.common.collect.AbstractIterator                                      : loaded 2 times (x 82B)
Class [Lorg.jetbrains.kotlin.container.ComponentState;                                : loaded 2 times (x 69B)
Class org.jetbrains.kotlin.extensions.internal.CandidateInterceptor                   : loaded 2 times (x 72B)
Class com.android.utils.SdkUtils                                                      : loaded 2 times (x 71B)
Class kotlin.script.experimental.dependencies.DependenciesResolver                    : loaded 2 times (x 70B)
Class org.jetbrains.kotlin.builtins.functions.FunctionTypeKind$SuspendFunction        : loaded 2 times (x 76B)
Class org.jetbrains.kotlin.builtins.functions.FunctionTypeKind                        : loaded 2 times (x 76B)
Class org.jetbrains.kotlin.serialization.deserialization.AnnotatedCallableKind        : loaded 2 times (x 79B)
Class org.jetbrains.kotlin.metadata.ProtoBuf$Visibility$1                             : loaded 2 times (x 74B)
Class org.jetbrains.kotlin.serialization.deserialization.ClassDataFinder              : loaded 2 times (x 70B)
Class org.jetbrains.kotlin.metadata.deserialization.NameResolver                      : loaded 2 times (x 70B)
Class org.jetbrains.kotlin.protobuf.GeneratedMessageLite$ExtensionDescriptor          : loaded 2 times (x 84B)
Class org.jetbrains.kotlin.protobuf.InvalidProtocolBufferException                    : loaded 2 times (x 84B)
Class org.jetbrains.kotlin.descriptors.Named                                          : loaded 2 times (x 70B)
Class org.jetbrains.kotlin.diagnostics.PositioningStrategies$SAFE_ACCESS$1            : loaded 2 times (x 74B)
Class org.jetbrains.kotlin.resolve.jvm.checkers.SuspendInFunInterfaceChecker          : loaded 2 times (x 74B)
Class org.jetbrains.kotlin.resolve.jvm.checkers.JvmInlineApplicabilityChecker         : loaded 2 times (x 74B)
Class org.jetbrains.kotlin.platform.TargetPlatform                                    : loaded 2 times (x 119B)
Class [Lorg.jetbrains.kotlin.parsing.KotlinParsing$NameParsingMode;                   : loaded 2 times (x 69B)
Class org.jetbrains.kotlin.psi.KtContextReceiverList                                  : loaded 2 times (x 443B)
Class org.jetbrains.kotlin.psi.stubs.elements.KtContextReceiverElementType            : loaded 2 times (x 100B)
Class [Lorg.jetbrains.kotlin.psi.KtPureClassOrObject;                                 : loaded 2 times (x 69B)
Class [Lorg.jetbrains.kotlin.psi.KtDeclaration;                                       : loaded 2 times (x 69B)
Class kotlin.reflect.jvm.internal.KClassImpl$Data$inheritedStaticMembers$2            : loaded 2 times (x 79B)
Class org.jetbrains.kotlin.load.java.structure.impl.source.JavaElementSourceFactory   : loaded 2 times (x 79B)
Class org.jetbrains.kotlin.extensions.internal.CandidateInterceptor$Companion         : loaded 2 times (x 72B)
Class org.jetbrains.kotlin.resolve.jvm.extensions.PackageFragmentProviderExtension$Companion: loaded 2 times (x 72B)
Class org.jetbrains.kotlin.resolve.jvm.extensions.PackageFragmentProviderExtension    : loaded 2 times (x 70B)
Class kotlin.Result$Failure                                                           : loaded 2 times (x 72B)
Class org.jetbrains.kotlin.cli.jvm.compiler.CompatKt                                  : loaded 2 times (x 71B)
Class [Lorg.jetbrains.kotlin.psi.KtDeclarationWithBody;                               : loaded 2 times (x 69B)
Class kotlin.collections.ArraysKt__ArraysKt                                           : loaded 2 times (x 71B)
Class com.google.common.collect.FluentIterable$3                                      : loaded 2 times (x 81B)
Class com.google.common.collect.Multiset                                              : loaded 2 times (x 70B)
Class com.google.common.collect.ArrayListMultimapGwtSerializationDependencies         : loaded 2 times (x 172B)
Class org.jetbrains.kotlin.resolve.jvm.JvmPlatformAnnotationFeaturesSupport           : loaded 2 times (x 75B)
Class org.jetbrains.kotlin.resolve.jvm.JvmCompilerDeserializationConfiguration        : loaded 2 times (x 85B)
Class org.jetbrains.kotlin.renderer.DescriptorRendererImpl$RenderDeclarationDescriptorVisitor: loaded 2 times (x 89B)
Class org.jetbrains.kotlin.resolve.BindingTraceFilter                                 : loaded 2 times (x 71B)
Class org.jetbrains.kotlin.types.Variance                                             : loaded 2 times (x 80B)
Class org.jetbrains.kotlin.serialization.deserialization.descriptors.DeserializedContainerSource: loaded 2 times (x 70B)
Class org.jetbrains.kotlin.protobuf.ByteString$ByteIterator                           : loaded 2 times (x 70B)
Class org.jetbrains.kotlin.resolve.calls.checkers.IncorrectCapturedApproximationCallChecker: loaded 2 times (x 74B)
Class org.jetbrains.kotlin.resolve.calls.checkers.ProtectedConstructorCallChecker     : loaded 2 times (x 74B)
Class org.jetbrains.kotlin.resolve.checkers.SealedInheritorInSamePackageChecker       : loaded 2 times (x 74B)
Class [Lorg.jetbrains.kotlin.psi.KtValVarKeywordOwner;                                : loaded 2 times (x 69B)
Class it.unimi.dsi.fastutil.objects.ObjectBidirectionalIterator                       : loaded 2 times (x 70B)
Class [Lorg.jetbrains.kotlin.psi.KtAnnotation;                                        : loaded 2 times (x 69B)
Class org.jetbrains.kotlin.cli.jvm.index.JvmDependenciesIndexImpl$roots$2             : loaded 2 times (x 79B)
Class kotlin.reflect.jvm.internal.impl.builtins.jvm.JavaToKotlinClassMap              : loaded 2 times (x 71B)
Class org.jetbrains.kotlin.scripting.compiler.plugin.extensions.ScriptingCollectAdditionalSourcesExtension: loaded 2 times (x 75B)
Class kotlin.reflect.jvm.internal.KotlinReflectionInternalError                       : loaded 2 times (x 82B)
Class kotlin.script.experimental.host.ScriptingHostConfiguration                      : loaded 2 times (x 72B)
Class [Lorg.jetbrains.kotlin.name.ClassId;                                            : loaded 2 times (x 69B)
Class com.android.tools.lint.model.DefaultLintModelVariant$artifact$2                 : loaded 2 times (x 79B)
Class kotlin.collections.SetsKt__SetsJVMKt                                            : loaded 2 times (x 71B)
Class com.android.tools.lint.model.LintModelMavenName$Companion                       : loaded 2 times (x 71B)
Class kotlin.Function                                                                 : loaded 2 times (x 70B)
Class org.gradle.api.internal.classpath.Module                                        : loaded 2 times (x 70B)
Class org.jetbrains.kotlin.types.expressions.FunctionWithBigAritySupport$LanguageVersionDependent: loaded 2 times (x 74B)
Class org.jetbrains.kotlin.metadata.deserialization.VersionSpecificBehaviorKt         : loaded 2 times (x 71B)
Class org.jetbrains.kotlin.frontend.java.di.InjectionKt                               : loaded 2 times (x 71B)
Class org.jetbrains.kotlin.renderer.DescriptorRenderer$Companion$COMPACT$1            : loaded 2 times (x 78B)
Class org.jetbrains.kotlin.renderer.OverrideRenderingPolicy                           : loaded 2 times (x 79B)
Class org.jetbrains.kotlin.renderer.DescriptorRendererOptionsImpl$defaultParameterValueRenderer$2: loaded 2 times (x 78B)
Class org.jetbrains.kotlin.metadata.deserialization.Flags$FlagField                   : loaded 2 times (x 73B)
Class org.jetbrains.kotlin.resolve.calls.context.ResolutionContext                    : loaded 2 times (x 85B)
Class org.jetbrains.kotlin.resolve.RequireKotlinConstants                             : loaded 2 times (x 71B)
Class org.jetbrains.kotlin.diagnostics.ParametrizedDiagnostic                         : loaded 2 times (x 70B)
Class org.jetbrains.kotlin.storage.LockBasedStorageManager$MapBasedMemoizedFunctionToNotNull: loaded 2 times (x 85B)
Class org.jetbrains.kotlin.psi.KtPropertyDelegate                                     : loaded 2 times (x 378B)
Class it.unimi.dsi.fastutil.ints.IntOpenHashSet                                       : loaded 2 times (x 239B)
Class org.jetbrains.kotlin.psi.KtTypeParameterListOwner                               : loaded 2 times (x 70B)
Class org.jetbrains.kotlin.cli.jvm.modules.CoreJrtVirtualFile$myChildren$2            : loaded 2 times (x 79B)
Class kotlin.reflect.jvm.internal.KClassifierImpl                                     : loaded 2 times (x 70B)
Class kotlin.reflect.KMutableProperty                                                 : loaded 2 times (x 70B)
Class kotlin.internal.ProgressionUtilKt                                               : loaded 2 times (x 71B)
Class kotlin.collections.CharIterator                                                 : loaded 2 times (x 82B)
Class com.google.common.cache.Weigher                                                 : loaded 2 times (x 70B)
Class org.gradle.api.internal.classpath.UnknownModuleException                        : loaded 2 times (x 82B)
Class [Lorg.jetbrains.kotlin.psi.KtCallElement;                                       : loaded 2 times (x 69B)
Class org.jetbrains.kotlin.metadata.jvm.deserialization.BinaryModuleData              : loaded 2 times (x 72B)
Class org.jetbrains.kotlin.resolve.lazy.declarations.DeclarationProvider              : loaded 2 times (x 70B)
Class org.jetbrains.kotlin.serialization.deserialization.descriptors.DeserializedMemberScope$Implementation: loaded 2 times (x 70B)
Class org.jetbrains.kotlin.types.checker.NewKotlinTypeCheckerImpl                     : loaded 2 times (x 81B)
Class org.jetbrains.kotlin.builtins.jvm.JvmBuiltInsCustomizer$cloneableType$2         : loaded 2 times (x 79B)
Class org.jetbrains.kotlin.renderer.AnnotationArgumentsRenderingPolicy                : loaded 2 times (x 79B)
Class org.jetbrains.kotlin.descriptors.deserialization.ClassDescriptorFactory         : loaded 2 times (x 70B)
Class org.jetbrains.kotlin.serialization.deserialization.builtins.BuiltInsResourceLoader: loaded 2 times (x 71B)
Class [Lorg.jetbrains.kotlin.builtins.jvm.JvmBuiltIns$Kind;                           : loaded 2 times (x 69B)
Class org.jetbrains.kotlin.cli.jvm.compiler.TopDownAnalyzerFacadeForJVM$AllJavaSourcesInProjectScope: loaded 2 times (x 101B)
Class org.jetbrains.kotlin.builtins.FunctionTypesKt                                   : loaded 2 times (x 71B)
Class [Lorg.jetbrains.kotlin.metadata.ProtoBuf$Class$Kind;                            : loaded 2 times (x 69B)
Class org.jetbrains.kotlin.metadata.ProtoBuf$QualifiedNameTable$QualifiedName         : loaded 2 times (x 110B)
Class org.jetbrains.kotlin.types.WrappedTypeFactory                                   : loaded 2 times (x 74B)
Class org.jetbrains.kotlin.descriptors.ParameterDescriptor                            : loaded 2 times (x 70B)
Class org.jetbrains.kotlin.container.InstanceComponentDescriptor                      : loaded 2 times (x 85B)
Class org.jetbrains.kotlin.resolve.checkers.MissingDependencyClassChecker             : loaded 2 times (x 74B)
Class org.jetbrains.kotlin.diagnostics.PositioningStrategies$FOR_UNRESOLVED_REFERENCE$1: loaded 2 times (x 74B)
Class org.jetbrains.kotlin.resolve.jvm.checkers.JvmPropertyVsFieldAmbiguityCallChecker: loaded 2 times (x 74B)
Class org.jetbrains.kotlin.platform.TargetPlatformVersion$NoVersion                   : loaded 2 times (x 74B)
Class org.jetbrains.kotlin.psi.KtClassLiteralExpression                               : loaded 2 times (x 579B)
Class org.jetbrains.kotlin.psi.KtSuperTypeCallEntry                                   : loaded 2 times (x 519B)
Class org.jetbrains.kotlin.psi.KtSuperTypeList                                        : loaded 2 times (x 447B)
Class org.jetbrains.kotlin.psi.LambdaArgument                                         : loaded 2 times (x 70B)
Class [Lorg.jetbrains.kotlin.psi.KtTypeConstraintList;                                : loaded 2 times (x 69B)
Class org.jetbrains.kotlin.lexer.KtToken                                              : loaded 2 times (x 75B)
Class kotlin.script.experimental.api.ScriptEvaluationConfiguration                    : loaded 2 times (x 72B)
Class kotlin.script.experimental.api.IdeScriptCompilationConfigurationBuilder$Companion: loaded 2 times (x 71B)
Class org.jetbrains.kotlin.resolve.jvm.KotlinFinderMarker                             : loaded 2 times (x 70B)
Class [Lorg.jetbrains.kotlin.cli.jvm.compiler.EnvironmentConfigFiles;                 : loaded 2 times (x 69B)
Class kotlin.jvm.internal.PropertyReference                                           : loaded 2 times (x 115B)
Class kotlin.collections.builders.ListBuilder$Itr                                     : loaded 2 times (x 94B)
Class com.android.prefs.VariableValue                                                 : loaded 2 times (x 84B)
Class com.android.prefs.AbstractAndroidLocations$Companion                            : loaded 2 times (x 71B)
Class com.google.common.base.Stopwatch                                                : loaded 2 times (x 72B)
Class com.google.common.cache.LocalCache$Strength                                     : loaded 2 times (x 81B)
Class com.google.common.cache.Cache                                                   : loaded 2 times (x 70B)
Class org.jetbrains.kotlin.load.java.sam.JvmSamConversionOracle                       : loaded 2 times (x 77B)
Class org.jetbrains.kotlin.builtins.jvm.JvmBuiltInsCustomizer$deprecationForSomeOfTheListMethods$1: loaded 2 times (x 79B)
Class org.jetbrains.kotlin.descriptors.PropertyAccessorDescriptor                     : loaded 2 times (x 70B)
Class org.jetbrains.kotlin.renderer.DescriptorRenderer$Companion$COMPACT_WITHOUT_SUPERTYPES$1: loaded 2 times (x 78B)
Class org.jetbrains.kotlin.descriptors.impl.PackageFragmentDescriptorImpl             : loaded 2 times (x 140B)
Class org.jetbrains.kotlin.serialization.deserialization.NameResolverUtilKt           : loaded 2 times (x 71B)
Class org.jetbrains.kotlin.protobuf.LiteralByteString                                 : loaded 2 times (x 112B)
Class org.jetbrains.kotlin.protobuf.LazyFieldLite                                     : loaded 2 times (x 82B)
Class org.jetbrains.kotlin.diagnostics.ClassicPositioningStrategies$INCOMPATIBLE_DECLARATION$1: loaded 2 times (x 75B)
Class [Lorg.jetbrains.kotlin.parsing.KotlinExpressionParsing$Precedence;              : loaded 2 times (x 69B)
Class org.jetbrains.kotlin.resolve.jvm.platform.JvmPlatformConfigurator               : loaded 2 times (x 80B)
Class [Lorg.jetbrains.kotlin.psi.KtLambdaArgument;                                    : loaded 2 times (x 69B)
Class org.jetbrains.kotlin.psi.stubs.KotlinUserTypeStub                               : loaded 2 times (x 70B)
Class org.jetbrains.kotlin.psi.stubs.elements.KtSecondaryConstructorElementType       : loaded 2 times (x 107B)
Class [Lorg.jetbrains.kotlin.psi.KtTypeAlias;                                         : loaded 2 times (x 69B)
Class kotlin.reflect.jvm.internal.KClassImpl$Data$nestedClasses$2                     : loaded 2 times (x 79B)
Class org.jetbrains.kotlin.cli.common.CLIConfigurationKeys                            : loaded 2 times (x 71B)
Class com.android.tools.lint.model.LintModelAndroidArtifact                           : loaded 2 times (x 70B)
Class [Lcom.android.tools.lint.model.LintModelSerialization$TargetFile;               : loaded 2 times (x 69B)
Class org.jetbrains.kotlin.container.InvalidCardinalityException                      : loaded 2 times (x 82B)
Class com.google.common.collect.AbstractMultimap$Entries                              : loaded 2 times (x 120B)
Class com.google.common.io.Files$2                                                    : loaded 2 times (x 76B)
Class com.google.common.io.AppendableWriter                                           : loaded 2 times (x 100B)
Class com.google.common.util.concurrent.AbstractFuture$Cancellation                   : loaded 2 times (x 72B)
Class androidx.compose.lint.Name                                                      : loaded 2 times (x 72B)
Class [Lorg.jetbrains.kotlin.descriptors.annotations.Annotated;                       : loaded 2 times (x 69B)
Class org.jetbrains.kotlin.serialization.deserialization.builtins.BuiltInsLoaderImpl$createPackageFragmentProvider$1: loaded 2 times (x 125B)
Class org.jetbrains.kotlin.types.TypeAttributes                                       : loaded 2 times (x 82B)
Class org.jetbrains.kotlin.types.error.ErrorEntity                                    : loaded 2 times (x 79B)
Class org.jetbrains.kotlin.incremental.components.InlineConstTracker$DoNothing        : loaded 2 times (x 74B)
Class com.android.tools.lint.model.LintModelJavaArtifact                              : loaded 2 times (x 70B)
Class org.jetbrains.kotlin.resolve.calls.checkers.ReferencingToUnderscoreNamedParameterOfCatchBlockChecker: loaded 2 times (x 74B)
Class org.jetbrains.kotlin.resolve.calls.checkers.CallReturnsArrayOfNothingChecker    : loaded 2 times (x 74B)
Class org.jetbrains.kotlin.diagnostics.PositioningStrategies$ANNOTATION_USE_SITE$1    : loaded 2 times (x 74B)
Class org.jetbrains.kotlin.psi.KtBinaryExpression                                     : loaded 2 times (x 504B)
Class [Lorg.jetbrains.kotlin.psi.LambdaArgument;                                      : loaded 2 times (x 69B)
Class [Lorg.jetbrains.kotlin.psi.KtTypeParameterList;                                 : loaded 2 times (x 69B)
Class [Lorg.jetbrains.kotlin.psi.KtNamedFunction;                                     : loaded 2 times (x 69B)
Class org.jetbrains.kotlin.lexer.KtModifierKeywordToken                               : loaded 2 times (x 78B)
Class [Lorg.jetbrains.kotlin.psi.KtNamedDeclarationStub;                              : loaded 2 times (x 69B)
Class org.jetbrains.kotlin.cli.jvm.index.SingleJavaFileRootsIndex                     : loaded 2 times (x 72B)
Class org.jetbrains.kotlin.resolve.jvm.modules.JavaModuleFinder                       : loaded 2 times (x 70B)
Class [Lkotlin.reflect.jvm.internal.impl.builtins.PrimitiveType;                      : loaded 2 times (x 69B)
Class kotlin.reflect.jvm.internal.impl.builtins.StandardNames                         : loaded 2 times (x 71B)
Class kotlin.reflect.jvm.internal.KClassImpl$Data$annotations$2                       : loaded 2 times (x 79B)
Class org.jetbrains.kotlin.resolve.jvm.NotFoundPackagesCachingStrategy$Default        : loaded 2 times (x 74B)
Class kotlin.script.experimental.util.PropertiesCollection$PropertyKeyDelegate$1      : loaded 2 times (x 79B)
Class kotlin.reflect.jvm.internal.ReflectProperties$LazySoftVal                       : loaded 2 times (x 78B)
Class [Lkotlin.reflect.KAnnotatedElement;                                             : loaded 2 times (x 69B)
Class kotlin.script.experimental.util.PropertiesCollection                            : loaded 2 times (x 72B)
Class org.jetbrains.kotlin.extensions.DeclarationAttributeAltererExtension$Companion  : loaded 2 times (x 72B)
Class net.rubygrapefruit.platform.internal.FunctionResult                             : loaded 2 times (x 77B)
Class com.google.common.base.Present                                                  : loaded 2 times (x 81B)
Class com.google.common.cache.RemovalListener                                         : loaded 2 times (x 70B)
Class org.gradle.api.internal.DefaultClassPathRegistry                                : loaded 2 times (x 76B)
Class org.jetbrains.kotlin.resolve.ExternalOverridabilityCondition                    : loaded 2 times (x 70B)
Class org.jetbrains.kotlin.descriptors.ModuleDescriptor$DefaultImpls                  : loaded 2 times (x 71B)
Class [Lorg.jetbrains.kotlin.renderer.OverrideRenderingPolicy;                        : loaded 2 times (x 69B)
Class org.jetbrains.kotlin.builtins.PrimitiveType                                     : loaded 2 times (x 79B)
Class org.jetbrains.kotlin.metadata.ProtoBuf$Type$Argument$Projection$1               : loaded 2 times (x 74B)
Class org.jetbrains.kotlin.protobuf.SmallSortedMap$EmptySet$1                         : loaded 2 times (x 78B)
Class org.jetbrains.kotlin.protobuf.AbstractMessageLite$Builder$LimitedInputStream    : loaded 2 times (x 92B)
Class org.jetbrains.kotlin.descriptors.MemberDescriptor                               : loaded 2 times (x 70B)
Class org.jetbrains.kotlin.resolve.calls.checkers.UnsupportedUntilOperatorChecker     : loaded 2 times (x 74B)
Class org.jetbrains.kotlin.resolve.checkers.ValueParameterUsageInDefaultArgumentChecker: loaded 2 times (x 74B)
Class org.jetbrains.kotlin.diagnostics.PositioningStrategies$DOT_BY_QUALIFIED$1       : loaded 2 times (x 74B)
Class org.jetbrains.kotlin.diagnostics.PositioningStrategies$IMPORT_ALIAS$1           : loaded 2 times (x 74B)
Class org.jetbrains.kotlin.psi.KtSimpleNameStringTemplateEntry                        : loaded 2 times (x 444B)
Class org.jetbrains.kotlin.psi.stubs.KotlinCollectionLiteralExpressionStub            : loaded 2 times (x 70B)
Class org.jetbrains.kotlin.psi.stubs.elements.KtConstantExpressionElementType$Companion: loaded 2 times (x 71B)
Class [Lorg.jetbrains.kotlin.psi.KtInitializerList;                                   : loaded 2 times (x 69B)
Class org.jetbrains.kotlin.psi.KtExpressionImplStub                                   : loaded 2 times (x 505B)
Class [Lorg.jetbrains.kotlin.psi.KtClassInitializer;                                  : loaded 2 times (x 69B)
Class org.jetbrains.kotlin.psi.KtVariableDeclaration                                  : loaded 2 times (x 70B)
Class org.jetbrains.kotlin.psi.KtClassOrObject                                        : loaded 2 times (x 1099B)
Class org.jetbrains.kotlin.resolve.jvm.modules.JavaModuleInfo$Companion$read$1        : loaded 2 times (x 88B)
Class kotlin.jvm.JvmClassMappingKt                                                    : loaded 2 times (x 71B)
Class kotlin.reflect.jvm.internal.KPropertyImpl                                       : loaded 2 times (x 115B)
Class kotlin.jvm.internal.Reflection                                                  : loaded 2 times (x 71B)
Class kotlin.reflect.KProperty                                                        : loaded 2 times (x 70B)
Class kotlin.ranges.ClosedRange                                                       : loaded 2 times (x 70B)
Class org.jetbrains.kotlin.protobuf.ByteString$Output                                 : loaded 2 times (x 86B)
Class org.jetbrains.kotlin.metadata.ProtoBuf$StringTable                              : loaded 2 times (x 108B)
Class org.jetbrains.kotlin.protobuf.UnmodifiableLazyStringList                        : loaded 2 times (x 277B)
Class com.android.tools.lint.model.LintModelLintOptions                               : loaded 2 times (x 70B)
Class com.android.prefs.PathLocator$singlePathOf$values$1                             : loaded 2 times (x 79B)
Class com.android.tools.lint.model.PathVariables$Companion$PATH_COMPARATOR$1          : loaded 2 times (x 78B)
Class com.google.common.reflect.Invokable$ConstructorInvokable                        : loaded 2 times (x 107B)
Class net.rubygrapefruit.platform.NativeIntegrationLinkageException                   : loaded 2 times (x 82B)
Class org.jetbrains.kotlin.load.java.JvmAbi                                           : loaded 2 times (x 71B)
Class [Lorg.jetbrains.kotlin.config.JvmDefaultMode;                                   : loaded 2 times (x 69B)
Class com.google.common.collect.ImmutableMultimap$Keys                                : loaded 2 times (x 166B)
Class org.gradle.api.internal.ClassPathRegistry                                       : loaded 2 times (x 70B)
Class org.gradle.internal.classpath.DefaultClassPath$ImmutableUniqueList              : loaded 2 times (x 199B)
Class org.jetbrains.kotlin.resolve.diagnostics.KotlinSuppressCache$filter$1           : loaded 2 times (x 79B)
Class org.jetbrains.kotlin.load.kotlin.JvmPackagePartProviderBase$allPackageNames$2   : loaded 2 times (x 79B)
Class org.jetbrains.kotlin.builtins.jvm.JvmBuiltInsCustomizer$notConsideredDeprecation$2: loaded 2 times (x 79B)
Class org.jetbrains.kotlin.descriptors.Visibilities$Protected                         : loaded 2 times (x 79B)
Class org.jetbrains.kotlin.descriptors.ClassKind                                      : loaded 2 times (x 79B)
Class org.jetbrains.kotlin.metadata.jvm.JvmProtoBuf$JvmPropertySignature              : loaded 2 times (x 114B)
Class kotlin.collections.IntIterator                                                  : loaded 2 times (x 82B)
Class org.jetbrains.kotlin.metadata.ProtoBuf$ValueParameterOrBuilder                  : loaded 2 times (x 70B)
Class org.jetbrains.kotlin.protobuf.SmallSortedMap$EmptySet$2                         : loaded 2 times (x 78B)
Class org.jetbrains.kotlin.metadata.ProtoBuf$PackageOrBuilder                         : loaded 2 times (x 70B)
Class org.jetbrains.kotlin.container.PlatformExtensionsClashResolver$FirstWins        : loaded 2 times (x 73B)
Class org.jetbrains.kotlin.resolve.calls.checkers.VarargWrongExecutionOrderChecker    : loaded 2 times (x 74B)
Class org.jetbrains.kotlin.resolve.checkers.SuspendFunctionAsSupertypeChecker         : loaded 2 times (x 74B)
Class org.jetbrains.kotlin.resolve.checkers.ActualClassifierMustHasTheSameMembersAsNonFinalExpectClassifierChecker: loaded 2 times (x 74B)
Class org.jetbrains.kotlin.resolve.ImportPath$Companion                               : loaded 2 times (x 71B)
Class org.jetbrains.kotlin.KtNodeTypes                                                : loaded 2 times (x 70B)
Class org.jetbrains.kotlin.psi.KtStringTemplateExpression                             : loaded 2 times (x 677B)
Class org.jetbrains.kotlin.psi.KtImportInfo$ImportContent                             : loaded 2 times (x 71B)
Class org.jetbrains.kotlin.scripting.definitions.AutoloadedScriptDefinitions$basePath$2: loaded 2 times (x 78B)
Class kotlin.reflect.jvm.internal.impl.resolve.jvm.JvmPrimitiveType                   : loaded 2 times (x 79B)
Class kotlin.reflect.jvm.internal.KClassImpl$Data$declaredNonStaticMembers$2          : loaded 2 times (x 79B)
Class kotlin.script.experimental.api.KotlinType$Companion                             : loaded 2 times (x 71B)
Class kotlin.reflect.jvm.internal.ComputableClassValue                                : loaded 2 times (x 80B)
Class org.jetbrains.kotlin.extensions.StorageComponentContainerContributor            : loaded 2 times (x 70B)
Class kotlin.jvm.internal.TypeIntrinsics                                              : loaded 2 times (x 71B)
Class com.android.prefs.PathLocator$singlePathOf$values$2                             : loaded 2 times (x 78B)
Class com.android.tools.lint.model.PathVariables$Companion$PATH_COMPARATOR$2          : loaded 2 times (x 78B)
Class kotlin.text.StringsKt__StringsJVMKt                                             : loaded 2 times (x 71B)
Class com.google.common.reflect.TypeToken                                             : loaded 2 times (x 73B)
Class com.google.common.collect.NullnessCasts                                         : loaded 2 times (x 71B)
Class com.google.common.collect.MapMakerInternalMap$Segment                           : loaded 2 times (x 142B)
Class com.google.common.base.ExtraObjectsMethodsForWeb                                : loaded 2 times (x 71B)
Class org.jetbrains.kotlin.resolve.jvm.checkers.JvmStaticChecker                      : loaded 2 times (x 74B)
Class org.jetbrains.kotlin.metadata.deserialization.VersionRequirementTable           : loaded 2 times (x 72B)
Class org.jetbrains.kotlin.descriptors.DescriptorVisibilities                         : loaded 2 times (x 71B)
Class org.jetbrains.kotlin.incremental.components.LookupTracker$DO_NOTHING            : loaded 2 times (x 76B)
Class org.jetbrains.kotlin.context.ProjectContext                                     : loaded 2 times (x 70B)
Class org.jetbrains.kotlin.resolve.CleanableBindingContext                            : loaded 2 times (x 70B)
Class org.jetbrains.kotlin.storage.LockBasedStorageManager$LockBasedLazyValueWithPostCompute: loaded 2 times (x 87B)
Class org.jetbrains.kotlin.descriptors.DeclarationDescriptor                          : loaded 2 times (x 70B)
Class org.jetbrains.kotlin.container.ValueDescriptor                                  : loaded 2 times (x 70B)
Class org.jetbrains.kotlin.resolve.calls.checkers.ResolutionToPrivateConstructorOfSealedClassChecker: loaded 2 times (x 74B)
Class org.jetbrains.kotlin.diagnostics.PositioningStrategies$DeclarationHeader        : loaded 2 times (x 75B)
Class org.jetbrains.kotlin.types.AbstractTypePreparator                               : loaded 2 times (x 72B)
Class org.jetbrains.kotlin.psi.KtObjectLiteralExpression                              : loaded 2 times (x 438B)
Class org.jetbrains.kotlin.psi.KtLoopExpression                                       : loaded 2 times (x 440B)
Class org.jetbrains.kotlin.psi.KtConstructorDelegationCall                            : loaded 2 times (x 452B)
Class org.jetbrains.kotlin.psi.KtExpressionImpl                                       : loaded 2 times (x 437B)
Class it.unimi.dsi.fastutil.longs.LongCollection                                      : loaded 2 times (x 70B)
Class [Lorg.jetbrains.kotlin.psi.KtContextReceiver;                                   : loaded 2 times (x 69B)
Class org.jetbrains.kotlin.compiler.plugin.CompilerPluginRegistrar$Companion          : loaded 2 times (x 71B)
Class org.jetbrains.kotlin.compiler.plugin.CompilerPluginRegistrar$ExtensionStorage   : loaded 2 times (x 72B)
Class kotlin.text.StringsKt__StringsKt$splitToSequence$2                              : loaded 2 times (x 79B)
Class kotlin.collections.SetsKt                                                       : loaded 2 times (x 71B)
Class com.android.tools.lint.model.PathVariables$Companion$PATH_COMPARATOR$3          : loaded 2 times (x 78B)
Class kotlin.text.StringsKt__IndentKt                                                 : loaded 2 times (x 71B)
Class org.jetbrains.kotlin.storage.LockBasedStorageManager$CacheWithNotNullValuesBasedOnMemoizedFunction: loaded 2 times (x 89B)
Class net.rubygrapefruit.platform.internal.jni.NativeLibraryFunctions                 : loaded 2 times (x 71B)
Class org.jetbrains.kotlin.config.JvmDefaultMode$Companion                            : loaded 2 times (x 71B)
Class com.google.common.io.ByteSink                                                   : loaded 2 times (x 76B)
Class com.google.common.cache.CacheBuilder                                            : loaded 2 times (x 72B)
Class Settings_gradle$1                                                               : loaded 2 times (x 74B)
Class org.gradle.internal.classpath.ClassPath                                         : loaded 2 times (x 70B)
Class org.gradle.api.UncheckedIOException                                             : loaded 2 times (x 82B)
Class org.jetbrains.kotlin.resolve.lazy.declarations.ClassMemberDeclarationProvider   : loaded 2 times (x 70B)
Class org.jetbrains.kotlin.serialization.deserialization.TypeDeserializer             : loaded 2 times (x 72B)
Class org.jetbrains.kotlin.types.error.ErrorModuleDescriptor$builtIns$2               : loaded 2 times (x 78B)
Class org.jetbrains.kotlin.descriptors.InvalidModuleException                         : loaded 2 times (x 82B)
Class org.jetbrains.kotlin.descriptors.impl.AbstractClassDescriptor$1                 : loaded 2 times (x 77B)
Class org.jetbrains.kotlin.renderer.DescriptorRendererModifier                        : loaded 2 times (x 79B)
Class org.jetbrains.kotlin.cli.jvm.compiler.TopDownAnalyzerFacadeForJVM$SourceOrBinaryModuleClassResolver: loaded 2 times (x 75B)
Class org.jetbrains.kotlin.descriptors.annotations.Annotations                        : loaded 2 times (x 70B)
Class org.jetbrains.kotlin.serialization.deserialization.descriptors.DeserializedMemberScope$classifierNamesLazy$2: loaded 2 times (x 79B)
Class org.jetbrains.kotlin.metadata.deserialization.TypeTable                         : loaded 2 times (x 72B)
Class org.jetbrains.kotlin.descriptors.annotations.AnnotationDescriptor               : loaded 2 times (x 70B)
Class org.jetbrains.kotlin.resolve.checkers.NullableExtensionOperatorWithSafeCallChecker: loaded 2 times (x 74B)
Class org.jetbrains.kotlin.resolve.calls.checkers.BuilderFunctionsCallChecker         : loaded 2 times (x 74B)
Class org.jetbrains.kotlin.resolve.checkers.TrailingCommaCallChecker                  : loaded 2 times (x 74B)
Class org.jetbrains.kotlin.diagnostics.DiagnosticFactoryForDeprecation                : loaded 2 times (x 72B)
Class org.jetbrains.kotlin.resolve.PlatformConfigurator                               : loaded 2 times (x 70B)
Class [Lorg.jetbrains.kotlin.parsing.KotlinParsing$DeclarationParsingMode;            : loaded 2 times (x 69B)
Class org.jetbrains.kotlin.psi.KtSimpleNameExpressionImpl                             : loaded 2 times (x 569B)
Class [Lorg.jetbrains.kotlin.psi.KtDynamicType;                                       : loaded 2 times (x 69B)
Class [Lkotlin.reflect.jvm.internal.impl.name.FqName;                                 : loaded 2 times (x 69B)
Class kotlin.script.experimental.location.ScriptExpectedLocation                      : loaded 2 times (x 79B)
Class org.jetbrains.kotlin.scripting.compiler.plugin.definitions.CliScriptDependenciesProvider: loaded 2 times (x 75B)
Class kotlin.reflect.jvm.internal.KPackageImpl                                        : loaded 2 times (x 85B)
Class org.jetbrains.kotlin.extensions.internal.TypeResolutionInterceptor              : loaded 2 times (x 72B)
Class org.jetbrains.kotlin.idea.KotlinLanguage                                        : loaded 2 times (x 107B)
Class kotlin.reflect.KFunction                                                        : loaded 2 times (x 70B)
Class com.android.tools.lint.model.PathVariables$Companion$PATH_COMPARATOR$4          : loaded 2 times (x 78B)
Class org.jetbrains.kotlin.resolve.jvm.checkers.InterfaceDefaultMethodCallChecker     : loaded 2 times (x 75B)
Class com.google.common.collect.Interners$InternerBuilder                             : loaded 2 times (x 76B)
Class com.google.common.io.Files$FileByteSource                                       : loaded 2 times (x 85B)
Class org.jetbrains.kotlin.resolve.jvm.checkers.JvmModuleAccessibilityChecker         : loaded 2 times (x 75B)
Class org.jetbrains.kotlin.load.kotlin.JvmPackagePartProviderBase                     : loaded 2 times (x 92B)
Class org.jetbrains.kotlin.descriptors.impl.AbstractClassDescriptor$2                 : loaded 2 times (x 77B)
Class org.jetbrains.kotlin.descriptors.Modality$Companion                             : loaded 2 times (x 71B)
Class org.jetbrains.kotlin.renderer.RenderingUtilsKt                                  : loaded 2 times (x 71B)
Class org.jetbrains.kotlin.builtins.BuiltInsLoader                                    : loaded 2 times (x 70B)
Class org.jetbrains.kotlin.incremental.components.ExpectActualTracker$DoNothing       : loaded 2 times (x 74B)
Class org.jetbrains.kotlin.descriptors.impl.PackageViewDescriptorFactory$Default      : loaded 2 times (x 74B)
Class org.jetbrains.kotlin.descriptors.deserialization.PlatformDependentDeclarationFilter: loaded 2 times (x 70B)
Class org.jetbrains.kotlin.metadata.ProtoBuf$Type$ArgumentOrBuilder                   : loaded 2 times (x 70B)
Class org.jetbrains.kotlin.protobuf.GeneratedMessageLite$GeneratedExtension           : loaded 2 times (x 79B)
Class org.jetbrains.kotlin.resolve.calls.checkers.CallCheckerContext                  : loaded 2 times (x 78B)
Class [Lorg.jetbrains.kotlin.container.PlatformExtensionsClashResolver;               : loaded 2 times (x 69B)
Class org.jetbrains.kotlin.resolve.calls.checkers.ContractNotAllowedCallChecker       : loaded 2 times (x 74B)
Class org.jetbrains.kotlin.resolve.checkers.DataClassDeclarationChecker               : loaded 2 times (x 74B)
Class org.jetbrains.kotlin.diagnostics.PositioningStrategies$DELEGATOR_SUPER_CALL$1   : loaded 2 times (x 74B)
Class org.jetbrains.kotlin.psi.KtWhenExpression                                       : loaded 2 times (x 446B)
Class [Lorg.jetbrains.kotlin.psi.KtContextReceiverList;                               : loaded 2 times (x 69B)
Class org.jetbrains.kotlin.psi.KtValueArgument                                        : loaded 2 times (x 461B)
Class org.jetbrains.kotlin.psi.stubs.elements.KtPrimaryConstructorElementType         : loaded 2 times (x 107B)
Class [Lorg.jetbrains.kotlin.psi.KtSecondaryConstructor;                              : loaded 2 times (x 69B)
Class [Lorg.jetbrains.kotlin.psi.KtAnnotated;                                         : loaded 2 times (x 69B)
Class kotlin.script.experimental.api.ScriptEvaluationConfiguration$Builder            : loaded 2 times (x 72B)
Class kotlin.reflect.jvm.internal.KClassImpl$Data$declaredStaticMembers$2             : loaded 2 times (x 79B)
Class kotlin.reflect.jvm.internal.KProperty1Impl$delegateSource$1                     : loaded 2 times (x 79B)
Class [Lkotlin.reflect.KDeclarationContainer;                                         : loaded 2 times (x 69B)
Class org.jetbrains.kotlin.config.CommonConfigurationKeys                             : loaded 2 times (x 71B)
Class it.unimi.dsi.fastutil.objects.ObjectIterable                                    : loaded 2 times (x 70B)
Class com.android.tools.lint.model.DefaultLintModelAndroidLibrary                     : loaded 2 times (x 111B)
Class kotlin.collections.MapsKt__MapsKt                                               : loaded 2 times (x 71B)
Class com.android.prefs.AndroidLocationsProvider                                      : loaded 2 times (x 70B)
Class kotlin.jvm.internal.Lambda                                                      : loaded 2 times (x 75B)
Class net.rubygrapefruit.platform.internal.Platform$Windows                           : loaded 2 times (x 79B)
Class com.google.common.io.CharSource$CharSequenceCharSource                          : loaded 2 times (x 86B)
Class com.google.common.io.CharStreams$NullWriter                                     : loaded 2 times (x 99B)
Class org.objectweb.asm.SymbolTable$Entry                                             : loaded 2 times (x 74B)
Class com.google.common.util.concurrent.AbstractFuture$AtomicHelper                   : loaded 2 times (x 78B)
Class com.google.common.io.ByteArrayDataOutput                                        : loaded 2 times (x 70B)
Class org.jetbrains.kotlin.resolve.sam.SamConversionOracle                            : loaded 2 times (x 70B)
Class org.jetbrains.kotlin.resolve.descriptorUtil.DescriptorUtilsKt                   : loaded 2 times (x 71B)
Class org.jetbrains.kotlin.descriptors.impl.AbstractClassDescriptor$3                 : loaded 2 times (x 77B)
Class org.jetbrains.kotlin.renderer.DescriptorRenderer$Companion$FQ_NAMES_IN_TYPES_WITH_ANNOTATIONS$1: loaded 2 times (x 78B)
Class org.jetbrains.kotlin.load.kotlin.JvmPackagePartSource                           : loaded 2 times (x 85B)
Class org.jetbrains.kotlin.metadata.ProtoBuf$Property$1                               : loaded 2 times (x 144B)
Class org.jetbrains.kotlin.metadata.ProtoBuf$Type                                     : loaded 2 times (x 145B)
Class org.jetbrains.kotlin.metadata.ProtoBuf$Class                                    : loaded 2 times (x 180B)
Class org.jetbrains.kotlin.resolve.checkers.MissingDependencyClassChecker$ClassifierUsage: loaded 2 times (x 74B)
Class org.jetbrains.kotlin.resolve.calls.checkers.NamedFunAsExpressionChecker         : loaded 2 times (x 74B)
Class org.jetbrains.kotlin.resolve.jvm.JvmOverridesBackwardCompatibilityHelper        : loaded 2 times (x 74B)
Class org.jetbrains.kotlin.diagnostics.DiagnosticFactoryForDeprecation0$Companion     : loaded 2 times (x 71B)
Class [Lorg.jetbrains.kotlin.lexer.KtToken;                                           : loaded 2 times (x 69B)
Class [Lorg.jetbrains.kotlin.psi.KtSuperTypeList;                                     : loaded 2 times (x 69B)
Class org.jetbrains.kotlin.psi.KtNamedDeclarationStub                                 : loaded 2 times (x 912B)
Class org.jetbrains.kotlin.psi.stubs.elements.KtStubElementTypes                      : loaded 2 times (x 70B)
Class org.jetbrains.kotlin.cli.jvm.compiler.CliKotlinAsJavaSupport                    : loaded 2 times (x 103B)
Class org.jetbrains.kotlin.config.CommonConfigurationKeysKt                           : loaded 2 times (x 71B)
Class org.objectweb.asm.Edge                                                          : loaded 2 times (x 72B)
Class com.google.common.base.Suppliers$SupplierOfInstance                             : loaded 2 times (x 79B)
Class com.google.common.collect.Iterators$1                                           : loaded 2 times (x 81B)
Class org.jetbrains.kotlin.serialization.deserialization.descriptors.DeserializedMemberScope$OptimizedImplementation: loaded 2 times (x 81B)
Class org.jetbrains.kotlin.util.ArrayMap                                              : loaded 2 times (x 83B)
Class org.jetbrains.kotlin.descriptors.PropertySetterDescriptor                       : loaded 2 times (x 70B)
Class org.jetbrains.kotlin.types.TypeConstructor                                      : loaded 2 times (x 70B)
Class kotlin.properties.Delegates                                                     : loaded 2 times (x 71B)
Class org.jetbrains.kotlin.renderer.DescriptorRendererOptions                         : loaded 2 times (x 70B)
Class org.jetbrains.kotlin.descriptors.deserialization.AdditionalClassPartsProvider   : loaded 2 times (x 70B)
Class org.jetbrains.kotlin.diagnostics.DiagnosticSink$1                               : loaded 2 times (x 81B)
Class kotlin.Metadata                                                                 : loaded 2 times (x 70B)
Class org.jetbrains.kotlin.resolve.calls.checkers.SafeCallChecker                     : loaded 2 times (x 74B)
Class org.jetbrains.kotlin.resolve.jvm.checkers.ExplicitMetadataChecker               : loaded 2 times (x 74B)
Class org.jetbrains.kotlin.diagnostics.PositioningStrategies$USELESS_ELVIS$1          : loaded 2 times (x 74B)
Class [Lorg.jetbrains.kotlin.diagnostics.DiagnosticFactory;                           : loaded 2 times (x 69B)
Class org.jetbrains.kotlin.resolve.jvm.checkers.UpperBoundViolatedInTypealiasConstructorChecker: loaded 2 times (x 74B)
Class org.jetbrains.kotlin.kdoc.lexer.KDocToken                                       : loaded 2 times (x 75B)
Class org.jetbrains.kotlin.psi.KtQualifiedExpression                                  : loaded 2 times (x 70B)
Class org.jetbrains.kotlin.psi.stubs.KotlinTypeProjectionStub                         : loaded 2 times (x 70B)
Class org.jetbrains.kotlin.psi.stubs.KotlinModifierListStub                           : loaded 2 times (x 70B)
Class [Lorg.jetbrains.kotlin.psi.KtClassBody;                                         : loaded 2 times (x 69B)
Class org.jetbrains.kotlin.psi.KtValVarKeywordOwner                                   : loaded 2 times (x 70B)
Class org.jetbrains.kotlin.psi.KtExpression                                           : loaded 2 times (x 70B)
Class org.jetbrains.kotlin.cli.jvm.modules.CliJavaModuleFinder$nonModuleRoot$2        : loaded 2 times (x 79B)
Class org.jetbrains.kotlin.scripting.definitions.ScriptEvaluationConfigurationFromDefinition: loaded 2 times (x 72B)
Class org.jetbrains.kotlin.cli.common.extensions.ReplFactoryExtension                 : loaded 2 times (x 70B)
Class kotlin.script.experimental.util.PropertiesCollection$PropertyKeyDelegate        : loaded 2 times (x 72B)
Class kotlin.collections.AbstractMutableSet                                           : loaded 2 times (x 142B)
Class net.rubygrapefruit.platform.NativeException                                     : loaded 2 times (x 82B)
Class kotlin.text.MatchResult$Destructured                                            : loaded 2 times (x 72B)
Class com.android.tools.lint.model.DefaultLintModelAndroidArtifact                    : loaded 2 times (x 91B)
Class kotlin.UninitializedPropertyAccessException                                     : loaded 2 times (x 82B)
Class com.google.common.reflect.TypeToken$1                                           : loaded 2 times (x 110B)
Class com.google.common.cache.LocalCache$ComputingValueReference                      : loaded 2 times (x 96B)
Class kotlin.ranges.IntProgression$Companion                                          : loaded 2 times (x 71B)
Class org.jetbrains.kotlin.serialization.deserialization.ContractDeserializer         : loaded 2 times (x 70B)
Class org.jetbrains.kotlin.types.error.ErrorClassDescriptor                           : loaded 2 times (x 269B)
Class org.jetbrains.kotlin.descriptors.annotations.AnnotatedImpl                      : loaded 2 times (x 76B)
Class org.jetbrains.kotlin.diagnostics.DiagnosticSink$2                               : loaded 2 times (x 81B)
Class org.jetbrains.kotlin.psi.UserDataProperty                                       : loaded 2 times (x 72B)
Class org.jetbrains.kotlin.metadata.ProtoBuf$Class$Kind                               : loaded 2 times (x 82B)
Class org.jetbrains.kotlin.metadata.jvm.JvmProtoBuf$JvmMethodSignatureOrBuilder       : loaded 2 times (x 70B)
Class org.jetbrains.kotlin.metadata.ProtoBuf$Annotation$Argument                      : loaded 2 times (x 108B)
Class org.jetbrains.kotlin.protobuf.GeneratedMessageLite$Builder                      : loaded 2 times (x 128B)
Class org.jetbrains.kotlin.protobuf.WireFormat$FieldType$1                            : loaded 2 times (x 83B)
Class org.jetbrains.kotlin.protobuf.ByteString                                        : loaded 2 times (x 108B)
Class org.jetbrains.kotlin.descriptors.DeclarationDescriptorWithSource                : loaded 2 times (x 70B)
Class org.jetbrains.kotlin.resolve.checkers.PlatformDiagnosticSuppressor              : loaded 2 times (x 70B)
Class org.jetbrains.kotlin.resolve.calls.checkers.CoroutineSuspendCallChecker         : loaded 2 times (x 74B)
Class org.jetbrains.kotlin.parsing.KotlinExpressionParsing$Precedence$1               : loaded 2 times (x 81B)
Class org.jetbrains.kotlin.parsing.AbstractTokenStreamPredicate                       : loaded 2 times (x 77B)
Class [Lorg.jetbrains.kotlin.psi.KtStringTemplateEntryWithExpression;                 : loaded 2 times (x 69B)
Class org.jetbrains.kotlin.psi.KtTypeProjection                                       : loaded 2 times (x 584B)
Class org.jetbrains.kotlin.psi.stubs.KotlinFileStub                                   : loaded 2 times (x 70B)
Class kotlin.reflect.jvm.internal.KClassImpl$Data$supertypes$2                        : loaded 2 times (x 79B)
Class [Lkotlin.script.experimental.host.ScriptingHostConfiguration;                   : loaded 2 times (x 69B)
Class org.jetbrains.kotlin.cli.jvm.compiler.CliLightClassGenerationSupport$ultraLightSupport$2: loaded 2 times (x 79B)
Class kotlin.reflect.KProperty$Getter                                                 : loaded 2 times (x 70B)
Class kotlin.sequences.SequencesKt___SequencesKt$filterNotNull$1                      : loaded 2 times (x 78B)
Class com.google.common.reflect.TypeToken$2                                           : loaded 2 times (x 110B)
Class com.google.common.collect.AbstractMapBasedMultimap$AsMap$AsMapEntries           : loaded 2 times (x 138B)
Class com.google.common.cache.LocalCache$Segment                                      : loaded 2 times (x 154B)
Class org.jetbrains.kotlin.resolve.extensions.SyntheticResolveExtension               : loaded 2 times (x 70B)
Class org.jetbrains.kotlin.protobuf.UnmodifiableLazyStringList$2                      : loaded 2 times (x 83B)
Class [Lorg.jetbrains.kotlin.config.LanguageFeature$State;                            : loaded 2 times (x 69B)
Class org.jetbrains.kotlin.descriptors.VariableDescriptorWithAccessors                : loaded 2 times (x 70B)
Class org.jetbrains.kotlin.descriptors.FunctionDescriptor$CopyBuilder                 : loaded 2 times (x 70B)
Class org.jetbrains.kotlin.renderer.DescriptorRenderer$Companion$HTML$1               : loaded 2 times (x 78B)
Class kotlin.jvm.internal.MutablePropertyReference2                                   : loaded 2 times (x 137B)
Class org.jetbrains.kotlin.builtins.PrimitiveType$Companion                           : loaded 2 times (x 71B)
Class org.jetbrains.kotlin.metadata.ProtoBuf$TypeParameter                            : loaded 2 times (x 130B)
Class org.jetbrains.kotlin.metadata.ProtoBuf$ValueParameter$1                         : loaded 2 times (x 144B)
Class [Lorg.jetbrains.kotlin.protobuf.WireFormat$FieldType;                           : loaded 2 times (x 69B)
Class org.jetbrains.kotlin.protobuf.WireFormat$FieldType$2                            : loaded 2 times (x 83B)
Class org.jetbrains.kotlin.descriptors.CallableMemberDescriptor                       : loaded 2 times (x 70B)
Class org.jetbrains.kotlin.container.ClassInfo                                        : loaded 2 times (x 72B)
Class org.jetbrains.kotlin.diagnostics.PositioningStrategies$COMMAS$1                 : loaded 2 times (x 74B)
Class [Lorg.jetbrains.kotlin.diagnostics.Severity;                                    : loaded 2 times (x 69B)
Class org.jetbrains.kotlin.diagnostics.Severity                                       : loaded 2 times (x 79B)
Class org.jetbrains.kotlin.resolve.jvm.checkers.JvmSyntheticAssignmentChecker         : loaded 2 times (x 74B)
Class org.jetbrains.kotlin.resolve.jvm.checkers.MissingBuiltInDeclarationChecker      : loaded 2 times (x 74B)
Class org.jetbrains.kotlin.parsing.KotlinExpressionParsing$Precedence$2               : loaded 2 times (x 81B)
Class kotlin.reflect.jvm.internal.ReflectProperties$Val                               : loaded 2 times (x 74B)
Class org.jetbrains.kotlin.psi.KtCatchClause                                          : loaded 2 times (x 379B)
Class org.jetbrains.kotlin.psi.stubs.KotlinScriptStub                                 : loaded 2 times (x 70B)
Class [Lorg.jetbrains.kotlin.psi.KtDelegatedSuperTypeEntry;                           : loaded 2 times (x 69B)
Class org.jetbrains.kotlin.psi.stubs.elements.KtAnnotationUseSiteTargetElementType    : loaded 2 times (x 100B)
Class org.jetbrains.kotlin.psi.stubs.KotlinObjectStub                                 : loaded 2 times (x 70B)
Class org.jetbrains.kotlin.psi.stubs.elements.KtClassElementType                      : loaded 2 times (x 106B)
Class org.jetbrains.kotlin.cli.jvm.modules.CliJavaModuleFinder$listFoldersForRelease$2: loaded 2 times (x 79B)
Class kotlin.reflect.jvm.internal.ReflectProperties                                   : loaded 2 times (x 71B)
Class org.jetbrains.kotlin.extensions.ProcessSourcesBeforeCompilingExtension          : loaded 2 times (x 70B)
Class kotlin.SafePublicationLazyImpl                                                  : loaded 2 times (x 76B)
Class it.unimi.dsi.fastutil.objects.ObjectIterator                                    : loaded 2 times (x 70B)
Class org.jetbrains.kotlin.cli.jvm.compiler.KotlinCoreEnvironment                     : loaded 2 times (x 72B)
Class org.jetbrains.kotlin.resolve.jvm.KotlinJavaPsiFacade                            : loaded 2 times (x 85B)
Class net.rubygrapefruit.platform.internal.LibraryDef                                 : loaded 2 times (x 72B)
Class [Lorg.objectweb.asm.SymbolTable$Entry;                                          : loaded 2 times (x 69B)
Class com.google.common.cache.CacheLoader                                             : loaded 2 times (x 74B)
Class com.google.common.collect.Iterators$4                                           : loaded 2 times (x 82B)
Class com.google.common.collect.AbstractListMultimap                                  : loaded 2 times (x 172B)
Class org.gradle.internal.installation.GradleInstallation$1                           : loaded 2 times (x 75B)
Class org.gradle.api.internal.classpath.ModuleRegistry                                : loaded 2 times (x 70B)
Class org.jetbrains.kotlin.scripting.definitions.KotlinScriptDefinition$Companion     : loaded 2 times (x 71B)
Class org.jetbrains.kotlin.storage.CancellableSimpleLock                              : loaded 2 times (x 78B)
Class com.android.resources.ResourceType$Kind                                         : loaded 2 times (x 79B)
Class org.jetbrains.kotlin.parsing.BindAll                                            : loaded 2 times (x 74B)
Class org.jetbrains.kotlin.protobuf.WireFormat$FieldType$3                            : loaded 2 times (x 83B)
Class org.jetbrains.kotlin.diagnostics.PositioningStrategies$CALL_EXPRESSION$1        : loaded 2 times (x 74B)
Class org.jetbrains.kotlin.diagnostics.PositioningStrategies$WHEN_EXPRESSION$1        : loaded 2 times (x 74B)
Class org.jetbrains.kotlin.resolve.jvm.checkers.JvmFieldApplicabilityChecker          : loaded 2 times (x 74B)
Class org.jetbrains.kotlin.resolve.jvm.checkers.ExternalFunChecker                    : loaded 2 times (x 74B)
Class org.jetbrains.kotlin.storage.SimpleLock$Companion                               : loaded 2 times (x 71B)
Class org.jetbrains.kotlin.parsing.KotlinExpressionParsing$Precedence$3               : loaded 2 times (x 81B)
Class org.jetbrains.kotlin.psi.KtStatementExpression                                  : loaded 2 times (x 70B)
Class org.jetbrains.kotlin.psi.KtDeclarationContainer                                 : loaded 2 times (x 70B)
Class org.jetbrains.kotlin.config.AppendJavaSourceRootsHandlerKeyKt                   : loaded 2 times (x 71B)
Class org.jetbrains.kotlin.cli.jvm.modules.JavaModuleGraph                            : loaded 2 times (x 72B)
Class org.jetbrains.kotlin.cli.jvm.modules.CliJavaModuleFinder$compilationJdkVersion$2: loaded 2 times (x 79B)
Class org.jetbrains.kotlin.scripting.definitions.LazyClasspathWithClassLoader$classpath$2: loaded 2 times (x 79B)
Class org.jetbrains.kotlin.scripting.definitions.ScriptDefinition$FromConfigurationsBase$filePathPattern$2: loaded 2 times (x 79B)
Class org.jetbrains.kotlin.scripting.compiler.plugin.definitions.CliScriptDefinitionProvider: loaded 2 times (x 90B)
Class org.jetbrains.kotlin.utils.PlatformUtilsKt                                      : loaded 2 times (x 71B)
Class org.jetbrains.kotlin.cli.jvm.modules.CoreJrtFileSystem                          : loaded 2 times (x 101B)
Class kotlin.reflect.jvm.internal.impl.builtins.PrimitiveType$typeFqName$2            : loaded 2 times (x 79B)
Class com.android.ide.common.repository.AgpVersion$PreviewKind$Companion              : loaded 2 times (x 71B)
Class com.android.ProgressManagerAdapter                                              : loaded 2 times (x 73B)
Class org.jetbrains.kotlin.cli.common.config.ContentRootsKt                           : loaded 2 times (x 71B)
Class com.google.common.util.concurrent.internal.InternalFutureFailureAccess          : loaded 2 times (x 72B)
Class com.google.common.collect.Iterators$5                                           : loaded 2 times (x 82B)
Class org.jetbrains.kotlin.config.AnalysisFlags$allowKotlinPackage$2                  : loaded 2 times (x 127B)
Class org.jetbrains.kotlin.builtins.jvm.JvmBuiltIns$initialize$1                      : loaded 2 times (x 79B)
Class org.jetbrains.kotlin.descriptors.Visibilities$Internal                          : loaded 2 times (x 79B)
Class org.jetbrains.kotlin.descriptors.PackageFragmentDescriptor                      : loaded 2 times (x 70B)
Class org.jetbrains.kotlin.builtins.jvm.JvmBuiltIns$customizer$2                      : loaded 2 times (x 79B)
Class org.jetbrains.kotlin.resolve.diagnostics.MutableDiagnosticsWithSuppression      : loaded 2 times (x 98B)
Class org.jetbrains.kotlin.metadata.jvm.JvmProtoBuf$JvmMethodSignature$1              : loaded 2 times (x 144B)
Class [Lorg.jetbrains.kotlin.metadata.ProtoBuf$Annotation$Argument$Value$Type;        : loaded 2 times (x 69B)
Class org.jetbrains.kotlin.metadata.ProtoBuf$Contract$1                               : loaded 2 times (x 144B)
Class org.jetbrains.kotlin.metadata.ProtoBuf$Type$1                                   : loaded 2 times (x 144B)
Class org.jetbrains.kotlin.protobuf.WireFormat$FieldType$4                            : loaded 2 times (x 83B)
Class org.jetbrains.kotlin.serialization.deserialization.FlexibleTypeDeserializer     : loaded 2 times (x 70B)
Class org.jetbrains.kotlin.resolve.calls.checkers.BuilderInferenceAssignmentChecker   : loaded 2 times (x 74B)
Class org.jetbrains.kotlin.resolve.checkers.FunInterfaceDeclarationChecker            : loaded 2 times (x 74B)
Class org.jetbrains.kotlin.platform.jvm.JvmPlatformKt                                 : loaded 2 times (x 71B)
Class org.jetbrains.kotlin.psi.KtAnnotationUseSiteTarget                              : loaded 2 times (x 443B)
Class [Lorg.jetbrains.kotlin.psi.KtPrimaryConstructor;                                : loaded 2 times (x 69B)
Class org.jetbrains.kotlin.psi.KtPropertyAccessor                                     : loaded 2 times (x 882B)
Class org.jetbrains.kotlin.psi.KtElement                                              : loaded 2 times (x 70B)
Class org.jetbrains.kotlin.cli.jvm.compiler.CliVirtualFileFinderFactory               : loaded 2 times (x 80B)
Class kotlin.reflect.jvm.internal.KDeclarationContainerImpl                           : loaded 2 times (x 84B)
Class org.jetbrains.kotlin.resolve.extensions.AssignResolutionAltererExtension        : loaded 2 times (x 70B)
Class org.jetbrains.kotlin.extensions.ProjectExtensionDescriptor                      : loaded 2 times (x 72B)
Class org.jetbrains.kotlin.resolve.jvm.JvmCodeAnalyzerInitializer                     : loaded 2 times (x 76B)
Class org.jetbrains.kotlin.cli.jvm.compiler.KotlinCoreEnvironment$ProjectEnvironment  : loaded 2 times (x 90B)
Class org.jetbrains.kotlin.parsing.KotlinParserDefinition                             : loaded 2 times (x 95B)
Class kotlin.coroutines.intrinsics.IntrinsicsKt__IntrinsicsKt                         : loaded 2 times (x 71B)
Class org.jetbrains.kotlin.storage.MemoizedFunctionToNotNull                          : loaded 2 times (x 70B)
Class kotlin.text.RegexKt                                                             : loaded 2 times (x 71B)
Class kotlin.collections.builders.MapBuilder                                          : loaded 2 times (x 112B)
Class org.jetbrains.kotlin.psi.KtObjectDeclaration                                    : loaded 2 times (x 1099B)
Class com.google.common.collect.ImmutableMultimap$Values                              : loaded 2 times (x 126B)
Class com.google.common.util.concurrent.AbstractFuture$UnsafeAtomicHelper             : loaded 2 times (x 78B)
Class com.google.common.cache.LocalCache$LocalManualCache$1                           : loaded 2 times (x 75B)
Class [Lorg.jetbrains.kotlin.psi.KtTypeProjection;                                    : loaded 2 times (x 69B)
Class org.jetbrains.kotlin.psi.KtTryExpression                                        : loaded 2 times (x 441B)
Class org.jetbrains.kotlin.serialization.deserialization.DeserializedPackageFragmentImpl: loaded 2 times (x 144B)
Class org.jetbrains.kotlin.resolve.DescriptorUtils                                    : loaded 2 times (x 71B)
Class [Lorg.jetbrains.kotlin.renderer.DescriptorRendererModifier;                     : loaded 2 times (x 69B)
Class kotlin.io.FilesKt__UtilsKt                                                      : loaded 2 times (x 71B)
Class org.jetbrains.kotlin.metadata.ProtoBuf$StringTable$1                            : loaded 2 times (x 144B)
Class org.jetbrains.kotlin.psi.stubs.elements.KtUserTypeElementType                   : loaded 2 times (x 103B)
Class org.jetbrains.kotlin.psi.KtPackageDirective                                     : loaded 2 times (x 592B)
Class org.jetbrains.kotlin.resolve.jvm.modules.JavaModuleResolver                     : loaded 2 times (x 70B)
Class org.jetbrains.kotlin.resolve.jvm.modules.JavaModuleInfo$Companion               : loaded 2 times (x 71B)
Class org.jetbrains.kotlin.storage.LockBasedStorageManager$1                          : loaded 2 times (x 108B)
Class org.jetbrains.kotlin.scripting.definitions.AutoloadedScriptDefinitions$Companion: loaded 2 times (x 71B)
Class org.jetbrains.kotlin.resolve.ModuleAnnotationsResolver                          : loaded 2 times (x 70B)
Class org.jetbrains.kotlin.cli.jvm.compiler.DummyJavaFileCodeStyleFacadeFactory       : loaded 2 times (x 74B)
Class kotlin.collections.CollectionsKt__CollectionsJVMKt                              : loaded 2 times (x 71B)
Class [Lcom.android.prefs.Global;                                                     : loaded 2 times (x 69B)
Class [Lorg.jetbrains.kotlin.config.JvmTarget;                                        : loaded 2 times (x 69B)
Class org.jetbrains.kotlin.diagnostics.PositioningStrategies$QUESTION_MARK_BY_TYPE$1  : loaded 2 times (x 74B)
Class net.rubygrapefruit.platform.internal.Platform$Window32Bit                       : loaded 2 times (x 79B)
Class org.gradle.api.internal.classpath.DefaultModuleRegistry                         : loaded 2 times (x 83B)
Class org.jetbrains.kotlin.resolve.checkers.BigFunctionTypeAvailabilityChecker        : loaded 2 times (x 74B)
Class org.jetbrains.kotlin.metadata.jvm.JvmModuleProtoBuf$Module$1                    : loaded 2 times (x 144B)
Class org.jetbrains.kotlin.config.AnalysisFlags$allowUnstableDependencies$2           : loaded 2 times (x 127B)
Class org.jetbrains.kotlin.serialization.deserialization.descriptors.DeserializedMemberScope$OptimizedImplementation$functionNames$2: loaded 2 times (x 79B)
Class org.jetbrains.kotlin.descriptors.PackageFragmentProvider                        : loaded 2 times (x 70B)
Class org.jetbrains.kotlin.descriptors.impl.AbstractClassDescriptor$1$1               : loaded 2 times (x 77B)
Class org.jetbrains.kotlin.descriptors.impl.ClassDescriptorImpl                       : loaded 2 times (x 269B)
Class org.jetbrains.kotlin.builtins.jvm.JvmBuiltInClassDescriptorFactory$cloneable$2  : loaded 2 times (x 79B)
Class org.jetbrains.kotlin.builtins.jvm.JvmBuiltIns$WhenMappings                      : loaded 2 times (x 71B)
Class org.jetbrains.kotlin.resolve.constants.ClassLiteralValue                        : loaded 2 times (x 72B)
Class org.jetbrains.kotlin.metadata.deserialization.Flags$BooleanFlagField            : loaded 2 times (x 76B)
Class org.jetbrains.kotlin.metadata.ProtoBuf$Annotation$Argument$1                    : loaded 2 times (x 144B)
Class org.jetbrains.kotlin.metadata.ProtoBuf$Function$1                               : loaded 2 times (x 144B)
Class org.jetbrains.kotlin.resolve.calls.checkers.AssigningNamedArgumentToVarargChecker: loaded 2 times (x 74B)
Class org.jetbrains.kotlin.resolve.checkers.ConstModifierChecker                      : loaded 2 times (x 74B)
Class org.jetbrains.kotlin.resolve.calls.checkers.AdditionalTypeChecker               : loaded 2 times (x 70B)
Class org.jetbrains.kotlin.psi.KtFinallySection                                       : loaded 2 times (x 377B)
Class org.jetbrains.kotlin.psi.KtCallElement                                          : loaded 2 times (x 70B)
Class org.jetbrains.kotlin.psi.stubs.KotlinParameterStub                              : loaded 2 times (x 70B)
Class org.jetbrains.kotlin.psi.KtTypeAlias                                            : loaded 2 times (x 1069B)
Class kotlin.collections.builders.MapBuilder$Itr                                      : loaded 2 times (x 72B)
Class org.jetbrains.kotlin.cli.jvm.index.JvmDependenciesIndexImpl                     : loaded 2 times (x 77B)
Class org.jetbrains.kotlin.resolve.lazy.declarations.CliDeclarationProviderFactoryService: loaded 2 times (x 73B)
Class kotlin.reflect.jvm.internal.impl.name.SpecialNames                              : loaded 2 times (x 71B)
Class kotlin.reflect.jvm.internal.impl.builtins.functions.FunctionTypeKind$KFunction  : loaded 2 times (x 72B)
Class org.jetbrains.kotlin.asJava.LightClassGenerationSupport$Companion               : loaded 2 times (x 71B)
Class org.jetbrains.kotlin.resolve.checkers.ReservedMembersAndConstructsForValueClass : loaded 2 times (x 74B)
Class kotlin.collections.CollectionsKt__IteratorsKt                                   : loaded 2 times (x 71B)
Class kotlin.sequences.SequencesKt                                                    : loaded 2 times (x 71B)
Class org.jetbrains.kotlin.resolve.checkers.SealedInterfaceAllowedChecker             : loaded 2 times (x 74B)
Class org.jetbrains.kotlin.protobuf.GeneratedMessageLite$ExtendableMessageOrBuilder   : loaded 2 times (x 70B)
Class org.jetbrains.kotlin.metadata.ProtoBuf$FunctionOrBuilder                        : loaded 2 times (x 70B)
Class com.google.common.util.concurrent.ListenableFuture                              : loaded 2 times (x 70B)
Class com.google.common.cache.ReferenceEntry                                          : loaded 2 times (x 70B)
Class org.jetbrains.kotlin.protobuf.GeneratedMessageLite$1                            : loaded 2 times (x 71B)
Class org.jetbrains.kotlin.serialization.deserialization.builtins.BuiltInSerializerProtocol: loaded 2 times (x 72B)
Class org.jetbrains.kotlin.serialization.deserialization.ProtoContainer$Package       : loaded 2 times (x 73B)
Class org.jetbrains.kotlin.resolve.calls.checkers.SuspendConversionCallChecker        : loaded 2 times (x 74B)
Class org.jetbrains.kotlin.resolve.checkers.EnumCompanionInEnumConstructorCallChecker : loaded 2 times (x 74B)
Class org.jetbrains.kotlin.resolve.checkers.ContractDescriptionBlockChecker           : loaded 2 times (x 74B)
Class org.jetbrains.kotlin.container.StorageComponentContainer                        : loaded 2 times (x 86B)
Class org.jetbrains.kotlin.diagnostics.PositioningStrategies$NAME_OF_NAMED_ARGUMENT$1 : loaded 2 times (x 74B)
Class org.jetbrains.kotlin.resolve.jvm.checkers.PolymorphicSignatureCallChecker       : loaded 2 times (x 74B)
Class org.jetbrains.kotlin.kdoc.lexer.KDocTokens                                      : loaded 2 times (x 70B)
Class org.jetbrains.kotlin.psi.KtContractEffect                                       : loaded 2 times (x 443B)
Class org.jetbrains.kotlin.scripting.definitions.ScriptiDefinitionsFromClasspathDiscoverySourceKt$discoverScriptTemplatesInClasspath$classpathWithLoader$1: loaded 2 times (x 79B)
Class kotlin.reflect.jvm.internal.KClassImpl$Data$allMembers$2                        : loaded 2 times (x 79B)
Class kotlin.script.experimental.jvm.JvmGetScriptingClass$Companion                   : loaded 2 times (x 71B)
Class org.jetbrains.kotlin.extensions.CompilerConfigurationExtension$Companion        : loaded 2 times (x 72B)
Class kotlin.jvm.internal.markers.KMutableSet                                         : loaded 2 times (x 70B)
Class org.jetbrains.kotlin.psi.KtProjectionKind                                       : loaded 2 times (x 79B)
Class com.android.tools.lint.model.LintModelSerialization                             : loaded 2 times (x 76B)
Class kotlin.text.StringsKt                                                           : loaded 2 times (x 71B)
Class com.google.common.collect.ImmutableMapValues                                    : loaded 2 times (x 126B)
Class com.google.common.util.concurrent.AbstractFuture                                : loaded 2 times (x 106B)
Class com.google.common.base.FunctionalEquivalence                                    : loaded 2 times (x 83B)
Class com.google.common.collect.Iterators$9                                           : loaded 2 times (x 81B)
Class com.google.common.collect.AbstractMapBasedMultimap                              : loaded 2 times (x 139B)
Class org.jetbrains.kotlin.util.slicedMap.ReadOnlySlice                               : loaded 2 times (x 70B)
Class org.jetbrains.kotlin.resolve.lazy.declarations.FileBasedDeclarationProviderFactory$Index: loaded 2 times (x 72B)
Class org.jetbrains.kotlin.descriptors.FieldDescriptor                                : loaded 2 times (x 70B)
Class org.jetbrains.kotlin.descriptors.Visibilities$Private                           : loaded 2 times (x 79B)
Class org.jetbrains.kotlin.types.error.ErrorType                                      : loaded 2 times (x 92B)
Class org.jetbrains.kotlin.builtins.jvm.JvmBuiltInsCustomizer                         : loaded 2 times (x 81B)
Class org.jetbrains.kotlin.psi.KtNameReferenceExpression                              : loaded 2 times (x 632B)
Class org.jetbrains.kotlin.cli.jvm.index.JvmDependenciesIndexImpl$rootCache$2         : loaded 2 times (x 79B)
Class kotlin.coroutines.jvm.internal.RestrictedContinuationImpl                       : loaded 2 times (x 87B)
Class kotlin.script.experimental.jvm.compat.ExpectedLocationUtilKt$WhenMappings       : loaded 2 times (x 71B)
Class kotlin.reflect.jvm.internal.CachesKt$CACHE_FOR_NULLABLE_BASE_CLASSIFIERS$1      : loaded 2 times (x 78B)
Class kotlin.coroutines.CoroutineContext$Key                                          : loaded 2 times (x 70B)
Class org.jetbrains.kotlin.cli.jvm.compiler.KotlinCoreApplicationEnvironment$Companion: loaded 2 times (x 71B)
Class kotlin.LazyKt__LazyJVMKt                                                        : loaded 2 times (x 71B)
Class com.google.common.io.CharStreams                                                : loaded 2 times (x 71B)
Class com.google.common.collect.ImmutableMultiset                                     : loaded 2 times (x 163B)
Class org.objectweb.asm.RecordComponentVisitor                                        : loaded 2 times (x 77B)
Class com.google.common.cache.CacheLoader$SupplierToCacheLoader                       : loaded 2 times (x 75B)
Class org.jetbrains.kotlin.load.java.FieldOverridabilityCondition                     : loaded 2 times (x 75B)
Class org.jetbrains.kotlin.config.LanguageVersionSettingsKt                           : loaded 2 times (x 71B)
Class org.jetbrains.kotlin.serialization.deserialization.DeserializedPackageFragment  : loaded 2 times (x 143B)
Class org.jetbrains.kotlin.storage.LockBasedStorageManager$5                          : loaded 2 times (x 93B)
Class org.jetbrains.kotlin.builtins.jvm.JvmBuiltIns$customizer$2$1                    : loaded 2 times (x 79B)
Class kotlin.io.FilesKt__FileReadWriteKt                                              : loaded 2 times (x 71B)
Class org.jetbrains.kotlin.serialization.deserialization.ProtoContainer               : loaded 2 times (x 73B)
Class org.jetbrains.kotlin.metadata.ProtoBuf$QualifiedNameTable$QualifiedName$Kind    : loaded 2 times (x 82B)
Class org.jetbrains.kotlin.metadata.ProtoBuf$Annotation$1                             : loaded 2 times (x 144B)
Class org.jetbrains.kotlin.protobuf.AbstractParser                                    : loaded 2 times (x 144B)
Class org.jetbrains.kotlin.psi.KtConstructorDelegationReferenceExpression             : loaded 2 times (x 499B)
Class org.jetbrains.kotlin.psi.stubs.KotlinNameReferenceExpressionStub                : loaded 2 times (x 70B)
Class org.jetbrains.kotlin.psi.KtModifierList                                         : loaded 2 times (x 510B)
Class kotlin.jvm.internal.markers.KMutableList                                        : loaded 2 times (x 70B)
Class org.jetbrains.kotlin.scripting.definitions.AutoloadedScriptDefinitions          : loaded 2 times (x 75B)
Class org.jetbrains.kotlin.scripting.definitions.LazyClasspathWithClassLoader$classLoader$2: loaded 2 times (x 79B)
Class org.jetbrains.kotlin.compiler.plugin.CompilerPluginRegistrarKt                  : loaded 2 times (x 71B)
Class org.jetbrains.kotlin.extensions.internal.TypeResolutionInterceptor$Companion    : loaded 2 times (x 72B)
Class org.jetbrains.kotlin.extensions.DeclarationAttributeAltererExtension            : loaded 2 times (x 70B)
Class org.jetbrains.kotlin.codegen.extensions.ClassBuilderInterceptorExtension$Companion: loaded 2 times (x 72B)
Class org.gradle.api.internal.classpath.ManifestUtil                                  : loaded 2 times (x 71B)
Class com.google.common.util.concurrent.ExecutionError                                : loaded 2 times (x 82B)
Class [Lkotlin.Pair;                                                                  : loaded 2 times (x 69B)
Class kotlin.text.MatchNamedGroupCollection                                           : loaded 2 times (x 70B)
Class kotlin.text.StringsKt__StringNumberConversionsKt                                : loaded 2 times (x 71B)
Class com.google.common.collect.AbstractMapBasedMultimap$WrappedCollection            : loaded 2 times (x 124B)
Class org.gradle.internal.service.ServiceLookupException                              : loaded 2 times (x 82B)
Class net.rubygrapefruit.platform.internal.Platform$FreeBSD                           : loaded 2 times (x 82B)
Class [Lorg.jetbrains.kotlin.mpp.DeclarationSymbolMarker;                             : loaded 2 times (x 69B)
Class org.jetbrains.kotlin.types.checker.KotlinTypeRefinerKt                          : loaded 2 times (x 71B)
Class org.jetbrains.kotlin.renderer.ClassifierNamePolicy$SHORT                        : loaded 2 times (x 74B)
Class [Lorg.jetbrains.kotlin.renderer.PropertyAccessorRenderingPolicy;                : loaded 2 times (x 69B)
Class org.jetbrains.kotlin.diagnostics.GenericDiagnostics                             : loaded 2 times (x 70B)
Class com.android.utils.StdLogger$Level                                               : loaded 2 times (x 79B)
Class org.jetbrains.kotlin.parsing.AllCommentsBinder                                  : loaded 2 times (x 74B)
Class kotlin.jvm.internal.MutablePropertyReference1Impl                               : loaded 2 times (x 137B)
Class [Lorg.jetbrains.kotlin.builtins.functions.FunctionTypeKind;                     : loaded 2 times (x 69B)
Class [Lorg.jetbrains.kotlin.protobuf.Internal$EnumLite;                              : loaded 2 times (x 69B)
Class org.jetbrains.kotlin.mpp.RegularClassSymbolMarker                               : loaded 2 times (x 70B)
Class org.jetbrains.kotlin.resolve.checkers.PrivateInlineFunctionsReturningAnonymousObjectsChecker: loaded 2 times (x 74B)
Class org.jetbrains.kotlin.resolve.checkers.DynamicReceiverChecker                    : loaded 2 times (x 74B)
Class org.jetbrains.kotlin.resolve.jvm.checkers.SamInterfaceConstructorReferenceCallChecker: loaded 2 times (x 74B)
Class org.jetbrains.kotlin.psi.stubs.KotlinContractEffectStub                         : loaded 2 times (x 70B)
Class org.jetbrains.kotlin.psi.KtClassBody                                            : loaded 2 times (x 446B)
Class org.jetbrains.kotlin.cli.jvm.compiler.CliTraceHolder                            : loaded 2 times (x 77B)
Class org.jetbrains.kotlin.cli.common.CompilerSystemProperties$value$2                : loaded 2 times (x 125B)
Class [Lkotlin.sequences.Sequence;                                                    : loaded 2 times (x 69B)
Class org.objectweb.asm.tree.AbstractInsnNode                                         : loaded 2 times (x 78B)
Class com.android.tools.lint.model.LintModelBuildFeatures                             : loaded 2 times (x 70B)
Class com.android.tools.lint.model.DefaultLintModelVariant$mainArtifact$2             : loaded 2 times (x 79B)
Class com.google.common.collect.Lists$ReverseList                                     : loaded 2 times (x 200B)
Class [Lcom.google.common.cache.LocalCache$EntryFactory;                              : loaded 2 times (x 69B)
Class org.gradle.internal.classloader.ClassLoaderFactory                              : loaded 2 times (x 70B)
Class androidx.compose.lint.NamesKt                                                   : loaded 2 times (x 71B)
Class org.jetbrains.kotlin.resolve.jvm.checkers.JvmDefaultChecker                     : loaded 2 times (x 75B)
Class org.jetbrains.kotlin.cli.jvm.compiler.JvmPackagePartProviderKt$tryLoadModuleMapping$1: loaded 2 times (x 79B)
Class org.jetbrains.kotlin.config.AnalysisFlag$Delegates$Boolean                      : loaded 2 times (x 71B)
Class org.jetbrains.kotlin.serialization.deserialization.descriptors.DeserializedMemberScope$classNames$2: loaded 2 times (x 79B)
Class org.jetbrains.kotlin.util.EmptyArrayMap                                         : loaded 2 times (x 83B)
Class org.jetbrains.kotlin.descriptors.ClassOrPackageFragmentDescriptor               : loaded 2 times (x 70B)
Class org.jetbrains.kotlin.container.CacheKt$getRegistrations$superClasses$1          : loaded 2 times (x 78B)
Class org.jetbrains.kotlin.resolve.calls.checkers.LambdaWithSuspendModifierCallChecker: loaded 2 times (x 74B)
Class org.jetbrains.kotlin.resolve.jvm.JvmDelegationFilter                            : loaded 2 times (x 74B)
Class org.jetbrains.kotlin.resolve.jvm.RuntimeAssertionsOnExtensionReceiverCallChecker: loaded 2 times (x 74B)
Class org.jetbrains.kotlin.platform.jvm.JdkPlatform                                   : loaded 2 times (x 75B)
Class org.jetbrains.kotlin.psi.KtWhenConditionWithExpression                          : loaded 2 times (x 377B)
Class org.jetbrains.kotlin.psi.ValueArgument                                          : loaded 2 times (x 70B)
Class [Lorg.jetbrains.kotlin.psi.KtEnumEntrySuperclassReferenceExpression;            : loaded 2 times (x 69B)
Class org.jetbrains.kotlin.psi.KtDotQualifiedExpression                               : loaded 2 times (x 573B)
Class org.jetbrains.kotlin.psi.KtReferenceExpression                                  : loaded 2 times (x 70B)
Class org.jetbrains.kotlin.psi.KtImportList                                           : loaded 2 times (x 444B)
Class [Lorg.jetbrains.kotlin.psi.KtParameterList;                                     : loaded 2 times (x 69B)
Class org.jetbrains.kotlin.psi.stubs.KotlinFunctionStub                               : loaded 2 times (x 70B)
Class kotlin.reflect.jvm.internal.impl.builtins.PrimitiveType                         : loaded 2 times (x 79B)
Class org.jetbrains.kotlin.cli.jvm.compiler.MockInferredAnnotationsManager$Companion  : loaded 2 times (x 71B)
Class org.jetbrains.kotlin.asJava.finder.JavaElementFinder$Companion                  : loaded 2 times (x 71B)
Class org.jetbrains.kotlin.cli.jvm.modules.CoreJrtVirtualFile                         : loaded 2 times (x 154B)
Class org.jetbrains.kotlin.cli.jvm.modules.CoreJrtFileSystem$Companion                : loaded 2 times (x 71B)
Class org.objectweb.asm.tree.FieldInsnNode                                            : loaded 2 times (x 79B)
Class com.android.sdklib.IAndroidTarget                                               : loaded 2 times (x 70B)
Class net.rubygrapefruit.platform.internal.Platform$Linux                             : loaded 2 times (x 83B)
Class com.google.common.cache.LocalCache$LocalManualCache                             : loaded 2 times (x 99B)
Class org.gradle.internal.service.CachingServiceLocator                               : loaded 2 times (x 82B)
Class org.jetbrains.kotlin.serialization.deserialization.DeserializedPackageFragmentImpl$initialize$1: loaded 2 times (x 79B)
Class org.jetbrains.kotlin.descriptors.Visibilities$Public                            : loaded 2 times (x 79B)
Class org.jetbrains.kotlin.renderer.DescriptorRendererOptionsImpl                     : loaded 2 times (x 174B)
Class org.jetbrains.kotlin.incremental.components.LookupLocation                      : loaded 2 times (x 70B)
Class org.jetbrains.kotlin.cli.jvm.compiler.TopDownAnalyzerFacadeForJVM$analyzeFilesWithJavaIntegration$1: loaded 2 times (x 125B)
Class kotlin.jvm.internal.PropertyReference1Impl                                      : loaded 2 times (x 127B)
Class org.jetbrains.kotlin.psi.KtPsiUtil                                              : loaded 2 times (x 71B)
Class org.jetbrains.kotlin.protobuf.ExtensionRegistryLite$ObjectIntPair               : loaded 2 times (x 72B)
Class org.jetbrains.kotlin.metadata.ProtoBuf$Class$1                                  : loaded 2 times (x 144B)
Class org.jetbrains.kotlin.descriptors.ModuleDescriptor                               : loaded 2 times (x 70B)
Class org.jetbrains.kotlin.diagnostics.PositioningStrategies$ELSE_ENTRY$1             : loaded 2 times (x 74B)
Class org.jetbrains.kotlin.diagnostics.PositioningStrategies$DECLARATION_WITH_BODY$1  : loaded 2 times (x 74B)
Class org.jetbrains.kotlin.diagnostics.PositioningStrategies$DECLARATION_NAME$1       : loaded 2 times (x 75B)
Class org.jetbrains.kotlin.parsing.PrecedingDocCommentsBinder                         : loaded 2 times (x 74B)
Class it.unimi.dsi.fastutil.ints.IntListIterator                                      : loaded 2 times (x 70B)
Class [Lorg.jetbrains.kotlin.psi.KtEscapeStringTemplateEntry;                         : loaded 2 times (x 69B)
Class org.jetbrains.kotlin.psi.KtBlockCodeFragmentType                                : loaded 2 times (x 84B)
Class org.jetbrains.kotlin.psi.stubs.KotlinTypeParameterStub                          : loaded 2 times (x 70B)
Class org.jetbrains.kotlin.psi.stubs.KotlinPropertyStub                               : loaded 2 times (x 70B)
Class kotlin.reflect.jvm.internal.CachesKt$CACHE_FOR_GENERIC_CLASSIFIERS$1            : loaded 2 times (x 78B)
Class org.jetbrains.kotlin.load.kotlin.KotlinBinaryClassCache                         : loaded 2 times (x 75B)
Class kotlin.collections.AbstractList$IteratorImpl                                    : loaded 2 times (x 82B)
Class kotlin.SafePublicationLazyImpl$Companion                                        : loaded 2 times (x 71B)
Class kotlin.collections.AbstractList$SubList                                         : loaded 2 times (x 198B)
Class kotlin.jvm.internal.CallableReference                                           : loaded 2 times (x 106B)
Class com.google.common.collect.AbstractMapBasedMultimap$KeySet                       : loaded 2 times (x 137B)
Class org.jetbrains.kotlin.resolve.AdditionalClassPartsProvider                       : loaded 2 times (x 70B)
Class [Lorg.jetbrains.kotlin.descriptors.annotations.AnnotatedImpl;                   : loaded 2 times (x 69B)
Class org.jetbrains.kotlin.load.java.JavaIncompatibilityRulesOverridabilityCondition  : loaded 2 times (x 75B)
Class kotlin.properties.ReadOnlyProperty                                              : loaded 2 times (x 70B)
Class org.jetbrains.kotlin.descriptors.ModuleCapability                               : loaded 2 times (x 72B)
Class org.jetbrains.kotlin.psi.KtCodeFragment                                         : loaded 2 times (x 1262B)
Class org.jetbrains.kotlin.builtins.StandardNames$FqNames                             : loaded 2 times (x 71B)
Class org.jetbrains.kotlin.resolve.checkers.ValueClassDeclarationChecker              : loaded 2 times (x 74B)
Class org.jetbrains.kotlin.resolve.checkers.ExpectActualInTheSameModuleChecker        : loaded 2 times (x 74B)
Class org.jetbrains.kotlin.config.LanguageFeature$Companion                           : loaded 2 times (x 71B)
Class org.jetbrains.kotlin.diagnostics.PositioningStrategies$OBJECT_KEYWORD$1         : loaded 2 times (x 74B)
Class org.jetbrains.kotlin.diagnostics.PositioningStrategies$DECLARATION_NAME_ONLY$1  : loaded 2 times (x 75B)
Class org.jetbrains.kotlin.resolve.jvm.checkers.ProtectedSyntheticExtensionCallChecker: loaded 2 times (x 74B)
Class org.jetbrains.kotlin.resolve.jvm.extensions.SyntheticJavaResolveExtension       : loaded 2 times (x 70B)
Class org.jetbrains.kotlin.psi.KtIfExpression                                         : loaded 2 times (x 444B)
Class org.jetbrains.kotlin.psi.KtAnonymousInitializer                                 : loaded 2 times (x 70B)
Class kotlin.jvm.internal.markers.KMutableMap                                         : loaded 2 times (x 70B)
Class org.jetbrains.kotlin.cli.jvm.compiler.CliJavaModuleUtilsKt                      : loaded 2 times (x 71B)
Class kotlin.script.dependencies.ScriptDependenciesResolver                           : loaded 2 times (x 70B)
Class [Lkotlin.script.experimental.api.ScriptAcceptedLocation;                        : loaded 2 times (x 69B)
Class kotlin.reflect.jvm.internal.impl.descriptors.runtime.structure.ReflectClassUtilKt: loaded 2 times (x 71B)
Class kotlin.script.experimental.host.HostConfigurationKt                             : loaded 2 times (x 71B)
Class org.jetbrains.kotlin.codegen.extensions.ClassFileFactoryFinalizerExtension$Companion: loaded 2 times (x 72B)
Class org.jetbrains.kotlin.cli.common.config.ContentRoot                              : loaded 2 times (x 70B)
Class kotlin.ranges.IntRange                                                          : loaded 2 times (x 93B)
Class org.jetbrains.kotlin.extensions.internal.CallResolutionInterceptorExtension     : loaded 2 times (x 70B)
Class [Lcom.google.common.collect.HashBiMap$BiEntry;                                  : loaded 2 times (x 69B)
Class com.google.common.collect.MapMakerInternalMap$InternalEntry                     : loaded 2 times (x 70B)
Class com.google.common.collect.Iterators$10                                          : loaded 2 times (x 81B)
Class org.jetbrains.kotlin.config.AnalysisFlag$Delegates$ApiModeDisabledByDefault     : loaded 2 times (x 71B)
Class org.jetbrains.kotlin.descriptors.impl.ModuleDependencies                        : loaded 2 times (x 70B)
Class [Lorg.jetbrains.kotlin.descriptors.impl.ModuleDescriptorImpl;                   : loaded 2 times (x 69B)
Class org.jetbrains.kotlin.serialization.deserialization.ErrorReporter$1              : loaded 2 times (x 75B)
Class org.jetbrains.kotlin.descriptors.CallableMemberDescriptor$Kind                  : loaded 2 times (x 79B)
Class org.jetbrains.kotlin.context.GlobalContext                                      : loaded 2 times (x 70B)
Class org.jetbrains.org.objectweb.asm.Type                                            : loaded 2 times (x 72B)
Class org.jetbrains.kotlin.metadata.ProtoBuf$TypeParameterOrBuilder                   : loaded 2 times (x 70B)
Class org.jetbrains.kotlin.metadata.ProtoBuf$Property                                 : loaded 2 times (x 148B)
Class [Lorg.jetbrains.kotlin.resolve.calls.checkers.AdditionalTypeChecker;            : loaded 2 times (x 69B)
Class org.jetbrains.kotlin.diagnostics.PositioningStrategies$NOT_SUPPORTED_IN_INLINE_MOST_RELEVANT$1: loaded 2 times (x 74B)
Class org.jetbrains.kotlin.parsing.DoNotBindAnything                                  : loaded 2 times (x 74B)
Class org.jetbrains.kotlin.parsing.KotlinParsing$AnnotationParsingMode                : loaded 2 times (x 79B)
Class kotlin.jvm.internal.MutablePropertyReference1                                   : loaded 2 times (x 137B)
Class org.jetbrains.kotlin.psi.KtCallExpression                                       : loaded 2 times (x 571B)
Class org.jetbrains.kotlin.psi.KtWhileExpressionBase                                  : loaded 2 times (x 441B)
Class org.jetbrains.kotlin.KtNodeType$KtLeftBoundNodeType                             : loaded 2 times (x 76B)
Class org.jetbrains.kotlin.psi.KtEscapeStringTemplateEntry                            : loaded 2 times (x 445B)
Class org.jetbrains.kotlin.psi.KotlinStringLiteralTextEscaper                         : loaded 2 times (x 76B)
Class org.jetbrains.kotlin.psi.KtContextReceiver                                      : loaded 2 times (x 443B)
Class [Lorg.jetbrains.kotlin.psi.KtQualifiedExpression;                               : loaded 2 times (x 69B)
Class org.jetbrains.kotlin.lexer.KtSingleValueToken                                   : loaded 2 times (x 77B)
Class [Lorg.jetbrains.kotlin.psi.KtClass;                                             : loaded 2 times (x 69B)
Class org.jetbrains.kotlin.resolve.extensions.AnalysisHandlerExtension$Companion      : loaded 2 times (x 72B)
Class org.jetbrains.kotlin.resolve.jvm.modules.JavaModuleInfo$Companion$read$1$visitModule$1: loaded 2 times (x 81B)
Class org.jetbrains.kotlin.scripting.extensions.ScriptingResolveExtension             : loaded 2 times (x 94B)
Class org.jetbrains.kotlin.fir.extensions.FirExtensionRegistrarAdapter                : loaded 2 times (x 71B)
Class org.jetbrains.kotlin.extensions.PreprocessedVirtualFileFactoryExtension$Companion: loaded 2 times (x 72B)
Class org.jetbrains.kotlin.config.LanguageVersionSettingsImpl                         : loaded 2 times (x 81B)
Class kotlin.enums.EnumEntries                                                        : loaded 2 times (x 70B)
Class org.jetbrains.kotlin.load.java.structure.JavaTypeParameterListOwner             : loaded 2 times (x 70B)
Class com.android.prefs.LocationValue                                                 : loaded 2 times (x 70B)
Class kotlin.script.experimental.api.ScriptCompilationConfiguration                   : loaded 2 times (x 72B)
Class com.google.common.collect.ImmutableMultimap                                     : loaded 2 times (x 147B)
Class com.google.common.base.Equivalence                                              : loaded 2 times (x 82B)
Class org.jetbrains.kotlin.utils.MetadataHelpersKt                                    : loaded 2 times (x 71B)
Class org.jetbrains.kotlin.resolve.CompilerDeserializationConfiguration               : loaded 2 times (x 85B)
Class org.jetbrains.kotlin.serialization.deserialization.DeserializedClassDataFinder  : loaded 2 times (x 75B)
Class org.jetbrains.kotlin.serialization.deserialization.DeserializationConfiguration : loaded 2 times (x 70B)
Class kotlin.script.templates.standard.ScriptTemplateWithArgs                         : loaded 2 times (x 72B)
Class org.jetbrains.kotlin.metadata.jvm.JvmProtoBuf$JvmFieldSignature$1               : loaded 2 times (x 144B)
Class org.jetbrains.kotlin.metadata.jvm.JvmProtoBuf$JvmMethodSignature                : loaded 2 times (x 108B)
Class org.jetbrains.kotlin.metadata.ProtoBuf$TypeTable                                : loaded 2 times (x 109B)
Class org.jetbrains.kotlin.protobuf.MessageLiteOrBuilder                              : loaded 2 times (x 70B)
Class org.jetbrains.kotlin.container.UnresolvedServiceException                       : loaded 2 times (x 82B)
Class org.jetbrains.kotlin.diagnostics.ClassicPositioningStrategies$ACTUAL_DECLARATION_NAME$1: loaded 2 times (x 75B)
Class org.jetbrains.kotlin.diagnostics.PositioningStrategies$TYPEALIAS_TYPE_REFERENCE$1: loaded 2 times (x 74B)
Class org.jetbrains.kotlin.resolve.ImportPath                                         : loaded 2 times (x 72B)
Class org.jetbrains.kotlin.parsing.Consumer                                           : loaded 2 times (x 70B)
Class kotlin.jvm.internal.markers.KMutableListIterator                                : loaded 2 times (x 70B)
Class org.jetbrains.kotlin.psi.stubs.KotlinConstantExpressionStub                     : loaded 2 times (x 70B)
Class org.jetbrains.kotlin.psi.KtImportAlias                                          : loaded 2 times (x 560B)
Class [Lorg.jetbrains.kotlin.psi.KtTypeParameter;                                     : loaded 2 times (x 69B)
Class kotlin.script.experimental.api.IdeScriptCompilationConfigurationBuilder         : loaded 2 times (x 72B)
Class org.jetbrains.kotlin.scripting.compiler.plugin.JvmCliScriptEvaluationExtension  : loaded 2 times (x 82B)
Class kotlin.reflect.jvm.internal.KCallableImpl$_returnType$1                         : loaded 2 times (x 79B)
Class [Lorg.jetbrains.kotlin.scripting.definitions.ScriptDefinitionsSource;           : loaded 2 times (x 69B)
Class com.google.gson.JsonParseException                                              : loaded 2 times (x 82B)
Class com.android.tools.lint.model.DefaultLintModelJavaLibrary                        : loaded 2 times (x 103B)
Class com.android.prefs.PathLocator                                                   : loaded 2 times (x 73B)
Class com.google.common.collect.IndexedImmutableSet$1                                 : loaded 2 times (x 212B)
Class com.google.common.cache.CacheBuilder$OneWeigher                                 : loaded 2 times (x 82B)
Class [Lorg.jetbrains.kotlin.psi.KtElement;                                           : loaded 2 times (x 69B)
Class [Lorg.jetbrains.kotlin.psi.KtDeclarationStub;                                   : loaded 2 times (x 69B)
Class org.jetbrains.kotlin.descriptors.impl.VariableDescriptorWithInitializerImpl     : loaded 2 times (x 229B)
Class org.jetbrains.kotlin.types.ClassTypeConstructorImpl                             : loaded 2 times (x 99B)
Class org.jetbrains.kotlin.renderer.ClassifierNamePolicy$SOURCE_CODE_QUALIFIED        : loaded 2 times (x 74B)
Class org.jetbrains.kotlin.builtins.functions.FunctionTypeKind$Function               : loaded 2 times (x 76B)
Class org.jetbrains.kotlin.metadata.ProtoBuf$AnnotationOrBuilder                      : loaded 2 times (x 70B)
Class org.jetbrains.kotlin.protobuf.WireFormat$FieldType                              : loaded 2 times (x 83B)
Class org.jetbrains.kotlin.resolve.jvm.checkers.SynchronizedAnnotationChecker         : loaded 2 times (x 74B)
Class org.jetbrains.kotlin.psi.KtExpressionWithLabel                                  : loaded 2 times (x 437B)
Class org.jetbrains.kotlin.psi.KtWhenEntry                                            : loaded 2 times (x 382B)
Class [Lorg.jetbrains.kotlin.psi.KtFunction;                                          : loaded 2 times (x 69B)
Class org.jetbrains.kotlin.psi.KtTypeParameterListOwnerStub                           : loaded 2 times (x 994B)
Class org.jetbrains.kotlin.cli.jvm.compiler.ClasspathRootsResolver$RootsAndModules    : loaded 2 times (x 72B)
Class org.jetbrains.kotlin.cli.jvm.compiler.KotlinCoreEnvironment$2                   : loaded 2 times (x 125B)
Class org.jetbrains.kotlin.scripting.definitions.ScriptCompilationConfigurationFromDefinition$1$4: loaded 2 times (x 79B)
Class kotlin.reflect.jvm.internal.KDeclarationContainerImpl$Companion                 : loaded 2 times (x 71B)
Class org.jetbrains.kotlin.fir.extensions.FirAnalysisHandlerExtension                 : loaded 2 times (x 73B)
Class org.jetbrains.kotlin.asJava.KotlinAsJavaSupportBase                             : loaded 2 times (x 103B)
Class com.android.sdklib.AndroidVersion                                               : loaded 2 times (x 75B)
Class com.android.tools.lint.model.LintModelLibraryResolver                           : loaded 2 times (x 70B)
Class kotlin.text.MatchResult$DefaultImpls                                            : loaded 2 times (x 71B)
Class com.android.tools.lint.model.LintModelSerialization$LintModelSerializationAdapter: loaded 2 times (x 70B)
Class net.rubygrapefruit.platform.internal.Platform$Unsupported                       : loaded 2 times (x 79B)
Class net.rubygrapefruit.platform.internal.Platform$FreeBSD32Bit                      : loaded 2 times (x 82B)
Class org.gradle.internal.classloader.ClasspathUtil                                   : loaded 2 times (x 71B)
Class org.jetbrains.kotlin.types.checker.KotlinTypeChecker                            : loaded 2 times (x 70B)
Class [Lorg.jetbrains.kotlin.types.error.ErrorEntity;                                 : loaded 2 times (x 69B)
Class org.jetbrains.kotlin.descriptors.SupertypeLoopChecker                           : loaded 2 times (x 70B)
Class org.jetbrains.kotlin.renderer.RenderingFormat$PLAIN                             : loaded 2 times (x 80B)
Class org.jetbrains.kotlin.resolve.diagnostics.KotlinSuppressCache$Companion          : loaded 2 times (x 71B)
Class org.objectweb.asm.tree.MethodNode                                               : loaded 2 times (x 110B)
Class [Lorg.jetbrains.kotlin.metadata.ProtoBuf$QualifiedNameTable$QualifiedName$Kind; : loaded 2 times (x 69B)
Class org.jetbrains.kotlin.metadata.ProtoBuf$PackageFragment                          : loaded 2 times (x 125B)
Class [Lorg.jetbrains.kotlin.metadata.ProtoBuf$TypeParameter$Variance;                : loaded 2 times (x 69B)
Class org.jetbrains.kotlin.metadata.ProtoBuf$Constructor                              : loaded 2 times (x 124B)
Class org.jetbrains.kotlin.resolve.checkers.SuspendLimitationsChecker                 : loaded 2 times (x 74B)
Class org.jetbrains.kotlin.resolve.jvm.checkers.BadInheritedJavaSignaturesChecker     : loaded 2 times (x 74B)
Class org.jetbrains.kotlin.psi.KtContractEffectList                                   : loaded 2 times (x 443B)
Class [Lorg.jetbrains.kotlin.psi.KtNamed;                                             : loaded 2 times (x 69B)
Class kotlin.collections.builders.SetBuilder                                          : loaded 2 times (x 143B)
Class org.jetbrains.kotlin.resolve.jvm.modules.JavaModuleInfo$Requires                : loaded 2 times (x 72B)
Class org.jetbrains.kotlin.cli.jvm.modules.JavaVersionUtilsKt                         : loaded 2 times (x 71B)
Class org.jetbrains.kotlin.resolve.jvm.KotlinJavaPsiFacade$KotlinPsiElementFinderWrapper: loaded 2 times (x 70B)
Class kotlin.jvm.internal.PropertyReference0                                          : loaded 2 times (x 127B)
Class org.jetbrains.kotlin.extensions.CollectAdditionalSourcesExtension               : loaded 2 times (x 70B)
Class it.unimi.dsi.fastutil.Hash                                                      : loaded 2 times (x 70B)
Class kotlin.sequences.EmptySequence                                                  : loaded 2 times (x 78B)
Class org.jetbrains.kotlin.resolve.checkers.DeclarationChecker                        : loaded 2 times (x 70B)
Class net.rubygrapefruit.platform.internal.Platform$Unix                              : loaded 2 times (x 82B)
Class com.google.common.util.concurrent.Uninterruptibles                              : loaded 2 times (x 71B)
Class org.jetbrains.kotlin.resolve.jvm.checkers.JvmModuleAccessibilityChecker$ClassifierUsage: loaded 2 times (x 75B)
Class org.jetbrains.kotlin.resolve.jvm.checkers.JavaNullabilityChecker                : loaded 2 times (x 76B)
Class org.jetbrains.kotlin.container.SingletonDescriptor                              : loaded 2 times (x 93B)
Class org.jetbrains.kotlin.types.error.ErrorScope                                     : loaded 2 times (x 102B)
Class org.jetbrains.kotlin.mpp.FunctionSymbolMarker                                   : loaded 2 times (x 70B)
Class org.jetbrains.kotlin.types.AbstractClassTypeConstructor                         : loaded 2 times (x 99B)
Class org.jetbrains.kotlin.descriptors.DeclarationDescriptorVisitor                   : loaded 2 times (x 70B)
Class org.objectweb.asm.tree.FieldNode                                                : loaded 2 times (x 80B)
Class org.jetbrains.kotlin.psi.KtCodeFragmentBase                                     : loaded 2 times (x 70B)
Class org.jetbrains.kotlin.metadata.jvm.JvmProtoBuf$JvmFieldSignatureOrBuilder        : loaded 2 times (x 70B)
Class org.jetbrains.kotlin.metadata.ProtoBuf$PackageFragment$1                        : loaded 2 times (x 144B)
Class org.jetbrains.kotlin.metadata.ProtoBuf$VersionRequirementTableOrBuilder         : loaded 2 times (x 70B)
Class org.jetbrains.kotlin.psi.KtVisitor                                              : loaded 2 times (x 191B)
Class org.jetbrains.kotlin.resolve.scopes.receivers.ReceiverValue                     : loaded 2 times (x 70B)
Class org.jetbrains.kotlin.diagnostics.DiagnosticFactoryForDeprecation3$Companion     : loaded 2 times (x 71B)
Class org.jetbrains.kotlin.diagnostics.PositioningStrategies$FIELD_KEYWORD$1          : loaded 2 times (x 75B)
Class org.jetbrains.kotlin.diagnostics.PositioningStrategies$DECLARATION_RETURN_TYPE$1: loaded 2 times (x 74B)
Class [Lorg.jetbrains.kotlin.psi.KtAnnotationUseSiteTarget;                           : loaded 2 times (x 69B)
Class org.jetbrains.kotlin.psi.KtClassInitializer                                     : loaded 2 times (x 784B)
Class org.jetbrains.org.objectweb.asm.ModuleVisitor                                   : loaded 2 times (x 81B)
Class kotlin.reflect.jvm.internal.impl.builtins.functions.FunctionTypeKind$KSuspendFunction: loaded 2 times (x 72B)
Class kotlin.reflect.full.IllegalCallableAccessException                              : loaded 2 times (x 82B)
Class kotlin.jvm.internal.DefaultConstructorMarker                                    : loaded 2 times (x 71B)
Class it.unimi.dsi.fastutil.ints.IntList                                              : loaded 2 times (x 70B)
Class org.jetbrains.kotlin.cli.jvm.compiler.IdeaStandaloneExecutionSetup              : loaded 2 times (x 71B)
Class kotlin.jvm.internal.PropertyReference1                                          : loaded 2 times (x 127B)
Class com.android.tools.lint.model.LintModelNamespacingMode                           : loaded 2 times (x 79B)
Class com.android.utils.StdLogger                                                     : loaded 2 times (x 86B)
Class org.jetbrains.kotlin.diagnostics.DiagnosticFactory4                             : loaded 2 times (x 81B)
Class org.jetbrains.kotlin.container.PlatformSpecificExtension                        : loaded 2 times (x 70B)
Class com.google.common.io.CharSource                                                 : loaded 2 times (x 85B)
Class org.gradle.api.specs.Spec                                                       : loaded 2 times (x 70B)
Class org.jetbrains.kotlin.resolve.checkers.ApiVersionClassifierUsageChecker          : loaded 2 times (x 74B)
Class org.jetbrains.kotlin.frontend.java.di.InjectionKt$createContainerForLazyResolveWithJava$1: loaded 2 times (x 79B)
Class org.jetbrains.kotlin.resolve.CliSealedClassInheritorsProvider                   : loaded 2 times (x 72B)
Class org.jetbrains.kotlin.descriptors.DelegatedDescriptorVisibility                  : loaded 2 times (x 79B)
Class org.jetbrains.kotlin.types.TypeUtils                                            : loaded 2 times (x 71B)
Class org.jetbrains.kotlin.resolve.diagnostics.Diagnostics$Companion$EMPTY$1          : loaded 2 times (x 100B)
Class org.jetbrains.kotlin.psi.KtDotQualifiedExpression$Companion                     : loaded 2 times (x 71B)
Class kotlin.UnsafeLazyImpl                                                           : loaded 2 times (x 76B)
Class org.jetbrains.kotlin.protobuf.ProtocolStringList                                : loaded 2 times (x 70B)
Class org.jetbrains.kotlin.resolve.calls.checkers.EqualityCallChecker                 : loaded 2 times (x 74B)
Class org.jetbrains.kotlin.resolve.calls.checkers.CompanionInParenthesesLHSCallChecker: loaded 2 times (x 74B)
Class [Lorg.jetbrains.kotlin.container.ComponentStorageState;                         : loaded 2 times (x 69B)
Class [Lorg.jetbrains.kotlin.metadata.ProtoBuf$Modality;                              : loaded 2 times (x 69B)
Class org.jetbrains.kotlin.psi.KtSafeQualifiedExpression                              : loaded 2 times (x 508B)
Class org.jetbrains.kotlin.kdoc.lexer.KDocLexer                                       : loaded 2 times (x 87B)
Class [Lorg.jetbrains.kotlin.psi.KtTypeArgumentList;                                  : loaded 2 times (x 69B)
Class [Lorg.jetbrains.kotlin.psi.KtPackageDirective;                                  : loaded 2 times (x 69B)
Class org.jetbrains.kotlin.psi.stubs.elements.KtImportAliasElementType                : loaded 2 times (x 100B)
Class [Lorg.jetbrains.kotlin.psi.KtAnnotationsContainer;                              : loaded 2 times (x 69B)
Class org.jetbrains.kotlin.cli.jvm.compiler.CoreEnvironmentUtilsKt                    : loaded 2 times (x 71B)
Class org.jetbrains.kotlin.scripting.compiler.plugin.impl.ErrorReportingKt            : loaded 2 times (x 71B)
Class kotlin.script.experimental.jvm.compat.ExpectedLocationUtilKt                    : loaded 2 times (x 71B)
Class org.jetbrains.kotlin.scripting.definitions.LazyScriptDefinitionProvider         : loaded 2 times (x 90B)
Class kotlin.jvm.internal.MutablePropertyReference                                    : loaded 2 times (x 119B)
Class kotlin.jvm.internal.PropertyReference2                                          : loaded 2 times (x 127B)
Class kotlin.LazyKt__LazyJVMKt$WhenMappings                                           : loaded 2 times (x 71B)
Class com.android.ide.common.blame.SourcePosition                                     : loaded 2 times (x 71B)
Class com.android.tools.lint.model.LintModelExternalLibrary                           : loaded 2 times (x 70B)
Class com.google.common.collect.MapMaker                                              : loaded 2 times (x 72B)
Class org.jetbrains.kotlin.container.SingletonDescriptor$disposableObjects$2          : loaded 2 times (x 78B)
Class org.jetbrains.kotlin.config.AnalysisFlags$optIn$2                               : loaded 2 times (x 127B)
Class org.jetbrains.kotlin.config.AnalysisFlags$metadataCompilation$2                 : loaded 2 times (x 127B)
Class org.jetbrains.kotlin.serialization.deserialization.EnumEntriesDeserializationSupport$Default: loaded 2 times (x 74B)
Class org.jetbrains.kotlin.serialization.deserialization.DeserializationConfiguration$Default: loaded 2 times (x 91B)
Class org.jetbrains.kotlin.serialization.deserialization.builtins.BuiltInsPackageFragmentImpl$Companion: loaded 2 times (x 71B)
Class org.jetbrains.kotlin.context.ContextKt$GlobalContext$2                          : loaded 2 times (x 78B)
Class org.jetbrains.kotlin.kdoc.parser.KDocElementType                                : loaded 2 times (x 76B)
Class org.jetbrains.kotlin.builtins.functions.FunctionTypeKindExtractor               : loaded 2 times (x 72B)
Class org.jetbrains.kotlin.metadata.deserialization.Flags                             : loaded 2 times (x 71B)
Class org.jetbrains.kotlin.metadata.ProtoBuf$TypeTable$1                              : loaded 2 times (x 144B)
Class org.jetbrains.kotlin.builtins.KotlinBuiltIns                                    : loaded 2 times (x 160B)
Class org.jetbrains.kotlin.descriptors.VariableDescriptor                             : loaded 2 times (x 70B)
Class org.jetbrains.kotlin.resolve.checkers.DataObjectContentChecker                  : loaded 2 times (x 74B)
Class org.jetbrains.kotlin.resolve.checkers.DeprecationInheritanceChecker             : loaded 2 times (x 74B)
Class org.jetbrains.kotlin.container.PlatformExtensionsClashResolver$FallbackToDefault: loaded 2 times (x 73B)
Class org.jetbrains.kotlin.diagnostics.PositioningStrategies$UNUSED_VALUE$1           : loaded 2 times (x 74B)
Class org.jetbrains.kotlin.psi.KtElementImpl                                          : loaded 2 times (x 376B)
Class org.jetbrains.kotlin.psi.KtDelegatedSuperTypeEntry                              : loaded 2 times (x 447B)
Class org.jetbrains.kotlin.psi.KtPrimaryConstructor                                   : loaded 2 times (x 1274B)
Class [Lorg.jetbrains.kotlin.psi.KtModifierListOwner;                                 : loaded 2 times (x 69B)
Class org.jetbrains.kotlin.cli.jvm.compiler.KotlinCoreEnvironment$6                   : loaded 2 times (x 79B)
Class org.jetbrains.kotlin.cli.jvm.index.JvmDependenciesIndexImpl$indexedRoots$2      : loaded 2 times (x 79B)
Class [Lkotlin.reflect.jvm.internal.impl.builtins.jvm.JavaToKotlinClassMap$PlatformMutabilityMapping;: loaded 2 times (x 69B)
Class kotlin.reflect.jvm.internal.KClassImpl$Data$constructors$2                      : loaded 2 times (x 79B)
Class kotlin.reflect.full.IllegalPropertyDelegateAccessException                      : loaded 2 times (x 82B)
Class kotlin.LazyThreadSafetyMode                                                     : loaded 2 times (x 79B)
Class it.unimi.dsi.fastutil.HashCommon                                                : loaded 2 times (x 71B)
Class com.android.tools.lint.model.LintModelVariant                                   : loaded 2 times (x 70B)
Class kotlin.jvm.internal.ArrayIterator                                               : loaded 2 times (x 79B)
Class com.google.common.cache.LocalCache$LoadingValueReference                        : loaded 2 times (x 96B)
Class org.jetbrains.kotlin.resolve.BindingTraceContext                                : loaded 2 times (x 105B)
Class org.jetbrains.kotlin.resolve.jvm.checkers.WarningAwareUpperBoundChecker         : loaded 2 times (x 74B)
Class org.jetbrains.kotlin.serialization.deserialization.DeserializationComponents    : loaded 2 times (x 72B)
Class org.jetbrains.kotlin.incremental.components.LookupTracker                       : loaded 2 times (x 70B)
Class org.jetbrains.kotlin.builtins.jvm.JvmBuiltIns                                   : loaded 2 times (x 160B)
Class com.android.utils.PositionXmlParser$DomBuilder                                  : loaded 2 times (x 148B)
Class org.jetbrains.kotlin.metadata.ProtoBuf$Function                                 : loaded 2 times (x 149B)
Class kotlin.jvm.internal.SpreadBuilder                                               : loaded 2 times (x 76B)
Class org.jetbrains.kotlin.resolve.checkers.ActualTypealiasToSpecialAnnotationChecker : loaded 2 times (x 74B)
Class org.jetbrains.kotlin.resolve.jvm.JvmOverloadFilter                              : loaded 2 times (x 74B)
Class org.jetbrains.kotlin.resolve.jvm.checkers.JavaTypeAccessibilityChecker          : loaded 2 times (x 76B)
Class org.jetbrains.kotlin.resolve.calls.checkers.LateinitIntrinsicApplicabilityChecker: loaded 2 times (x 74B)
Class org.jetbrains.kotlin.resolve.jvm.checkers.ClassInheritsJavaSealedClassChecker   : loaded 2 times (x 74B)
Class org.jetbrains.kotlin.psi.KtWhenConditionIsPattern                               : loaded 2 times (x 378B)
Class [Lorg.jetbrains.kotlin.psi.KtTypeReference;                                     : loaded 2 times (x 69B)
Class [Lorg.jetbrains.kotlin.psi.KtImportInfo;                                        : loaded 2 times (x 69B)
Class org.jetbrains.kotlin.psi.stubs.elements.KtContractEffectListElementType         : loaded 2 times (x 103B)
Class kotlin.script.experimental.api.ScriptCompilationConfiguration$Builder           : loaded 2 times (x 72B)
Class [Lkotlin.script.experimental.location.ScriptExpectedLocation;                   : loaded 2 times (x 69B)
Class org.jetbrains.kotlin.extensions.CollectAdditionalSourcesExtension$Companion     : loaded 2 times (x 72B)
Class org.jetbrains.kotlin.util.SimpleCounter                                         : loaded 2 times (x 73B)
Class org.jetbrains.kotlin.name.StandardClassIds                                      : loaded 2 times (x 71B)
Class kotlin.collections.EmptyIterator                                                : loaded 2 times (x 89B)
Class kotlin.SynchronizedLazyImpl                                                     : loaded 2 times (x 76B)
Class [Lcom.android.tools.lint.model.LintModelArtifactType;                           : loaded 2 times (x 69B)
Class com.android.tools.lint.model.LintModelMavenName                                 : loaded 2 times (x 70B)
Class kotlin.text.StringsKt__RegexExtensionsKt                                        : loaded 2 times (x 71B)
Class com.google.common.reflect.Invokable$MethodInvokable                             : loaded 2 times (x 107B)
Class com.google.common.collect.Multimaps$Entries                                     : loaded 2 times (x 118B)
Class com.google.common.collect.MapMakerInternalMap$StrongKeyDummyValueEntry          : loaded 2 times (x 82B)
Class com.google.common.io.LineReader$1                                               : loaded 2 times (x 75B)
Class com.google.common.collect.CollectSpliterators                                   : loaded 2 times (x 71B)
Class com.google.common.collect.AbstractMapBasedMultimap$AsMap                        : loaded 2 times (x 128B)
Class com.google.common.base.Platform                                                 : loaded 2 times (x 71B)
Class org.jetbrains.kotlin.cli.jvm.compiler.TopDownAnalyzerFacadeForJVM               : loaded 2 times (x 71B)
Class org.jetbrains.kotlin.resolve.calls.results.PlatformOverloadsSpecificityComparator: loaded 2 times (x 70B)
Class org.jetbrains.kotlin.serialization.deserialization.descriptors.DeserializedMemberScope$OptimizedImplementation$variableNames$2: loaded 2 times (x 79B)
Class org.jetbrains.kotlin.serialization.deserialization.AnnotationDeserializer       : loaded 2 times (x 72B)
Class org.jetbrains.kotlin.types.ClassifierBasedTypeConstructor                       : loaded 2 times (x 88B)
Class org.jetbrains.kotlin.descriptors.impl.ModuleAwareClassDescriptor$Companion      : loaded 2 times (x 71B)
Class org.jetbrains.kotlin.builtins.BuiltInsLoader$Companion                          : loaded 2 times (x 71B)
Class org.jetbrains.kotlin.metadata.ProtoBuf$VersionRequirementTable                  : loaded 2 times (x 107B)
Class org.jetbrains.kotlin.protobuf.LazyField                                         : loaded 2 times (x 83B)
Class org.jetbrains.kotlin.resolve.checkers.ResultClassInReturnTypeChecker            : loaded 2 times (x 74B)
Class org.jetbrains.kotlin.resolve.jvm.checkers.MissingBuiltInDeclarationChecker$ClassifierUsage: loaded 2 times (x 74B)
Class org.jetbrains.kotlin.diagnostics.DiagnosticFactory                              : loaded 2 times (x 76B)
Class org.jetbrains.kotlin.resolve.jvm.checkers.LocalFunInlineChecker                 : loaded 2 times (x 74B)
Class org.jetbrains.kotlin.lexer.KtKeywordToken                                       : loaded 2 times (x 78B)
Class [Lorg.jetbrains.kotlin.psi.KtPureElement;                                       : loaded 2 times (x 69B)
Class org.jetbrains.kotlin.extensions.PreprocessedFileCreator                         : loaded 2 times (x 72B)
Class kotlin.coroutines.jvm.internal.RestrictedSuspendLambda                          : loaded 2 times (x 91B)
Class org.jetbrains.kotlin.scripting.compiler.plugin.ScriptingCompilerConfigurationExtension$updateConfiguration$hostConfiguration$1$1: loaded 2 times (x 79B)
Class org.jetbrains.kotlin.load.java.structure.JavaModifierListOwner                  : loaded 2 times (x 70B)
Class kotlin.script.experimental.jvm.GetScriptingClassByClassLoader                   : loaded 2 times (x 70B)
Class kotlin.reflect.jvm.internal.CachesKt$K_PACKAGE_CACHE$1                          : loaded 2 times (x 78B)
Class org.jetbrains.kotlin.resolve.extensions.AnalysisHandlerExtension                : loaded 2 times (x 70B)
Class org.jetbrains.kotlin.config.LanguageVersionSettings$Companion                   : loaded 2 times (x 71B)
Class org.jetbrains.kotlin.context.GlobalContextImpl                                  : loaded 2 times (x 79B)
Class org.jetbrains.kotlin.name.StandardClassIdsKt                                    : loaded 2 times (x 71B)
Class com.android.tools.lint.model.LintModelLibrary                                   : loaded 2 times (x 70B)
Class kotlin.collections.AbstractList                                                 : loaded 2 times (x 197B)
Class kotlin.collections.AbstractCollection                                           : loaded 2 times (x 117B)
Class kotlin.sequences.SequencesKt__SequencesJVMKt                                    : loaded 2 times (x 71B)
Class org.jetbrains.kotlin.renderer.DescriptorRenderer$Companion$ONLY_NAMES_WITH_SHORT_TYPES$1: loaded 2 times (x 78B)
Class com.google.common.collect.AbstractMapBasedMultimap$WrappedList                  : loaded 2 times (x 205B)
Class [Lorg.objectweb.asm.AnnotationWriter;                                           : loaded 2 times (x 69B)
Class org.jetbrains.kotlin.resolve.jvm.checkers.JvmReflectionAPICallChecker           : loaded 2 times (x 79B)
Class org.jetbrains.kotlin.metadata.jvm.JvmModuleProtoBuf$PackageParts                : loaded 2 times (x 128B)
Class org.jetbrains.kotlin.cli.jvm.compiler.JvmPackagePartProviderKt                  : loaded 2 times (x 71B)
Class org.jetbrains.kotlin.serialization.deserialization.EnumEntriesDeserializationSupport: loaded 2 times (x 70B)
Class org.jetbrains.kotlin.serialization.deserialization.ContractDeserializer$Companion$DEFAULT$1: loaded 2 times (x 74B)
Class org.jetbrains.kotlin.descriptors.DescriptorVisibilities$10                      : loaded 2 times (x 76B)
Class [Lorg.jetbrains.kotlin.descriptors.ClassKind;                                   : loaded 2 times (x 69B)
Class org.jetbrains.kotlin.descriptors.impl.ClassDescriptorBase                       : loaded 2 times (x 269B)
Class org.jetbrains.kotlin.renderer.RenderingFormat                                   : loaded 2 times (x 80B)
Class org.jetbrains.kotlin.cli.jvm.compiler.CliBindingTrace                           : loaded 2 times (x 105B)
Class org.jetbrains.kotlin.types.model.TypeArgumentMarker                             : loaded 2 times (x 70B)
Class kotlin.Triple                                                                   : loaded 2 times (x 72B)
Class org.jetbrains.kotlin.metadata.ProtoBuf$PackageFragmentOrBuilder                 : loaded 2 times (x 70B)
Class org.jetbrains.kotlin.metadata.ProtoBuf$TypeParameter$1                          : loaded 2 times (x 144B)
Class org.jetbrains.kotlin.utils.StringsKt                                            : loaded 2 times (x 71B)
Class [Lorg.jetbrains.kotlin.resolve.calls.checkers.CallChecker;                      : loaded 2 times (x 69B)
Class org.jetbrains.kotlin.parsing.TokenStreamPredicate                               : loaded 2 times (x 70B)
Class org.jetbrains.kotlin.psi.KtFunctionLiteral                                      : loaded 2 times (x 1200B)
Class [Lorg.jetbrains.kotlin.psi.KtStringTemplateEntry;                               : loaded 2 times (x 69B)
Class org.jetbrains.kotlin.psi.stubs.elements.KtDotQualifiedExpressionElementType     : loaded 2 times (x 103B)
Class [Lorg.jetbrains.kotlin.psi.KtImportAlias;                                       : loaded 2 times (x 69B)
Class org.jetbrains.kotlin.psi.stubs.KotlinPropertyAccessorStub                       : loaded 2 times (x 70B)
Class [Lorg.jetbrains.kotlin.psi.KtNamedDeclaration;                                  : loaded 2 times (x 69B)
Class kotlin.sequences.SequencesKt__SequenceBuilderKt$sequence$$inlined$Sequence$1    : loaded 2 times (x 75B)
Class org.jetbrains.kotlin.scripting.compiler.plugin.impl.ErrorReportingKt$reporter$1 : loaded 2 times (x 79B)
Class kotlin.collections.ArraysKt___ArraysKt$asIterable$$inlined$Iterable$1           : loaded 2 times (x 79B)
Class kotlin.collections.ArrayAsCollection                                            : loaded 2 times (x 105B)
Class kotlin.LazyKt__LazyKt                                                           : loaded 2 times (x 71B)
Class kotlin.text.Regex                                                               : loaded 2 times (x 72B)
Class com.android.utils.EnvironmentProvider                                           : loaded 2 times (x 70B)
Class org.jetbrains.kotlin.descriptors.ClassConstructorDescriptor                     : loaded 2 times (x 70B)
Class kotlin.text.StringsKt__StringBuilderJVMKt                                       : loaded 2 times (x 71B)
Class org.jetbrains.kotlin.serialization.deserialization.LocalClassifierTypeSettings$Default: loaded 2 times (x 74B)
Class [Lcom.google.common.collect.Iterators$EmptyModifiableIterator;                  : loaded 2 times (x 69B)
Class com.google.common.collect.Lists$ReverseList$1                                   : loaded 2 times (x 99B)
Class com.google.common.cache.LocalCache$StrongValueReference                         : loaded 2 times (x 90B)
Class com.google.common.util.concurrent.AbstractFuture$SynchronizedHelper             : loaded 2 times (x 78B)
Class org.jetbrains.kotlin.util.TypeRegistry                                          : loaded 2 times (x 73B)
Class org.jetbrains.kotlin.descriptors.DescriptorVisibilities$11                      : loaded 2 times (x 76B)
Class org.jetbrains.kotlin.descriptors.impl.FunctionDescriptorImpl                    : loaded 2 times (x 299B)
Class org.jetbrains.kotlin.incremental.components.EnumWhenTracker                     : loaded 2 times (x 70B)
Class org.jetbrains.kotlin.synthetic.JavaSyntheticScopes                              : loaded 2 times (x 75B)
Class org.jetbrains.kotlin.metadata.ProtoBuf$QualifiedNameTable$QualifiedName$1       : loaded 2 times (x 144B)
Class org.jetbrains.kotlin.metadata.deserialization.BinaryVersion$Companion           : loaded 2 times (x 71B)
Class org.jetbrains.kotlin.resolve.calls.context.CallResolutionContext                : loaded 2 times (x 85B)
Class org.jetbrains.kotlin.resolve.checkers.StubForBuilderInferenceParameterTypeChecker: loaded 2 times (x 74B)
Class org.jetbrains.kotlin.resolve.checkers.MultiFieldValueClassAnnotationsChecker    : loaded 2 times (x 74B)
Class org.jetbrains.kotlin.diagnostics.Errors                                         : loaded 2 times (x 70B)
Class org.jetbrains.kotlin.resolve.jvm.checkers.FunctionDelegateMemberNameClashChecker: loaded 2 times (x 74B)
Class org.jetbrains.kotlin.parsing.KotlinExpressionParsing$Precedence                 : loaded 2 times (x 81B)
Class org.jetbrains.kotlin.parsing.AbstractKotlinParsing                              : loaded 2 times (x 101B)
Class it.unimi.dsi.fastutil.ints.AbstractIntSet                                       : loaded 2 times (x 233B)
Class [Lorg.jetbrains.kotlin.psi.ValueArgumentName;                                   : loaded 2 times (x 69B)
Class org.jetbrains.kotlin.psi.stubs.elements.KtConstructorElementType                : loaded 2 times (x 107B)
Class org.jetbrains.kotlin.load.java.JavaModuleAnnotationsProvider                    : loaded 2 times (x 70B)
Class kotlin.jvm.internal.Ref$ObjectRef                                               : loaded 2 times (x 72B)
Class kotlin.script.experimental.host.ScriptingHostConfiguration$Builder              : loaded 2 times (x 72B)
Class kotlin.script.experimental.jvm.JvmScriptingHostConfigurationKt$defaultJvmScriptingHostConfiguration$1: loaded 2 times (x 78B)
Class kotlin.reflect.jvm.internal.KCallableImpl$parametersNeedMFVCFlattening$1        : loaded 2 times (x 79B)
Class kotlin.jvm.internal.ReflectionFactory                                           : loaded 2 times (x 91B)
Class org.jetbrains.kotlin.cli.jvm.compiler.KotlinCoreApplicationEnvironment          : loaded 2 times (x 94B)
Class kotlin.UNINITIALIZED_VALUE                                                      : loaded 2 times (x 71B)
Class [Lorg.jetbrains.kotlin.config.JVMAssertionsMode;                                : loaded 2 times (x 69B)
Class org.jetbrains.kotlin.config.JVMAssertionsMode                                   : loaded 2 times (x 79B)
Class com.google.common.graph.SuccessorsFunction                                      : loaded 2 times (x 70B)
Class org.gradle.internal.classloader.VisitableURLClassLoader$InstrumentingVisitableURLClassLoader: loaded 2 times (x 123B)
Class org.jetbrains.kotlin.descriptors.DescriptorVisibilities$12                      : loaded 2 times (x 76B)
Class org.jetbrains.kotlin.renderer.DescriptorRenderer$Companion$FQ_NAMES_IN_TYPES$1  : loaded 2 times (x 78B)
Class org.jetbrains.kotlin.builtins.functions.FunctionTypeKind$KSuspendFunction       : loaded 2 times (x 76B)
Class org.jetbrains.kotlin.metadata.ProtoBuf$QualifiedNameTable$1                     : loaded 2 times (x 144B)
Class org.jetbrains.kotlin.metadata.ProtoBuf$ValueParameter                           : loaded 2 times (x 128B)
Class org.jetbrains.kotlin.metadata.ProtoBuf$ClassOrBuilder                           : loaded 2 times (x 70B)
Class org.jetbrains.kotlin.descriptors.ClassifierDescriptor                           : loaded 2 times (x 70B)
Class org.jetbrains.kotlin.resolve.checkers.OptionalExpectationUsageChecker           : loaded 2 times (x 74B)
Class org.jetbrains.kotlin.resolve.calls.checkers.CustomEnumEntriesMigrationCallChecker: loaded 2 times (x 74B)
Class org.jetbrains.kotlin.resolve.OverridesBackwardCompatibilityHelper               : loaded 2 times (x 70B)
Class org.jetbrains.kotlin.lexer._JetLexer                                            : loaded 2 times (x 83B)
Class org.jetbrains.kotlin.psi.stubs.elements.KtCollectionLiteralExpressionElementType: loaded 2 times (x 100B)
Class org.jetbrains.kotlin.psi.KtValueArgumentName                                    : loaded 2 times (x 449B)
Class org.jetbrains.kotlin.psi.KtTypeConstraintList                                   : loaded 2 times (x 444B)
Class [Lorg.jetbrains.kotlin.psi.KtParameter;                                         : loaded 2 times (x 69B)
Class org.jetbrains.kotlin.psi.KtParameter                                            : loaded 2 times (x 1155B)
Class org.jetbrains.kotlin.resolve.jvm.modules.JavaModuleInfo                         : loaded 2 times (x 72B)
Class org.jetbrains.kotlin.storage.LockBasedStorageManager$MapBasedMemoizedFunction   : loaded 2 times (x 82B)
Class [Lkotlin.reflect.jvm.internal.impl.resolve.jvm.JvmPrimitiveType;                : loaded 2 times (x 69B)
Class kotlin.jvm.internal.ClassBasedDeclarationContainer                              : loaded 2 times (x 70B)
Class kotlin.coroutines.CoroutineContext$Element$DefaultImpls                         : loaded 2 times (x 71B)
Class kotlin.coroutines.Continuation                                                  : loaded 2 times (x 70B)
Class kotlin.ranges.RangesKt__RangesKt                                                : loaded 2 times (x 71B)
Class org.gradle.internal.classloader.ClassLoaderHierarchy                            : loaded 2 times (x 70B)
Class com.android.tools.lint.model.LintModelArtifactType                              : loaded 2 times (x 79B)
Class kotlin.collections.SetsKt___SetsKt                                              : loaded 2 times (x 71B)
Class kotlin.sequences.SequencesKt__SequencesKt                                       : loaded 2 times (x 71B)
Class kotlin.comparisons.ComparisonsKt__ComparisonsKt                                 : loaded 2 times (x 71B)
Class com.google.common.collect.MapMakerInternalMap$StrongKeyDummyValueEntry$Helper   : loaded 2 times (x 79B)
Class com.google.common.io.Files$FileByteSink                                         : loaded 2 times (x 77B)
Class org.objectweb.asm.ByteVector                                                    : loaded 2 times (x 79B)
Class [Lcom.google.common.cache.CacheBuilder$NullListener;                            : loaded 2 times (x 69B)
Class org.gradle.internal.classloader.VisitableURLClassLoader$Spec                    : loaded 2 times (x 74B)
Class org.gradle.internal.classpath.DefaultClassPath                                  : loaded 2 times (x 90B)
Class com.google.common.io.FileWriteMode                                              : loaded 2 times (x 79B)
Class org.jetbrains.kotlin.cli.jvm.compiler.JvmPackagePartProvider                    : loaded 2 times (x 92B)
Class org.jetbrains.kotlin.descriptors.impl.ModuleDescriptorImpl$packages$1           : loaded 2 times (x 79B)
Class kotlin.reflect.jvm.internal.KMutableProperty1Impl$_setter$1                     : loaded 2 times (x 79B)
Class org.jetbrains.kotlin.metadata.ProtoBuf$Annotation$Argument$ValueOrBuilder       : loaded 2 times (x 70B)
Class org.jetbrains.kotlin.resolve.calls.checkers.ConstructorHeaderCallChecker        : loaded 2 times (x 74B)
Class org.jetbrains.kotlin.resolve.checkers.EnumEntriesRedeclarationChecker           : loaded 2 times (x 74B)
Class org.jetbrains.kotlin.container.ComponentProvider                                : loaded 2 times (x 70B)
Class org.jetbrains.kotlin.diagnostics.PositioningStrategies$modifierSetPosition$1    : loaded 2 times (x 75B)
Class org.jetbrains.kotlin.lexer._JetLexer$State                                      : loaded 2 times (x 71B)
Class org.jetbrains.kotlin.parsing.LastBefore                                         : loaded 2 times (x 84B)
Class org.jetbrains.kotlin.psi.KtIsExpression                                         : loaded 2 times (x 503B)
Class it.unimi.dsi.fastutil.ints.IntArrays                                            : loaded 2 times (x 71B)
Class org.jetbrains.kotlin.psi.KtDeclaration                                          : loaded 2 times (x 70B)
Class org.jetbrains.kotlin.cli.jvm.modules.CliJavaModuleResolver$virtualFileFinder$2  : loaded 2 times (x 79B)
Class org.jetbrains.kotlin.scripting.resolve.ScriptReportSink                         : loaded 2 times (x 70B)
Class kotlin.Result$Companion                                                         : loaded 2 times (x 71B)
Class kotlin.coroutines.jvm.internal.BaseContinuationImpl                             : loaded 2 times (x 87B)
Class it.unimi.dsi.fastutil.Hash$Strategy                                             : loaded 2 times (x 70B)
Class kotlin.sequences.FilteringSequence                                              : loaded 2 times (x 75B)
Class com.android.tools.lint.model.LintModelDependencies                              : loaded 2 times (x 70B)
Class kotlin.text.CharsKt__CharJVMKt                                                  : loaded 2 times (x 71B)
Class kotlin.comparisons.ComparisonsKt                                                : loaded 2 times (x 71B)
Class kotlin.comparisons.ComparisonsKt___ComparisonsKt                                : loaded 2 times (x 71B)
Class [Lcom.google.common.collect.MapMakerInternalMap$Segment;                        : loaded 2 times (x 69B)
Class org.objectweb.asm.Symbol                                                        : loaded 2 times (x 73B)
Class org.jetbrains.kotlin.resolve.lazy.declarations.DeclarationProviderFactory       : loaded 2 times (x 70B)
Class org.jetbrains.kotlin.metadata.ProtoBuf$Visibility                               : loaded 2 times (x 82B)
Class org.jetbrains.kotlin.metadata.jvm.JvmProtoBuf                                   : loaded 2 times (x 71B)
Class org.jetbrains.kotlin.serialization.deserialization.descriptors.DeserializedContainerAbiStability: loaded 2 times (x 79B)
Class org.jetbrains.kotlin.metadata.ProtoBuf$ConstructorOrBuilder                     : loaded 2 times (x 70B)
Class org.jetbrains.kotlin.resolve.checkers.PropertiesWithBackingFieldsInsideValueClass: loaded 2 times (x 74B)
Class org.jetbrains.kotlin.resolve.checkers.SinceKotlinAnnotationValueChecker         : loaded 2 times (x 77B)
Class org.jetbrains.kotlin.resolve.IdentifierChecker                                  : loaded 2 times (x 70B)
Class org.jetbrains.kotlin.diagnostics.PositioningStrategies$PARAMETER_DEFAULT_VALUE$1: loaded 2 times (x 74B)
Class org.jetbrains.kotlin.resolve.jvm.checkers.SuperCallWithDefaultArgumentsChecker  : loaded 2 times (x 74B)
Class net.rubygrapefruit.platform.internal.Platform$FreeBSD64Bit                      : loaded 2 times (x 82B)
Class org.jetbrains.kotlin.psi.KtSuperExpression                                      : loaded 2 times (x 439B)
Class org.jetbrains.kotlin.psi.stubs.elements.KtContractEffectElementType             : loaded 2 times (x 100B)
Class [Lorg.jetbrains.kotlin.psi.KtFileAnnotationList;                                : loaded 2 times (x 69B)
Class org.jetbrains.kotlin.psi.KtAnnotation                                           : loaded 2 times (x 446B)
Class org.jetbrains.kotlin.psi.KtAnnotationEntry                                      : loaded 2 times (x 521B)
Class org.jetbrains.kotlin.psi.stubs.KotlinConstructorStub                            : loaded 2 times (x 70B)
Class org.jetbrains.kotlin.psi.stubs.elements.KtBackingFieldElementType               : loaded 2 times (x 103B)
Class org.jetbrains.kotlin.psi.KtClassLikeDeclaration                                 : loaded 2 times (x 70B)
Class kotlin.script.experimental.api.ScriptEvaluationConfiguration$Companion          : loaded 2 times (x 71B)
Class org.jetbrains.kotlin.resolve.jvm.KotlinJavaPsiFacade$KotlinPsiElementFinderWrapperImplDumbAware: loaded 2 times (x 82B)
Class org.jetbrains.kotlin.scripting.compiler.plugin.JvmCliReplShellExtension         : loaded 2 times (x 75B)
Class kotlin.reflect.KType                                                            : loaded 2 times (x 70B)
Class org.jetbrains.kotlin.asJava.KotlinAsJavaSupport$Companion                       : loaded 2 times (x 71B)
Class org.jetbrains.kotlin.idea.KotlinFileType                                        : loaded 2 times (x 96B)
Class kotlin.sequences.SequencesKt__SequenceBuilderKt                                 : loaded 2 times (x 71B)
Class kotlin.collections.CollectionsKt__ReversedViewsKt                               : loaded 2 times (x 71B)
Class kotlin.sequences.FilteringSequence$iterator$1                                   : loaded 2 times (x 79B)
Class kotlin.jvm.internal.CollectionToArray                                           : loaded 2 times (x 71B)
Class org.jetbrains.kotlin.config.CompilerConfigurationKey                            : loaded 2 times (x 72B)
Class com.google.common.io.Java8Compatibility                                         : loaded 2 times (x 71B)
Class org.gradle.internal.classloader.ClassLoaderSpec                                 : loaded 2 times (x 71B)
Class org.jetbrains.kotlin.resolve.calls.checkers.AbstractReflectionApiCallChecker    : loaded 2 times (x 79B)
Class org.jetbrains.kotlin.descriptors.PropertyGetterDescriptor                       : loaded 2 times (x 70B)
Class com.google.common.collect.CollectCollectors$EnumSetAccumulator                  : loaded 2 times (x 72B)
Class org.jetbrains.kotlin.protobuf.SmallSortedMap                                    : loaded 2 times (x 130B)
Class org.jetbrains.kotlin.descriptors.DeclarationDescriptorWithVisibility            : loaded 2 times (x 70B)
Class org.jetbrains.kotlin.resolve.checkers.InnerClassInsideValueClass                : loaded 2 times (x 74B)
Class org.jetbrains.kotlin.resolve.jvm.checkers.JavaClassOnCompanionChecker           : loaded 2 times (x 74B)
Class [Lorg.jetbrains.kotlin.resolve.checkers.DeclarationChecker;                     : loaded 2 times (x 69B)
Class [Lorg.jetbrains.kotlin.psi.KtDoubleColonExpression;                             : loaded 2 times (x 69B)
Class [Lorg.jetbrains.kotlin.psi.KtElementImplStub;                                   : loaded 2 times (x 69B)
Class org.jetbrains.kotlin.psi.KtClass                                                : loaded 2 times (x 1099B)
Class org.jetbrains.kotlin.psi.KtAnnotated                                            : loaded 2 times (x 70B)
Class kotlin.reflect.jvm.internal.ReflectProperties$Val$1                             : loaded 2 times (x 71B)
Class org.jetbrains.kotlin.cli.common.extensions.ScriptEvaluationExtension$Companion  : loaded 2 times (x 72B)
Class org.jetbrains.kotlin.cli.common.extensions.ScriptEvaluationExtension            : loaded 2 times (x 70B)
Class org.jetbrains.kotlin.codegen.extensions.ExpressionCodegenExtension$Companion    : loaded 2 times (x 72B)
Class kotlin.text.DelimitedRangesSequence                                             : loaded 2 times (x 75B)
Class com.android.tools.lint.model.LintModelSerialization$LintModelSerializationFileAdapter: loaded 2 times (x 89B)
Class kotlin.collections.CollectionsKt___CollectionsJvmKt                             : loaded 2 times (x 71B)
Class com.android.prefs.VariableType                                                  : loaded 2 times (x 79B)
Class kotlin.jvm.internal.FunctionReferenceImpl                                       : loaded 2 times (x 122B)
Class net.rubygrapefruit.platform.internal.Platform$MacOs32Bit                        : loaded 2 times (x 82B)
Class net.rubygrapefruit.platform.internal.Platform$Linux64Bit                        : loaded 2 times (x 83B)
Class com.google.common.io.ByteSource$EmptyByteSource                                 : loaded 2 times (x 85B)
Class org.objectweb.asm.AnnotationWriter                                              : loaded 2 times (x 79B)
Class com.google.common.cache.CacheStats                                              : loaded 2 times (x 71B)
Class org.jetbrains.kotlin.load.kotlin.ModuleMappingUtilKt                            : loaded 2 times (x 71B)
Class org.jetbrains.kotlin.descriptors.PackageViewDescriptor                          : loaded 2 times (x 70B)
Class org.jetbrains.kotlin.renderer.DescriptorRenderer$ValueParametersHandler         : loaded 2 times (x 70B)
Class org.jetbrains.kotlin.context.ModuleContext                                      : loaded 2 times (x 70B)
Class org.jetbrains.kotlin.storage.LockBasedStorageManager$LockBasedLazyValue         : loaded 2 times (x 86B)
Class com.android.resources.ResourceType                                              : loaded 2 times (x 79B)
Class org.jetbrains.kotlin.protobuf.SmallSortedMap$EmptySet                           : loaded 2 times (x 71B)
Class org.jetbrains.kotlin.protobuf.MessageLite                                       : loaded 2 times (x 70B)
Class org.jetbrains.kotlin.diagnostics.PositioningStrategies$FindReferencePositioningStrategy: loaded 2 times (x 74B)
Class org.jetbrains.kotlin.psi.KtForExpression                                        : loaded 2 times (x 445B)
Class [Lorg.jetbrains.kotlin.psi.KtSuperTypeCallEntry;                                : loaded 2 times (x 69B)
Class [Lorg.jetbrains.kotlin.psi.KtDotQualifiedExpression;                            : loaded 2 times (x 69B)
Class org.jetbrains.kotlin.psi.KtAnnotationsContainer                                 : loaded 2 times (x 70B)
Class org.jetbrains.kotlin.scripting.compiler.plugin.ScriptingCompilerConfigurationExtension$updateConfiguration$hostConfiguration$1: loaded 2 times (x 79B)
Class [Lkotlin.script.experimental.util.PropertiesCollection;                         : loaded 2 times (x 69B)
Class org.jetbrains.kotlin.serialization.DescriptorSerializerPlugin                   : loaded 2 times (x 70B)
Class kotlin.jvm.internal.markers.KMutableIterable                                    : loaded 2 times (x 70B)
Class org.jetbrains.kotlin.codegen.extensions.ClassBuilderInterceptorExtension        : loaded 2 times (x 70B)
Class kotlin.Unit                                                                     : loaded 2 times (x 71B)
Class kotlin.TuplesKt                                                                 : loaded 2 times (x 71B)
Class org.jetbrains.kotlin.resolve.jvm.extensions.AnalysisHandlerExtension$Companion  : loaded 2 times (x 72B)
Class kotlin.sequences.SequencesKt___SequencesJvmKt                                   : loaded 2 times (x 71B)
Class com.android.tools.lint.model.PathVariables                                      : loaded 2 times (x 72B)
Class org.jetbrains.kotlin.types.extensions.TypeAttributeTranslators                  : loaded 2 times (x 72B)
Class com.google.common.collect.AbstractMapBasedMultimap$2                            : loaded 2 times (x 85B)
Class com.google.common.collect.Interners                                             : loaded 2 times (x 71B)
Class com.google.common.io.LineProcessor                                              : loaded 2 times (x 70B)
Class com.google.common.collect.ImmutableMultisetGwtSerializationDependencies         : loaded 2 times (x 125B)
Class org.objectweb.asm.RecordComponentWriter                                         : loaded 2 times (x 78B)
Class com.google.common.util.concurrent.AbstractFuture$Listener                       : loaded 2 times (x 72B)
Class Settings_gradle$1$1                                                             : loaded 2 times (x 74B)
Class org.jetbrains.kotlin.resolve.scopes.SyntheticScopes                             : loaded 2 times (x 70B)
Class org.jetbrains.kotlin.metadata.jvm.deserialization.ModuleMapping$Companion       : loaded 2 times (x 71B)
Class org.jetbrains.kotlin.cli.common.ModuleVisibilityHelperImpl                      : loaded 2 times (x 74B)
Class org.jetbrains.kotlin.renderer.ParameterNameRenderingPolicy                      : loaded 2 times (x 79B)
Class kotlin.jvm.internal.MutablePropertyReference0                                   : loaded 2 times (x 137B)
Class kotlin.reflect.jvm.internal.KCallableImpl$_annotations$1                        : loaded 2 times (x 79B)
Class org.jetbrains.kotlin.lexer.KotlinLexer                                          : loaded 2 times (x 86B)
Class org.jetbrains.kotlin.psi.ValueArgumentName                                      : loaded 2 times (x 70B)
Class [Lorg.jetbrains.kotlin.psi.KtExpressionImplStub;                                : loaded 2 times (x 69B)
Class org.jetbrains.kotlin.psi.KtPureClassOrObject                                    : loaded 2 times (x 70B)
Class org.jetbrains.kotlin.extensions.AnnotationBasedExtension                        : loaded 2 times (x 70B)
Class org.jetbrains.kotlin.resolve.jvm.extensions.SyntheticJavaResolveExtension$Companion: loaded 2 times (x 72B)
Class kotlin.reflect.jvm.internal.KClassImpl$Data$inheritedNonStaticMembers$2         : loaded 2 times (x 79B)
Class kotlin.ranges.RangesKt                                                          : loaded 2 times (x 71B)
Class com.google.common.base.Supplier                                                 : loaded 2 times (x 70B)
Class org.gradle.internal.classloader.VisitableURLClassLoader                         : loaded 2 times (x 117B)
Class org.jetbrains.kotlin.container.SingletonTypeComponentDescriptor                 : loaded 2 times (x 93B)
Class org.jetbrains.kotlin.cli.jvm.compiler.JvmPackagePartProvider$addRoots$1         : loaded 2 times (x 79B)
Class org.jetbrains.kotlin.config.AnalysisFlags$eagerResolveOfLightClasses$2          : loaded 2 times (x 127B)
Class org.jetbrains.kotlin.serialization.deserialization.descriptors.DeserializedPackageMemberScope: loaded 2 times (x 110B)
Class org.jetbrains.kotlin.types.checker.NewKotlinTypeChecker                         : loaded 2 times (x 70B)
Class org.jetbrains.kotlin.types.error.ErrorUtils                                     : loaded 2 times (x 71B)
Class org.jetbrains.kotlin.resolve.deprecation.DeprecationInfo                        : loaded 2 times (x 79B)
Class kotlin.sequences.GeneratorSequence                                              : loaded 2 times (x 75B)
Class org.jetbrains.kotlin.resolve.checkers.ContextualDeclarationChecker              : loaded 2 times (x 74B)
Class org.jetbrains.kotlin.container.ValueResolver                                    : loaded 2 times (x 70B)
Class org.jetbrains.kotlin.resolve.PlatformConfiguratorBase$platformSpecificContainer$1: loaded 2 times (x 79B)
Class org.jetbrains.kotlin.builtins.PlatformToKotlinClassMapper                       : loaded 2 times (x 70B)
Class org.jetbrains.kotlin.diagnostics.PositioningStrategies$DELEGATED_SUPERTYPE_BY_KEYWORD$1: loaded 2 times (x 74B)
Class org.jetbrains.kotlin.diagnostics.PositioningStrategies$FOR_REDECLARATION$1      : loaded 2 times (x 74B)
Class org.jetbrains.kotlin.diagnostics.PositioningStrategy                            : loaded 2 times (x 74B)
Class org.jetbrains.kotlin.resolve.jvm.platform.JvmPlatformAnalyzerServices           : loaded 2 times (x 77B)
Class org.jetbrains.kotlin.parsing.KotlinParsing$ModifierDetector                     : loaded 2 times (x 78B)
Class org.jetbrains.kotlin.psi.stubs.KotlinContextReceiverStub                        : loaded 2 times (x 70B)
Class org.jetbrains.kotlin.psi.stubs.elements.KtStringTemplateExpressionElementType   : loaded 2 times (x 103B)
Class org.jetbrains.kotlin.storage.LockBasedStorageManager$ExceptionHandlingStrategy  : loaded 2 times (x 70B)
Class kotlin.script.experimental.api.KotlinType                                       : loaded 2 times (x 72B)
Class kotlin.reflect.jvm.internal.KClassImpl                                          : loaded 2 times (x 115B)
Class kotlin.script.experimental.jvm.JvmGetScriptingClass                             : loaded 2 times (x 78B)
Class org.jetbrains.kotlin.types.DefaultTypeAttributeTranslator                       : loaded 2 times (x 75B)
Class kotlin.collections.ArraysUtilJVM                                                : loaded 2 times (x 71B)
Class kotlin.jvm.functions.Function0                                                  : loaded 2 times (x 70B)
Class com.android.ide.common.repository.AgpVersion$Companion                          : loaded 2 times (x 71B)
Class kotlin.sequences.FlatteningSequence$iterator$1                                  : loaded 2 times (x 79B)
Class com.android.prefs.AbstractAndroidLocations                                      : loaded 2 times (x 82B)
Class net.rubygrapefruit.platform.internal.FunctionResult$Failure                     : loaded 2 times (x 79B)
Class net.rubygrapefruit.platform.internal.NativeLibraryLoader                        : loaded 2 times (x 73B)
Class com.google.common.io.CharSource$AsByteSource                                    : loaded 2 times (x 85B)
Class com.google.common.collect.ImmutableList$SerializedForm                          : loaded 2 times (x 73B)
Class com.google.common.util.concurrent.AbstractFuture$Waiter                         : loaded 2 times (x 72B)
Class Settings_gradle                                                                 : loaded 2 times (x 128B)
Class org.gradle.internal.Cast                                                        : loaded 2 times (x 71B)
Class org.gradle.api.Action                                                           : loaded 2 times (x 70B)
Class kotlin.reflect.jvm.internal.impl.builtins.CompanionObjectMapping                : loaded 2 times (x 71B)
Class org.jetbrains.kotlin.metadata.jvm.JvmModuleProtoBuf$PackageParts$1              : loaded 2 times (x 144B)
Class org.jetbrains.kotlin.resolve.OverridingUtil                                     : loaded 2 times (x 76B)
Class org.jetbrains.kotlin.mpp.ConstructorSymbolMarker                                : loaded 2 times (x 70B)
Class org.jetbrains.kotlin.types.error.ErrorTypeKind                                  : loaded 2 times (x 80B)
Class org.jetbrains.kotlin.descriptors.impl.AbstractClassDescriptor                   : loaded 2 times (x 268B)
Class kotlin.properties.ReadWriteProperty                                             : loaded 2 times (x 70B)
Class org.jetbrains.kotlin.descriptors.impl.ModuleDescriptorImpl                      : loaded 2 times (x 117B)
Class org.jetbrains.kotlin.context.SimpleGlobalContext                                : loaded 2 times (x 78B)
Class org.jetbrains.kotlin.psi.KtNameReferenceExpression$Companion                    : loaded 2 times (x 71B)
Class org.jetbrains.kotlin.protobuf.CodedOutputStream                                 : loaded 2 times (x 72B)
Class org.jetbrains.kotlin.metadata.ProtoBuf$Annotation                               : loaded 2 times (x 109B)
Class org.jetbrains.kotlin.descriptors.ReceiverParameterDescriptor                    : loaded 2 times (x 70B)
Class org.jetbrains.kotlin.container.ValueResolveContext                              : loaded 2 times (x 70B)
Class org.jetbrains.kotlin.resolve.calls.checkers.NullableVarargArgumentCallChecker   : loaded 2 times (x 74B)
Class org.jetbrains.kotlin.resolve.calls.checkers.ImplicitNothingAsTypeParameterCallChecker: loaded 2 times (x 74B)
Class org.jetbrains.kotlin.resolve.checkers.ReifiedTypeParameterAnnotationChecker     : loaded 2 times (x 74B)
Class org.jetbrains.kotlin.container.ContainerConsistencyException                    : loaded 2 times (x 82B)
Class org.jetbrains.kotlin.resolve.checkers.ClassifierUsageChecker                    : loaded 2 times (x 70B)
Class org.jetbrains.kotlin.diagnostics.PositioningStrategies$IF_EXPRESSION$1          : loaded 2 times (x 74B)
Class org.jetbrains.kotlin.storage.DefaultSimpleLock                                  : loaded 2 times (x 78B)
Class org.jetbrains.kotlin.psi.KtOperationReferenceExpression                         : loaded 2 times (x 569B)
Class org.jetbrains.kotlin.psi.KtConstantExpression                                   : loaded 2 times (x 504B)
Class org.jetbrains.kotlin.psi.KtValueArgumentList                                    : loaded 2 times (x 452B)
Class org.jetbrains.kotlin.psi.stubs.KotlinAnnotationEntryStub                        : loaded 2 times (x 70B)
Class kotlin.collections.AbstractMutableList                                          : loaded 2 times (x 206B)
Class kotlin.script.experimental.api.ScriptIdeConfigurationKt                         : loaded 2 times (x 71B)
Class org.jetbrains.kotlin.compiler.plugin.CompilerPluginRegistrar                    : loaded 2 times (x 73B)
Class org.jetbrains.kotlin.cli.common.extensions.ReplFactoryExtension$Companion       : loaded 2 times (x 72B)
Class kotlin.script.experimental.jvm.JvmScriptingHostConfigurationKt                  : loaded 2 times (x 71B)
Class org.jetbrains.kotlin.codegen.extensions.ExpressionCodegenExtension              : loaded 2 times (x 70B)
Class org.jetbrains.kotlin.cli.common.messages.GradleStyleMessageRenderer             : loaded 2 times (x 78B)
Class com.android.tools.lint.model.DefaultLintModelMavenName                          : loaded 2 times (x 87B)
Class kotlin.jvm.functions.Function1                                                  : loaded 2 times (x 70B)
Class org.jetbrains.kotlin.scripting.definitions.ScriptEvaluationConfigurationFromDefinition$1: loaded 2 times (x 79B)
Class org.jetbrains.kotlin.resolve.jvm.modules.JavaModule$Explicit                    : loaded 2 times (x 80B)
Class com.google.common.collect.HashBiMap                                             : loaded 2 times (x 143B)
Class com.google.common.collect.MapMakerInternalMap                                   : loaded 2 times (x 161B)
Class org.objectweb.asm.Handler                                                       : loaded 2 times (x 72B)
Class com.google.common.base.Ticker                                                   : loaded 2 times (x 72B)
Class com.google.common.base.Strings                                                  : loaded 2 times (x 71B)
Class org.gradle.internal.agents.InstrumentingClassLoader                             : loaded 2 times (x 70B)
Class org.jetbrains.kotlin.load.java.ErasedOverridabilityCondition                    : loaded 2 times (x 75B)
Class org.jetbrains.kotlin.util.AbstractArrayMapOwner                                 : loaded 2 times (x 81B)
Class org.jetbrains.kotlin.builtins.jvm.JvmBuiltInClassDescriptorFactory              : loaded 2 times (x 77B)
Class org.jetbrains.kotlin.serialization.deserialization.builtins.BuiltInsLoaderImpl  : loaded 2 times (x 75B)
Class org.jetbrains.kotlin.util.slicedMap.MutableSlicedMap                            : loaded 2 times (x 70B)
Class org.jetbrains.kotlin.metadata.builtins.BuiltInsBinaryVersion$Companion          : loaded 2 times (x 71B)
Class org.jetbrains.kotlin.diagnostics.rendering.DefaultErrorMessages$Extension       : loaded 2 times (x 70B)
Class org.jetbrains.kotlin.resolve.calls.checkers.CallChecker                         : loaded 2 times (x 70B)
Class org.jetbrains.kotlin.config.JvmTarget                                           : loaded 2 times (x 83B)
Class org.jetbrains.kotlin.psi.KtArrayAccessExpression                                : loaded 2 times (x 505B)
Class org.jetbrains.kotlin.psi.KtFunctionTypeReceiver                                 : loaded 2 times (x 444B)
Class [Lorg.jetbrains.kotlin.psi.KtNullableType;                                      : loaded 2 times (x 69B)
Class kotlin.jvm.internal.markers.KMutableIterator                                    : loaded 2 times (x 70B)
Class kotlin.script.experimental.api.ScriptCompilationKt                              : loaded 2 times (x 71B)
Class org.jetbrains.kotlin.scripting.compiler.plugin.ScriptingCompilerConfigurationExtension: loaded 2 times (x 76B)
Class kotlin.reflect.jvm.internal.KCallableImpl$_typeParameters$1                     : loaded 2 times (x 79B)
Class kotlin.script.experimental.util.PropertiesCollection$Companion                  : loaded 2 times (x 71B)
Class org.jetbrains.kotlin.js.translate.extensions.JsSyntheticTranslateExtension$Companion: loaded 2 times (x 72B)
Class com.android.SdkConstants                                                        : loaded 2 times (x 71B)
Class org.jetbrains.kotlin.psi.KtEnumEntry                                            : loaded 2 times (x 1101B)
Class org.jetbrains.kotlin.psi.KtDynamicType                                          : loaded 2 times (x 506B)
Class kotlin.jvm.functions.Function2                                                  : loaded 2 times (x 70B)
Class kotlin.KotlinNothingValueException                                              : loaded 2 times (x 82B)
Class [Lcom.google.common.cache.LocalCache$Segment;                                   : loaded 2 times (x 69B)
Class [Lcom.google.common.cache.LocalCache$Strength;                                  : loaded 2 times (x 69B)
Class com.google.common.cache.CacheBuilder$1                                          : loaded 2 times (x 85B)
Class org.gradle.internal.classpath.DefaultClassPath$ImmutableUniqueList$Builder      : loaded 2 times (x 75B)
Class org.jetbrains.kotlin.config.AnalysisFlags$explicitApiVersion$2                  : loaded 2 times (x 127B)
Class [Lorg.jetbrains.kotlin.descriptors.DeclarationDescriptor;                       : loaded 2 times (x 69B)
Class org.jetbrains.kotlin.types.error.ErrorScopeKind                                 : loaded 2 times (x 79B)
Class it.unimi.dsi.fastutil.Stack                                                     : loaded 2 times (x 70B)
Class org.jetbrains.kotlin.metadata.ProtoBuf$QualifiedNameTable$QualifiedName$Kind$1  : loaded 2 times (x 74B)
Class org.jetbrains.kotlin.protobuf.Internal$EnumLite                                 : loaded 2 times (x 70B)
Class org.jetbrains.kotlin.utils.exceptions.KotlinExceptionWithAttachments            : loaded 2 times (x 70B)
Class org.jetbrains.kotlin.parsing.KotlinParsing                                      : loaded 2 times (x 124B)
Class org.jetbrains.kotlin.psi.KtTypeParameterListOwnerNotStubbed                     : loaded 2 times (x 926B)
Class [Lorg.jetbrains.kotlin.lexer.KtSingleValueToken;                                : loaded 2 times (x 69B)
Class org.jetbrains.kotlin.psi.KtTypeElement                                          : loaded 2 times (x 70B)
Class org.jetbrains.kotlin.psi.KtCallableDeclaration                                  : loaded 2 times (x 70B)
Class org.jetbrains.kotlin.psi.KtDeclarationWithBody                                  : loaded 2 times (x 70B)
Class kotlin.jvm.functions.Function3                                                  : loaded 2 times (x 70B)
Class kotlin.reflect.jvm.internal.KDeclarationContainerImpl$Data                      : loaded 2 times (x 72B)
Class kotlin.reflect.jvm.internal.KProperty1Impl$_getter$1                            : loaded 2 times (x 79B)
Class org.jetbrains.kotlin.extensions.internal.TypeResolutionInterceptorExtension     : loaded 2 times (x 70B)
Class kotlin.collections.MapsKt___MapsJvmKt                                           : loaded 2 times (x 71B)
Class [Lcom.android.prefs.LocationValue;                                              : loaded 2 times (x 69B)
Class org.jetbrains.kotlin.parsing.KotlinParsing$3                                    : loaded 2 times (x 112B)
Class com.google.common.collect.MapMakerInternalMap$WeakValueReference                : loaded 2 times (x 70B)
Class com.google.common.cache.LocalCache                                              : loaded 2 times (x 187B)
Class com.google.common.cache.CacheBuilder$2                                          : loaded 2 times (x 72B)
Class org.jetbrains.kotlin.resolve.sam.SamConversionResolverImpl                      : loaded 2 times (x 75B)
Class org.jetbrains.kotlin.renderer.DescriptorRendererOptionsImpl$property$$inlined$vetoable$1: loaded 2 times (x 83B)
Class org.jetbrains.kotlin.protobuf.RopeByteString                                    : loaded 2 times (x 110B)
Class org.jetbrains.kotlin.diagnostics.DiagnosticSink                                 : loaded 2 times (x 70B)
Class kotlin.annotation.Target                                                        : loaded 2 times (x 70B)
Class org.jetbrains.kotlin.resolve.calls.checkers.DslScopeViolationCallChecker        : loaded 2 times (x 74B)
Class org.jetbrains.kotlin.resolve.checkers.KClassWithIncorrectTypeArgumentChecker    : loaded 2 times (x 74B)
Class org.jetbrains.kotlin.resolve.OverloadFilter                                     : loaded 2 times (x 70B)
Class org.jetbrains.kotlin.diagnostics.PositioningStrategies$RECEIVER$1               : loaded 2 times (x 75B)
Class org.jetbrains.kotlin.parsing.KotlinParsing$PropertyComponentKind$Collector      : loaded 2 times (x 74B)
Class org.jetbrains.kotlin.resolve.jvm.checkers.EnumDeclaringClassDeprecationChecker  : loaded 2 times (x 74B)
Class org.jetbrains.kotlin.diagnostics.DiagnosticFactory3                             : loaded 2 times (x 81B)
Class org.jetbrains.kotlin.psi.KtLabeledExpression                                    : loaded 2 times (x 554B)
Class org.jetbrains.kotlin.psi.KtImportInfo                                           : loaded 2 times (x 70B)
Class [Lorg.jetbrains.kotlin.psi.KtObjectDeclaration;                                 : loaded 2 times (x 69B)
Class kotlin.reflect.jvm.internal.impl.builtins.PrimitiveType$Companion               : loaded 2 times (x 71B)
Class kotlin.jvm.functions.Function4                                                  : loaded 2 times (x 70B)
Class kotlin.reflect.jvm.internal.KClassImpl$Data$typeParameters$2                    : loaded 2 times (x 79B)
Class kotlin.reflect.jvm.internal.KClassImpl$Data                                     : loaded 2 times (x 72B)
Class org.jetbrains.kotlin.scripting.definitions.ScriptDefinitionProvider             : loaded 2 times (x 70B)
Class org.jetbrains.kotlin.cli.jvm.compiler.MockExternalAnnotationsManager            : loaded 2 times (x 87B)
Class org.jetbrains.kotlin.resolve.calls.checkers.EnumEntriesUnsupportedChecker       : loaded 2 times (x 74B)
Class kotlin.collections.EmptySet                                                     : loaded 2 times (x 122B)
Class kotlin.collections.CollectionsKt___CollectionsKt                                : loaded 2 times (x 71B)
Class org.jetbrains.kotlin.metadata.ProtoBuf$ContractOrBuilder                        : loaded 2 times (x 70B)
Class org.jetbrains.kotlin.protobuf.Utf8                                              : loaded 2 times (x 71B)
Class com.google.common.collect.ArrayListMultimap                                     : loaded 2 times (x 172B)
Class org.gradle.api.GradleException                                                  : loaded 2 times (x 82B)
Class [Lorg.jetbrains.kotlin.metadata.ProtoBuf$Visibility;                            : loaded 2 times (x 69B)
Class org.jetbrains.kotlin.config.AnalysisFlag$Delegate                               : loaded 2 times (x 75B)
Class org.jetbrains.kotlin.types.model.TypeArgumentListMarker                         : loaded 2 times (x 70B)
Class org.jetbrains.kotlin.metadata.deserialization.BinaryVersion                     : loaded 2 times (x 74B)
Class org.jetbrains.kotlin.descriptors.Substitutable                                  : loaded 2 times (x 70B)
Class kotlin.annotation.Retention                                                     : loaded 2 times (x 70B)
Class org.jetbrains.kotlin.container.ComponentResolveContext                          : loaded 2 times (x 75B)
Class org.jetbrains.kotlin.diagnostics.PositioningStrategies$OPERATOR$1               : loaded 2 times (x 74B)
Class org.jetbrains.kotlin.resolve.jvm.checkers.UnsupportedSyntheticCallableReferenceChecker: loaded 2 times (x 74B)
Class org.jetbrains.kotlin.resolve.jvm.checkers.TypeParameterBoundIsNotArrayChecker   : loaded 2 times (x 74B)
Class org.jetbrains.kotlin.parsing.PrecedingCommentsBinder                            : loaded 2 times (x 74B)
Class org.jetbrains.kotlin.psi.KtAnnotatedExpression                                  : loaded 2 times (x 564B)
Class org.jetbrains.kotlin.psi.KtParenthesizedExpression                              : loaded 2 times (x 438B)
Class [Lorg.jetbrains.kotlin.psi.KtConstantExpression;                                : loaded 2 times (x 69B)
Class [Lorg.jetbrains.kotlin.psi.KtConstructor;                                       : loaded 2 times (x 69B)
Class org.jetbrains.kotlin.psi.stubs.elements.KtTypeAliasElementType                  : loaded 2 times (x 100B)
Class [Lorg.jetbrains.kotlin.psi.KtPropertyAccessor;                                  : loaded 2 times (x 69B)
Class [Lorg.jetbrains.kotlin.psi.KtClassOrObject;                                     : loaded 2 times (x 69B)
Class org.jetbrains.kotlin.cli.jvm.index.JvmDependenciesIndexImpl$packageCache$2      : loaded 2 times (x 79B)
Class org.jetbrains.kotlin.cli.jvm.modules.CliJavaModuleFinder$systemModules$1        : loaded 2 times (x 125B)
Class kotlin.jvm.functions.Function5                                                  : loaded 2 times (x 70B)
Class org.jetbrains.kotlin.load.kotlin.KotlinBinaryClassCache$Companion               : loaded 2 times (x 71B)
Class org.jetbrains.kotlin.psi.KtStubbedPsiUtil                                       : loaded 2 times (x 71B)
Class kotlin.reflect.KDeclarationContainer                                            : loaded 2 times (x 70B)
Class kotlin.io.FilesKt__FileTreeWalkKt                                               : loaded 2 times (x 71B)
Class kotlin.text.StringsKt___StringsJvmKt                                            : loaded 2 times (x 71B)
Class com.google.common.io.CharSource$EmptyCharSource                                 : loaded 2 times (x 86B)
Class com.google.common.base.Suppliers$MemoizingSupplier                              : loaded 2 times (x 79B)
Class org.jetbrains.kotlin.resolve.jvm.JvmTypeSpecificityComparator                   : loaded 2 times (x 77B)
Class org.jetbrains.kotlin.serialization.deserialization.TypeDeserializer$classifierDescriptors$1: loaded 2 times (x 79B)
Class org.jetbrains.kotlin.descriptors.impl.PropertyDescriptorImpl                    : loaded 2 times (x 392B)
Class org.jetbrains.kotlin.descriptors.PropertyDescriptor                             : loaded 2 times (x 70B)
Class org.jetbrains.kotlin.resolve.TargetEnvironment                                  : loaded 2 times (x 73B)
Class org.jetbrains.kotlin.util.slicedMap.SlicedMapImpl                               : loaded 2 times (x 88B)
Class kotlin.io.FilesKt                                                               : loaded 2 times (x 71B)
Class org.jetbrains.kotlin.psi.psiUtil.PsiUtilsKt$siblings$1                          : loaded 2 times (x 75B)
Class org.jetbrains.kotlin.builtins.PrimitiveType$arrayTypeFqName$2                   : loaded 2 times (x 79B)
Class org.jetbrains.kotlin.metadata.ProtoBuf$Type$Argument$Projection                 : loaded 2 times (x 82B)
Class org.jetbrains.kotlin.metadata.ProtoBuf$EnumEntry$1                              : loaded 2 times (x 144B)
Class org.jetbrains.kotlin.resolve.calls.checkers.NewSchemeOfIntegerOperatorResolutionChecker: loaded 2 times (x 74B)
Class org.jetbrains.kotlin.psi.KtInstanceExpressionWithLabel                          : loaded 2 times (x 438B)
Class org.jetbrains.kotlin.psi.KtNamedDeclarationNotStubbed                           : loaded 2 times (x 844B)
Class org.jetbrains.kotlin.psi.KtFileAnnotationList                                   : loaded 2 times (x 506B)
Class org.jetbrains.kotlin.psi.KtProperty                                             : loaded 2 times (x 1322B)
Class org.jetbrains.kotlin.cli.jvm.index.JavaRoot$RootTypes                           : loaded 2 times (x 71B)
Class org.jetbrains.kotlin.storage.NotNullLazyValue                                   : loaded 2 times (x 70B)
Class org.jetbrains.kotlin.scripting.definitions.ScriptiDefinitionsFromClasspathDiscoverySourceKt$scriptTemplatesDiscoverySequence$1: loaded 2 times (x 95B)
Class kotlin.jvm.functions.Function6                                                  : loaded 2 times (x 70B)
Class org.jetbrains.kotlin.scripting.definitions.ScriptDependenciesProvider           : loaded 2 times (x 75B)
Class kotlin.reflect.jvm.internal.KPropertyImpl$_descriptor$1                         : loaded 2 times (x 79B)
Class kotlin.reflect.jvm.internal.KTypeParameterOwnerImpl                             : loaded 2 times (x 70B)
Class org.jetbrains.kotlin.util.PerformanceCounter$Companion                          : loaded 2 times (x 71B)
Class org.jetbrains.kotlin.cli.jvm.compiler.KotlinCoreEnvironment$Companion$getOrCreateApplicationEnvironment$1$2: loaded 2 times (x 74B)
Class kotlin.collections.MapsKt___MapsKt                                              : loaded 2 times (x 71B)
Class kotlin.collections.ArraysKt___ArraysKt                                          : loaded 2 times (x 71B)
Class org.jetbrains.kotlin.descriptors.impl.PackageViewDescriptorFactory$Companion    : loaded 2 times (x 71B)
Class org.jetbrains.kotlin.descriptors.NotFoundClasses$classes$1                      : loaded 2 times (x 79B)
Class [Lcom.google.common.collect.MapMakerInternalMap$Strength;                       : loaded 2 times (x 69B)
Class [Lcom.google.common.io.FileWriteMode;                                           : loaded 2 times (x 69B)
Class org.jetbrains.kotlin.resolve.jvm.JvmTypeSpecificityComparatorDelegate           : loaded 2 times (x 77B)
Class org.jetbrains.kotlin.metadata.jvm.deserialization.ModuleMapping                 : loaded 2 times (x 72B)
Class org.jetbrains.kotlin.storage.LockBasedStorageManager$CacheWithNullableValuesBasedOnMemoizedFunction$1: loaded 2 times (x 76B)
Class org.jetbrains.kotlin.types.error.ErrorTypeConstructor                           : loaded 2 times (x 81B)
Class org.jetbrains.kotlin.descriptors.impl.ClassConstructorDescriptorImpl            : loaded 2 times (x 407B)
Class org.jetbrains.kotlin.resolve.IdentifierCheckerClashesResolver                   : loaded 2 times (x 73B)
Class org.jetbrains.kotlin.diagnostics.PositioningStrategies$SPREAD_OPERATOR$1        : loaded 2 times (x 74B)
Class org.jetbrains.kotlin.parsing.AbstractTokenStreamPattern                         : loaded 2 times (x 83B)
Class org.jetbrains.kotlin.psi.stubs.elements.KtPlaceHolderWithTextStubElementType    : loaded 2 times (x 100B)
Class org.jetbrains.kotlin.psi.stubs.elements.KtNameReferenceExpressionElementType    : loaded 2 times (x 103B)
Class org.jetbrains.kotlin.psi.stubs.elements.KtFunctionElementType                   : loaded 2 times (x 104B)
Class org.jetbrains.kotlin.psi.KtModifierListOwner                                    : loaded 2 times (x 70B)
Class kotlin.collections.builders.MapBuilder$KeysItr                                  : loaded 2 times (x 81B)
Class org.jetbrains.kotlin.cli.jvm.index.JavaRoot                                     : loaded 2 times (x 72B)
Class org.jetbrains.kotlin.extensions.PreprocessedFileCreator$validExts$2             : loaded 2 times (x 79B)
Class kotlin.jvm.functions.Function7                                                  : loaded 2 times (x 70B)
Class kotlin.reflect.jvm.internal.impl.name.Name                                      : loaded 2 times (x 75B)
Class org.jetbrains.kotlin.scripting.compiler.plugin.extensions.JvmStandardReplFactoryExtension: loaded 2 times (x 74B)
Class kotlin.reflect.jvm.internal.KPropertyImpl$Companion                             : loaded 2 times (x 71B)
Class org.jetbrains.kotlin.resolve.diagnostics.DiagnosticSuppressor$Companion         : loaded 2 times (x 72B)
Class org.jetbrains.kotlin.cli.jvm.compiler.IdeaExtensionPoints                       : loaded 2 times (x 71B)
Class it.unimi.dsi.fastutil.objects.ObjectSet                                         : loaded 2 times (x 70B)
Class com.android.tools.lint.model.DefaultLintModelSourceProvider                     : loaded 2 times (x 84B)
Class kotlin.collections.MapsKt__MapWithDefaultKt                                     : loaded 2 times (x 71B)
Class [Lcom.android.prefs.VariableType;                                               : loaded 2 times (x 69B)
Class net.rubygrapefruit.platform.internal.NativeLibraryLocator                       : loaded 2 times (x 73B)
Class net.rubygrapefruit.platform.Process                                             : loaded 2 times (x 70B)
Class com.google.common.collect.MapMakerInternalMap$StrongKeyDummyValueSegment        : loaded 2 times (x 142B)
Class com.google.common.collect.Iterables$4                                           : loaded 2 times (x 81B)
Class com.google.common.io.Files                                                      : loaded 2 times (x 71B)
Class com.google.common.cache.LocalCache$EntryFactory                                 : loaded 2 times (x 83B)
Class org.jetbrains.kotlin.types.expressions.GenericArrayClassLiteralSupport          : loaded 2 times (x 70B)
Class org.jetbrains.kotlin.utils.DeserializationHelpersKt                             : loaded 2 times (x 71B)
Class org.jetbrains.kotlin.storage.LockBasedStorageManager$LockBasedNotNullLazyValue  : loaded 2 times (x 92B)
Class org.jetbrains.kotlin.metadata.ProtoBuf$Contract                                 : loaded 2 times (x 107B)
Class org.jetbrains.kotlin.metadata.ProtoBuf$VersionRequirementTable$1                : loaded 2 times (x 144B)
Class org.jetbrains.kotlin.descriptors.ValueDescriptor                                : loaded 2 times (x 70B)
Class org.jetbrains.kotlin.resolve.jvm.checkers.JvmAnnotationsTargetNonExistentAccessorChecker$Companion: loaded 2 times (x 71B)
Class [Lorg.jetbrains.kotlin.name.Name;                                               : loaded 2 times (x 69B)
Class org.jetbrains.kotlin.psi.KtCallableReferenceExpression                          : loaded 2 times (x 513B)
Class org.jetbrains.kotlin.psi.KtDestructuringDeclaration                             : loaded 2 times (x 780B)
Class [Lorg.jetbrains.kotlin.lexer.KtModifierKeywordToken;                            : loaded 2 times (x 69B)
Class [Lorg.jetbrains.kotlin.psi.KtAnnotationEntry;                                   : loaded 2 times (x 69B)
Class org.jetbrains.kotlin.psi.stubs.KotlinClassOrObjectStub                          : loaded 2 times (x 70B)
Class kotlin.collections.builders.MapBuilder$Companion                                : loaded 2 times (x 71B)
Class kotlin.jvm.functions.Function8                                                  : loaded 2 times (x 70B)
Class kotlin.reflect.jvm.internal.impl.name.FqNameUnsafe                              : loaded 2 times (x 72B)
Class org.jetbrains.kotlin.scripting.definitions.KotlinScriptDefinition               : loaded 2 times (x 111B)
Class org.jetbrains.kotlin.scripting.compiler.plugin.PluginRegisrarKt                 : loaded 2 times (x 71B)
Class org.jetbrains.kotlin.extensions.StorageComponentContainerContributor$Companion  : loaded 2 times (x 72B)
Class org.jetbrains.kotlin.compiler.plugin.ComponentRegistrar                         : loaded 2 times (x 70B)
Class kotlin.enums.EnumEntriesKt                                                      : loaded 2 times (x 71B)
Class com.android.prefs.QueryResult                                                   : loaded 2 times (x 84B)
Class kotlin.collections.CollectionsKt__MutableCollectionsJVMKt                       : loaded 2 times (x 71B)
Class org.gradle.internal.classloader.FilteringClassLoader                            : loaded 2 times (x 105B)
Class com.google.common.base.Equivalence$Identity                                     : loaded 2 times (x 82B)
Class kotlin.text.StringsKt___StringsKt                                               : loaded 2 times (x 71B)
Class com.google.common.reflect.TypeParameter                                         : loaded 2 times (x 72B)
Class [Lcom.google.common.collect.MapMaker$Dummy;                                     : loaded 2 times (x 69B)
Class com.google.common.cache.LocalCache$AbstractReferenceEntry                       : loaded 2 times (x 107B)
Class org.gradle.internal.IoActions                                                   : loaded 2 times (x 71B)
Class org.jetbrains.kotlin.metadata.deserialization.VersionRequirementTable$Companion : loaded 2 times (x 71B)
Class org.jetbrains.kotlin.descriptors.Visibilities$Local                             : loaded 2 times (x 79B)
Class org.jetbrains.kotlin.renderer.ExcludedTypeAnnotations                           : loaded 2 times (x 71B)
Class com.google.common.base.PairwiseEquivalence                                      : loaded 2 times (x 83B)
Class org.jetbrains.kotlin.builtins.functions.FunctionTypeKindExtractor$Companion     : loaded 2 times (x 71B)
Class org.jetbrains.kotlin.protobuf.WireFormat                                        : loaded 2 times (x 71B)
Class org.jetbrains.kotlin.metadata.ProtoBuf$QualifiedNameTable                       : loaded 2 times (x 107B)
Class org.jetbrains.kotlin.metadata.ProtoBuf$QualifiedNameTableOrBuilder              : loaded 2 times (x 70B)
Class org.jetbrains.kotlin.utils.KotlinExceptionWithAttachments                       : loaded 2 times (x 94B)
Class kotlin.annotation.MustBeDocumented                                              : loaded 2 times (x 70B)
Class org.jetbrains.kotlin.descriptors.CallableDescriptor                             : loaded 2 times (x 70B)
Class org.jetbrains.kotlin.resolve.checkers.PlatformDiagnosticSuppressorClashesResolver: loaded 2 times (x 73B)
Class org.jetbrains.kotlin.resolve.checkers.KotlinVersionStringAnnotationValueChecker : loaded 2 times (x 77B)
Class org.jetbrains.kotlin.container.PlatformExtensionsClashResolver                  : loaded 2 times (x 73B)
Class org.jetbrains.kotlin.diagnostics.DiagnosticFactoryForDeprecation1$Companion     : loaded 2 times (x 71B)
Class [Lorg.jetbrains.kotlin.platform.TargetPlatformVersion;                          : loaded 2 times (x 69B)
Class org.jetbrains.kotlin.BlockExpressionElementType$Companion                       : loaded 2 times (x 71B)
Class org.jetbrains.kotlin.LambdaExpressionElementType                                : loaded 2 times (x 95B)
Class org.jetbrains.kotlin.psi.stubs.elements.KtValueArgumentElementType              : loaded 2 times (x 100B)
Class org.jetbrains.kotlin.psi.KtFunction                                             : loaded 2 times (x 70B)
Class org.jetbrains.kotlin.psi.KtDeclarationStub                                      : loaded 2 times (x 713B)
Class org.jetbrains.org.objectweb.asm.Attribute                                       : loaded 2 times (x 77B)
Class org.jetbrains.org.objectweb.asm.Label                                           : loaded 2 times (x 73B)
Class org.jetbrains.kotlin.scripting.definitions.ScriptDefinitionsSource              : loaded 2 times (x 70B)
Class [Lkotlin.reflect.jvm.internal.impl.name.ClassId;                                : loaded 2 times (x 69B)
Class kotlin.jvm.functions.Function10                                                 : loaded 2 times (x 70B)
Class kotlin.jvm.functions.Function9                                                  : loaded 2 times (x 70B)
Class kotlin.reflect.jvm.internal.KClassImpl$Data$allNonStaticMembers$2               : loaded 2 times (x 79B)
Class org.jetbrains.kotlin.resolve.jvm.NotFoundPackagesCachingStrategy                : loaded 2 times (x 70B)
Class [Lkotlin.reflect.KClassifier;                                                   : loaded 2 times (x 69B)
Class kotlin.reflect.jvm.internal.EmptyContainerForLocal                              : loaded 2 times (x 84B)
Class [Lkotlin.LazyThreadSafetyMode;                                                  : loaded 2 times (x 69B)
Class com.google.common.io.LineReader                                                 : loaded 2 times (x 72B)
Class kotlin.text.StringsKt__StringsKt                                                : loaded 2 times (x 71B)
Class com.google.common.collect.ImmutableMapKeySet                                    : loaded 2 times (x 150B)
Class org.objectweb.asm.SymbolTable                                                   : loaded 2 times (x 72B)
Class com.google.common.cache.CacheLoader$InvalidCacheLoadException                   : loaded 2 times (x 82B)
Class org.gradle.internal.classloader.SystemClassLoaderSpec                           : loaded 2 times (x 71B)
Class org.jetbrains.kotlin.metadata.jvm.JvmModuleProtoBuf$PackagePartsOrBuilder       : loaded 2 times (x 70B)
Class org.jetbrains.kotlin.types.checker.KotlinTypeRefiner                            : loaded 2 times (x 79B)
Class org.jetbrains.kotlin.diagnostics.AbstractKotlinSuppressCache$Companion          : loaded 2 times (x 71B)
Class it.unimi.dsi.fastutil.ints.IntSets                                              : loaded 2 times (x 71B)
Class org.jetbrains.kotlin.resolve.checkers.CheckerContext                            : loaded 2 times (x 70B)
Class org.jetbrains.kotlin.diagnostics.PositioningStrategies$AS_TYPE$1                : loaded 2 times (x 74B)
Class org.jetbrains.kotlin.resolve.jvm.checkers.JavaOverrideWithWrongNullabilityOverrideChecker: loaded 2 times (x 74B)
Class [Lorg.jetbrains.kotlin.psi.KtContractEffect;                                    : loaded 2 times (x 69B)
Class org.jetbrains.kotlin.psi.KtNamed                                                : loaded 2 times (x 70B)
Class kotlin.jvm.functions.Function11                                                 : loaded 2 times (x 70B)
Class kotlin.reflect.jvm.internal.KClassImpl$Data$sealedSubclasses$2                  : loaded 2 times (x 79B)
Class org.jetbrains.kotlin.load.java.structure.JavaClassifier                         : loaded 2 times (x 70B)
Class org.jetbrains.kotlin.js.translate.extensions.JsSyntheticTranslateExtension      : loaded 2 times (x 70B)
Class kotlin.jvm.internal.markers.KMutableCollection                                  : loaded 2 times (x 70B)
Class kotlin.coroutines.intrinsics.IntrinsicsKt                                       : loaded 2 times (x 71B)
Class org.jetbrains.kotlin.cli.jvm.config.JvmClasspathRootBase                        : loaded 2 times (x 70B)
Class kotlin.ranges.IntRange$Companion                                                : loaded 2 times (x 71B)
Class kotlin.collections.EmptyMap                                                     : loaded 2 times (x 109B)
Class kotlin.text.MatcherMatchResult$groups$1                                         : loaded 2 times (x 151B)
Class kotlin.reflect.KAnnotatedElement                                                : loaded 2 times (x 70B)
Class kotlin.jvm.internal.Intrinsics                                                  : loaded 2 times (x 71B)
Class com.google.common.collect.FluentIterable                                        : loaded 2 times (x 81B)
Class com.google.common.cache.LocalCache$StrongEntry                                  : loaded 2 times (x 108B)
Class com.google.common.util.concurrent.AbstractFuture$TrustedFuture                  : loaded 2 times (x 114B)
Class com.google.common.cache.LoadingCache                                            : loaded 2 times (x 70B)
Class kotlin.NotImplementedError                                                      : loaded 2 times (x 82B)
Class org.jetbrains.kotlin.renderer.ClassifierNamePolicy                              : loaded 2 times (x 70B)
Class org.jetbrains.kotlin.context.ContextKt                                          : loaded 2 times (x 71B)
Class com.android.prefs.AndroidPathLocator                                            : loaded 2 times (x 73B)
Class org.jetbrains.kotlin.metadata.ProtoBuf$Type$Argument                            : loaded 2 times (x 110B)
Class org.jetbrains.kotlin.resolve.checkers.RequireKotlinAnnotationValueChecker       : loaded 2 times (x 77B)
Class org.jetbrains.kotlin.container.DslKt                                            : loaded 2 times (x 71B)
Class org.jetbrains.kotlin.diagnostics.PositioningStrategies$NULLABLE_TYPE$1          : loaded 2 times (x 74B)
Class org.jetbrains.kotlin.diagnostics.PositioningStrategies$CALL_ELEMENT_WITH_DOT$1  : loaded 2 times (x 74B)
Class org.jetbrains.kotlin.resolve.jvm.checkers.JvmSyntheticApplicabilityChecker      : loaded 2 times (x 74B)
Class kotlin.sequences.FlatteningSequence                                             : loaded 2 times (x 75B)
Class org.jetbrains.kotlin.psi.KtThrowExpression                                      : loaded 2 times (x 438B)
Class org.jetbrains.kotlin.psi.KtImportDirective                                      : loaded 2 times (x 459B)
Class [Lorg.jetbrains.kotlin.psi.KtModifierListOwnerStub;                             : loaded 2 times (x 69B)
Class org.jetbrains.kotlin.psi.stubs.elements.KtTokenSets                             : loaded 2 times (x 70B)
Class org.jetbrains.kotlin.resolve.lazy.declarations.DeclarationProviderFactoryService$Companion: loaded 2 times (x 71B)
Class kotlin.jvm.functions.Function12                                                 : loaded 2 times (x 70B)
Class org.jetbrains.kotlin.scripting.compiler.plugin.extensions.ScriptingProcessSourcesBeforeCompilingExtension: loaded 2 times (x 75B)
Class kotlin.coroutines.intrinsics.CoroutineSingletons                                : loaded 2 times (x 79B)
Class org.jetbrains.kotlin.cli.jvm.modules.CoreJrtFileSystem$Companion$globalJrtFsCache$1: loaded 2 times (x 78B)
Class it.unimi.dsi.fastutil.objects.ObjectCollection                                  : loaded 2 times (x 70B)
Class kotlin.sequences.SequencesKt__SequencesKt$flatten$1                             : loaded 2 times (x 78B)
Class kotlin.collections.MapsKt                                                       : loaded 2 times (x 71B)
Class com.android.sdklib.AndroidVersion$AndroidVersionException                       : loaded 2 times (x 82B)
Class com.android.tools.lint.model.DefaultLintModelModule                             : loaded 2 times (x 96B)
Class kotlin.collections.CollectionsKt__IterablesKt                                   : loaded 2 times (x 71B)
Class net.rubygrapefruit.platform.ProcessLauncher                                     : loaded 2 times (x 70B)
Class com.google.common.io.ByteStreams$LimitedInputStream                             : loaded 2 times (x 92B)
Class com.google.common.base.Suppliers$NonSerializableMemoizingSupplier               : loaded 2 times (x 79B)
Class [Lcom.google.common.cache.Weigher;                                              : loaded 2 times (x 69B)
Class kotlin.text.MatcherMatchResult                                                  : loaded 2 times (x 80B)
Class org.jetbrains.kotlin.resolve.jvm.JvmPlatformOverloadsSpecificityComparator      : loaded 2 times (x 75B)
Class org.jetbrains.kotlin.serialization.deserialization.MetadataPartProvider         : loaded 2 times (x 70B)
Class org.jetbrains.kotlin.descriptors.impl.DeclarationDescriptorNonRootImpl          : loaded 2 times (x 117B)
Class org.jetbrains.kotlin.storage.ExceptionTracker                                   : loaded 2 times (x 80B)
Class org.jetbrains.kotlin.metadata.ProtoBuf$Modality$1                               : loaded 2 times (x 74B)
Class org.jetbrains.kotlin.resolve.scopes.receivers.Receiver                          : loaded 2 times (x 70B)
Class org.jetbrains.kotlin.container.CacheKt                                          : loaded 2 times (x 71B)
Class org.jetbrains.kotlin.resolve.calls.checkers.EnumEntryVsCompanionPriorityCallChecker: loaded 2 times (x 74B)
Class org.jetbrains.kotlin.diagnostics.DiagnosticFactoryForDeprecation0               : loaded 2 times (x 72B)
Class org.jetbrains.kotlin.diagnostics.PositioningStrategies$TYPE_PARAMETERS_OR_DECLARATION_SIGNATURE$1: loaded 2 times (x 74B)
Class org.jetbrains.kotlin.psi.KtLambdaExpression                                     : loaded 2 times (x 542B)
Class org.jetbrains.kotlin.psi.stubs.KotlinPlaceHolderWithTextStub                    : loaded 2 times (x 70B)
Class kotlin.jvm.functions.Function13                                                 : loaded 2 times (x 70B)
Class org.jetbrains.kotlin.resolve.extensions.ExtraImportsProviderExtension           : loaded 2 times (x 70B)
Class kotlin.ranges.OpenEndRange                                                      : loaded 2 times (x 70B)
Class kotlin.text.MatchGroupCollection                                                : loaded 2 times (x 70B)
Class kotlin.text.Charsets                                                            : loaded 2 times (x 71B)
Class kotlin.KotlinNullPointerException                                               : loaded 2 times (x 83B)
Class com.google.common.collect.ImmutableMultimap$1                                   : loaded 2 times (x 82B)
Class com.google.common.collect.AbstractMapBasedMultimap$RandomAccessWrappedList      : loaded 2 times (x 205B)
Class com.android.tools.lint.model.LintModelJavaLibrary                               : loaded 2 times (x 70B)
Class org.jetbrains.kotlin.config.AnalysisFlags$allowFullyQualifiedNameInKClass$2     : loaded 2 times (x 127B)
Class org.jetbrains.kotlin.load.kotlin.PackageAndMetadataPartProvider                 : loaded 2 times (x 70B)
Class [Lorg.jetbrains.kotlin.descriptors.impl.DeclarationDescriptorImpl;              : loaded 2 times (x 69B)
Class org.jetbrains.kotlin.resolve.scopes.MemberScope                                 : loaded 2 times (x 70B)
Class org.jetbrains.kotlin.renderer.RenderingFormat$HTML                              : loaded 2 times (x 80B)
Class org.jetbrains.kotlin.resolve.AnnotationsKt                                      : loaded 2 times (x 71B)
Class org.jetbrains.kotlin.container.StorageComponentContainer$unknownContext$2       : loaded 2 times (x 79B)
Class org.jetbrains.kotlin.diagnostics.DiagnosticFactoryForDeprecation1               : loaded 2 times (x 72B)
Class org.jetbrains.kotlin.parsing.TokenStreamPattern                                 : loaded 2 times (x 70B)
Class org.jetbrains.kotlin.KtNodeType                                                 : loaded 2 times (x 76B)
Class org.jetbrains.kotlin.psi.KtLambdaArgument                                       : loaded 2 times (x 464B)
Class [Lorg.jetbrains.kotlin.psi.KtExpression;                                        : loaded 2 times (x 69B)
Class org.jetbrains.kotlin.storage.LockBasedStorageManager                            : loaded 2 times (x 108B)
Class org.jetbrains.kotlin.scripting.definitions.ScriptDefinition$FromConfigurationsBase$legacyDefinition$2: loaded 2 times (x 79B)
Class kotlin.jvm.functions.Function14                                                 : loaded 2 times (x 70B)
Class org.jetbrains.kotlin.resolve.jvm.KotlinJavaPsiFacade$1                          : loaded 2 times (x 78B)
Class kotlin.sequences.SequencesKt__SequencesKt$flatten$3                             : loaded 2 times (x 78B)
Class kotlin.ranges.RangesKt___RangesKt                                               : loaded 2 times (x 71B)
Class com.android.ide.common.repository.AgpVersion$Companion$WhenMappings             : loaded 2 times (x 71B)
Class kotlin.sequences.DropTakeSequence                                               : loaded 2 times (x 70B)
Class kotlin.ULong                                                                    : loaded 2 times (x 74B)
Class com.google.common.collect.AbstractIterator$State                                : loaded 2 times (x 79B)
Class com.google.common.collect.ImmutableMultimap$2                                   : loaded 2 times (x 81B)
Class com.google.common.collect.RegularImmutableBiMap                                 : loaded 2 times (x 148B)
Class com.google.common.cache.LocalCache$ValueReference                               : loaded 2 times (x 70B)
Class org.jetbrains.kotlin.serialization.deserialization.MemberDeserializer           : loaded 2 times (x 72B)
Class org.jetbrains.kotlin.renderer.DescriptorRendererImpl$functionTypeAnnotationsRenderer$2: loaded 2 times (x 79B)
Class org.jetbrains.kotlin.psi.KtSimpleNameExpressionImpl$Companion                   : loaded 2 times (x 71B)
Class org.jetbrains.kotlin.descriptors.SourceElement$1                                : loaded 2 times (x 74B)
Class org.jetbrains.kotlin.descriptors.annotations.Annotated                          : loaded 2 times (x 70B)
Class org.jetbrains.kotlin.resolve.checkers.CyclicAnnotationsChecker                  : loaded 2 times (x 74B)
Class org.jetbrains.kotlin.resolve.jvm.checkers.JvmArrayVariableInLoopAssignmentChecker: loaded 2 times (x 76B)
Class org.jetbrains.kotlin.diagnostics.ClassicPositioningStrategies                   : loaded 2 times (x 71B)
Class org.jetbrains.kotlin.diagnostics.DiagnosticFactoryForDeprecation2               : loaded 2 times (x 72B)
Class org.jetbrains.kotlin.diagnostics.PositioningStrategies$ModifierSetBasedPositioningStrategy: loaded 2 times (x 76B)
Class org.jetbrains.kotlin.platform.TargetPlatformKt                                  : loaded 2 times (x 71B)
Class org.jetbrains.kotlin.platform.SimplePlatform                                    : loaded 2 times (x 75B)
Class org.jetbrains.kotlin.psi.KtWhenCondition                                        : loaded 2 times (x 376B)
Class org.jetbrains.kotlin.psi.KtPostfixExpression                                    : loaded 2 times (x 502B)
Class it.unimi.dsi.fastutil.ints.IntArrays$Segment                                    : loaded 2 times (x 71B)
Class it.unimi.dsi.fastutil.ints.IntBidirectionalIterator                             : loaded 2 times (x 70B)
Class org.jetbrains.kotlin.psi.KtStringTemplateEntryWithExpression                    : loaded 2 times (x 444B)
Class org.jetbrains.kotlin.psi.stubs.impl.KotlinTypeBean                              : loaded 2 times (x 70B)
Class [Lorg.jetbrains.kotlin.psi.KtDeclarationContainer;                              : loaded 2 times (x 69B)
Class kotlin.jvm.functions.Function15                                                 : loaded 2 times (x 70B)
Class org.jetbrains.kotlin.resolve.jvm.KotlinJavaPsiFacade$2                          : loaded 2 times (x 77B)
Class kotlin.ULong$Companion                                                          : loaded 2 times (x 71B)
Class com.android.tools.lint.model.LintModelAndroidLibrary                            : loaded 2 times (x 70B)
Class kotlin.text.CharsKt__CharKt                                                     : loaded 2 times (x 71B)
Class kotlin.collections.ArraysKt                                                     : loaded 2 times (x 71B)
Class kotlin.coroutines.jvm.internal.CompletedContinuation                            : loaded 2 times (x 75B)
Class com.google.common.hash.PrimitiveSink                                            : loaded 2 times (x 70B)
Class com.google.common.util.concurrent.AbstractFuture$Failure                        : loaded 2 times (x 72B)
Class com.google.common.base.Equivalence$Equals                                       : loaded 2 times (x 82B)
Class com.google.common.base.PatternCompiler                                          : loaded 2 times (x 70B)
Class org.jetbrains.kotlin.descriptors.impl.ModuleDependenciesImpl                    : loaded 2 times (x 78B)
Class org.jetbrains.kotlin.descriptors.DescriptorVisibility                           : loaded 2 times (x 78B)
Class org.jetbrains.kotlin.types.DelegatingSimpleType                                 : loaded 2 times (x 93B)
Class [Lorg.jetbrains.kotlin.descriptors.Modality;                                    : loaded 2 times (x 69B)
Class org.jetbrains.kotlin.renderer.DescriptorRenderer$ValueParametersHandler$DEFAULT : loaded 2 times (x 77B)
Class org.jetbrains.kotlin.builtins.functions.BuiltInFictitiousFunctionClassFactory   : loaded 2 times (x 77B)
Class org.jetbrains.kotlin.incremental.components.EnumWhenTracker$DoNothing           : loaded 2 times (x 74B)
Class kotlin.script.experimental.util.PropertiesCollection$Key$Companion              : loaded 2 times (x 71B)
Class org.jetbrains.kotlin.resolve.checkers.ExplicitApiDeclarationChecker$Companion   : loaded 2 times (x 71B)
Class org.jetbrains.kotlin.resolve.checkers.DelegationChecker                         : loaded 2 times (x 74B)
Class org.jetbrains.kotlin.diagnostics.DiagnosticFactoryForDeprecation3               : loaded 2 times (x 72B)
Class org.jetbrains.kotlin.diagnostics.PositioningStrategies$LONG_LITERAL_SUFFIX$1    : loaded 2 times (x 74B)
Class org.jetbrains.kotlin.psi.KtThisExpression                                       : loaded 2 times (x 438B)
Class org.jetbrains.kotlin.psi.stubs.elements.KtConstantExpressionElementType         : loaded 2 times (x 100B)
Class kotlin.jvm.functions.Function16                                                 : loaded 2 times (x 70B)
Class org.jetbrains.kotlin.scripting.definitions.ScriptDefinition$Companion           : loaded 2 times (x 71B)
Class kotlin.reflect.jvm.internal.CacheByClassKt                                      : loaded 2 times (x 71B)
Class kotlin.coroutines.EmptyCoroutineContext                                         : loaded 2 times (x 77B)
Class kotlin.LazyKt                                                                   : loaded 2 times (x 71B)
Class kotlin.collections.SetsKt__SetsKt                                               : loaded 2 times (x 71B)
Class org.jetbrains.kotlin.load.java.structure.JavaAnnotationOwner                    : loaded 2 times (x 70B)
Class com.google.common.io.CharSink                                                   : loaded 2 times (x 79B)
Class com.google.common.base.Joiner$1                                                 : loaded 2 times (x 80B)
Class org.objectweb.asm.CurrentFrame                                                  : loaded 2 times (x 73B)
Class org.objectweb.asm.ClassTooLargeException                                        : loaded 2 times (x 83B)
Class com.google.common.collect.PeekingIterator                                       : loaded 2 times (x 70B)
Class org.jetbrains.kotlin.metadata.jvm.deserialization.ModuleMappingKt               : loaded 2 times (x 71B)
Class org.jetbrains.kotlin.resolve.lazy.declarations.PackageMemberDeclarationProvider : loaded 2 times (x 70B)
Class org.jetbrains.kotlin.types.checker.NewKotlinTypeChecker$Companion               : loaded 2 times (x 71B)
Class org.jetbrains.kotlin.metadata.builtins.ReadPackageFragmentKt                    : loaded 2 times (x 71B)
Class org.jetbrains.kotlin.types.LazyWrappedType                                      : loaded 2 times (x 86B)
Class org.jetbrains.kotlin.context.MutableModuleContext                               : loaded 2 times (x 70B)
Class org.jetbrains.kotlin.scripting.definitions.ClasspathWithClassLoader             : loaded 2 times (x 70B)
Class org.jetbrains.kotlin.resolve.jvm.modules.JavaModuleInfo$Exports                 : loaded 2 times (x 72B)
Class org.jetbrains.kotlin.psi.psiUtil.KtPsiUtilKt                                    : loaded 2 times (x 71B)
Class [Lorg.jetbrains.kotlin.metadata.ProtoBuf$Type$Argument$Projection;              : loaded 2 times (x 69B)
Class org.jetbrains.kotlin.resolve.calls.checkers.ReifiedTypeParameterSubstitutionChecker: loaded 2 times (x 75B)
Class org.jetbrains.kotlin.resolve.sam.SamConversionResolver                          : loaded 2 times (x 70B)
Class org.jetbrains.kotlin.diagnostics.DiagnosticFactoryForDeprecation4               : loaded 2 times (x 72B)
Class org.jetbrains.kotlin.resolve.jvm.checkers.ApiVersionIsAtLeastArgumentsChecker   : loaded 2 times (x 74B)
Class org.jetbrains.kotlin.parsing.AbstractKotlinParsing$AtSet                        : loaded 2 times (x 78B)
Class org.jetbrains.kotlin.psi.KtLabelReferenceExpression                             : loaded 2 times (x 569B)
Class [Lorg.jetbrains.kotlin.psi.KtStatementExpression;                               : loaded 2 times (x 69B)
Class org.jetbrains.kotlin.psi.stubs.KotlinStubWithFqName                             : loaded 2 times (x 70B)
Class kotlin.jvm.functions.Function17                                                 : loaded 2 times (x 70B)
Class org.jetbrains.kotlin.load.kotlin.KotlinBinaryClassCache$cache$1                 : loaded 2 times (x 83B)
Class org.jetbrains.kotlin.cli.jvm.compiler.EnvironmentConfigFiles                    : loaded 2 times (x 79B)
Class org.jetbrains.kotlin.cli.jvm.index.JvmDependenciesDynamicCompoundIndex          : loaded 2 times (x 77B)
Class com.android.ide.common.repository.AgpVersion$PreviewKind                        : loaded 2 times (x 79B)
Class [Lcom.android.tools.lint.model.LintModelModuleType;                             : loaded 2 times (x 69B)
Class com.android.tools.lint.model.LintModelSerialization$LintModelSerializationFileAdapter$WhenMappings: loaded 2 times (x 71B)
Class kotlin.collections.ArraysKt__ArraysJVMKt                                        : loaded 2 times (x 71B)
Class org.jetbrains.kotlin.psi.stubs.elements.KtImportDirectiveElementType            : loaded 2 times (x 103B)
Class org.jetbrains.kotlin.psi.stubs.KotlinImportAliasStub                            : loaded 2 times (x 70B)
Class com.google.common.collect.Maps$IteratorBasedAbstractMap                         : loaded 2 times (x 125B)
Class org.jetbrains.kotlin.cli.common.messages.MessageCollector$Companion$NONE$1      : loaded 2 times (x 76B)
Class com.google.common.io.ByteSource$AsCharSource                                    : loaded 2 times (x 86B)
Class com.google.common.collect.Table                                                 : loaded 2 times (x 70B)
Class com.google.common.collect.MapMakerInternalMap$InternalEntryHelper               : loaded 2 times (x 70B)
Class com.google.common.base.Joiner$2                                                 : loaded 2 times (x 79B)
Class org.objectweb.asm.Frame                                                         : loaded 2 times (x 73B)
Class com.google.common.cache.LocalCache$EntryFactory$1                               : loaded 2 times (x 83B)
Class [Lcom.google.common.cache.RemovalListener;                                      : loaded 2 times (x 69B)
Class org.jetbrains.kotlin.resolve.jvm.checkers.JvmRecordApplicabilityChecker         : loaded 2 times (x 75B)
Class org.jetbrains.kotlin.metadata.jvm.deserialization.JvmMetadataVersion$Companion  : loaded 2 times (x 71B)
Class org.jetbrains.kotlin.serialization.deserialization.DeserializationContext       : loaded 2 times (x 72B)
Class org.jetbrains.kotlin.descriptors.impl.VariableDescriptorImpl                    : loaded 2 times (x 226B)
Class org.jetbrains.kotlin.descriptors.ConstructorDescriptor                          : loaded 2 times (x 70B)
Class org.jetbrains.kotlin.types.SimpleType                                           : loaded 2 times (x 91B)
Class org.jetbrains.kotlin.psi.stubs.KotlinEnumEntrySuperclassReferenceExpressionStub : loaded 2 times (x 70B)
Class org.jetbrains.kotlin.metadata.jvm.JvmProtoBuf$JvmPropertySignature$1            : loaded 2 times (x 144B)
Class org.jetbrains.kotlin.metadata.ProtoBuf$EnumEntryOrBuilder                       : loaded 2 times (x 70B)
Class org.jetbrains.kotlin.container.ConstructorInfo                                  : loaded 2 times (x 72B)
Class org.jetbrains.kotlin.descriptors.ValidateableDescriptor                         : loaded 2 times (x 70B)
Class org.jetbrains.kotlin.resolve.calls.checkers.UnderscoreUsageChecker              : loaded 2 times (x 74B)
Class [Lorg.jetbrains.kotlin.psi.KtSimpleNameStringTemplateEntry;                     : loaded 2 times (x 69B)
Class org.jetbrains.kotlin.cli.jvm.modules.CliJavaModuleFinder$ctSymModules$2         : loaded 2 times (x 79B)
Class org.jetbrains.kotlin.scripting.definitions.LazyClasspathWithClassLoader         : loaded 2 times (x 76B)
Class kotlin.jvm.functions.Function18                                                 : loaded 2 times (x 70B)
Class kotlin.script.experimental.util.PropertiesCollection$Builder                    : loaded 2 times (x 72B)
Class kotlin.reflect.jvm.internal.CachesKt                                            : loaded 2 times (x 71B)
Class kotlin.jvm.internal.CallableReference$NoReceiver                                : loaded 2 times (x 71B)
Class kotlin.text.StringsKt__StringBuilderKt                                          : loaded 2 times (x 71B)
Class com.google.common.cache.LocalCache$EntryFactory$2                               : loaded 2 times (x 83B)
Class org.jetbrains.kotlin.types.error.ErrorModuleDescriptor                          : loaded 2 times (x 109B)
Class org.jetbrains.kotlin.builtins.KotlinBuiltIns$1                                  : loaded 2 times (x 77B)
Class org.jetbrains.kotlin.psi.KtLiteralStringTemplateEntry                           : loaded 2 times (x 444B)
Class kotlin.reflect.KMutableProperty$Setter                                          : loaded 2 times (x 70B)
Class org.jetbrains.kotlin.psi.psiUtil.PsiUtilsKt                                     : loaded 2 times (x 71B)
Class org.jetbrains.kotlin.resolve.checkers.DeclarationCheckerContext                 : loaded 2 times (x 78B)
Class org.jetbrains.kotlin.resolve.lazy.AbsentDescriptorHandler                       : loaded 2 times (x 70B)
Class org.jetbrains.kotlin.resolve.calls.checkers.SynchronizedByValueChecker          : loaded 2 times (x 74B)
Class [Lorg.jetbrains.kotlin.psi.KtLiteralStringTemplateEntry;                        : loaded 2 times (x 69B)
Class [Lorg.jetbrains.kotlin.psi.KtClassLikeDeclaration;                              : loaded 2 times (x 69B)
Class org.jetbrains.kotlin.scripting.definitions.ScriptDefinitionsFromClasspathDiscoverySource: loaded 2 times (x 75B)
Class kotlin.jvm.functions.Function19                                                 : loaded 2 times (x 70B)
Class kotlin.reflect.jvm.internal.KClassImpl$Data$allStaticMembers$2                  : loaded 2 times (x 79B)
Class org.jetbrains.kotlin.scripting.configuration.ScriptingConfigurationKeys         : loaded 2 times (x 71B)
Class org.jetbrains.kotlin.scripting.extensions.ScriptExtraImportsProviderExtension   : loaded 2 times (x 74B)
Class org.jetbrains.kotlin.codegen.extensions.ClassFileFactoryFinalizerExtension      : loaded 2 times (x 70B)
Class org.objectweb.asm.tree.MethodInsnNode                                           : loaded 2 times (x 80B)
Class kotlin.Lazy                                                                     : loaded 2 times (x 70B)
Class com.android.prefs.Global                                                        : loaded 2 times (x 80B)
Class kotlin.NoWhenBranchMatchedException                                             : loaded 2 times (x 82B)
Class org.jetbrains.kotlin.lexer.KtTokens                                             : loaded 2 times (x 70B)
Class org.objectweb.asm.ModuleWriter                                                  : loaded 2 times (x 82B)
Class com.google.common.cache.LocalCache$EntryFactory$3                               : loaded 2 times (x 83B)
Class com.google.common.base.Ticker$1                                                 : loaded 2 times (x 72B)
Class org.jetbrains.kotlin.config.AnalysisFlags$skipMetadataVersionCheck$2            : loaded 2 times (x 127B)
Class org.jetbrains.kotlin.resolve.lazy.declarations.FileBasedDeclarationProviderFactory: loaded 2 times (x 83B)
Class org.jetbrains.kotlin.types.AbstractTypeConstructor                              : loaded 2 times (x 98B)
Class org.jetbrains.kotlin.renderer.DescriptorRenderer$Companion$COMPACT_WITH_MODIFIERS$1: loaded 2 times (x 78B)
Class org.jetbrains.kotlin.builtins.KotlinBuiltIns$2                                  : loaded 2 times (x 77B)
Class org.jetbrains.kotlin.parsing.KotlinParsing$2                                    : loaded 2 times (x 78B)
Class org.jetbrains.kotlin.serialization.deserialization.AnnotationLoader             : loaded 2 times (x 70B)
Class org.jetbrains.kotlin.types.model.AnnotationMarker                               : loaded 2 times (x 70B)
Class org.jetbrains.kotlin.resolve.calls.checkers.SelfCallInNestedObjectConstructorChecker: loaded 2 times (x 74B)
Class org.jetbrains.kotlin.container.ComponentRegistry                                : loaded 2 times (x 72B)
Class [Lorg.jetbrains.kotlin.resolve.checkers.ClassifierUsageChecker;                 : loaded 2 times (x 69B)
Class org.jetbrains.kotlin.diagnostics.PositioningStrategies$TYPE_PARAMETERS_LIST$1   : loaded 2 times (x 74B)
Class org.jetbrains.kotlin.diagnostics.DiagnosticFactory$Companion                    : loaded 2 times (x 71B)
Class org.jetbrains.kotlin.psi.KtDoubleColonExpression                                : loaded 2 times (x 70B)
Class [Lorg.jetbrains.kotlin.psi.KtFunctionType;                                      : loaded 2 times (x 69B)
Class org.jetbrains.kotlin.psi.stubs.KotlinBackingFieldStub                           : loaded 2 times (x 70B)
Class org.jetbrains.kotlin.psi.stubs.elements.KtPropertyAccessorElementType           : loaded 2 times (x 103B)
Class org.jetbrains.kotlin.cli.jvm.compiler.JavaLanguageLevelKt                       : loaded 2 times (x 71B)
Class org.jetbrains.kotlin.storage.LockBasedStorageManager$NotValue                   : loaded 2 times (x 79B)
Class org.jetbrains.kotlin.scripting.definitions.ScriptDefinition$Companion$getDefault$1: loaded 2 times (x 115B)
Class org.jetbrains.kotlin.resolve.diagnostics.DiagnosticSuppressor                   : loaded 2 times (x 70B)
Class org.jetbrains.kotlin.cli.common.PropertiesKt                                    : loaded 2 times (x 71B)
Class org.jetbrains.kotlin.cli.common.messages.MessageRenderer                        : loaded 2 times (x 70B)
Class [Lkotlin.jvm.functions.Function1;                                               : loaded 2 times (x 69B)
Class org.jetbrains.kotlin.resolve.jvm.checkers.SuspensionPointInsideMutexLockChecker : loaded 2 times (x 74B)
Class com.google.common.collect.SetMultimap                                           : loaded 2 times (x 70B)
Class net.rubygrapefruit.platform.internal.Platform$MacOs                             : loaded 2 times (x 82B)
Class net.rubygrapefruit.platform.internal.Platform$Window64Bit                       : loaded 2 times (x 79B)
Class com.google.common.collect.CollectSpliterators$1                                 : loaded 2 times (x 90B)
Class com.google.common.cache.LocalCache$EntryFactory$4                               : loaded 2 times (x 83B)
Class org.jetbrains.kotlin.resolve.jvm.checkers.InlinePlatformCompatibilityChecker    : loaded 2 times (x 75B)
Class org.jetbrains.kotlin.mpp.PropertySymbolMarker                                   : loaded 2 times (x 70B)
Class org.jetbrains.kotlin.descriptors.Visibility                                     : loaded 2 times (x 79B)
Class org.jetbrains.kotlin.builtins.KotlinBuiltIns$3                                  : loaded 2 times (x 77B)
Class org.jetbrains.kotlin.load.kotlin.TypeMappingMode                                : loaded 2 times (x 72B)
Class org.jetbrains.kotlin.builtins.functions.FunctionTypeKind$KFunction              : loaded 2 times (x 76B)
Class org.jetbrains.kotlin.protobuf.RopeByteString$RopeInputStream                    : loaded 2 times (x 92B)
Class org.jetbrains.kotlin.protobuf.CodedInputStream                                  : loaded 2 times (x 72B)
Class org.jetbrains.kotlin.resolve.calls.checkers.UnitConversionCallChecker           : loaded 2 times (x 74B)
Class org.jetbrains.kotlin.container.ComponentStorageState                            : loaded 2 times (x 79B)
Class org.jetbrains.kotlin.diagnostics.PositioningStrategies$REDUNDANT_NULLABLE$1     : loaded 2 times (x 74B)
Class org.jetbrains.kotlin.psi.stubs.elements.KtAnnotationEntryElementType            : loaded 2 times (x 104B)
Class org.jetbrains.kotlin.utils.WrappedValues$WrappedProcessCanceledException        : loaded 2 times (x 82B)
Class org.jetbrains.org.objectweb.asm.Context                                         : loaded 2 times (x 72B)
Class org.jetbrains.kotlin.cli.jvm.compiler.ClasspathRootsResolver                    : loaded 2 times (x 72B)
Class kotlin.sequences.ConstrainedOnceSequence                                        : loaded 2 times (x 75B)
Class kotlin.reflect.jvm.internal.KCallableImpl$_parameters$1                         : loaded 2 times (x 79B)
Class org.jetbrains.kotlin.resolve.extensions.SyntheticResolveExtension$Companion     : loaded 2 times (x 72B)
Class com.google.common.io.ByteStreams$1                                              : loaded 2 times (x 85B)
Class com.google.common.cache.LocalCache$EntryFactory$5                               : loaded 2 times (x 83B)
Class org.jetbrains.kotlin.utils.WrappedValues$ThrowableWrapper                       : loaded 2 times (x 72B)
Class org.jetbrains.kotlin.builtins.KotlinBuiltIns$4                                  : loaded 2 times (x 77B)
Class org.jetbrains.kotlin.resolve.diagnostics.BindingContextSuppressCache            : loaded 2 times (x 80B)
Class org.jetbrains.kotlin.protobuf.MessageLite$Builder                               : loaded 2 times (x 70B)
Class org.jetbrains.kotlin.mpp.DeclarationSymbolMarker                                : loaded 2 times (x 70B)
Class org.jetbrains.kotlin.container.ClassTraversalCache                              : loaded 2 times (x 71B)
Class org.jetbrains.kotlin.resolve.checkers.ExpectActualClassifiersAreInBetaChecker   : loaded 2 times (x 74B)
Class org.jetbrains.kotlin.container.ComponentContainer                               : loaded 2 times (x 70B)
Class [Lorg.jetbrains.kotlin.parsing.KotlinParsing$AnnotationParsingMode;             : loaded 2 times (x 69B)
Class org.jetbrains.kotlin.psi.stubs.KotlinPlaceHolderStub                            : loaded 2 times (x 70B)
Class org.jetbrains.kotlin.psi.stubs.KotlinCallableStubBase                           : loaded 2 times (x 70B)
Class kotlin.reflect.jvm.internal.KClassImpl$Data$simpleName$2                        : loaded 2 times (x 79B)
Class org.jetbrains.kotlin.scripting.definitions.ScriptCompilationConfigurationFromDefinitionKt: loaded 2 times (x 71B)
Class kotlin.reflect.jvm.internal.CachesKt$CACHE_FOR_BASE_CLASSIFIERS$1               : loaded 2 times (x 78B)
Class [Lkotlin.reflect.KProperty;                                                     : loaded 2 times (x 69B)
Class org.jetbrains.kotlin.fir.extensions.FirAnalysisHandlerExtension$Companion       : loaded 2 times (x 72B)
Class org.jetbrains.kotlin.resolve.extensions.AssignResolutionAltererExtension$Companion: loaded 2 times (x 72B)
Class kotlin.jvm.internal.markers.KMappedMarker                                       : loaded 2 times (x 70B)
Class org.jetbrains.kotlin.config.JVMAssertionsMode$Companion                         : loaded 2 times (x 71B)
Class com.google.common.cache.LocalCache$EntryFactory$6                               : loaded 2 times (x 83B)
Class org.gradle.internal.installation.CurrentGradleInstallationLocator               : loaded 2 times (x 71B)
Class org.jetbrains.kotlin.resolve.SealedClassInheritorsProvider                      : loaded 2 times (x 72B)
Class org.jetbrains.kotlin.util.AttributeArrayOwner                                   : loaded 2 times (x 82B)
Class org.jetbrains.kotlin.resolve.scopes.MemberScope$Empty                           : loaded 2 times (x 99B)
Class org.jetbrains.kotlin.resolve.TargetEnvironment$Companion                        : loaded 2 times (x 71B)
Class com.android.utils.PositionXmlParser$Position                                    : loaded 2 times (x 78B)
Class org.jetbrains.kotlin.diagnostics.Diagnostic                                     : loaded 2 times (x 70B)
Class org.jetbrains.kotlin.load.kotlin.FacadeClassSource                              : loaded 2 times (x 70B)
Class org.jetbrains.kotlin.protobuf.FieldSet$1                                        : loaded 2 times (x 71B)
Class org.jetbrains.kotlin.metadata.builtins.BuiltInsProtoBuf                         : loaded 2 times (x 71B)
Class org.jetbrains.kotlin.resolve.BindingTrace                                       : loaded 2 times (x 70B)
Class org.jetbrains.kotlin.resolve.checkers.TrailingCommaDeclarationChecker           : loaded 2 times (x 74B)
Class org.jetbrains.kotlin.resolve.jvm.checkers.JvmSimpleNameBacktickChecker          : loaded 2 times (x 75B)
Class org.jetbrains.kotlin.lexer.KotlinLexerException                                 : loaded 2 times (x 82B)
Class [Lorg.jetbrains.kotlin.psi.KtCollectionLiteralExpression;                       : loaded 2 times (x 69B)
Class [Lorg.jetbrains.kotlin.psi.KtValueArgumentName;                                 : loaded 2 times (x 69B)
Class [Lorg.jetbrains.kotlin.psi.KtIntersectionType;                                  : loaded 2 times (x 69B)
Class org.jetbrains.kotlin.psi.stubs.KotlinAnnotationUseSiteTargetStub                : loaded 2 times (x 70B)
Class org.jetbrains.kotlin.psi.stubs.elements.KtParameterElementType                  : loaded 2 times (x 104B)
Class org.jetbrains.kotlin.psi.stubs.elements.KtModifierListElementType               : loaded 2 times (x 103B)
Class org.jetbrains.kotlin.cli.jvm.index.JvmDependenciesDynamicCompoundIndex$indexedRoots$1: loaded 2 times (x 78B)
Class [Lorg.jetbrains.kotlin.cli.jvm.modules.CoreJrtVirtualFile;                      : loaded 2 times (x 69B)
Class org.jetbrains.kotlin.cli.jvm.compiler.KotlinCliJavaFileManagerImpl$Companion    : loaded 2 times (x 71B)
Class com.android.tools.lint.model.DefaultLintModelDependencyGraph                    : loaded 2 times (x 78B)
Class com.android.tools.lint.model.DefaultLintModelLintOptions                        : loaded 2 times (x 103B)
Class org.jetbrains.kotlin.diagnostics.PositioningStrategies$PROPERTY_INITIALIZER$1   : loaded 2 times (x 74B)
Class com.google.common.io.ByteSource$SlicedByteSource                                : loaded 2 times (x 85B)
Class com.google.common.collect.ImmutableMultimap$Builder                             : loaded 2 times (x 83B)
Class com.google.common.collect.Maps$KeySet                                           : loaded 2 times (x 137B)
Class com.google.common.cache.LocalCache$EntryFactory$7                               : loaded 2 times (x 83B)
Class com.google.common.collect.ImmutableSet$EmptySetBuilderImpl                      : loaded 2 times (x 76B)
Class org.gradle.internal.service.DefaultServiceLocator                               : loaded 2 times (x 83B)
Class org.jetbrains.kotlin.diagnostics.DiagnosticFactory2                             : loaded 2 times (x 81B)
Class org.jetbrains.kotlin.load.kotlin.PackagePartProvider                            : loaded 2 times (x 70B)
Class org.jetbrains.kotlin.serialization.deserialization.ClassDeserializer$classes$1  : loaded 2 times (x 79B)
Class org.jetbrains.kotlin.types.error.ErrorPropertyDescriptor                        : loaded 2 times (x 325B)
Class kotlin.properties.ObservableProperty                                            : loaded 2 times (x 83B)
Class org.jetbrains.kotlin.metadata.ProtoBuf$Class$Kind$1                             : loaded 2 times (x 74B)
Class org.jetbrains.kotlin.load.kotlin.PackagePartClassUtils                          : loaded 2 times (x 71B)
Class org.jetbrains.kotlin.protobuf.SmallSortedMap$Entry                              : loaded 2 times (x 88B)
Class org.jetbrains.kotlin.metadata.ProtoBuf$Package$1                                : loaded 2 times (x 144B)
Class org.jetbrains.kotlin.descriptors.ClassDescriptor                                : loaded 2 times (x 70B)
Class org.jetbrains.kotlin.resolve.calls.checkers.DeprecatedCallChecker               : loaded 2 times (x 74B)
Class org.jetbrains.kotlin.resolve.jvm.checkers.InconsistentOperatorFromJavaCallChecker: loaded 2 times (x 74B)
Class org.jetbrains.kotlin.resolve.checkers.InlineParameterChecker                    : loaded 2 times (x 74B)
Class org.jetbrains.kotlin.resolve.PlatformConfiguratorBase                           : loaded 2 times (x 80B)
Class org.jetbrains.kotlin.parsing.FirstBefore                                        : loaded 2 times (x 84B)
Class [Lorg.jetbrains.kotlin.psi.KtNameReferenceExpression;                           : loaded 2 times (x 69B)
Class org.jetbrains.kotlin.psi.KtSecondaryConstructor                                 : loaded 2 times (x 1274B)
Class [Lorg.jetbrains.kotlin.psi.KtTypeParameterListOwner;                            : loaded 2 times (x 69B)
Class [Lorg.jetbrains.kotlin.storage.LockBasedStorageManager$NotValue;                : loaded 2 times (x 69B)
Class org.jetbrains.kotlin.scripting.definitions.ScriptDefinition$FromConfigurationsBase: loaded 2 times (x 115B)
Class kotlin.script.experimental.api.ScriptCompilationConfiguration$Companion         : loaded 2 times (x 71B)
Class org.jetbrains.kotlin.scripting.compiler.plugin.ScriptingCompilerConfigurationExtensionKt: loaded 2 times (x 71B)
Class kotlin.reflect.KMutableProperty0                                                : loaded 2 times (x 70B)
Class kotlin.reflect.KClassifier                                                      : loaded 2 times (x 70B)
Class org.jetbrains.kotlin.extensions.TypeAttributeTranslatorExtension$Companion      : loaded 2 times (x 72B)
Class org.jetbrains.kotlin.extensions.TypeAttributeTranslatorExtension                : loaded 2 times (x 70B)
Class org.jetbrains.kotlin.extensions.ProcessSourcesBeforeCompilingExtension$Companion: loaded 2 times (x 72B)
Class org.jetbrains.kotlin.extensions.PreprocessedVirtualFileFactoryExtension         : loaded 2 times (x 70B)
Class org.jetbrains.kotlin.psi.stubs.elements.KtFileElementType                       : loaded 2 times (x 111B)
Class kotlin.coroutines.jvm.internal.SuspendFunction                                  : loaded 2 times (x 70B)
Class org.jetbrains.kotlin.descriptors.SourceElement                                  : loaded 2 times (x 70B)
Class com.google.common.collect.ImmutableMultimap$EntryCollection                     : loaded 2 times (x 127B)
Class com.google.common.collect.Maps$EntrySet                                         : loaded 2 times (x 136B)
Class com.google.common.cache.LocalCache$EntryFactory$8                               : loaded 2 times (x 83B)
Class org.gradle.internal.installation.CurrentGradleInstallation                      : loaded 2 times (x 73B)
Class androidx.compose.lint.PackageName                                               : loaded 2 times (x 72B)
Class org.jetbrains.kotlin.descriptors.VariableAccessorDescriptor                     : loaded 2 times (x 70B)
Class kotlin.jvm.internal.StringCompanionObject                                       : loaded 2 times (x 71B)
Class it.unimi.dsi.fastutil.ints.IntSets$EmptySet                                     : loaded 2 times (x 234B)
Class org.jetbrains.kotlin.types.model.SimpleTypeMarker                               : loaded 2 times (x 70B)
Class org.jetbrains.kotlin.builtins.functions.FunctionTypeKindExtractor$KindWithArity : loaded 2 times (x 72B)
Class org.jetbrains.kotlin.metadata.ProtoBuf$Annotation$ArgumentOrBuilder             : loaded 2 times (x 70B)
Class org.jetbrains.kotlin.protobuf.FieldSet$FieldDescriptorLite                      : loaded 2 times (x 70B)
Class org.jetbrains.kotlin.protobuf.AbstractMessageLite                               : loaded 2 times (x 98B)
Class org.jetbrains.kotlin.mpp.ClassifierSymbolMarker                                 : loaded 2 times (x 70B)
Class org.jetbrains.kotlin.diagnostics.PositioningStrategies$FUNCTION_PARAMETERS$1    : loaded 2 times (x 74B)
Class org.jetbrains.kotlin.diagnostics.PositioningStrategies$VARIANCE_IN_PROJECTION$1 : loaded 2 times (x 74B)
Class org.jetbrains.kotlin.diagnostics.UnboundDiagnostic                              : loaded 2 times (x 70B)
Class org.jetbrains.kotlin.parsing.SemanticWhitespaceAwarePsiBuilderImpl              : loaded 2 times (x 201B)
Class org.jetbrains.kotlin.psi.KtBreakExpression                                      : loaded 2 times (x 437B)
Class [Lorg.jetbrains.kotlin.psi.KtFunctionTypeReceiver;                              : loaded 2 times (x 69B)
Class org.jetbrains.kotlin.psi.KtNullableType                                         : loaded 2 times (x 510B)
Class org.jetbrains.kotlin.psi.stubs.KotlinTypeAliasStub                              : loaded 2 times (x 70B)
Class [Lorg.jetbrains.kotlin.psi.KtProperty;                                          : loaded 2 times (x 69B)
Class org.jetbrains.kotlin.cli.jvm.modules.CliJavaModuleResolver$Companion            : loaded 2 times (x 71B)
Class kotlin.jvm.internal.Ref$BooleanRef                                              : loaded 2 times (x 71B)
Class org.jetbrains.kotlin.load.java.structure.JavaNamedElement                       : loaded 2 times (x 70B)
Class org.jetbrains.kotlin.scripting.definitions.LazyScriptDefinitionProvider$Companion: loaded 2 times (x 71B)
Class kotlin.reflect.KMutableProperty1                                                : loaded 2 times (x 70B)
Class org.jetbrains.kotlin.cli.common.extensions.ShellExtension$Companion             : loaded 2 times (x 72B)
Class org.jetbrains.kotlin.extensions.CompilerConfigurationExtension                  : loaded 2 times (x 70B)
Class kotlin.coroutines.intrinsics.IntrinsicsKt__IntrinsicsJvmKt                      : loaded 2 times (x 71B)
Class kotlin.coroutines.jvm.internal.CoroutineStackFrame                              : loaded 2 times (x 70B)
Class com.android.tools.lint.model.DefaultLintModelVariant                            : loaded 2 times (x 101B)
Class com.android.tools.lint.model.LintModelArtifact                                  : loaded 2 times (x 70B)
Class com.google.common.cache.CacheLoader$1                                           : loaded 2 times (x 75B)
Class org.gradle.util.internal.GUtil                                                  : loaded 2 times (x 71B)
Class org.jetbrains.kotlin.descriptors.NotFoundClasses$packageFragments$1             : loaded 2 times (x 79B)
Class org.jetbrains.kotlin.protobuf.FieldSet                                          : loaded 2 times (x 72B)
Class org.jetbrains.kotlin.resolve.calls.checkers.UselessElvisCallChecker             : loaded 2 times (x 74B)
Class org.jetbrains.kotlin.types.checker.KotlinTypePreparator                         : loaded 2 times (x 73B)
Class org.jetbrains.kotlin.platform.TargetPlatformVersion                             : loaded 2 times (x 70B)
Class org.jetbrains.kotlin.kdoc.lexer.KDocTokens$1                                    : loaded 2 times (x 84B)
Class org.jetbrains.kotlin.psi.KtModifierListOwnerStub                                : loaded 2 times (x 581B)
Class org.jetbrains.kotlin.psi.KtFile                                                 : loaded 2 times (x 942B)
Class [Lorg.jetbrains.kotlin.cli.jvm.index.JavaRoot$RootType;                         : loaded 2 times (x 69B)
Class org.jetbrains.kotlin.storage.LockBasedStorageManager$ExceptionHandlingStrategy$1: loaded 2 times (x 74B)
Class org.jetbrains.kotlin.storage.MemoizedFunctionToNullable                         : loaded 2 times (x 70B)
Class kotlin.reflect.KMutableProperty2                                                : loaded 2 times (x 70B)
Class kotlin.collections.CollectionsKt                                                : loaded 2 times (x 71B)
Class com.android.prefs.PathLocator$WhenMappings                                      : loaded 2 times (x 71B)
Class com.google.common.io.ByteSource                                                 : loaded 2 times (x 84B)
Class com.google.common.util.concurrent.AbstractFuture$SetFuture                      : loaded 2 times (x 75B)
Class com.google.common.cache.AbstractCache$StatsCounter                              : loaded 2 times (x 70B)
Class org.jetbrains.kotlin.load.java.JavaIncompatibilityRulesOverridabilityCondition$Companion: loaded 2 times (x 71B)
Class org.jetbrains.kotlin.types.checker.KotlinTypePreparator$Default                 : loaded 2 times (x 73B)
Class org.jetbrains.kotlin.serialization.deserialization.ContractDeserializer$Companion: loaded 2 times (x 71B)
Class org.jetbrains.kotlin.storage.LockBasedStorageManager$CacheWithNullableValuesBasedOnMemoizedFunction: loaded 2 times (x 86B)
Class [Lorg.jetbrains.kotlin.renderer.RenderingFormat;                                : loaded 2 times (x 69B)
Class org.jetbrains.kotlin.renderer.DescriptorRendererOptionsImpl$typeNormalizer$2    : loaded 2 times (x 78B)
Class org.jetbrains.kotlin.util.slicedMap.SlicedMap                                   : loaded 2 times (x 70B)
Class org.jetbrains.kotlin.metadata.ProtoBuf$Annotation$Argument$Value$Type           : loaded 2 times (x 82B)
Class org.jetbrains.kotlin.serialization.deserialization.ProtoContainer$Class         : loaded 2 times (x 74B)
Class [Lorg.jetbrains.kotlin.metadata.ProtoBuf$MemberKind;                            : loaded 2 times (x 69B)
Class kotlin.ranges.IntProgressionIterator                                            : loaded 2 times (x 82B)
Class org.jetbrains.kotlin.metadata.builtins.BuiltInsBinaryVersion                    : loaded 2 times (x 74B)
Class org.jetbrains.kotlin.metadata.ProtoBuf$Annotation$Argument$Value$Type$1         : loaded 2 times (x 74B)
Class org.jetbrains.kotlin.metadata.ProtoBuf$TypeOrBuilder                            : loaded 2 times (x 70B)
Class org.jetbrains.kotlin.metadata.ProtoBuf$TypeTableOrBuilder                       : loaded 2 times (x 70B)
Class org.jetbrains.kotlin.metadata.ProtoBuf$Package                                  : loaded 2 times (x 129B)
Class org.jetbrains.kotlin.resolve.calls.checkers.InfixCallChecker                    : loaded 2 times (x 74B)
Class org.jetbrains.kotlin.resolve.calls.checkers.InlineCheckerWrapper                : loaded 2 times (x 75B)
Class org.jetbrains.kotlin.resolve.checkers.DeprecatedSinceKotlinAnnotationChecker    : loaded 2 times (x 74B)
Class org.jetbrains.kotlin.resolve.checkers.LocalVariableTypeParametersChecker        : loaded 2 times (x 74B)
Class org.jetbrains.kotlin.diagnostics.PositioningStrategies$VALUE_ARGUMENTS_LIST$1   : loaded 2 times (x 74B)
Class org.jetbrains.kotlin.diagnostics.PositioningStrategies$DECLARATION_SIGNATURE$1  : loaded 2 times (x 75B)
Class org.jetbrains.kotlin.kdoc.lexer.KDocTokens$2                                    : loaded 2 times (x 84B)
Class [Lorg.jetbrains.kotlin.psi.KtStringTemplateExpression;                          : loaded 2 times (x 69B)
Class org.jetbrains.kotlin.psi.KtTypeCodeFragmentType                                 : loaded 2 times (x 84B)
Class org.jetbrains.kotlin.psi.KtNamedFunction                                        : loaded 2 times (x 1343B)
Class org.jetbrains.kotlin.psi.KtNamedDeclaration                                     : loaded 2 times (x 70B)
Class org.jetbrains.kotlin.load.kotlin.MetadataFinderFactory                          : loaded 2 times (x 70B)
Class kotlin.reflect.jvm.internal.RuntimeTypeMapper                                   : loaded 2 times (x 71B)
Class org.jetbrains.kotlin.resolve.jvm.KotlinJavaPsiFacade$KotlinPsiElementFinderWrapperImpl: loaded 2 times (x 82B)
Class kotlin.script.experimental.host.ScriptingHostConfiguration$Companion            : loaded 2 times (x 71B)
Class org.jetbrains.kotlin.asJava.classes.ImplUtilsKt$setPsiTypeAnnotationProvider$2  : loaded 2 times (x 78B)
Class kotlin.coroutines.jvm.internal.DebugProbesKt                                    : loaded 2 times (x 71B)
Class kotlin.coroutines.CoroutineContext                                              : loaded 2 times (x 70B)
Class org.jetbrains.kotlin.metadata.ProtoBuf$TypeParameter$Variance$1                 : loaded 2 times (x 74B)
Class com.android.tools.lint.model.DefaultLintModelDependency                         : loaded 2 times (x 86B)
Class com.android.tools.lint.model.DefaultLintModelLibrary                            : loaded 2 times (x 86B)
Class com.android.tools.lint.model.DefaultLintModelBuildFeatures                      : loaded 2 times (x 77B)
Class com.google.common.collect.MapMakerInternalMap$1                                 : loaded 2 times (x 83B)
Class com.google.common.io.LineBuffer                                                 : loaded 2 times (x 75B)
Class com.google.common.collect.Iterators$MergingIterator                             : loaded 2 times (x 81B)
Class org.gradle.internal.installation.GradleInstallation                             : loaded 2 times (x 75B)
Class kotlin.io.TextStreamsKt                                                         : loaded 2 times (x 71B)
Class org.jetbrains.kotlin.descriptors.ClassifierDescriptorWithTypeParameters         : loaded 2 times (x 70B)
Class org.jetbrains.kotlin.descriptors.NotFoundClasses                                : loaded 2 times (x 72B)
Class [Lorg.jetbrains.kotlin.descriptors.DescriptorVisibility;                        : loaded 2 times (x 69B)
Class org.jetbrains.kotlin.types.TypeUtils$SpecialType                                : loaded 2 times (x 95B)
Class org.jetbrains.kotlin.descriptors.impl.ModuleDescriptorImpl$packageFragmentProviderForWholeModuleWithDependencies$2: loaded 2 times (x 79B)
Class kotlin.collections.ReversedList                                                 : loaded 2 times (x 207B)
Class org.jetbrains.kotlin.metadata.deserialization.ProtoTypeTableUtilKt              : loaded 2 times (x 71B)
Class [Lorg.jetbrains.kotlin.builtins.PrimitiveType;                                  : loaded 2 times (x 69B)
Class org.jetbrains.kotlin.container.ContainerKt                                      : loaded 2 times (x 71B)
Class org.jetbrains.kotlin.resolve.calls.checkers.ResultTypeWithNullableOperatorsChecker: loaded 2 times (x 74B)
Class org.jetbrains.kotlin.resolve.AdditionalAnnotationChecker                        : loaded 2 times (x 70B)
Class org.jetbrains.kotlin.diagnostics.DiagnosticFactory0                             : loaded 2 times (x 81B)
Class org.jetbrains.kotlin.diagnostics.PositioningStrategies$ARRAY_ACCESS$1           : loaded 2 times (x 74B)
Class org.jetbrains.kotlin.psi.KtContainerNodeForControlStructureBody                 : loaded 2 times (x 376B)
Class org.jetbrains.kotlin.psi.KtDeclarationImpl                                      : loaded 2 times (x 645B)
Class org.jetbrains.kotlin.psi.KtBlockStringTemplateEntry                             : loaded 2 times (x 444B)
Class org.jetbrains.kotlin.psi.stubs.KotlinClassLiteralExpressionStub                 : loaded 2 times (x 70B)
Class org.jetbrains.kotlin.resolve.jvm.modules.JavaModule$Automatic                   : loaded 2 times (x 80B)
Class org.jetbrains.kotlin.cli.jvm.modules.JavaModuleGraph$module$1                   : loaded 2 times (x 125B)
Class org.jetbrains.kotlin.scripting.definitions.ScriptDefinition                     : loaded 2 times (x 114B)
Class org.jetbrains.kotlin.load.java.structure.impl.source.JavaFixedElementSourceFactory: loaded 2 times (x 79B)
Class kotlin.reflect.jvm.internal.KPackageImpl$data$1                                 : loaded 2 times (x 79B)
Class org.jetbrains.kotlin.cli.jvm.compiler.CliLightClassGenerationSupport            : loaded 2 times (x 77B)
Class org.jetbrains.kotlin.asJava.LightClassGenerationSupport                         : loaded 2 times (x 76B)
Class [Lcom.android.utils.StdLogger$Level;                                            : loaded 2 times (x 69B)
Class com.android.prefs.AndroidLocationsException                                     : loaded 2 times (x 82B)
Class org.jetbrains.kotlin.descriptors.impl.DeclarationDescriptorImpl                 : loaded 2 times (x 96B)
Class com.google.common.collect.Iterables                                             : loaded 2 times (x 71B)
Class org.jetbrains.kotlin.serialization.deserialization.descriptors.DeserializedMemberScope: loaded 2 times (x 109B)
Class org.jetbrains.kotlin.serialization.deserialization.AnnotationAndConstantLoaderImpl: loaded 2 times (x 98B)
Class org.jetbrains.kotlin.resolve.CompilerEnvironment                                : loaded 2 times (x 73B)
Class com.android.utils.XmlUtils                                                      : loaded 2 times (x 71B)
Class kotlin.collections.ReversedList$listIterator$1                                  : loaded 2 times (x 94B)
Class org.jetbrains.kotlin.metadata.ProtoBuf$Annotation$Builder                       : loaded 2 times (x 136B)
Class org.jetbrains.kotlin.container.DefaultImplementation                            : loaded 2 times (x 70B)
Class org.jetbrains.kotlin.resolve.PlatformConfiguratorBaseKt                         : loaded 2 times (x 71B)
Class org.jetbrains.kotlin.diagnostics.DiagnosticFactoryForDeprecation4$Companion     : loaded 2 times (x 71B)
Class org.jetbrains.kotlin.diagnostics.DiagnosticFactory1                             : loaded 2 times (x 81B)
Class org.jetbrains.kotlin.resolve.jvm.checkers.JavaOverrideWithWrongNullabilityOverrideChecker$typePreparatorUnwrappingEnhancement$1: loaded 2 times (x 73B)
Class org.jetbrains.kotlin.parsing.KotlinParsing$1                                    : loaded 2 times (x 78B)
Class org.jetbrains.kotlin.psi.KtUnaryExpression                                      : loaded 2 times (x 502B)
Class org.jetbrains.kotlin.cli.jvm.compiler.ClasspathRootsResolver$Companion          : loaded 2 times (x 71B)
Class org.jetbrains.kotlin.cli.jvm.modules.CliJavaModuleFinder                        : loaded 2 times (x 75B)
Class kotlin.script.experimental.api.ScriptEvaluationConfigurationKeys                : loaded 2 times (x 70B)
Class org.jetbrains.kotlin.scripting.definitions.StandardScriptDefinition             : loaded 2 times (x 111B)
Class kotlin.ranges.IntProgression                                                    : loaded 2 times (x 81B)
Class kotlin.jvm.KotlinReflectionNotSupportedError                                    : loaded 2 times (x 82B)
Class com.google.common.collect.Lists$RandomAccessReverseList                         : loaded 2 times (x 200B)

---------------  S Y S T E M  ---------------

OS:
 Windows 11 , 64 bit Build 26100 (10.0.26100.9168)
OS uptime: 0 days 3:18 hours
Hyper-V role detected

CPU: total 2 (initial active 2) (2 cores per cpu, 1 threads per core) family 6 model 122 stepping 1 microcode 0x34, cx8, cmov, fxsr, mmx, 3dnowpref, sse, sse2, sse3, ssse3, sse4.1, sse4.2, popcnt, tsc, tscinvbit, aes, erms, clmul, sha, clflush, clflushopt, hv, rdtscp, rdpid
Processor Information for the first 2 processors :
  Max Mhz: 2001, Current Mhz: 2001, Mhz Limit: 2001

Memory: 4k page, system-wide physical 3932M (104M free)
TotalPageFile size 13896M (AvailPageFile size 3M)
current process WorkingSet (physical memory assigned to process): 655M, peak: 842M
current process commit charge ("private bytes"): 1385M, peak: 1387M

vm_info: OpenJDK 64-Bit Server VM (21.0.10+-14961533-b1163.108) for windows-amd64 JRE (21.0.10+-14961533-b1163.108), built on 2026-03-02T19:58:50Z by "builder" with MS VC++ 16.10 / 16.11 (VS2019)

END.
