#
# There is insufficient memory for the Java Runtime Environment to continue.
# Native memory allocation (mmap) failed to map 348127232 bytes. Error detail: G1 virtual space
# Possible reasons:
#   The system is out of physical RAM or swap space
#   This process is running with CompressedOops enabled, and the Java Heap may be blocking the growth of the native heap
# Possible solutions:
#   Reduce memory load on the system
#   Increase physical memory or swap space
#   Check if swap backing store is full
#   Decrease Java heap size (-Xmx/-Xms)
#   Decrease number of Java threads
#   Decrease Java thread stack sizes (-Xss)
#   Set larger code cache with -XX:ReservedCodeCacheSize=
#   JVM is running with Zero Based Compressed Oops mode in which the Java heap is
#     placed in the first 32GB address space. The Java Heap base address is the
#     maximum limit for the native heap growth. Please use -XX:HeapBaseMinAddress
#     to set the Java Heap base and to place the Java Heap above 32GB virtual address.
# This output file may be truncated or incomplete.
#
#  Out of Memory Error (os_windows.cpp:3926), pid=4288, tid=3092
#
# JRE version: OpenJDK Runtime Environment (21.0.10) (build 21.0.10+-14961533-b1163.108)
# Java VM: OpenJDK 64-Bit Server VM (21.0.10+-14961533-b1163.108, mixed mode, tiered, compressed oops, compressed class ptrs, g1 gc, windows-amd64)
# No core dump will be written. Minidumps are not enabled by default on client versions of Windows
#

---------------  S U M M A R Y ------------

Command Line: --add-opens=java.base/java.util=ALL-UNNAMED --add-opens=java.base/java.lang=ALL-UNNAMED --add-opens=java.base/java.lang.invoke=ALL-UNNAMED --add-opens=java.prefs/java.util.prefs=ALL-UNNAMED --add-exports=jdk.compiler/com.sun.tools.javac.api=ALL-UNNAMED --add-exports=jdk.compiler/com.sun.tools.javac.util=ALL-UNNAMED --add-opens=java.base/java.nio.charset=ALL-UNNAMED --add-opens=java.base/java.net=ALL-UNNAMED --add-opens=java.base/java.util.concurrent.atomic=ALL-UNNAMED -Xmx6144m -Dfile.encoding=UTF-8 -Duser.country=BR -Duser.language=pt -Duser.variant -javaagent:C:\Users\VINICIUS\.gradle\wrapper\dists\gradle-8.9-bin\90cnw93cvbtalezasaz0blq0a\gradle-8.9\lib\agents\gradle-instrumentation-agent-8.9.jar org.gradle.launcher.daemon.bootstrap.GradleDaemon 8.9

Host: Intel(R) Celeron(R) J4005 CPU @ 2.00GHz, 2 cores, 3G,  Windows 11 , 64 bit Build 26100 (10.0.26100.9168)
Time: Mon Aug 17 15:23:00 2026 Hora oficial do Brasil elapsed time: 852.697476 seconds (0d 0h 14m 12s)

---------------  T H R E A D  ---------------

Current thread (0x000002d9b8928a50):  VMThread "VM Thread"          [id=3092, stack(0x000000de91300000,0x000000de91400000) (1024K)]

Stack: [0x000000de91300000,0x000000de91400000]
Native frames: (J=compiled Java code, j=interpreted, Vv=VM code, C=native code)
V  [jvm.dll+0x6d78a9]
V  [jvm.dll+0x8665b3]
V  [jvm.dll+0x868bde]
V  [jvm.dll+0x8692c3]
V  [jvm.dll+0x280ee6]
V  [jvm.dll+0x6d4165]
V  [jvm.dll+0x6c77fa]
V  [jvm.dll+0x358f4b]
V  [jvm.dll+0x360bc6]
V  [jvm.dll+0x3b2ea6]
V  [jvm.dll+0x3b3178]
V  [jvm.dll+0x32b65c]
V  [jvm.dll+0x32b6e7]
V  [jvm.dll+0x3715cc]
V  [jvm.dll+0x36fd7e]
V  [jvm.dll+0x32adb1]
V  [jvm.dll+0x36f480]
V  [jvm.dll+0x86f048]
V  [jvm.dll+0x870394]
V  [jvm.dll+0x8708d0]
V  [jvm.dll+0x870b63]
V  [jvm.dll+0x80fd28]
V  [jvm.dll+0x6d60fd]
C  [ucrtbase.dll+0x2cd30]
C  [KERNEL32.DLL+0x2ccb7]
C  [ntdll.dll+0xaad6c]

VM_Operation (0x000000de90afedb0): G1CollectForAllocation, mode: safepoint, requested by thread 0x000002d9de7da400


---------------  P R O C E S S  ---------------

Threads class SMR info:
_java_thread_list=0x000002d9dd57d940, length=60, elements={
0x000002d9b8a65800, 0x000002d9b898e1b0, 0x000002d9d44feb60, 0x000002d9d44f30d0,
0x000002d9d452a550, 0x000002d9d452afb0, 0x000002d9d452c580, 0x000002d9d452d110,
0x000002d9d4535eb0, 0x000002d9d4547240, 0x000002d9d47f8470, 0x000002d9daf58080,
0x000002d9dae0e2a0, 0x000002d9da189c50, 0x000002d9dae4b730, 0x000002d9daec7540,
0x000002d9d9faf830, 0x000002d9d9faf1a0, 0x000002d9d9faddf0, 0x000002d9d9faca40,
0x000002d9d9fafec0, 0x000002d9d9fad0d0, 0x000002d9d9fae480, 0x000002d9d9fad760,
0x000002d9da178d40, 0x000002d9da1793d0, 0x000002d9da177990, 0x000002d9da179a60,
0x000002d9da1786b0, 0x000002d9da178020, 0x000002d9da17a0f0, 0x000002d9da17a780,
0x000002d9da17e290, 0x000002d9da17cee0, 0x000002d9da17dc00, 0x000002d9db29ecd0,
0x000002d9db29f9f0, 0x000002d9db29dfb0, 0x000002d9db29e640, 0x000002d9db29f360,
0x000002d9ddeba8a0, 0x000002d9ddeb7420, 0x000002d9ddeb9b80, 0x000002d9ddebb5c0,
0x000002d9ddebc2e0, 0x000002d9ddeb8e60, 0x000002d9ddeb94f0, 0x000002d9ddebd000,
0x000002d9ddebd690, 0x000002d9db2a0710, 0x000002d9de7d6260, 0x000002d9de7d68f0,
0x000002d9de7d9050, 0x000002d9de7d5bd0, 0x000002d9de7d96e0, 0x000002d9de7d89c0,
0x000002d9de7d6f80, 0x000002d9de7d9d70, 0x000002d9de7da400, 0x000002d9ddebbc50
}

Java Threads: ( => current thread )
  0x000002d9b8a65800 JavaThread "main"                              [_thread_blocked, id=10176, stack(0x000000de90c00000,0x000000de90d00000) (1024K)]
  0x000002d9b898e1b0 JavaThread "Common-Cleaner"             daemon [_thread_blocked, id=11180, stack(0x000000de91400000,0x000000de91500000) (1024K)]
  0x000002d9d44feb60 JavaThread "Reference Handler"          daemon [_thread_blocked, id=4480, stack(0x000000de91500000,0x000000de91600000) (1024K)]
  0x000002d9d44f30d0 JavaThread "Finalizer"                  daemon [_thread_blocked, id=5528, stack(0x000000de91600000,0x000000de91700000) (1024K)]
  0x000002d9d452a550 JavaThread "Signal Dispatcher"          daemon [_thread_blocked, id=7476, stack(0x000000de91700000,0x000000de91800000) (1024K)]
  0x000002d9d452afb0 JavaThread "Attach Listener"            daemon [_thread_blocked, id=10760, stack(0x000000de91800000,0x000000de91900000) (1024K)]
  0x000002d9d452c580 JavaThread "Service Thread"             daemon [_thread_blocked, id=9360, stack(0x000000de91900000,0x000000de91a00000) (1024K)]
  0x000002d9d452d110 JavaThread "Monitor Deflation Thread"   daemon [_thread_blocked, id=3404, stack(0x000000de91a00000,0x000000de91b00000) (1024K)]
  0x000002d9d4535eb0 JavaThread "C2 CompilerThread0"         daemon [_thread_blocked, id=8680, stack(0x000000de91b00000,0x000000de91c00000) (1024K)]
  0x000002d9d4547240 JavaThread "C1 CompilerThread0"         daemon [_thread_blocked, id=7284, stack(0x000000de91c00000,0x000000de91d00000) (1024K)]
  0x000002d9d47f8470 JavaThread "Notification Thread"        daemon [_thread_blocked, id=10488, stack(0x000000de91d00000,0x000000de91e00000) (1024K)]
  0x000002d9daf58080 JavaThread "Daemon health stats"               [_thread_blocked, id=10364, stack(0x000000de91f00000,0x000000de92000000) (1024K)]
  0x000002d9dae0e2a0 JavaThread "Incoming local TCP Connector on port 65518"        [_thread_in_native, id=3948, stack(0x000000de92000000,0x000000de92100000) (1024K)]
  0x000002d9da189c50 JavaThread "Daemon periodic checks"            [_thread_blocked, id=11144, stack(0x000000de92100000,0x000000de92200000) (1024K)]
  0x000002d9dae4b730 JavaThread "Daemon"                            [_thread_blocked, id=8228, stack(0x000000de92200000,0x000000de92300000) (1024K)]
  0x000002d9daec7540 JavaThread "Handler for socket connection from /127.0.0.1:65518 to /127.0.0.1:65519"        [_thread_in_native, id=7392, stack(0x000000de92300000,0x000000de92400000) (1024K)]
  0x000002d9d9faf830 JavaThread "Cancel handler"                    [_thread_blocked, id=10500, stack(0x000000de92400000,0x000000de92500000) (1024K)]
  0x000002d9d9faf1a0 JavaThread "Daemon worker"                     [_thread_blocked, id=848, stack(0x000000de92500000,0x000000de92600000) (1024K)]
  0x000002d9d9faddf0 JavaThread "Asynchronous log dispatcher for DefaultDaemonConnection: socket connection from /127.0.0.1:65518 to /127.0.0.1:65519"        [_thread_blocked, id=9092, stack(0x000000de92600000,0x000000de92700000) (1024K)]
  0x000002d9d9faca40 JavaThread "Stdin handler"                     [_thread_blocked, id=10960, stack(0x000000de92700000,0x000000de92800000) (1024K)]
  0x000002d9d9fafec0 JavaThread "Daemon client event forwarder"        [_thread_blocked, id=8076, stack(0x000000de92800000,0x000000de92900000) (1024K)]
  0x000002d9d9fad0d0 JavaThread "Cache worker for journal cache (C:\Users\VINICIUS\.gradle\caches\journal-1)"        [_thread_blocked, id=6956, stack(0x000000de92900000,0x000000de92a00000) (1024K)]
  0x000002d9d9fae480 JavaThread "File lock request listener"        [_thread_in_native, id=11196, stack(0x000000de92a00000,0x000000de92b00000) (1024K)]
  0x000002d9d9fad760 JavaThread "Cache worker for file hash cache (C:\Users\VINICIUS\.gradle\caches\8.9\fileHashes)"        [_thread_blocked, id=7408, stack(0x000000de92b00000,0x000000de92c00000) (1024K)]
  0x000002d9da178d40 JavaThread "Cache worker for file hash cache (C:\sistema-agro-v79-atualizado-v8\native-app\.gradle\8.9\fileHashes)"        [_thread_blocked, id=10916, stack(0x000000de92c00000,0x000000de92d00000) (1024K)]
  0x000002d9da1793d0 JavaThread "Cache worker for Build Output Cleanup Cache (C:\sistema-agro-v79-atualizado-v8\native-app\.gradle\buildOutputCleanup)"        [_thread_blocked, id=10372, stack(0x000000de92d00000,0x000000de92e00000) (1024K)]
  0x000002d9da177990 JavaThread "File watcher server"        daemon [_thread_blocked, id=10652, stack(0x000000de92e00000,0x000000de92f00000) (1024K)]
  0x000002d9da179a60 JavaThread "File watcher consumer"      daemon [_thread_blocked, id=3644, stack(0x000000de92f00000,0x000000de93000000) (1024K)]
  0x000002d9da1786b0 JavaThread "Cache worker for checksums cache (C:\sistema-agro-v79-atualizado-v8\native-app\.gradle\8.9\checksums)"        [_thread_blocked, id=8580, stack(0x000000de93000000,0x000000de93100000) (1024K)]
  0x000002d9da178020 JavaThread "Cache worker for file content cache (C:\Users\VINICIUS\.gradle\caches\8.9\fileContent)"        [_thread_blocked, id=5892, stack(0x000000de93100000,0x000000de93200000) (1024K)]
  0x000002d9da17a0f0 JavaThread "Cache worker for cache directory md-rule (C:\Users\VINICIUS\.gradle\caches\8.9\md-rule)"        [_thread_blocked, id=1440, stack(0x000000de93200000,0x000000de93300000) (1024K)]
  0x000002d9da17a780 JavaThread "Cache worker for cache directory md-supplier (C:\Users\VINICIUS\.gradle\caches\8.9\md-supplier)"        [_thread_blocked, id=328, stack(0x000000de93300000,0x000000de93400000) (1024K)]
  0x000002d9da17e290 JavaThread "Unconstrained build operations"        [_thread_blocked, id=2856, stack(0x000000de93400000,0x000000de93500000) (1024K)]
  0x000002d9da17cee0 JavaThread "Unconstrained build operations Thread 2"        [_thread_blocked, id=4676, stack(0x000000de93500000,0x000000de93600000) (1024K)]
  0x000002d9da17dc00 JavaThread "Unconstrained build operations Thread 3"        [_thread_blocked, id=9388, stack(0x000000de93600000,0x000000de93700000) (1024K)]
  0x000002d9db29ecd0 JavaThread "Unconstrained build operations Thread 4"        [_thread_blocked, id=1084, stack(0x000000de93700000,0x000000de93800000) (1024K)]
  0x000002d9db29f9f0 JavaThread "Unconstrained build operations Thread 5"        [_thread_blocked, id=10120, stack(0x000000de93800000,0x000000de93900000) (1024K)]
  0x000002d9db29dfb0 JavaThread "Unconstrained build operations Thread 6"        [_thread_blocked, id=5732, stack(0x000000de93900000,0x000000de93a00000) (1024K)]
  0x000002d9db29e640 JavaThread "Memory manager"                    [_thread_blocked, id=3636, stack(0x000000de93a00000,0x000000de93b00000) (1024K)]
  0x000002d9db29f360 JavaThread "build event listener"              [_thread_blocked, id=3624, stack(0x000000de93b00000,0x000000de93c00000) (1024K)]
  0x000002d9ddeba8a0 JavaThread "included builds"                   [_thread_blocked, id=5976, stack(0x000000de93c00000,0x000000de93d00000) (1024K)]
  0x000002d9ddeb7420 JavaThread "Execution worker"                  [_thread_blocked, id=9972, stack(0x000000de93d00000,0x000000de93e00000) (1024K)]
  0x000002d9ddeb9b80 JavaThread "Cache worker for execution history cache (C:\sistema-agro-v79-atualizado-v8\native-app\.gradle\8.9\executionHistory)"        [_thread_blocked, id=992, stack(0x000000de93e00000,0x000000de93f00000) (1024K)]
  0x000002d9ddebb5c0 JavaThread "Unconstrained build operations Thread 7"        [_thread_blocked, id=2940, stack(0x000000de93f00000,0x000000de94000000) (1024K)]
  0x000002d9ddebc2e0 JavaThread "Unconstrained build operations Thread 8"        [_thread_blocked, id=2864, stack(0x000000de94000000,0x000000de94100000) (1024K)]
  0x000002d9ddeb8e60 JavaThread "Unconstrained build operations Thread 9"        [_thread_blocked, id=8500, stack(0x000000de94100000,0x000000de94200000) (1024K)]
  0x000002d9ddeb94f0 JavaThread "Unconstrained build operations Thread 10"        [_thread_blocked, id=4944, stack(0x000000de94200000,0x000000de94300000) (1024K)]
  0x000002d9ddebd000 JavaThread "Unconstrained build operations Thread 11"        [_thread_blocked, id=11092, stack(0x000000de94300000,0x000000de94400000) (1024K)]
  0x000002d9ddebd690 JavaThread "Unconstrained build operations Thread 12"        [_thread_blocked, id=2540, stack(0x000000de94400000,0x000000de94500000) (1024K)]
  0x000002d9db2a0710 JavaThread "Unconstrained build operations Thread 13"        [_thread_blocked, id=5000, stack(0x000000de94500000,0x000000de94600000) (1024K)]
  0x000002d9de7d6260 JavaThread "Unconstrained build operations Thread 14"        [_thread_blocked, id=4736, stack(0x000000de94600000,0x000000de94700000) (1024K)]
  0x000002d9de7d68f0 JavaThread "Unconstrained build operations Thread 15"        [_thread_blocked, id=1388, stack(0x000000de94700000,0x000000de94800000) (1024K)]
  0x000002d9de7d9050 JavaThread "Unconstrained build operations Thread 16"        [_thread_blocked, id=11096, stack(0x000000de94800000,0x000000de94900000) (1024K)]
  0x000002d9de7d5bd0 JavaThread "Unconstrained build operations Thread 17"        [_thread_blocked, id=10536, stack(0x000000de94900000,0x000000de94a00000) (1024K)]
  0x000002d9de7d96e0 JavaThread "Unconstrained build operations Thread 18"        [_thread_blocked, id=11012, stack(0x000000de94a00000,0x000000de94b00000) (1024K)]
  0x000002d9de7d89c0 JavaThread "Unconstrained build operations Thread 19"        [_thread_blocked, id=860, stack(0x000000de94b00000,0x000000de94c00000) (1024K)]
  0x000002d9de7d6f80 JavaThread "Unconstrained build operations Thread 20"        [_thread_blocked, id=10892, stack(0x000000de94c00000,0x000000de94d00000) (1024K)]
  0x000002d9de7d9d70 JavaThread "WorkerExecutor Queue"              [_thread_blocked, id=3652, stack(0x000000de94d00000,0x000000de94e00000) (1024K)]
  0x000002d9de7da400 JavaThread "ForkJoinPool-1-worker-2"    daemon [_thread_blocked, id=6880, stack(0x000000de90a00000,0x000000de90b00000) (1024K)]
  0x000002d9ddebbc50 JavaThread "ForkJoinPool-1-worker-3"    daemon [_thread_blocked, id=8764, stack(0x000000de90900000,0x000000de90a00000) (1024K)]
Total: 60

Other Threads:
=>0x000002d9b8928a50 VMThread "VM Thread"                           [id=3092, stack(0x000000de91300000,0x000000de91400000) (1024K)]
  0x000002d9b88c30c0 WatcherThread "VM Periodic Task Thread"        [id=2956, stack(0x000000de91200000,0x000000de91300000) (1024K)]
  0x000002d9b8ae8380 WorkerThread "GC Thread#0"                     [id=11200, stack(0x000000de90d00000,0x000000de90e00000) (1024K)]
  0x000002d9d938aa10 WorkerThread "GC Thread#1"                     [id=2736, stack(0x000000de91e00000,0x000000de91f00000) (1024K)]
  0x000002d9b8af6160 ConcurrentGCThread "G1 Main Marker"            [id=1888, stack(0x000000de90e00000,0x000000de90f00000) (1024K)]
  0x000002d9b8af6b80 WorkerThread "G1 Conc#0"                       [id=6856, stack(0x000000de90f00000,0x000000de91000000) (1024K)]
  0x000002d9b8b18500 ConcurrentGCThread "G1 Refine#0"               [id=10368, stack(0x000000de91000000,0x000000de91100000) (1024K)]
  0x000002d9b8b19fa0 ConcurrentGCThread "G1 Service"                [id=6164, stack(0x000000de91100000,0x000000de91200000) (1024K)]
Total: 8

Threads with active compile tasks:
C2 CompilerThread0  852874 34413       4       com.android.tools.r8.internal.s3::a (1074 bytes)
Total: 1

VM state: at safepoint (normal execution)

VM Mutex/Monitor currently owned by a thread:  ([mutex/lock_event])
[0x00007ffc755886d0] Threads_lock - owner thread: 0x000002d9b8928a50
[0x00007ffc755887d0] Heap_lock - owner thread: 0x000002d9de7da400

Heap address: 0x0000000680000000, size: 6144 MB, Compressed Oops mode: Zero based, Oop shift amount: 3

CDS archive(s) not mapped
Compressed class space mapped at: 0x0000000800000000-0x0000000840000000, reserved size: 1073741824
Narrow klass base: 0x0000000800000000, Narrow klass shift: 0, Narrow klass range: 0x40000000

GC Precious Log:
 CardTable entry size: 512
 Card Set container configuration: InlinePtr #cards 4 size 8 Array Of Cards #cards 32 size 80 Howl #buckets 8 coarsen threshold 7372 Howl Bitmap #cards 1024 size 144 coarsen threshold 921 Card regions per heap region 1 cards per card region 8192
 CPUs: 2 total, 2 available
 Memory: 3932M
 Large Page Support: Disabled
 NUMA Support: Disabled
 Compressed Oops: Enabled (Zero based)
 Heap Region Size: 4M
 Heap Min Capacity: 8M
 Heap Initial Capacity: 64M
 Heap Max Capacity: 6G
 Pre-touch: Disabled
 Parallel Workers: 2
 Concurrent Workers: 1
 Concurrent Refinement Workers: 2
 Periodic GC: Disabled

Heap:
 garbage-first heap   total 4075520K, used 849920K [0x0000000680000000, 0x0000000800000000)
  region size 4096K, 2 young (8192K), 2 survivors (8192K)
 Metaspace       used 148220K, committed 150208K, reserved 1179648K
  class space    used 20419K, committed 21376K, reserved 1048576K

Heap Regions: E=young(eden), S=young(survivor), O=old, HS=humongous(starts), HC=humongous(continues), CS=collection set, F=free, TAMS=top-at-mark-start, PB=parsable bottom
|   0|0x0000000680000000, 0x0000000680400000, 0x0000000680400000|100%|HS|  |TAMS 0x0000000680000000| PB 0x0000000680000000| Complete 
|   1|0x0000000680400000, 0x0000000680800000, 0x0000000680800000|100%| O|  |TAMS 0x0000000680400000| PB 0x0000000680400000| Untracked 
|   2|0x0000000680800000, 0x0000000680c00000, 0x0000000680c00000|100%| O|  |TAMS 0x0000000680800000| PB 0x0000000680800000| Untracked 
|   3|0x0000000680c00000, 0x0000000681000000, 0x0000000681000000|100%| O|  |TAMS 0x0000000680c00000| PB 0x0000000680c00000| Untracked 
|   4|0x0000000681000000, 0x0000000681400000, 0x0000000681400000|100%| O|  |TAMS 0x0000000681000000| PB 0x0000000681000000| Untracked 
|   5|0x0000000681400000, 0x0000000681800000, 0x0000000681800000|100%|HS|  |TAMS 0x0000000681400000| PB 0x0000000681400000| Complete 
|   6|0x0000000681800000, 0x0000000681c00000, 0x0000000681c00000|100%| O|  |TAMS 0x0000000681800000| PB 0x0000000681800000| Untracked 
|   7|0x0000000681c00000, 0x0000000682000000, 0x0000000682000000|100%| O|  |TAMS 0x0000000681c00000| PB 0x0000000681c00000| Untracked 
|   8|0x0000000682000000, 0x0000000682400000, 0x0000000682400000|100%| O|  |TAMS 0x0000000682000000| PB 0x0000000682000000| Untracked 
|   9|0x0000000682400000, 0x0000000682800000, 0x0000000682800000|100%| O|  |TAMS 0x0000000682400000| PB 0x0000000682400000| Untracked 
|  10|0x0000000682800000, 0x0000000682c00000, 0x0000000682c00000|100%| O|  |TAMS 0x0000000682800000| PB 0x0000000682800000| Untracked 
|  11|0x0000000682c00000, 0x0000000683000000, 0x0000000683000000|100%| O|  |TAMS 0x0000000682c00000| PB 0x0000000682c00000| Untracked 
|  12|0x0000000683000000, 0x0000000683400000, 0x0000000683400000|100%| O|  |TAMS 0x0000000683000000| PB 0x0000000683000000| Untracked 
|  13|0x0000000683400000, 0x0000000683800000, 0x0000000683800000|100%| O|  |TAMS 0x0000000683400000| PB 0x0000000683400000| Untracked 
|  14|0x0000000683800000, 0x0000000683c00000, 0x0000000683c00000|100%| O|  |TAMS 0x0000000683800000| PB 0x0000000683800000| Untracked 
|  15|0x0000000683c00000, 0x0000000684000000, 0x0000000684000000|100%| O|  |TAMS 0x0000000683c00000| PB 0x0000000683c00000| Untracked 
|  16|0x0000000684000000, 0x0000000684400000, 0x0000000684400000|100%|HS|  |TAMS 0x0000000684000000| PB 0x0000000684000000| Complete 
|  17|0x0000000684400000, 0x0000000684800000, 0x0000000684800000|100%| O|  |TAMS 0x0000000684400000| PB 0x0000000684400000| Untracked 
|  18|0x0000000684800000, 0x0000000684c00000, 0x0000000684c00000|100%| O|  |TAMS 0x0000000684800000| PB 0x0000000684800000| Untracked 
|  19|0x0000000684c00000, 0x0000000685000000, 0x0000000685000000|100%| O|  |TAMS 0x0000000684c00000| PB 0x0000000684c00000| Untracked 
|  20|0x0000000685000000, 0x0000000685400000, 0x0000000685400000|100%| O|  |TAMS 0x0000000685000000| PB 0x0000000685000000| Untracked 
|  21|0x0000000685400000, 0x0000000685800000, 0x0000000685800000|100%| O|  |TAMS 0x0000000685400000| PB 0x0000000685400000| Untracked 
|  22|0x0000000685800000, 0x0000000685c00000, 0x0000000685c00000|100%| O|  |TAMS 0x0000000685800000| PB 0x0000000685800000| Untracked 
|  23|0x0000000685c00000, 0x0000000686000000, 0x0000000686000000|100%| O|  |TAMS 0x0000000685c00000| PB 0x0000000685c00000| Untracked 
|  24|0x0000000686000000, 0x0000000686400000, 0x0000000686400000|100%| O|  |TAMS 0x0000000686000000| PB 0x0000000686000000| Untracked 
|  25|0x0000000686400000, 0x0000000686800000, 0x0000000686800000|100%| O|  |TAMS 0x0000000686400000| PB 0x0000000686400000| Untracked 
|  26|0x0000000686800000, 0x0000000686c00000, 0x0000000686c00000|100%| O|  |TAMS 0x0000000686800000| PB 0x0000000686800000| Untracked 
|  27|0x0000000686c00000, 0x0000000687000000, 0x0000000687000000|100%| O|  |TAMS 0x0000000686c00000| PB 0x0000000686c00000| Untracked 
|  28|0x0000000687000000, 0x0000000687400000, 0x0000000687400000|100%| O|  |TAMS 0x0000000687000000| PB 0x0000000687000000| Untracked 
|  29|0x0000000687400000, 0x0000000687800000, 0x0000000687800000|100%| O|  |TAMS 0x0000000687400000| PB 0x0000000687400000| Untracked 
|  30|0x0000000687800000, 0x0000000687c00000, 0x0000000687c00000|100%| O|  |TAMS 0x0000000687800000| PB 0x0000000687800000| Untracked 
|  31|0x0000000687c00000, 0x0000000688000000, 0x0000000688000000|100%| O|  |TAMS 0x0000000687c00000| PB 0x0000000687c00000| Untracked 
|  32|0x0000000688000000, 0x0000000688400000, 0x0000000688400000|100%| O|  |TAMS 0x0000000688000000| PB 0x0000000688000000| Untracked 
|  33|0x0000000688400000, 0x0000000688800000, 0x0000000688800000|100%| O|  |TAMS 0x0000000688400000| PB 0x0000000688400000| Untracked 
|  34|0x0000000688800000, 0x0000000688c00000, 0x0000000688c00000|100%| O|  |TAMS 0x0000000688800000| PB 0x0000000688800000| Untracked 
|  35|0x0000000688c00000, 0x0000000689000000, 0x0000000689000000|100%| O|  |TAMS 0x0000000688c00000| PB 0x0000000688c00000| Untracked 
|  36|0x0000000689000000, 0x0000000689400000, 0x0000000689400000|100%| O|  |TAMS 0x0000000689000000| PB 0x0000000689000000| Untracked 
|  37|0x0000000689400000, 0x0000000689800000, 0x0000000689800000|100%| O|  |TAMS 0x0000000689400000| PB 0x0000000689400000| Untracked 
|  38|0x0000000689800000, 0x0000000689c00000, 0x0000000689c00000|100%| O|  |TAMS 0x0000000689800000| PB 0x0000000689800000| Untracked 
|  39|0x0000000689c00000, 0x000000068a000000, 0x000000068a000000|100%| O|  |TAMS 0x0000000689c00000| PB 0x0000000689c00000| Untracked 
|  40|0x000000068a000000, 0x000000068a400000, 0x000000068a400000|100%| O|  |TAMS 0x000000068a000000| PB 0x000000068a000000| Untracked 
|  41|0x000000068a400000, 0x000000068a800000, 0x000000068a800000|100%| O|  |TAMS 0x000000068a400000| PB 0x000000068a400000| Untracked 
|  42|0x000000068a800000, 0x000000068ac00000, 0x000000068ac00000|100%| O|  |TAMS 0x000000068a800000| PB 0x000000068a800000| Untracked 
|  43|0x000000068ac00000, 0x000000068b000000, 0x000000068b000000|100%| O|  |TAMS 0x000000068ac00000| PB 0x000000068ac00000| Untracked 
|  44|0x000000068b000000, 0x000000068b400000, 0x000000068b400000|100%| O|  |TAMS 0x000000068b000000| PB 0x000000068b000000| Untracked 
|  45|0x000000068b400000, 0x000000068b800000, 0x000000068b800000|100%| O|  |TAMS 0x000000068b400000| PB 0x000000068b400000| Untracked 
|  46|0x000000068b800000, 0x000000068bc00000, 0x000000068bc00000|100%| O|  |TAMS 0x000000068b800000| PB 0x000000068b800000| Untracked 
|  47|0x000000068bc00000, 0x000000068c000000, 0x000000068c000000|100%| O|  |TAMS 0x000000068bc00000| PB 0x000000068bc00000| Untracked 
|  48|0x000000068c000000, 0x000000068c400000, 0x000000068c400000|100%| O|  |TAMS 0x000000068c000000| PB 0x000000068c000000| Untracked 
|  49|0x000000068c400000, 0x000000068c800000, 0x000000068c800000|100%| O|  |TAMS 0x000000068c400000| PB 0x000000068c400000| Untracked 
|  50|0x000000068c800000, 0x000000068cc00000, 0x000000068cc00000|100%| O|  |TAMS 0x000000068c800000| PB 0x000000068c800000| Untracked 
|  51|0x000000068cc00000, 0x000000068d000000, 0x000000068d000000|100%| O|  |TAMS 0x000000068cc00000| PB 0x000000068cc00000| Untracked 
|  52|0x000000068d000000, 0x000000068d400000, 0x000000068d400000|100%| O|  |TAMS 0x000000068d000000| PB 0x000000068d000000| Untracked 
|  53|0x000000068d400000, 0x000000068d800000, 0x000000068d800000|100%| O|  |TAMS 0x000000068d400000| PB 0x000000068d400000| Untracked 
|  54|0x000000068d800000, 0x000000068dc00000, 0x000000068dc00000|100%| O|  |TAMS 0x000000068d800000| PB 0x000000068d800000| Untracked 
|  55|0x000000068dc00000, 0x000000068e000000, 0x000000068e000000|100%| O|  |TAMS 0x000000068dc00000| PB 0x000000068dc00000| Untracked 
|  56|0x000000068e000000, 0x000000068e400000, 0x000000068e400000|100%| O|  |TAMS 0x000000068e000000| PB 0x000000068e000000| Untracked 
|  57|0x000000068e400000, 0x000000068e800000, 0x000000068e800000|100%| O|  |TAMS 0x000000068e400000| PB 0x000000068e400000| Untracked 
|  58|0x000000068e800000, 0x000000068ec00000, 0x000000068ec00000|100%| O|  |TAMS 0x000000068e800000| PB 0x000000068e800000| Untracked 
|  59|0x000000068ec00000, 0x000000068f000000, 0x000000068f000000|100%| O|  |TAMS 0x000000068ec00000| PB 0x000000068ec00000| Untracked 
|  60|0x000000068f000000, 0x000000068f400000, 0x000000068f400000|100%| O|  |TAMS 0x000000068f000000| PB 0x000000068f000000| Untracked 
|  61|0x000000068f400000, 0x000000068f800000, 0x000000068f800000|100%| O|  |TAMS 0x000000068f400000| PB 0x000000068f400000| Untracked 
|  62|0x000000068f800000, 0x000000068fc00000, 0x000000068fc00000|100%| O|  |TAMS 0x000000068f800000| PB 0x000000068f800000| Untracked 
|  63|0x000000068fc00000, 0x0000000690000000, 0x0000000690000000|100%| O|  |TAMS 0x000000068fc00000| PB 0x000000068fc00000| Untracked 
|  64|0x0000000690000000, 0x0000000690400000, 0x0000000690400000|100%| O|  |TAMS 0x0000000690000000| PB 0x0000000690000000| Untracked 
|  65|0x0000000690400000, 0x0000000690800000, 0x0000000690800000|100%| O|  |TAMS 0x0000000690400000| PB 0x0000000690400000| Untracked 
|  66|0x0000000690800000, 0x0000000690c00000, 0x0000000690c00000|100%| O|  |TAMS 0x0000000690800000| PB 0x0000000690800000| Untracked 
|  67|0x0000000690c00000, 0x0000000691000000, 0x0000000691000000|100%| O|  |TAMS 0x0000000690c00000| PB 0x0000000690c00000| Untracked 
|  68|0x0000000691000000, 0x0000000691400000, 0x0000000691400000|100%| O|  |TAMS 0x0000000691000000| PB 0x0000000691000000| Untracked 
|  69|0x0000000691400000, 0x0000000691800000, 0x0000000691800000|100%| O|  |TAMS 0x0000000691400000| PB 0x0000000691400000| Untracked 
|  70|0x0000000691800000, 0x0000000691c00000, 0x0000000691c00000|100%| O|  |TAMS 0x0000000691800000| PB 0x0000000691800000| Untracked 
|  71|0x0000000691c00000, 0x0000000692000000, 0x0000000692000000|100%| O|  |TAMS 0x0000000691c00000| PB 0x0000000691c00000| Untracked 
|  72|0x0000000692000000, 0x0000000692400000, 0x0000000692400000|100%| O|  |TAMS 0x0000000692000000| PB 0x0000000692000000| Untracked 
|  73|0x0000000692400000, 0x0000000692800000, 0x0000000692800000|100%| O|  |TAMS 0x0000000692400000| PB 0x0000000692400000| Untracked 
|  74|0x0000000692800000, 0x0000000692c00000, 0x0000000692c00000|100%| O|  |TAMS 0x0000000692800000| PB 0x0000000692800000| Untracked 
|  75|0x0000000692c00000, 0x0000000693000000, 0x0000000693000000|100%| O|  |TAMS 0x0000000692c00000| PB 0x0000000692c00000| Untracked 
|  76|0x0000000693000000, 0x0000000693400000, 0x0000000693400000|100%| O|  |TAMS 0x0000000693000000| PB 0x0000000693000000| Untracked 
|  77|0x0000000693400000, 0x0000000693800000, 0x0000000693800000|100%| O|  |TAMS 0x0000000693400000| PB 0x0000000693400000| Untracked 
|  78|0x0000000693800000, 0x0000000693c00000, 0x0000000693c00000|100%| O|  |TAMS 0x0000000693800000| PB 0x0000000693800000| Untracked 
|  79|0x0000000693c00000, 0x0000000694000000, 0x0000000694000000|100%| O|  |TAMS 0x0000000693c00000| PB 0x0000000693c00000| Untracked 
|  80|0x0000000694000000, 0x0000000694400000, 0x0000000694400000|100%| O|  |TAMS 0x0000000694000000| PB 0x0000000694000000| Untracked 
|  81|0x0000000694400000, 0x0000000694800000, 0x0000000694800000|100%| O|  |TAMS 0x0000000694400000| PB 0x0000000694400000| Untracked 
|  82|0x0000000694800000, 0x0000000694c00000, 0x0000000694c00000|100%| O|  |TAMS 0x0000000694800000| PB 0x0000000694800000| Untracked 
|  83|0x0000000694c00000, 0x0000000695000000, 0x0000000695000000|100%| O|  |TAMS 0x0000000694c00000| PB 0x0000000694c00000| Untracked 
|  84|0x0000000695000000, 0x0000000695400000, 0x0000000695400000|100%| O|  |TAMS 0x0000000695000000| PB 0x0000000695000000| Untracked 
|  85|0x0000000695400000, 0x0000000695800000, 0x0000000695800000|100%| O|  |TAMS 0x0000000695400000| PB 0x0000000695400000| Untracked 
|  86|0x0000000695800000, 0x0000000695c00000, 0x0000000695c00000|100%| O|  |TAMS 0x0000000695800000| PB 0x0000000695800000| Untracked 
|  87|0x0000000695c00000, 0x0000000696000000, 0x0000000696000000|100%| O|  |TAMS 0x0000000695c00000| PB 0x0000000695c00000| Untracked 
|  88|0x0000000696000000, 0x0000000696400000, 0x0000000696400000|100%| O|  |TAMS 0x0000000696000000| PB 0x0000000696000000| Untracked 
|  89|0x0000000696400000, 0x0000000696800000, 0x0000000696800000|100%| O|  |TAMS 0x0000000696400000| PB 0x0000000696400000| Untracked 
|  90|0x0000000696800000, 0x0000000696c00000, 0x0000000696c00000|100%| O|  |TAMS 0x0000000696800000| PB 0x0000000696800000| Untracked 
|  91|0x0000000696c00000, 0x0000000697000000, 0x0000000697000000|100%| O|  |TAMS 0x0000000696c00000| PB 0x0000000696c00000| Untracked 
|  92|0x0000000697000000, 0x0000000697400000, 0x0000000697400000|100%| O|  |TAMS 0x0000000697000000| PB 0x0000000697000000| Untracked 
|  93|0x0000000697400000, 0x0000000697800000, 0x0000000697800000|100%| O|  |TAMS 0x0000000697400000| PB 0x0000000697400000| Untracked 
|  94|0x0000000697800000, 0x0000000697c00000, 0x0000000697c00000|100%| O|  |TAMS 0x0000000697800000| PB 0x0000000697800000| Untracked 
|  95|0x0000000697c00000, 0x0000000698000000, 0x0000000698000000|100%| O|  |TAMS 0x0000000697c00000| PB 0x0000000697c00000| Untracked 
|  96|0x0000000698000000, 0x0000000698400000, 0x0000000698400000|100%| O|  |TAMS 0x0000000698000000| PB 0x0000000698000000| Untracked 
|  97|0x0000000698400000, 0x0000000698800000, 0x0000000698800000|100%| O|  |TAMS 0x0000000698400000| PB 0x0000000698400000| Untracked 
|  98|0x0000000698800000, 0x0000000698c00000, 0x0000000698c00000|100%| O|  |TAMS 0x0000000698800000| PB 0x0000000698800000| Untracked 
|  99|0x0000000698c00000, 0x0000000699000000, 0x0000000699000000|100%| O|  |TAMS 0x0000000698c00000| PB 0x0000000698c00000| Untracked 
| 100|0x0000000699000000, 0x0000000699400000, 0x0000000699400000|100%| O|  |TAMS 0x0000000699000000| PB 0x0000000699000000| Untracked 
| 101|0x0000000699400000, 0x0000000699800000, 0x0000000699800000|100%| O|  |TAMS 0x0000000699400000| PB 0x0000000699400000| Untracked 
| 102|0x0000000699800000, 0x0000000699c00000, 0x0000000699c00000|100%| O|  |TAMS 0x0000000699800000| PB 0x0000000699800000| Untracked 
| 103|0x0000000699c00000, 0x000000069a000000, 0x000000069a000000|100%| O|  |TAMS 0x0000000699c00000| PB 0x0000000699c00000| Untracked 
| 104|0x000000069a000000, 0x000000069a400000, 0x000000069a400000|100%| O|  |TAMS 0x000000069a000000| PB 0x000000069a000000| Untracked 
| 105|0x000000069a400000, 0x000000069a800000, 0x000000069a800000|100%| O|  |TAMS 0x000000069a400000| PB 0x000000069a400000| Untracked 
| 106|0x000000069a800000, 0x000000069ac00000, 0x000000069ac00000|100%| O|  |TAMS 0x000000069a800000| PB 0x000000069a800000| Untracked 
| 107|0x000000069ac00000, 0x000000069b000000, 0x000000069b000000|100%| O|  |TAMS 0x000000069ac00000| PB 0x000000069ac00000| Untracked 
| 108|0x000000069b000000, 0x000000069b400000, 0x000000069b400000|100%| O|  |TAMS 0x000000069b000000| PB 0x000000069b000000| Untracked 
| 109|0x000000069b400000, 0x000000069b800000, 0x000000069b800000|100%| O|  |TAMS 0x000000069b400000| PB 0x000000069b400000| Untracked 
| 110|0x000000069b800000, 0x000000069bc00000, 0x000000069bc00000|100%| O|  |TAMS 0x000000069b800000| PB 0x000000069b800000| Untracked 
| 111|0x000000069bc00000, 0x000000069c000000, 0x000000069c000000|100%| O|  |TAMS 0x000000069bc00000| PB 0x000000069bc00000| Untracked 
| 112|0x000000069c000000, 0x000000069c400000, 0x000000069c400000|100%| O|  |TAMS 0x000000069c000000| PB 0x000000069c000000| Untracked 
| 113|0x000000069c400000, 0x000000069c800000, 0x000000069c800000|100%| O|  |TAMS 0x000000069c400000| PB 0x000000069c400000| Untracked 
| 114|0x000000069c800000, 0x000000069cc00000, 0x000000069cc00000|100%| O|  |TAMS 0x000000069c800000| PB 0x000000069c800000| Untracked 
| 115|0x000000069cc00000, 0x000000069d000000, 0x000000069d000000|100%| O|  |TAMS 0x000000069cc00000| PB 0x000000069cc00000| Untracked 
| 116|0x000000069d000000, 0x000000069d400000, 0x000000069d400000|100%| O|  |TAMS 0x000000069d000000| PB 0x000000069d000000| Untracked 
| 117|0x000000069d400000, 0x000000069d800000, 0x000000069d800000|100%| O|  |TAMS 0x000000069d400000| PB 0x000000069d400000| Untracked 
| 118|0x000000069d800000, 0x000000069dc00000, 0x000000069dc00000|100%| O|  |TAMS 0x000000069d800000| PB 0x000000069d800000| Untracked 
| 119|0x000000069dc00000, 0x000000069e000000, 0x000000069e000000|100%| O|  |TAMS 0x000000069dc00000| PB 0x000000069dc00000| Untracked 
| 120|0x000000069e000000, 0x000000069e400000, 0x000000069e400000|100%| O|  |TAMS 0x000000069e000000| PB 0x000000069e000000| Untracked 
| 121|0x000000069e400000, 0x000000069e800000, 0x000000069e800000|100%| O|  |TAMS 0x000000069e400000| PB 0x000000069e400000| Untracked 
| 122|0x000000069e800000, 0x000000069ec00000, 0x000000069ec00000|100%|HS|  |TAMS 0x000000069e800000| PB 0x000000069e800000| Complete 
| 123|0x000000069ec00000, 0x000000069f000000, 0x000000069f000000|100%| O|  |TAMS 0x000000069ec00000| PB 0x000000069ec00000| Untracked 
| 124|0x000000069f000000, 0x000000069f400000, 0x000000069f400000|100%| O|  |TAMS 0x000000069f000000| PB 0x000000069f000000| Untracked 
| 125|0x000000069f400000, 0x000000069f800000, 0x000000069f800000|100%| O|  |TAMS 0x000000069f400000| PB 0x000000069f400000| Untracked 
| 126|0x000000069f800000, 0x000000069fc00000, 0x000000069fc00000|100%| O|  |TAMS 0x000000069f800000| PB 0x000000069f800000| Untracked 
| 127|0x000000069fc00000, 0x00000006a0000000, 0x00000006a0000000|100%| O|  |TAMS 0x000000069fc00000| PB 0x000000069fc00000| Untracked 
| 128|0x00000006a0000000, 0x00000006a0400000, 0x00000006a0400000|100%| O|  |TAMS 0x00000006a0000000| PB 0x00000006a0000000| Untracked 
| 129|0x00000006a0400000, 0x00000006a0800000, 0x00000006a0800000|100%| O|  |TAMS 0x00000006a0400000| PB 0x00000006a0400000| Untracked 
| 130|0x00000006a0800000, 0x00000006a0c00000, 0x00000006a0c00000|100%|HS|  |TAMS 0x00000006a0800000| PB 0x00000006a0800000| Complete 
| 131|0x00000006a0c00000, 0x00000006a1000000, 0x00000006a1000000|100%| O|  |TAMS 0x00000006a0c00000| PB 0x00000006a0c00000| Untracked 
| 132|0x00000006a1000000, 0x00000006a1400000, 0x00000006a1400000|100%| O|  |TAMS 0x00000006a1000000| PB 0x00000006a1000000| Untracked 
| 133|0x00000006a1400000, 0x00000006a1800000, 0x00000006a1800000|100%| O|  |TAMS 0x00000006a1400000| PB 0x00000006a1400000| Untracked 
| 134|0x00000006a1800000, 0x00000006a1c00000, 0x00000006a1c00000|100%| O|  |TAMS 0x00000006a1800000| PB 0x00000006a1800000| Untracked 
| 135|0x00000006a1c00000, 0x00000006a2000000, 0x00000006a2000000|100%| O|  |TAMS 0x00000006a1c00000| PB 0x00000006a1c00000| Untracked 
| 136|0x00000006a2000000, 0x00000006a2400000, 0x00000006a2400000|100%| O|  |TAMS 0x00000006a2000000| PB 0x00000006a2000000| Untracked 
| 137|0x00000006a2400000, 0x00000006a2800000, 0x00000006a2800000|100%| O|  |TAMS 0x00000006a2400000| PB 0x00000006a2400000| Untracked 
| 138|0x00000006a2800000, 0x00000006a2c00000, 0x00000006a2c00000|100%| O|  |TAMS 0x00000006a2800000| PB 0x00000006a2800000| Untracked 
| 139|0x00000006a2c00000, 0x00000006a3000000, 0x00000006a3000000|100%| O|  |TAMS 0x00000006a2c00000| PB 0x00000006a2c00000| Untracked 
| 140|0x00000006a3000000, 0x00000006a3400000, 0x00000006a3400000|100%| O|  |TAMS 0x00000006a3000000| PB 0x00000006a3000000| Untracked 
| 141|0x00000006a3400000, 0x00000006a3800000, 0x00000006a3800000|100%| O|  |TAMS 0x00000006a3400000| PB 0x00000006a3400000| Untracked 
| 142|0x00000006a3800000, 0x00000006a3c00000, 0x00000006a3c00000|100%| O|  |TAMS 0x00000006a3800000| PB 0x00000006a3800000| Untracked 
| 143|0x00000006a3c00000, 0x00000006a4000000, 0x00000006a4000000|100%| O|  |TAMS 0x00000006a3c00000| PB 0x00000006a3c00000| Untracked 
| 144|0x00000006a4000000, 0x00000006a4400000, 0x00000006a4400000|100%| O|  |TAMS 0x00000006a4000000| PB 0x00000006a4000000| Untracked 
| 145|0x00000006a4400000, 0x00000006a4800000, 0x00000006a4800000|100%| O|  |TAMS 0x00000006a4400000| PB 0x00000006a4400000| Untracked 
| 146|0x00000006a4800000, 0x00000006a4c00000, 0x00000006a4c00000|100%| O|  |TAMS 0x00000006a4800000| PB 0x00000006a4800000| Untracked 
| 147|0x00000006a4c00000, 0x00000006a5000000, 0x00000006a5000000|100%| O|  |TAMS 0x00000006a4c00000| PB 0x00000006a4c00000| Untracked 
| 148|0x00000006a5000000, 0x00000006a5400000, 0x00000006a5400000|100%|HS|  |TAMS 0x00000006a5000000| PB 0x00000006a5000000| Complete 
| 149|0x00000006a5400000, 0x00000006a5800000, 0x00000006a5800000|100%|HC|  |TAMS 0x00000006a5400000| PB 0x00000006a5400000| Complete 
| 150|0x00000006a5800000, 0x00000006a5c00000, 0x00000006a5c00000|100%| O|  |TAMS 0x00000006a5800000| PB 0x00000006a5800000| Untracked 
| 151|0x00000006a5c00000, 0x00000006a6000000, 0x00000006a6000000|100%| O|  |TAMS 0x00000006a5c00000| PB 0x00000006a5c00000| Untracked 
| 152|0x00000006a6000000, 0x00000006a6400000, 0x00000006a6400000|100%| O|  |TAMS 0x00000006a6000000| PB 0x00000006a6000000| Untracked 
| 153|0x00000006a6400000, 0x00000006a6800000, 0x00000006a6800000|100%| O|  |TAMS 0x00000006a6400000| PB 0x00000006a6400000| Untracked 
| 154|0x00000006a6800000, 0x00000006a6c00000, 0x00000006a6c00000|100%| O|  |TAMS 0x00000006a6800000| PB 0x00000006a6800000| Untracked 
| 155|0x00000006a6c00000, 0x00000006a7000000, 0x00000006a7000000|100%| O|  |TAMS 0x00000006a6c00000| PB 0x00000006a6c00000| Untracked 
| 156|0x00000006a7000000, 0x00000006a7400000, 0x00000006a7400000|100%| O|  |TAMS 0x00000006a7000000| PB 0x00000006a7000000| Untracked 
| 157|0x00000006a7400000, 0x00000006a7800000, 0x00000006a7800000|100%| O|  |TAMS 0x00000006a7400000| PB 0x00000006a7400000| Untracked 
| 158|0x00000006a7800000, 0x00000006a7c00000, 0x00000006a7c00000|100%| O|  |TAMS 0x00000006a7800000| PB 0x00000006a7800000| Untracked 
| 159|0x00000006a7c00000, 0x00000006a8000000, 0x00000006a8000000|100%| O|  |TAMS 0x00000006a7c00000| PB 0x00000006a7c00000| Untracked 
| 160|0x00000006a8000000, 0x00000006a8400000, 0x00000006a8400000|100%| O|  |TAMS 0x00000006a8000000| PB 0x00000006a8000000| Untracked 
| 161|0x00000006a8400000, 0x00000006a8800000, 0x00000006a8800000|100%| O|  |TAMS 0x00000006a8400000| PB 0x00000006a8400000| Untracked 
| 162|0x00000006a8800000, 0x00000006a8c00000, 0x00000006a8c00000|100%| O|  |TAMS 0x00000006a8800000| PB 0x00000006a8800000| Untracked 
| 163|0x00000006a8c00000, 0x00000006a9000000, 0x00000006a9000000|100%| O|  |TAMS 0x00000006a8c00000| PB 0x00000006a8c00000| Untracked 
| 164|0x00000006a9000000, 0x00000006a9400000, 0x00000006a9400000|100%| O|  |TAMS 0x00000006a9000000| PB 0x00000006a9000000| Untracked 
| 165|0x00000006a9400000, 0x00000006a9800000, 0x00000006a9800000|100%| O|  |TAMS 0x00000006a9400000| PB 0x00000006a9400000| Untracked 
| 166|0x00000006a9800000, 0x00000006a9c00000, 0x00000006a9c00000|100%| O|  |TAMS 0x00000006a9800000| PB 0x00000006a9800000| Untracked 
| 167|0x00000006a9c00000, 0x00000006aa000000, 0x00000006aa000000|100%| O|  |TAMS 0x00000006a9c00000| PB 0x00000006a9c00000| Untracked 
| 168|0x00000006aa000000, 0x00000006aa400000, 0x00000006aa400000|100%| O|  |TAMS 0x00000006aa000000| PB 0x00000006aa000000| Untracked 
| 169|0x00000006aa400000, 0x00000006aa800000, 0x00000006aa800000|100%| O|  |TAMS 0x00000006aa400000| PB 0x00000006aa400000| Untracked 
| 170|0x00000006aa800000, 0x00000006aac00000, 0x00000006aac00000|100%| O|  |TAMS 0x00000006aa800000| PB 0x00000006aa800000| Untracked 
| 171|0x00000006aac00000, 0x00000006ab000000, 0x00000006ab000000|100%| O|  |TAMS 0x00000006aac00000| PB 0x00000006aac00000| Untracked 
| 172|0x00000006ab000000, 0x00000006ab400000, 0x00000006ab400000|100%| O|  |TAMS 0x00000006ab000000| PB 0x00000006ab000000| Untracked 
| 173|0x00000006ab400000, 0x00000006ab800000, 0x00000006ab800000|100%| O|  |TAMS 0x00000006ab400000| PB 0x00000006ab400000| Untracked 
| 174|0x00000006ab800000, 0x00000006abc00000, 0x00000006abc00000|100%| O|  |TAMS 0x00000006ab800000| PB 0x00000006ab800000| Untracked 
| 175|0x00000006abc00000, 0x00000006ac000000, 0x00000006ac000000|100%| O|  |TAMS 0x00000006abc00000| PB 0x00000006abc00000| Untracked 
| 176|0x00000006ac000000, 0x00000006ac400000, 0x00000006ac400000|100%| O|  |TAMS 0x00000006ac000000| PB 0x00000006ac000000| Untracked 
| 177|0x00000006ac400000, 0x00000006ac800000, 0x00000006ac800000|100%| O|  |TAMS 0x00000006ac400000| PB 0x00000006ac400000| Untracked 
| 178|0x00000006ac800000, 0x00000006acc00000, 0x00000006acc00000|100%| O|  |TAMS 0x00000006ac800000| PB 0x00000006ac800000| Untracked 
| 179|0x00000006acc00000, 0x00000006ad000000, 0x00000006ad000000|100%| O|  |TAMS 0x00000006acc00000| PB 0x00000006acc00000| Untracked 
| 180|0x00000006ad000000, 0x00000006ad400000, 0x00000006ad400000|100%| O|  |TAMS 0x00000006ad000000| PB 0x00000006ad000000| Untracked 
| 181|0x00000006ad400000, 0x00000006ad800000, 0x00000006ad800000|100%| O|  |TAMS 0x00000006ad400000| PB 0x00000006ad400000| Untracked 
| 182|0x00000006ad800000, 0x00000006adc00000, 0x00000006adc00000|100%| O|  |TAMS 0x00000006ad800000| PB 0x00000006ad800000| Untracked 
| 183|0x00000006adc00000, 0x00000006ae000000, 0x00000006ae000000|100%| O|  |TAMS 0x00000006adc00000| PB 0x00000006adc00000| Untracked 
| 184|0x00000006ae000000, 0x00000006ae400000, 0x00000006ae400000|100%| O|  |TAMS 0x00000006ae000000| PB 0x00000006ae000000| Untracked 
| 185|0x00000006ae400000, 0x00000006ae800000, 0x00000006ae800000|100%| O|  |TAMS 0x00000006ae400000| PB 0x00000006ae400000| Untracked 
| 186|0x00000006ae800000, 0x00000006aec00000, 0x00000006aec00000|100%| O|  |TAMS 0x00000006ae800000| PB 0x00000006ae800000| Untracked 
| 187|0x00000006aec00000, 0x00000006af000000, 0x00000006af000000|100%| O|  |TAMS 0x00000006aec00000| PB 0x00000006aec00000| Untracked 
| 188|0x00000006af000000, 0x00000006af400000, 0x00000006af400000|100%| O|  |TAMS 0x00000006af000000| PB 0x00000006af000000| Untracked 
| 189|0x00000006af400000, 0x00000006af800000, 0x00000006af800000|100%| O|  |TAMS 0x00000006af400000| PB 0x00000006af400000| Untracked 
| 190|0x00000006af800000, 0x00000006afc00000, 0x00000006afc00000|100%| O|  |TAMS 0x00000006af800000| PB 0x00000006af800000| Untracked 
| 191|0x00000006afc00000, 0x00000006b0000000, 0x00000006b0000000|100%| O|  |TAMS 0x00000006afc00000| PB 0x00000006afc00000| Untracked 
| 192|0x00000006b0000000, 0x00000006b0400000, 0x00000006b0400000|100%| O|  |TAMS 0x00000006b0000000| PB 0x00000006b0000000| Untracked 
| 193|0x00000006b0400000, 0x00000006b0400000, 0x00000006b0800000|  0%| F|  |TAMS 0x00000006b0400000| PB 0x00000006b0400000| Untracked 
| 194|0x00000006b0800000, 0x00000006b0800000, 0x00000006b0c00000|  0%| F|  |TAMS 0x00000006b0800000| PB 0x00000006b0800000| Untracked 
| 195|0x00000006b0c00000, 0x00000006b0c00000, 0x00000006b1000000|  0%| F|  |TAMS 0x00000006b0c00000| PB 0x00000006b0c00000| Untracked 
| 196|0x00000006b1000000, 0x00000006b1000000, 0x00000006b1400000|  0%| F|  |TAMS 0x00000006b1000000| PB 0x00000006b1000000| Untracked 
| 197|0x00000006b1400000, 0x00000006b1400000, 0x00000006b1800000|  0%| F|  |TAMS 0x00000006b1400000| PB 0x00000006b1400000| Untracked 
| 198|0x00000006b1800000, 0x00000006b1800000, 0x00000006b1c00000|  0%| F|  |TAMS 0x00000006b1800000| PB 0x00000006b1800000| Untracked 
| 199|0x00000006b1c00000, 0x00000006b1c00000, 0x00000006b2000000|  0%| F|  |TAMS 0x00000006b1c00000| PB 0x00000006b1c00000| Untracked 
| 200|0x00000006b2000000, 0x00000006b2000000, 0x00000006b2400000|  0%| F|  |TAMS 0x00000006b2000000| PB 0x00000006b2000000| Untracked 
| 201|0x00000006b2400000, 0x00000006b2400000, 0x00000006b2800000|  0%| F|  |TAMS 0x00000006b2400000| PB 0x00000006b2400000| Untracked 
| 202|0x00000006b2800000, 0x00000006b2800000, 0x00000006b2c00000|  0%| F|  |TAMS 0x00000006b2800000| PB 0x00000006b2800000| Untracked 
| 203|0x00000006b2c00000, 0x00000006b2c00000, 0x00000006b3000000|  0%| F|  |TAMS 0x00000006b2c00000| PB 0x00000006b2c00000| Untracked 
| 204|0x00000006b3000000, 0x00000006b3000000, 0x00000006b3400000|  0%| F|  |TAMS 0x00000006b3000000| PB 0x00000006b3000000| Untracked 
| 205|0x00000006b3400000, 0x00000006b3400000, 0x00000006b3800000|  0%| F|  |TAMS 0x00000006b3400000| PB 0x00000006b3400000| Untracked 
| 206|0x00000006b3800000, 0x00000006b3800000, 0x00000006b3c00000|  0%| F|  |TAMS 0x00000006b3800000| PB 0x00000006b3800000| Untracked 
| 207|0x00000006b3c00000, 0x00000006b3c00000, 0x00000006b4000000|  0%| F|  |TAMS 0x00000006b3c00000| PB 0x00000006b3c00000| Untracked 
| 208|0x00000006b4000000, 0x00000006b4000000, 0x00000006b4400000|  0%| F|  |TAMS 0x00000006b4000000| PB 0x00000006b4000000| Untracked 
| 209|0x00000006b4400000, 0x00000006b4400000, 0x00000006b4800000|  0%| F|  |TAMS 0x00000006b4400000| PB 0x00000006b4400000| Untracked 
| 210|0x00000006b4800000, 0x00000006b4800000, 0x00000006b4c00000|  0%| F|  |TAMS 0x00000006b4800000| PB 0x00000006b4800000| Untracked 
| 211|0x00000006b4c00000, 0x00000006b4c00000, 0x00000006b5000000|  0%| F|  |TAMS 0x00000006b4c00000| PB 0x00000006b4c00000| Untracked 
| 212|0x00000006b5000000, 0x00000006b5000000, 0x00000006b5400000|  0%| F|  |TAMS 0x00000006b5000000| PB 0x00000006b5000000| Untracked 
| 213|0x00000006b5400000, 0x00000006b5400000, 0x00000006b5800000|  0%| F|  |TAMS 0x00000006b5400000| PB 0x00000006b5400000| Untracked 
| 214|0x00000006b5800000, 0x00000006b5800000, 0x00000006b5c00000|  0%| F|  |TAMS 0x00000006b5800000| PB 0x00000006b5800000| Untracked 
| 215|0x00000006b5c00000, 0x00000006b5c00000, 0x00000006b6000000|  0%| F|  |TAMS 0x00000006b5c00000| PB 0x00000006b5c00000| Untracked 
| 216|0x00000006b6000000, 0x00000006b6400000, 0x00000006b6400000|100%| O|  |TAMS 0x00000006b6000000| PB 0x00000006b6000000| Untracked 
| 217|0x00000006b6400000, 0x00000006b6400000, 0x00000006b6800000|  0%| F|  |TAMS 0x00000006b6400000| PB 0x00000006b6400000| Untracked 
| 218|0x00000006b6800000, 0x00000006b6800000, 0x00000006b6c00000|  0%| F|  |TAMS 0x00000006b6800000| PB 0x00000006b6800000| Untracked 
| 219|0x00000006b6c00000, 0x00000006b6c00000, 0x00000006b7000000|  0%| F|  |TAMS 0x00000006b6c00000| PB 0x00000006b6c00000| Untracked 
| 220|0x00000006b7000000, 0x00000006b7400000, 0x00000006b7400000|100%| O|  |TAMS 0x00000006b7000000| PB 0x00000006b7000000| Untracked 
| 221|0x00000006b7400000, 0x00000006b7800000, 0x00000006b7800000|100%| O|  |TAMS 0x00000006b7400000| PB 0x00000006b7400000| Untracked 
| 222|0x00000006b7800000, 0x00000006b7800000, 0x00000006b7c00000|  0%| F|  |TAMS 0x00000006b7800000| PB 0x00000006b7800000| Untracked 
| 223|0x00000006b7c00000, 0x00000006b7c00000, 0x00000006b8000000|  0%| F|  |TAMS 0x00000006b7c00000| PB 0x00000006b7c00000| Untracked 
| 224|0x00000006b8000000, 0x00000006b8400000, 0x00000006b8400000|100%| O|  |TAMS 0x00000006b8000000| PB 0x00000006b8000000| Untracked 
| 225|0x00000006b8400000, 0x00000006b8400000, 0x00000006b8800000|  0%| F|  |TAMS 0x00000006b8400000| PB 0x00000006b8400000| Untracked 
| 226|0x00000006b8800000, 0x00000006b8800000, 0x00000006b8c00000|  0%| F|  |TAMS 0x00000006b8800000| PB 0x00000006b8800000| Untracked 
| 227|0x00000006b8c00000, 0x00000006b8c00000, 0x00000006b9000000|  0%| F|  |TAMS 0x00000006b8c00000| PB 0x00000006b8c00000| Untracked 
| 228|0x00000006b9000000, 0x00000006b9000000, 0x00000006b9400000|  0%| F|  |TAMS 0x00000006b9000000| PB 0x00000006b9000000| Untracked 
| 229|0x00000006b9400000, 0x00000006b9400000, 0x00000006b9800000|  0%| F|  |TAMS 0x00000006b9400000| PB 0x00000006b9400000| Untracked 
| 230|0x00000006b9800000, 0x00000006b9800000, 0x00000006b9c00000|  0%| F|  |TAMS 0x00000006b9800000| PB 0x00000006b9800000| Untracked 
| 231|0x00000006b9c00000, 0x00000006ba000000, 0x00000006ba000000|100%| O|  |TAMS 0x00000006b9c00000| PB 0x00000006b9c00000| Untracked 
| 232|0x00000006ba000000, 0x00000006ba400000, 0x00000006ba400000|100%| O|  |TAMS 0x00000006ba000000| PB 0x00000006ba000000| Untracked 
| 233|0x00000006ba400000, 0x00000006ba400000, 0x00000006ba800000|  0%| F|  |TAMS 0x00000006ba400000| PB 0x00000006ba400000| Untracked 
| 234|0x00000006ba800000, 0x00000006ba800000, 0x00000006bac00000|  0%| F|  |TAMS 0x00000006ba800000| PB 0x00000006ba800000| Untracked 
| 235|0x00000006bac00000, 0x00000006bac00000, 0x00000006bb000000|  0%| F|  |TAMS 0x00000006bac00000| PB 0x00000006bac00000| Untracked 
| 236|0x00000006bb000000, 0x00000006bb000000, 0x00000006bb400000|  0%| F|  |TAMS 0x00000006bb000000| PB 0x00000006bb000000| Untracked 
| 237|0x00000006bb400000, 0x00000006bb400000, 0x00000006bb800000|  0%| F|  |TAMS 0x00000006bb400000| PB 0x00000006bb400000| Untracked 
| 238|0x00000006bb800000, 0x00000006bb800000, 0x00000006bbc00000|  0%| F|  |TAMS 0x00000006bb800000| PB 0x00000006bb800000| Untracked 
| 239|0x00000006bbc00000, 0x00000006bbc00000, 0x00000006bc000000|  0%| F|  |TAMS 0x00000006bbc00000| PB 0x00000006bbc00000| Untracked 
| 240|0x00000006bc000000, 0x00000006bc000000, 0x00000006bc400000|  0%| F|  |TAMS 0x00000006bc000000| PB 0x00000006bc000000| Untracked 
| 241|0x00000006bc400000, 0x00000006bc400000, 0x00000006bc800000|  0%| F|  |TAMS 0x00000006bc400000| PB 0x00000006bc400000| Untracked 
| 242|0x00000006bc800000, 0x00000006bc800000, 0x00000006bcc00000|  0%| F|  |TAMS 0x00000006bc800000| PB 0x00000006bc800000| Untracked 
| 243|0x00000006bcc00000, 0x00000006bcc00000, 0x00000006bd000000|  0%| F|  |TAMS 0x00000006bcc00000| PB 0x00000006bcc00000| Untracked 
| 244|0x00000006bd000000, 0x00000006bd000000, 0x00000006bd400000|  0%| F|  |TAMS 0x00000006bd000000| PB 0x00000006bd000000| Untracked 
| 245|0x00000006bd400000, 0x00000006bd400000, 0x00000006bd800000|  0%| F|  |TAMS 0x00000006bd400000| PB 0x00000006bd400000| Untracked 
| 246|0x00000006bd800000, 0x00000006bd800000, 0x00000006bdc00000|  0%| F|  |TAMS 0x00000006bd800000| PB 0x00000006bd800000| Untracked 
| 247|0x00000006bdc00000, 0x00000006bdc00000, 0x00000006be000000|  0%| F|  |TAMS 0x00000006bdc00000| PB 0x00000006bdc00000| Untracked 
| 248|0x00000006be000000, 0x00000006be000000, 0x00000006be400000|  0%| F|  |TAMS 0x00000006be000000| PB 0x00000006be000000| Untracked 
| 249|0x00000006be400000, 0x00000006be400000, 0x00000006be800000|  0%| F|  |TAMS 0x00000006be400000| PB 0x00000006be400000| Untracked 
| 250|0x00000006be800000, 0x00000006be800000, 0x00000006bec00000|  0%| F|  |TAMS 0x00000006be800000| PB 0x00000006be800000| Untracked 
| 251|0x00000006bec00000, 0x00000006bec00000, 0x00000006bf000000|  0%| F|  |TAMS 0x00000006bec00000| PB 0x00000006bec00000| Untracked 
| 252|0x00000006bf000000, 0x00000006bf000000, 0x00000006bf400000|  0%| F|  |TAMS 0x00000006bf000000| PB 0x00000006bf000000| Untracked 
| 253|0x00000006bf400000, 0x00000006bf400000, 0x00000006bf800000|  0%| F|  |TAMS 0x00000006bf400000| PB 0x00000006bf400000| Untracked 
| 254|0x00000006bf800000, 0x00000006bf800000, 0x00000006bfc00000|  0%| F|  |TAMS 0x00000006bf800000| PB 0x00000006bf800000| Untracked 
| 255|0x00000006bfc00000, 0x00000006bfc00000, 0x00000006c0000000|  0%| F|  |TAMS 0x00000006bfc00000| PB 0x00000006bfc00000| Untracked 
| 256|0x00000006c0000000, 0x00000006c0000000, 0x00000006c0400000|  0%| F|  |TAMS 0x00000006c0000000| PB 0x00000006c0000000| Untracked 
| 257|0x00000006c0400000, 0x00000006c0400000, 0x00000006c0800000|  0%| F|  |TAMS 0x00000006c0400000| PB 0x00000006c0400000| Untracked 
| 258|0x00000006c0800000, 0x00000006c0800000, 0x00000006c0c00000|  0%| F|  |TAMS 0x00000006c0800000| PB 0x00000006c0800000| Untracked 
| 259|0x00000006c0c00000, 0x00000006c0c00000, 0x00000006c1000000|  0%| F|  |TAMS 0x00000006c0c00000| PB 0x00000006c0c00000| Untracked 
| 260|0x00000006c1000000, 0x00000006c1000000, 0x00000006c1400000|  0%| F|  |TAMS 0x00000006c1000000| PB 0x00000006c1000000| Untracked 
| 261|0x00000006c1400000, 0x00000006c1400000, 0x00000006c1800000|  0%| F|  |TAMS 0x00000006c1400000| PB 0x00000006c1400000| Untracked 
| 262|0x00000006c1800000, 0x00000006c1800000, 0x00000006c1c00000|  0%| F|  |TAMS 0x00000006c1800000| PB 0x00000006c1800000| Untracked 
| 263|0x00000006c1c00000, 0x00000006c1c00000, 0x00000006c2000000|  0%| F|  |TAMS 0x00000006c1c00000| PB 0x00000006c1c00000| Untracked 
| 264|0x00000006c2000000, 0x00000006c2000000, 0x00000006c2400000|  0%| F|  |TAMS 0x00000006c2000000| PB 0x00000006c2000000| Untracked 
| 265|0x00000006c2400000, 0x00000006c2400000, 0x00000006c2800000|  0%| F|  |TAMS 0x00000006c2400000| PB 0x00000006c2400000| Untracked 
| 266|0x00000006c2800000, 0x00000006c2800000, 0x00000006c2c00000|  0%| F|  |TAMS 0x00000006c2800000| PB 0x00000006c2800000| Untracked 
| 267|0x00000006c2c00000, 0x00000006c2c00000, 0x00000006c3000000|  0%| F|  |TAMS 0x00000006c2c00000| PB 0x00000006c2c00000| Untracked 
| 268|0x00000006c3000000, 0x00000006c3000000, 0x00000006c3400000|  0%| F|  |TAMS 0x00000006c3000000| PB 0x00000006c3000000| Untracked 
| 269|0x00000006c3400000, 0x00000006c3400000, 0x00000006c3800000|  0%| F|  |TAMS 0x00000006c3400000| PB 0x00000006c3400000| Untracked 
| 270|0x00000006c3800000, 0x00000006c3800000, 0x00000006c3c00000|  0%| F|  |TAMS 0x00000006c3800000| PB 0x00000006c3800000| Untracked 
| 271|0x00000006c3c00000, 0x00000006c3c00000, 0x00000006c4000000|  0%| F|  |TAMS 0x00000006c3c00000| PB 0x00000006c3c00000| Untracked 
| 272|0x00000006c4000000, 0x00000006c4000000, 0x00000006c4400000|  0%| F|  |TAMS 0x00000006c4000000| PB 0x00000006c4000000| Untracked 
| 273|0x00000006c4400000, 0x00000006c4400000, 0x00000006c4800000|  0%| F|  |TAMS 0x00000006c4400000| PB 0x00000006c4400000| Untracked 
| 274|0x00000006c4800000, 0x00000006c4800000, 0x00000006c4c00000|  0%| F|  |TAMS 0x00000006c4800000| PB 0x00000006c4800000| Untracked 
| 275|0x00000006c4c00000, 0x00000006c4c00000, 0x00000006c5000000|  0%| F|  |TAMS 0x00000006c4c00000| PB 0x00000006c4c00000| Untracked 
| 276|0x00000006c5000000, 0x00000006c5000000, 0x00000006c5400000|  0%| F|  |TAMS 0x00000006c5000000| PB 0x00000006c5000000| Untracked 
| 277|0x00000006c5400000, 0x00000006c5400000, 0x00000006c5800000|  0%| F|  |TAMS 0x00000006c5400000| PB 0x00000006c5400000| Untracked 
| 278|0x00000006c5800000, 0x00000006c5800000, 0x00000006c5c00000|  0%| F|  |TAMS 0x00000006c5800000| PB 0x00000006c5800000| Untracked 
| 279|0x00000006c5c00000, 0x00000006c5c00000, 0x00000006c6000000|  0%| F|  |TAMS 0x00000006c5c00000| PB 0x00000006c5c00000| Untracked 
| 280|0x00000006c6000000, 0x00000006c6000000, 0x00000006c6400000|  0%| F|  |TAMS 0x00000006c6000000| PB 0x00000006c6000000| Untracked 
| 281|0x00000006c6400000, 0x00000006c6400000, 0x00000006c6800000|  0%| F|  |TAMS 0x00000006c6400000| PB 0x00000006c6400000| Untracked 
| 282|0x00000006c6800000, 0x00000006c6800000, 0x00000006c6c00000|  0%| F|  |TAMS 0x00000006c6800000| PB 0x00000006c6800000| Untracked 
| 283|0x00000006c6c00000, 0x00000006c6c00000, 0x00000006c7000000|  0%| F|  |TAMS 0x00000006c6c00000| PB 0x00000006c6c00000| Untracked 
| 284|0x00000006c7000000, 0x00000006c7000000, 0x00000006c7400000|  0%| F|  |TAMS 0x00000006c7000000| PB 0x00000006c7000000| Untracked 
| 285|0x00000006c7400000, 0x00000006c7400000, 0x00000006c7800000|  0%| F|  |TAMS 0x00000006c7400000| PB 0x00000006c7400000| Untracked 
| 286|0x00000006c7800000, 0x00000006c7800000, 0x00000006c7c00000|  0%| F|  |TAMS 0x00000006c7800000| PB 0x00000006c7800000| Untracked 
| 287|0x00000006c7c00000, 0x00000006c7c00000, 0x00000006c8000000|  0%| F|  |TAMS 0x00000006c7c00000| PB 0x00000006c7c00000| Untracked 
| 288|0x00000006c8000000, 0x00000006c8000000, 0x00000006c8400000|  0%| F|  |TAMS 0x00000006c8000000| PB 0x00000006c8000000| Untracked 
| 289|0x00000006c8400000, 0x00000006c8400000, 0x00000006c8800000|  0%| F|  |TAMS 0x00000006c8400000| PB 0x00000006c8400000| Untracked 
| 290|0x00000006c8800000, 0x00000006c8800000, 0x00000006c8c00000|  0%| F|  |TAMS 0x00000006c8800000| PB 0x00000006c8800000| Untracked 
| 291|0x00000006c8c00000, 0x00000006c8c00000, 0x00000006c9000000|  0%| F|  |TAMS 0x00000006c8c00000| PB 0x00000006c8c00000| Untracked 
| 292|0x00000006c9000000, 0x00000006c9000000, 0x00000006c9400000|  0%| F|  |TAMS 0x00000006c9000000| PB 0x00000006c9000000| Untracked 
| 293|0x00000006c9400000, 0x00000006c9400000, 0x00000006c9800000|  0%| F|  |TAMS 0x00000006c9400000| PB 0x00000006c9400000| Untracked 
| 294|0x00000006c9800000, 0x00000006c9800000, 0x00000006c9c00000|  0%| F|  |TAMS 0x00000006c9800000| PB 0x00000006c9800000| Untracked 
| 295|0x00000006c9c00000, 0x00000006c9c00000, 0x00000006ca000000|  0%| F|  |TAMS 0x00000006c9c00000| PB 0x00000006c9c00000| Untracked 
| 296|0x00000006ca000000, 0x00000006ca000000, 0x00000006ca400000|  0%| F|  |TAMS 0x00000006ca000000| PB 0x00000006ca000000| Untracked 
| 297|0x00000006ca400000, 0x00000006ca400000, 0x00000006ca800000|  0%| F|  |TAMS 0x00000006ca400000| PB 0x00000006ca400000| Untracked 
| 298|0x00000006ca800000, 0x00000006ca800000, 0x00000006cac00000|  0%| F|  |TAMS 0x00000006ca800000| PB 0x00000006ca800000| Untracked 
| 299|0x00000006cac00000, 0x00000006cac00000, 0x00000006cb000000|  0%| F|  |TAMS 0x00000006cac00000| PB 0x00000006cac00000| Untracked 
| 300|0x00000006cb000000, 0x00000006cb000000, 0x00000006cb400000|  0%| F|  |TAMS 0x00000006cb000000| PB 0x00000006cb000000| Untracked 
| 301|0x00000006cb400000, 0x00000006cb400000, 0x00000006cb800000|  0%| F|  |TAMS 0x00000006cb400000| PB 0x00000006cb400000| Untracked 
| 302|0x00000006cb800000, 0x00000006cb800000, 0x00000006cbc00000|  0%| F|  |TAMS 0x00000006cb800000| PB 0x00000006cb800000| Untracked 
| 303|0x00000006cbc00000, 0x00000006cbc00000, 0x00000006cc000000|  0%| F|  |TAMS 0x00000006cbc00000| PB 0x00000006cbc00000| Untracked 
| 304|0x00000006cc000000, 0x00000006cc000000, 0x00000006cc400000|  0%| F|  |TAMS 0x00000006cc000000| PB 0x00000006cc000000| Untracked 
| 305|0x00000006cc400000, 0x00000006cc400000, 0x00000006cc800000|  0%| F|  |TAMS 0x00000006cc400000| PB 0x00000006cc400000| Untracked 
| 306|0x00000006cc800000, 0x00000006cc800000, 0x00000006ccc00000|  0%| F|  |TAMS 0x00000006cc800000| PB 0x00000006cc800000| Untracked 
| 307|0x00000006ccc00000, 0x00000006ccc00000, 0x00000006cd000000|  0%| F|  |TAMS 0x00000006ccc00000| PB 0x00000006ccc00000| Untracked 
| 308|0x00000006cd000000, 0x00000006cd000000, 0x00000006cd400000|  0%| F|  |TAMS 0x00000006cd000000| PB 0x00000006cd000000| Untracked 
| 309|0x00000006cd400000, 0x00000006cd400000, 0x00000006cd800000|  0%| F|  |TAMS 0x00000006cd400000| PB 0x00000006cd400000| Untracked 
| 310|0x00000006cd800000, 0x00000006cd800000, 0x00000006cdc00000|  0%| F|  |TAMS 0x00000006cd800000| PB 0x00000006cd800000| Untracked 
| 311|0x00000006cdc00000, 0x00000006cdc00000, 0x00000006ce000000|  0%| F|  |TAMS 0x00000006cdc00000| PB 0x00000006cdc00000| Untracked 
| 312|0x00000006ce000000, 0x00000006ce000000, 0x00000006ce400000|  0%| F|  |TAMS 0x00000006ce000000| PB 0x00000006ce000000| Untracked 
| 313|0x00000006ce400000, 0x00000006ce400000, 0x00000006ce800000|  0%| F|  |TAMS 0x00000006ce400000| PB 0x00000006ce400000| Untracked 
| 314|0x00000006ce800000, 0x00000006ce800000, 0x00000006cec00000|  0%| F|  |TAMS 0x00000006ce800000| PB 0x00000006ce800000| Untracked 
| 315|0x00000006cec00000, 0x00000006cec00000, 0x00000006cf000000|  0%| F|  |TAMS 0x00000006cec00000| PB 0x00000006cec00000| Untracked 
| 316|0x00000006cf000000, 0x00000006cf000000, 0x00000006cf400000|  0%| F|  |TAMS 0x00000006cf000000| PB 0x00000006cf000000| Untracked 
| 317|0x00000006cf400000, 0x00000006cf400000, 0x00000006cf800000|  0%| F|  |TAMS 0x00000006cf400000| PB 0x00000006cf400000| Untracked 
| 318|0x00000006cf800000, 0x00000006cf800000, 0x00000006cfc00000|  0%| F|  |TAMS 0x00000006cf800000| PB 0x00000006cf800000| Untracked 
| 319|0x00000006cfc00000, 0x00000006cfc00000, 0x00000006d0000000|  0%| F|  |TAMS 0x00000006cfc00000| PB 0x00000006cfc00000| Untracked 
| 320|0x00000006d0000000, 0x00000006d0000000, 0x00000006d0400000|  0%| F|  |TAMS 0x00000006d0000000| PB 0x00000006d0000000| Untracked 
| 321|0x00000006d0400000, 0x00000006d0400000, 0x00000006d0800000|  0%| F|  |TAMS 0x00000006d0400000| PB 0x00000006d0400000| Untracked 
| 322|0x00000006d0800000, 0x00000006d0800000, 0x00000006d0c00000|  0%| F|  |TAMS 0x00000006d0800000| PB 0x00000006d0800000| Untracked 
| 323|0x00000006d0c00000, 0x00000006d0c00000, 0x00000006d1000000|  0%| F|  |TAMS 0x00000006d0c00000| PB 0x00000006d0c00000| Untracked 
| 324|0x00000006d1000000, 0x00000006d1000000, 0x00000006d1400000|  0%| F|  |TAMS 0x00000006d1000000| PB 0x00000006d1000000| Untracked 
| 325|0x00000006d1400000, 0x00000006d1400000, 0x00000006d1800000|  0%| F|  |TAMS 0x00000006d1400000| PB 0x00000006d1400000| Untracked 
| 326|0x00000006d1800000, 0x00000006d1800000, 0x00000006d1c00000|  0%| F|  |TAMS 0x00000006d1800000| PB 0x00000006d1800000| Untracked 
| 327|0x00000006d1c00000, 0x00000006d1c00000, 0x00000006d2000000|  0%| F|  |TAMS 0x00000006d1c00000| PB 0x00000006d1c00000| Untracked 
| 328|0x00000006d2000000, 0x00000006d2000000, 0x00000006d2400000|  0%| F|  |TAMS 0x00000006d2000000| PB 0x00000006d2000000| Untracked 
| 329|0x00000006d2400000, 0x00000006d2400000, 0x00000006d2800000|  0%| F|  |TAMS 0x00000006d2400000| PB 0x00000006d2400000| Untracked 
| 330|0x00000006d2800000, 0x00000006d2800000, 0x00000006d2c00000|  0%| F|  |TAMS 0x00000006d2800000| PB 0x00000006d2800000| Untracked 
| 331|0x00000006d2c00000, 0x00000006d2c00000, 0x00000006d3000000|  0%| F|  |TAMS 0x00000006d2c00000| PB 0x00000006d2c00000| Untracked 
| 332|0x00000006d3000000, 0x00000006d3000000, 0x00000006d3400000|  0%| F|  |TAMS 0x00000006d3000000| PB 0x00000006d3000000| Untracked 
| 333|0x00000006d3400000, 0x00000006d3400000, 0x00000006d3800000|  0%| F|  |TAMS 0x00000006d3400000| PB 0x00000006d3400000| Untracked 
| 334|0x00000006d3800000, 0x00000006d3800000, 0x00000006d3c00000|  0%| F|  |TAMS 0x00000006d3800000| PB 0x00000006d3800000| Untracked 
| 335|0x00000006d3c00000, 0x00000006d3c00000, 0x00000006d4000000|  0%| F|  |TAMS 0x00000006d3c00000| PB 0x00000006d3c00000| Untracked 
| 336|0x00000006d4000000, 0x00000006d4000000, 0x00000006d4400000|  0%| F|  |TAMS 0x00000006d4000000| PB 0x00000006d4000000| Untracked 
| 337|0x00000006d4400000, 0x00000006d4400000, 0x00000006d4800000|  0%| F|  |TAMS 0x00000006d4400000| PB 0x00000006d4400000| Untracked 
| 338|0x00000006d4800000, 0x00000006d4800000, 0x00000006d4c00000|  0%| F|  |TAMS 0x00000006d4800000| PB 0x00000006d4800000| Untracked 
| 339|0x00000006d4c00000, 0x00000006d4c00000, 0x00000006d5000000|  0%| F|  |TAMS 0x00000006d4c00000| PB 0x00000006d4c00000| Untracked 
| 340|0x00000006d5000000, 0x00000006d5000000, 0x00000006d5400000|  0%| F|  |TAMS 0x00000006d5000000| PB 0x00000006d5000000| Untracked 
| 341|0x00000006d5400000, 0x00000006d5400000, 0x00000006d5800000|  0%| F|  |TAMS 0x00000006d5400000| PB 0x00000006d5400000| Untracked 
| 342|0x00000006d5800000, 0x00000006d5800000, 0x00000006d5c00000|  0%| F|  |TAMS 0x00000006d5800000| PB 0x00000006d5800000| Untracked 
| 343|0x00000006d5c00000, 0x00000006d5c00000, 0x00000006d6000000|  0%| F|  |TAMS 0x00000006d5c00000| PB 0x00000006d5c00000| Untracked 
| 344|0x00000006d6000000, 0x00000006d6000000, 0x00000006d6400000|  0%| F|  |TAMS 0x00000006d6000000| PB 0x00000006d6000000| Untracked 
| 345|0x00000006d6400000, 0x00000006d6400000, 0x00000006d6800000|  0%| F|  |TAMS 0x00000006d6400000| PB 0x00000006d6400000| Untracked 
| 346|0x00000006d6800000, 0x00000006d6800000, 0x00000006d6c00000|  0%| F|  |TAMS 0x00000006d6800000| PB 0x00000006d6800000| Untracked 
| 347|0x00000006d6c00000, 0x00000006d6c00000, 0x00000006d7000000|  0%| F|  |TAMS 0x00000006d6c00000| PB 0x00000006d6c00000| Untracked 
| 348|0x00000006d7000000, 0x00000006d7000000, 0x00000006d7400000|  0%| F|  |TAMS 0x00000006d7000000| PB 0x00000006d7000000| Untracked 
| 349|0x00000006d7400000, 0x00000006d7400000, 0x00000006d7800000|  0%| F|  |TAMS 0x00000006d7400000| PB 0x00000006d7400000| Untracked 
| 350|0x00000006d7800000, 0x00000006d7800000, 0x00000006d7c00000|  0%| F|  |TAMS 0x00000006d7800000| PB 0x00000006d7800000| Untracked 
| 351|0x00000006d7c00000, 0x00000006d7c00000, 0x00000006d8000000|  0%| F|  |TAMS 0x00000006d7c00000| PB 0x00000006d7c00000| Untracked 
| 352|0x00000006d8000000, 0x00000006d8000000, 0x00000006d8400000|  0%| F|  |TAMS 0x00000006d8000000| PB 0x00000006d8000000| Untracked 
| 353|0x00000006d8400000, 0x00000006d8400000, 0x00000006d8800000|  0%| F|  |TAMS 0x00000006d8400000| PB 0x00000006d8400000| Untracked 
| 354|0x00000006d8800000, 0x00000006d8800000, 0x00000006d8c00000|  0%| F|  |TAMS 0x00000006d8800000| PB 0x00000006d8800000| Untracked 
| 355|0x00000006d8c00000, 0x00000006d8c00000, 0x00000006d9000000|  0%| F|  |TAMS 0x00000006d8c00000| PB 0x00000006d8c00000| Untracked 
| 356|0x00000006d9000000, 0x00000006d9000000, 0x00000006d9400000|  0%| F|  |TAMS 0x00000006d9000000| PB 0x00000006d9000000| Untracked 
| 357|0x00000006d9400000, 0x00000006d9400000, 0x00000006d9800000|  0%| F|  |TAMS 0x00000006d9400000| PB 0x00000006d9400000| Untracked 
| 358|0x00000006d9800000, 0x00000006d9800000, 0x00000006d9c00000|  0%| F|  |TAMS 0x00000006d9800000| PB 0x00000006d9800000| Untracked 
| 359|0x00000006d9c00000, 0x00000006d9c00000, 0x00000006da000000|  0%| F|  |TAMS 0x00000006d9c00000| PB 0x00000006d9c00000| Untracked 
| 360|0x00000006da000000, 0x00000006da000000, 0x00000006da400000|  0%| F|  |TAMS 0x00000006da000000| PB 0x00000006da000000| Untracked 
| 361|0x00000006da400000, 0x00000006da400000, 0x00000006da800000|  0%| F|  |TAMS 0x00000006da400000| PB 0x00000006da400000| Untracked 
| 362|0x00000006da800000, 0x00000006da800000, 0x00000006dac00000|  0%| F|  |TAMS 0x00000006da800000| PB 0x00000006da800000| Untracked 
| 363|0x00000006dac00000, 0x00000006dac00000, 0x00000006db000000|  0%| F|  |TAMS 0x00000006dac00000| PB 0x00000006dac00000| Untracked 
| 364|0x00000006db000000, 0x00000006db000000, 0x00000006db400000|  0%| F|  |TAMS 0x00000006db000000| PB 0x00000006db000000| Untracked 
| 365|0x00000006db400000, 0x00000006db400000, 0x00000006db800000|  0%| F|  |TAMS 0x00000006db400000| PB 0x00000006db400000| Untracked 
| 366|0x00000006db800000, 0x00000006db800000, 0x00000006dbc00000|  0%| F|  |TAMS 0x00000006db800000| PB 0x00000006db800000| Untracked 
| 367|0x00000006dbc00000, 0x00000006dbc00000, 0x00000006dc000000|  0%| F|  |TAMS 0x00000006dbc00000| PB 0x00000006dbc00000| Untracked 
| 368|0x00000006dc000000, 0x00000006dc000000, 0x00000006dc400000|  0%| F|  |TAMS 0x00000006dc000000| PB 0x00000006dc000000| Untracked 
| 369|0x00000006dc400000, 0x00000006dc400000, 0x00000006dc800000|  0%| F|  |TAMS 0x00000006dc400000| PB 0x00000006dc400000| Untracked 
| 370|0x00000006dc800000, 0x00000006dc800000, 0x00000006dcc00000|  0%| F|  |TAMS 0x00000006dc800000| PB 0x00000006dc800000| Untracked 
| 371|0x00000006dcc00000, 0x00000006dcc00000, 0x00000006dd000000|  0%| F|  |TAMS 0x00000006dcc00000| PB 0x00000006dcc00000| Untracked 
| 372|0x00000006dd000000, 0x00000006dd000000, 0x00000006dd400000|  0%| F|  |TAMS 0x00000006dd000000| PB 0x00000006dd000000| Untracked 
| 373|0x00000006dd400000, 0x00000006dd400000, 0x00000006dd800000|  0%| F|  |TAMS 0x00000006dd400000| PB 0x00000006dd400000| Untracked 
| 374|0x00000006dd800000, 0x00000006dd800000, 0x00000006ddc00000|  0%| F|  |TAMS 0x00000006dd800000| PB 0x00000006dd800000| Untracked 
| 375|0x00000006ddc00000, 0x00000006ddc00000, 0x00000006de000000|  0%| F|  |TAMS 0x00000006ddc00000| PB 0x00000006ddc00000| Untracked 
| 376|0x00000006de000000, 0x00000006de000000, 0x00000006de400000|  0%| F|  |TAMS 0x00000006de000000| PB 0x00000006de000000| Untracked 
| 377|0x00000006de400000, 0x00000006de400000, 0x00000006de800000|  0%| F|  |TAMS 0x00000006de400000| PB 0x00000006de400000| Untracked 
| 378|0x00000006de800000, 0x00000006de800000, 0x00000006dec00000|  0%| F|  |TAMS 0x00000006de800000| PB 0x00000006de800000| Untracked 
| 379|0x00000006dec00000, 0x00000006dec00000, 0x00000006df000000|  0%| F|  |TAMS 0x00000006dec00000| PB 0x00000006dec00000| Untracked 
| 380|0x00000006df000000, 0x00000006df000000, 0x00000006df400000|  0%| F|  |TAMS 0x00000006df000000| PB 0x00000006df000000| Untracked 
| 381|0x00000006df400000, 0x00000006df400000, 0x00000006df800000|  0%| F|  |TAMS 0x00000006df400000| PB 0x00000006df400000| Untracked 
| 382|0x00000006df800000, 0x00000006df800000, 0x00000006dfc00000|  0%| F|  |TAMS 0x00000006df800000| PB 0x00000006df800000| Untracked 
| 383|0x00000006dfc00000, 0x00000006dfc00000, 0x00000006e0000000|  0%| F|  |TAMS 0x00000006dfc00000| PB 0x00000006dfc00000| Untracked 
| 384|0x00000006e0000000, 0x00000006e0000000, 0x00000006e0400000|  0%| F|  |TAMS 0x00000006e0000000| PB 0x00000006e0000000| Untracked 
| 385|0x00000006e0400000, 0x00000006e0400000, 0x00000006e0800000|  0%| F|  |TAMS 0x00000006e0400000| PB 0x00000006e0400000| Untracked 
| 386|0x00000006e0800000, 0x00000006e0800000, 0x00000006e0c00000|  0%| F|  |TAMS 0x00000006e0800000| PB 0x00000006e0800000| Untracked 
| 387|0x00000006e0c00000, 0x00000006e0c00000, 0x00000006e1000000|  0%| F|  |TAMS 0x00000006e0c00000| PB 0x00000006e0c00000| Untracked 
| 388|0x00000006e1000000, 0x00000006e1000000, 0x00000006e1400000|  0%| F|  |TAMS 0x00000006e1000000| PB 0x00000006e1000000| Untracked 
| 389|0x00000006e1400000, 0x00000006e1400000, 0x00000006e1800000|  0%| F|  |TAMS 0x00000006e1400000| PB 0x00000006e1400000| Untracked 
| 390|0x00000006e1800000, 0x00000006e1800000, 0x00000006e1c00000|  0%| F|  |TAMS 0x00000006e1800000| PB 0x00000006e1800000| Untracked 
| 391|0x00000006e1c00000, 0x00000006e1c00000, 0x00000006e2000000|  0%| F|  |TAMS 0x00000006e1c00000| PB 0x00000006e1c00000| Untracked 
| 392|0x00000006e2000000, 0x00000006e2000000, 0x00000006e2400000|  0%| F|  |TAMS 0x00000006e2000000| PB 0x00000006e2000000| Untracked 
| 393|0x00000006e2400000, 0x00000006e2400000, 0x00000006e2800000|  0%| F|  |TAMS 0x00000006e2400000| PB 0x00000006e2400000| Untracked 
| 394|0x00000006e2800000, 0x00000006e2800000, 0x00000006e2c00000|  0%| F|  |TAMS 0x00000006e2800000| PB 0x00000006e2800000| Untracked 
| 395|0x00000006e2c00000, 0x00000006e2c00000, 0x00000006e3000000|  0%| F|  |TAMS 0x00000006e2c00000| PB 0x00000006e2c00000| Untracked 
| 396|0x00000006e3000000, 0x00000006e3000000, 0x00000006e3400000|  0%| F|  |TAMS 0x00000006e3000000| PB 0x00000006e3000000| Untracked 
| 397|0x00000006e3400000, 0x00000006e3400000, 0x00000006e3800000|  0%| F|  |TAMS 0x00000006e3400000| PB 0x00000006e3400000| Untracked 
| 398|0x00000006e3800000, 0x00000006e3800000, 0x00000006e3c00000|  0%| F|  |TAMS 0x00000006e3800000| PB 0x00000006e3800000| Untracked 
| 399|0x00000006e3c00000, 0x00000006e3c00000, 0x00000006e4000000|  0%| F|  |TAMS 0x00000006e3c00000| PB 0x00000006e3c00000| Untracked 
| 400|0x00000006e4000000, 0x00000006e4000000, 0x00000006e4400000|  0%| F|  |TAMS 0x00000006e4000000| PB 0x00000006e4000000| Untracked 
| 401|0x00000006e4400000, 0x00000006e4400000, 0x00000006e4800000|  0%| F|  |TAMS 0x00000006e4400000| PB 0x00000006e4400000| Untracked 
| 402|0x00000006e4800000, 0x00000006e4800000, 0x00000006e4c00000|  0%| F|  |TAMS 0x00000006e4800000| PB 0x00000006e4800000| Untracked 
| 403|0x00000006e4c00000, 0x00000006e4c00000, 0x00000006e5000000|  0%| F|  |TAMS 0x00000006e4c00000| PB 0x00000006e4c00000| Untracked 
| 404|0x00000006e5000000, 0x00000006e5000000, 0x00000006e5400000|  0%| F|  |TAMS 0x00000006e5000000| PB 0x00000006e5000000| Untracked 
| 405|0x00000006e5400000, 0x00000006e5400000, 0x00000006e5800000|  0%| F|  |TAMS 0x00000006e5400000| PB 0x00000006e5400000| Untracked 
| 406|0x00000006e5800000, 0x00000006e5800000, 0x00000006e5c00000|  0%| F|  |TAMS 0x00000006e5800000| PB 0x00000006e5800000| Untracked 
| 407|0x00000006e5c00000, 0x00000006e5c00000, 0x00000006e6000000|  0%| F|  |TAMS 0x00000006e5c00000| PB 0x00000006e5c00000| Untracked 
| 408|0x00000006e6000000, 0x00000006e6000000, 0x00000006e6400000|  0%| F|  |TAMS 0x00000006e6000000| PB 0x00000006e6000000| Untracked 
| 409|0x00000006e6400000, 0x00000006e6400000, 0x00000006e6800000|  0%| F|  |TAMS 0x00000006e6400000| PB 0x00000006e6400000| Untracked 
| 410|0x00000006e6800000, 0x00000006e6800000, 0x00000006e6c00000|  0%| F|  |TAMS 0x00000006e6800000| PB 0x00000006e6800000| Untracked 
| 411|0x00000006e6c00000, 0x00000006e6c00000, 0x00000006e7000000|  0%| F|  |TAMS 0x00000006e6c00000| PB 0x00000006e6c00000| Untracked 
| 412|0x00000006e7000000, 0x00000006e7000000, 0x00000006e7400000|  0%| F|  |TAMS 0x00000006e7000000| PB 0x00000006e7000000| Untracked 
| 413|0x00000006e7400000, 0x00000006e7400000, 0x00000006e7800000|  0%| F|  |TAMS 0x00000006e7400000| PB 0x00000006e7400000| Untracked 
| 414|0x00000006e7800000, 0x00000006e7800000, 0x00000006e7c00000|  0%| F|  |TAMS 0x00000006e7800000| PB 0x00000006e7800000| Untracked 
| 415|0x00000006e7c00000, 0x00000006e7c00000, 0x00000006e8000000|  0%| F|  |TAMS 0x00000006e7c00000| PB 0x00000006e7c00000| Untracked 
| 416|0x00000006e8000000, 0x00000006e8000000, 0x00000006e8400000|  0%| F|  |TAMS 0x00000006e8000000| PB 0x00000006e8000000| Untracked 
| 417|0x00000006e8400000, 0x00000006e8400000, 0x00000006e8800000|  0%| F|  |TAMS 0x00000006e8400000| PB 0x00000006e8400000| Untracked 
| 418|0x00000006e8800000, 0x00000006e8800000, 0x00000006e8c00000|  0%| F|  |TAMS 0x00000006e8800000| PB 0x00000006e8800000| Untracked 
| 419|0x00000006e8c00000, 0x00000006e8c00000, 0x00000006e9000000|  0%| F|  |TAMS 0x00000006e8c00000| PB 0x00000006e8c00000| Untracked 
| 420|0x00000006e9000000, 0x00000006e9000000, 0x00000006e9400000|  0%| F|  |TAMS 0x00000006e9000000| PB 0x00000006e9000000| Untracked 
| 421|0x00000006e9400000, 0x00000006e9400000, 0x00000006e9800000|  0%| F|  |TAMS 0x00000006e9400000| PB 0x00000006e9400000| Untracked 
| 422|0x00000006e9800000, 0x00000006e9800000, 0x00000006e9c00000|  0%| F|  |TAMS 0x00000006e9800000| PB 0x00000006e9800000| Untracked 
| 423|0x00000006e9c00000, 0x00000006e9c00000, 0x00000006ea000000|  0%| F|  |TAMS 0x00000006e9c00000| PB 0x00000006e9c00000| Untracked 
| 424|0x00000006ea000000, 0x00000006ea000000, 0x00000006ea400000|  0%| F|  |TAMS 0x00000006ea000000| PB 0x00000006ea000000| Untracked 
| 425|0x00000006ea400000, 0x00000006ea400000, 0x00000006ea800000|  0%| F|  |TAMS 0x00000006ea400000| PB 0x00000006ea400000| Untracked 
| 426|0x00000006ea800000, 0x00000006ea800000, 0x00000006eac00000|  0%| F|  |TAMS 0x00000006ea800000| PB 0x00000006ea800000| Untracked 
| 427|0x00000006eac00000, 0x00000006eac00000, 0x00000006eb000000|  0%| F|  |TAMS 0x00000006eac00000| PB 0x00000006eac00000| Untracked 
| 428|0x00000006eb000000, 0x00000006eb000000, 0x00000006eb400000|  0%| F|  |TAMS 0x00000006eb000000| PB 0x00000006eb000000| Untracked 
| 429|0x00000006eb400000, 0x00000006eb400000, 0x00000006eb800000|  0%| F|  |TAMS 0x00000006eb400000| PB 0x00000006eb400000| Untracked 
| 430|0x00000006eb800000, 0x00000006eb800000, 0x00000006ebc00000|  0%| F|  |TAMS 0x00000006eb800000| PB 0x00000006eb800000| Untracked 
| 431|0x00000006ebc00000, 0x00000006ebc00000, 0x00000006ec000000|  0%| F|  |TAMS 0x00000006ebc00000| PB 0x00000006ebc00000| Untracked 
| 432|0x00000006ec000000, 0x00000006ec000000, 0x00000006ec400000|  0%| F|  |TAMS 0x00000006ec000000| PB 0x00000006ec000000| Untracked 
| 433|0x00000006ec400000, 0x00000006ec400000, 0x00000006ec800000|  0%| F|  |TAMS 0x00000006ec400000| PB 0x00000006ec400000| Untracked 
| 434|0x00000006ec800000, 0x00000006ec800000, 0x00000006ecc00000|  0%| F|  |TAMS 0x00000006ec800000| PB 0x00000006ec800000| Untracked 
| 435|0x00000006ecc00000, 0x00000006ecc00000, 0x00000006ed000000|  0%| F|  |TAMS 0x00000006ecc00000| PB 0x00000006ecc00000| Untracked 
| 436|0x00000006ed000000, 0x00000006ed000000, 0x00000006ed400000|  0%| F|  |TAMS 0x00000006ed000000| PB 0x00000006ed000000| Untracked 
| 437|0x00000006ed400000, 0x00000006ed400000, 0x00000006ed800000|  0%| F|  |TAMS 0x00000006ed400000| PB 0x00000006ed400000| Untracked 
| 438|0x00000006ed800000, 0x00000006ed800000, 0x00000006edc00000|  0%| F|  |TAMS 0x00000006ed800000| PB 0x00000006ed800000| Untracked 
| 439|0x00000006edc00000, 0x00000006edc00000, 0x00000006ee000000|  0%| F|  |TAMS 0x00000006edc00000| PB 0x00000006edc00000| Untracked 
| 440|0x00000006ee000000, 0x00000006ee000000, 0x00000006ee400000|  0%| F|  |TAMS 0x00000006ee000000| PB 0x00000006ee000000| Untracked 
| 441|0x00000006ee400000, 0x00000006ee400000, 0x00000006ee800000|  0%| F|  |TAMS 0x00000006ee400000| PB 0x00000006ee400000| Untracked 
| 442|0x00000006ee800000, 0x00000006ee800000, 0x00000006eec00000|  0%| F|  |TAMS 0x00000006ee800000| PB 0x00000006ee800000| Untracked 
| 443|0x00000006eec00000, 0x00000006eec00000, 0x00000006ef000000|  0%| F|  |TAMS 0x00000006eec00000| PB 0x00000006eec00000| Untracked 
| 444|0x00000006ef000000, 0x00000006ef000000, 0x00000006ef400000|  0%| F|  |TAMS 0x00000006ef000000| PB 0x00000006ef000000| Untracked 
| 445|0x00000006ef400000, 0x00000006ef400000, 0x00000006ef800000|  0%| F|  |TAMS 0x00000006ef400000| PB 0x00000006ef400000| Untracked 
| 446|0x00000006ef800000, 0x00000006ef800000, 0x00000006efc00000|  0%| F|  |TAMS 0x00000006ef800000| PB 0x00000006ef800000| Untracked 
| 447|0x00000006efc00000, 0x00000006efc00000, 0x00000006f0000000|  0%| F|  |TAMS 0x00000006efc00000| PB 0x00000006efc00000| Untracked 
| 448|0x00000006f0000000, 0x00000006f0000000, 0x00000006f0400000|  0%| F|  |TAMS 0x00000006f0000000| PB 0x00000006f0000000| Untracked 
| 449|0x00000006f0400000, 0x00000006f0400000, 0x00000006f0800000|  0%| F|  |TAMS 0x00000006f0400000| PB 0x00000006f0400000| Untracked 
| 450|0x00000006f0800000, 0x00000006f0800000, 0x00000006f0c00000|  0%| F|  |TAMS 0x00000006f0800000| PB 0x00000006f0800000| Untracked 
| 451|0x00000006f0c00000, 0x00000006f0c00000, 0x00000006f1000000|  0%| F|  |TAMS 0x00000006f0c00000| PB 0x00000006f0c00000| Untracked 
| 452|0x00000006f1000000, 0x00000006f1000000, 0x00000006f1400000|  0%| F|  |TAMS 0x00000006f1000000| PB 0x00000006f1000000| Untracked 
| 453|0x00000006f1400000, 0x00000006f1400000, 0x00000006f1800000|  0%| F|  |TAMS 0x00000006f1400000| PB 0x00000006f1400000| Untracked 
| 454|0x00000006f1800000, 0x00000006f1800000, 0x00000006f1c00000|  0%| F|  |TAMS 0x00000006f1800000| PB 0x00000006f1800000| Untracked 
| 455|0x00000006f1c00000, 0x00000006f1c00000, 0x00000006f2000000|  0%| F|  |TAMS 0x00000006f1c00000| PB 0x00000006f1c00000| Untracked 
| 456|0x00000006f2000000, 0x00000006f2000000, 0x00000006f2400000|  0%| F|  |TAMS 0x00000006f2000000| PB 0x00000006f2000000| Untracked 
| 457|0x00000006f2400000, 0x00000006f2400000, 0x00000006f2800000|  0%| F|  |TAMS 0x00000006f2400000| PB 0x00000006f2400000| Untracked 
| 458|0x00000006f2800000, 0x00000006f2800000, 0x00000006f2c00000|  0%| F|  |TAMS 0x00000006f2800000| PB 0x00000006f2800000| Untracked 
| 459|0x00000006f2c00000, 0x00000006f2c00000, 0x00000006f3000000|  0%| F|  |TAMS 0x00000006f2c00000| PB 0x00000006f2c00000| Untracked 
| 460|0x00000006f3000000, 0x00000006f3000000, 0x00000006f3400000|  0%| F|  |TAMS 0x00000006f3000000| PB 0x00000006f3000000| Untracked 
| 461|0x00000006f3400000, 0x00000006f3400000, 0x00000006f3800000|  0%| F|  |TAMS 0x00000006f3400000| PB 0x00000006f3400000| Untracked 
| 462|0x00000006f3800000, 0x00000006f3800000, 0x00000006f3c00000|  0%| F|  |TAMS 0x00000006f3800000| PB 0x00000006f3800000| Untracked 
| 463|0x00000006f3c00000, 0x00000006f3c00000, 0x00000006f4000000|  0%| F|  |TAMS 0x00000006f3c00000| PB 0x00000006f3c00000| Untracked 
| 464|0x00000006f4000000, 0x00000006f4000000, 0x00000006f4400000|  0%| F|  |TAMS 0x00000006f4000000| PB 0x00000006f4000000| Untracked 
| 465|0x00000006f4400000, 0x00000006f4400000, 0x00000006f4800000|  0%| F|  |TAMS 0x00000006f4400000| PB 0x00000006f4400000| Untracked 
| 466|0x00000006f4800000, 0x00000006f4800000, 0x00000006f4c00000|  0%| F|  |TAMS 0x00000006f4800000| PB 0x00000006f4800000| Untracked 
| 467|0x00000006f4c00000, 0x00000006f4c00000, 0x00000006f5000000|  0%| F|  |TAMS 0x00000006f4c00000| PB 0x00000006f4c00000| Untracked 
| 468|0x00000006f5000000, 0x00000006f5000000, 0x00000006f5400000|  0%| F|  |TAMS 0x00000006f5000000| PB 0x00000006f5000000| Untracked 
| 469|0x00000006f5400000, 0x00000006f5400000, 0x00000006f5800000|  0%| F|  |TAMS 0x00000006f5400000| PB 0x00000006f5400000| Untracked 
| 470|0x00000006f5800000, 0x00000006f5800000, 0x00000006f5c00000|  0%| F|  |TAMS 0x00000006f5800000| PB 0x00000006f5800000| Untracked 
| 471|0x00000006f5c00000, 0x00000006f5c00000, 0x00000006f6000000|  0%| F|  |TAMS 0x00000006f5c00000| PB 0x00000006f5c00000| Untracked 
| 472|0x00000006f6000000, 0x00000006f6000000, 0x00000006f6400000|  0%| F|  |TAMS 0x00000006f6000000| PB 0x00000006f6000000| Untracked 
| 473|0x00000006f6400000, 0x00000006f6400000, 0x00000006f6800000|  0%| F|  |TAMS 0x00000006f6400000| PB 0x00000006f6400000| Untracked 
| 474|0x00000006f6800000, 0x00000006f6800000, 0x00000006f6c00000|  0%| F|  |TAMS 0x00000006f6800000| PB 0x00000006f6800000| Untracked 
| 475|0x00000006f6c00000, 0x00000006f6c00000, 0x00000006f7000000|  0%| F|  |TAMS 0x00000006f6c00000| PB 0x00000006f6c00000| Untracked 
| 476|0x00000006f7000000, 0x00000006f7000000, 0x00000006f7400000|  0%| F|  |TAMS 0x00000006f7000000| PB 0x00000006f7000000| Untracked 
| 477|0x00000006f7400000, 0x00000006f7400000, 0x00000006f7800000|  0%| F|  |TAMS 0x00000006f7400000| PB 0x00000006f7400000| Untracked 
| 478|0x00000006f7800000, 0x00000006f7800000, 0x00000006f7c00000|  0%| F|  |TAMS 0x00000006f7800000| PB 0x00000006f7800000| Untracked 
| 479|0x00000006f7c00000, 0x00000006f7c00000, 0x00000006f8000000|  0%| F|  |TAMS 0x00000006f7c00000| PB 0x00000006f7c00000| Untracked 
| 480|0x00000006f8000000, 0x00000006f8000000, 0x00000006f8400000|  0%| F|  |TAMS 0x00000006f8000000| PB 0x00000006f8000000| Untracked 
| 481|0x00000006f8400000, 0x00000006f8400000, 0x00000006f8800000|  0%| F|  |TAMS 0x00000006f8400000| PB 0x00000006f8400000| Untracked 
| 482|0x00000006f8800000, 0x00000006f8800000, 0x00000006f8c00000|  0%| F|  |TAMS 0x00000006f8800000| PB 0x00000006f8800000| Untracked 
| 483|0x00000006f8c00000, 0x00000006f8c00000, 0x00000006f9000000|  0%| F|  |TAMS 0x00000006f8c00000| PB 0x00000006f8c00000| Untracked 
| 484|0x00000006f9000000, 0x00000006f9000000, 0x00000006f9400000|  0%| F|  |TAMS 0x00000006f9000000| PB 0x00000006f9000000| Untracked 
| 485|0x00000006f9400000, 0x00000006f9400000, 0x00000006f9800000|  0%| F|  |TAMS 0x00000006f9400000| PB 0x00000006f9400000| Untracked 
| 486|0x00000006f9800000, 0x00000006f9800000, 0x00000006f9c00000|  0%| F|  |TAMS 0x00000006f9800000| PB 0x00000006f9800000| Untracked 
| 487|0x00000006f9c00000, 0x00000006f9c00000, 0x00000006fa000000|  0%| F|  |TAMS 0x00000006f9c00000| PB 0x00000006f9c00000| Untracked 
| 488|0x00000006fa000000, 0x00000006fa000000, 0x00000006fa400000|  0%| F|  |TAMS 0x00000006fa000000| PB 0x00000006fa000000| Untracked 
| 489|0x00000006fa400000, 0x00000006fa400000, 0x00000006fa800000|  0%| F|  |TAMS 0x00000006fa400000| PB 0x00000006fa400000| Untracked 
| 490|0x00000006fa800000, 0x00000006fa800000, 0x00000006fac00000|  0%| F|  |TAMS 0x00000006fa800000| PB 0x00000006fa800000| Untracked 
| 491|0x00000006fac00000, 0x00000006fac00000, 0x00000006fb000000|  0%| F|  |TAMS 0x00000006fac00000| PB 0x00000006fac00000| Untracked 
| 492|0x00000006fb000000, 0x00000006fb000000, 0x00000006fb400000|  0%| F|  |TAMS 0x00000006fb000000| PB 0x00000006fb000000| Untracked 
| 493|0x00000006fb400000, 0x00000006fb400000, 0x00000006fb800000|  0%| F|  |TAMS 0x00000006fb400000| PB 0x00000006fb400000| Untracked 
| 494|0x00000006fb800000, 0x00000006fb800000, 0x00000006fbc00000|  0%| F|  |TAMS 0x00000006fb800000| PB 0x00000006fb800000| Untracked 
| 495|0x00000006fbc00000, 0x00000006fbc00000, 0x00000006fc000000|  0%| F|  |TAMS 0x00000006fbc00000| PB 0x00000006fbc00000| Untracked 
| 496|0x00000006fc000000, 0x00000006fc000000, 0x00000006fc400000|  0%| F|  |TAMS 0x00000006fc000000| PB 0x00000006fc000000| Untracked 
| 497|0x00000006fc400000, 0x00000006fc400000, 0x00000006fc800000|  0%| F|  |TAMS 0x00000006fc400000| PB 0x00000006fc400000| Untracked 
| 498|0x00000006fc800000, 0x00000006fc800000, 0x00000006fcc00000|  0%| F|  |TAMS 0x00000006fc800000| PB 0x00000006fc800000| Untracked 
| 499|0x00000006fcc00000, 0x00000006fcc00000, 0x00000006fd000000|  0%| F|  |TAMS 0x00000006fcc00000| PB 0x00000006fcc00000| Untracked 
| 500|0x00000006fd000000, 0x00000006fd000000, 0x00000006fd400000|  0%| F|  |TAMS 0x00000006fd000000| PB 0x00000006fd000000| Untracked 
| 501|0x00000006fd400000, 0x00000006fd400000, 0x00000006fd800000|  0%| F|  |TAMS 0x00000006fd400000| PB 0x00000006fd400000| Untracked 
| 502|0x00000006fd800000, 0x00000006fd800000, 0x00000006fdc00000|  0%| F|  |TAMS 0x00000006fd800000| PB 0x00000006fd800000| Untracked 
| 503|0x00000006fdc00000, 0x00000006fdc00000, 0x00000006fe000000|  0%| F|  |TAMS 0x00000006fdc00000| PB 0x00000006fdc00000| Untracked 
| 504|0x00000006fe000000, 0x00000006fe000000, 0x00000006fe400000|  0%| F|  |TAMS 0x00000006fe000000| PB 0x00000006fe000000| Untracked 
| 505|0x00000006fe400000, 0x00000006fe400000, 0x00000006fe800000|  0%| F|  |TAMS 0x00000006fe400000| PB 0x00000006fe400000| Untracked 
| 506|0x00000006fe800000, 0x00000006fe800000, 0x00000006fec00000|  0%| F|  |TAMS 0x00000006fe800000| PB 0x00000006fe800000| Untracked 
| 507|0x00000006fec00000, 0x00000006fec00000, 0x00000006ff000000|  0%| F|  |TAMS 0x00000006fec00000| PB 0x00000006fec00000| Untracked 
| 508|0x00000006ff000000, 0x00000006ff000000, 0x00000006ff400000|  0%| F|  |TAMS 0x00000006ff000000| PB 0x00000006ff000000| Untracked 
| 509|0x00000006ff400000, 0x00000006ff400000, 0x00000006ff800000|  0%| F|  |TAMS 0x00000006ff400000| PB 0x00000006ff400000| Untracked 
| 510|0x00000006ff800000, 0x00000006ff800000, 0x00000006ffc00000|  0%| F|  |TAMS 0x00000006ff800000| PB 0x00000006ff800000| Untracked 
| 511|0x00000006ffc00000, 0x00000006ffc00000, 0x0000000700000000|  0%| F|  |TAMS 0x00000006ffc00000| PB 0x00000006ffc00000| Untracked 
| 512|0x0000000700000000, 0x0000000700000000, 0x0000000700400000|  0%| F|  |TAMS 0x0000000700000000| PB 0x0000000700000000| Untracked 
| 513|0x0000000700400000, 0x0000000700400000, 0x0000000700800000|  0%| F|  |TAMS 0x0000000700400000| PB 0x0000000700400000| Untracked 
| 514|0x0000000700800000, 0x0000000700800000, 0x0000000700c00000|  0%| F|  |TAMS 0x0000000700800000| PB 0x0000000700800000| Untracked 
| 515|0x0000000700c00000, 0x0000000700c00000, 0x0000000701000000|  0%| F|  |TAMS 0x0000000700c00000| PB 0x0000000700c00000| Untracked 
| 516|0x0000000701000000, 0x0000000701000000, 0x0000000701400000|  0%| F|  |TAMS 0x0000000701000000| PB 0x0000000701000000| Untracked 
| 517|0x0000000701400000, 0x0000000701400000, 0x0000000701800000|  0%| F|  |TAMS 0x0000000701400000| PB 0x0000000701400000| Untracked 
| 518|0x0000000701800000, 0x0000000701800000, 0x0000000701c00000|  0%| F|  |TAMS 0x0000000701800000| PB 0x0000000701800000| Untracked 
| 519|0x0000000701c00000, 0x0000000701c00000, 0x0000000702000000|  0%| F|  |TAMS 0x0000000701c00000| PB 0x0000000701c00000| Untracked 
| 520|0x0000000702000000, 0x0000000702000000, 0x0000000702400000|  0%| F|  |TAMS 0x0000000702000000| PB 0x0000000702000000| Untracked 
| 521|0x0000000702400000, 0x0000000702400000, 0x0000000702800000|  0%| F|  |TAMS 0x0000000702400000| PB 0x0000000702400000| Untracked 
| 522|0x0000000702800000, 0x0000000702800000, 0x0000000702c00000|  0%| F|  |TAMS 0x0000000702800000| PB 0x0000000702800000| Untracked 
| 523|0x0000000702c00000, 0x0000000702c00000, 0x0000000703000000|  0%| F|  |TAMS 0x0000000702c00000| PB 0x0000000702c00000| Untracked 
| 524|0x0000000703000000, 0x0000000703000000, 0x0000000703400000|  0%| F|  |TAMS 0x0000000703000000| PB 0x0000000703000000| Untracked 
| 525|0x0000000703400000, 0x0000000703400000, 0x0000000703800000|  0%| F|  |TAMS 0x0000000703400000| PB 0x0000000703400000| Untracked 
| 526|0x0000000703800000, 0x0000000703800000, 0x0000000703c00000|  0%| F|  |TAMS 0x0000000703800000| PB 0x0000000703800000| Untracked 
| 527|0x0000000703c00000, 0x0000000703c00000, 0x0000000704000000|  0%| F|  |TAMS 0x0000000703c00000| PB 0x0000000703c00000| Untracked 
| 528|0x0000000704000000, 0x0000000704000000, 0x0000000704400000|  0%| F|  |TAMS 0x0000000704000000| PB 0x0000000704000000| Untracked 
| 529|0x0000000704400000, 0x0000000704400000, 0x0000000704800000|  0%| F|  |TAMS 0x0000000704400000| PB 0x0000000704400000| Untracked 
| 530|0x0000000704800000, 0x0000000704800000, 0x0000000704c00000|  0%| F|  |TAMS 0x0000000704800000| PB 0x0000000704800000| Untracked 
| 531|0x0000000704c00000, 0x0000000704c00000, 0x0000000705000000|  0%| F|  |TAMS 0x0000000704c00000| PB 0x0000000704c00000| Untracked 
| 532|0x0000000705000000, 0x0000000705000000, 0x0000000705400000|  0%| F|  |TAMS 0x0000000705000000| PB 0x0000000705000000| Untracked 
| 533|0x0000000705400000, 0x0000000705400000, 0x0000000705800000|  0%| F|  |TAMS 0x0000000705400000| PB 0x0000000705400000| Untracked 
| 534|0x0000000705800000, 0x0000000705800000, 0x0000000705c00000|  0%| F|  |TAMS 0x0000000705800000| PB 0x0000000705800000| Untracked 
| 535|0x0000000705c00000, 0x0000000705c00000, 0x0000000706000000|  0%| F|  |TAMS 0x0000000705c00000| PB 0x0000000705c00000| Untracked 
| 536|0x0000000706000000, 0x0000000706000000, 0x0000000706400000|  0%| F|  |TAMS 0x0000000706000000| PB 0x0000000706000000| Untracked 
| 537|0x0000000706400000, 0x0000000706400000, 0x0000000706800000|  0%| F|  |TAMS 0x0000000706400000| PB 0x0000000706400000| Untracked 
| 538|0x0000000706800000, 0x0000000706800000, 0x0000000706c00000|  0%| F|  |TAMS 0x0000000706800000| PB 0x0000000706800000| Untracked 
| 539|0x0000000706c00000, 0x0000000706c00000, 0x0000000707000000|  0%| F|  |TAMS 0x0000000706c00000| PB 0x0000000706c00000| Untracked 
| 540|0x0000000707000000, 0x0000000707000000, 0x0000000707400000|  0%| F|  |TAMS 0x0000000707000000| PB 0x0000000707000000| Untracked 
| 541|0x0000000707400000, 0x0000000707400000, 0x0000000707800000|  0%| F|  |TAMS 0x0000000707400000| PB 0x0000000707400000| Untracked 
| 542|0x0000000707800000, 0x0000000707800000, 0x0000000707c00000|  0%| F|  |TAMS 0x0000000707800000| PB 0x0000000707800000| Untracked 
| 543|0x0000000707c00000, 0x0000000707c00000, 0x0000000708000000|  0%| F|  |TAMS 0x0000000707c00000| PB 0x0000000707c00000| Untracked 
| 544|0x0000000708000000, 0x0000000708000000, 0x0000000708400000|  0%| F|  |TAMS 0x0000000708000000| PB 0x0000000708000000| Untracked 
| 545|0x0000000708400000, 0x0000000708400000, 0x0000000708800000|  0%| F|  |TAMS 0x0000000708400000| PB 0x0000000708400000| Untracked 
| 546|0x0000000708800000, 0x0000000708800000, 0x0000000708c00000|  0%| F|  |TAMS 0x0000000708800000| PB 0x0000000708800000| Untracked 
| 547|0x0000000708c00000, 0x0000000708c00000, 0x0000000709000000|  0%| F|  |TAMS 0x0000000708c00000| PB 0x0000000708c00000| Untracked 
| 548|0x0000000709000000, 0x0000000709000000, 0x0000000709400000|  0%| F|  |TAMS 0x0000000709000000| PB 0x0000000709000000| Untracked 
| 549|0x0000000709400000, 0x0000000709400000, 0x0000000709800000|  0%| F|  |TAMS 0x0000000709400000| PB 0x0000000709400000| Untracked 
| 550|0x0000000709800000, 0x0000000709800000, 0x0000000709c00000|  0%| F|  |TAMS 0x0000000709800000| PB 0x0000000709800000| Untracked 
| 551|0x0000000709c00000, 0x0000000709c00000, 0x000000070a000000|  0%| F|  |TAMS 0x0000000709c00000| PB 0x0000000709c00000| Untracked 
| 552|0x000000070a000000, 0x000000070a000000, 0x000000070a400000|  0%| F|  |TAMS 0x000000070a000000| PB 0x000000070a000000| Untracked 
| 553|0x000000070a400000, 0x000000070a400000, 0x000000070a800000|  0%| F|  |TAMS 0x000000070a400000| PB 0x000000070a400000| Untracked 
| 554|0x000000070a800000, 0x000000070a800000, 0x000000070ac00000|  0%| F|  |TAMS 0x000000070a800000| PB 0x000000070a800000| Untracked 
| 555|0x000000070ac00000, 0x000000070ac00000, 0x000000070b000000|  0%| F|  |TAMS 0x000000070ac00000| PB 0x000000070ac00000| Untracked 
| 556|0x000000070b000000, 0x000000070b000000, 0x000000070b400000|  0%| F|  |TAMS 0x000000070b000000| PB 0x000000070b000000| Untracked 
| 557|0x000000070b400000, 0x000000070b400000, 0x000000070b800000|  0%| F|  |TAMS 0x000000070b400000| PB 0x000000070b400000| Untracked 
| 558|0x000000070b800000, 0x000000070b800000, 0x000000070bc00000|  0%| F|  |TAMS 0x000000070b800000| PB 0x000000070b800000| Untracked 
| 559|0x000000070bc00000, 0x000000070bc00000, 0x000000070c000000|  0%| F|  |TAMS 0x000000070bc00000| PB 0x000000070bc00000| Untracked 
| 560|0x000000070c000000, 0x000000070c000000, 0x000000070c400000|  0%| F|  |TAMS 0x000000070c000000| PB 0x000000070c000000| Untracked 
| 561|0x000000070c400000, 0x000000070c400000, 0x000000070c800000|  0%| F|  |TAMS 0x000000070c400000| PB 0x000000070c400000| Untracked 
| 562|0x000000070c800000, 0x000000070c800000, 0x000000070cc00000|  0%| F|  |TAMS 0x000000070c800000| PB 0x000000070c800000| Untracked 
| 563|0x000000070cc00000, 0x000000070cc00000, 0x000000070d000000|  0%| F|  |TAMS 0x000000070cc00000| PB 0x000000070cc00000| Untracked 
| 564|0x000000070d000000, 0x000000070d000000, 0x000000070d400000|  0%| F|  |TAMS 0x000000070d000000| PB 0x000000070d000000| Untracked 
| 565|0x000000070d400000, 0x000000070d400000, 0x000000070d800000|  0%| F|  |TAMS 0x000000070d400000| PB 0x000000070d400000| Untracked 
| 566|0x000000070d800000, 0x000000070d800000, 0x000000070dc00000|  0%| F|  |TAMS 0x000000070d800000| PB 0x000000070d800000| Untracked 
| 567|0x000000070dc00000, 0x000000070dc00000, 0x000000070e000000|  0%| F|  |TAMS 0x000000070dc00000| PB 0x000000070dc00000| Untracked 
| 568|0x000000070e000000, 0x000000070e000000, 0x000000070e400000|  0%| F|  |TAMS 0x000000070e000000| PB 0x000000070e000000| Untracked 
| 569|0x000000070e400000, 0x000000070e400000, 0x000000070e800000|  0%| F|  |TAMS 0x000000070e400000| PB 0x000000070e400000| Untracked 
| 570|0x000000070e800000, 0x000000070e800000, 0x000000070ec00000|  0%| F|  |TAMS 0x000000070e800000| PB 0x000000070e800000| Untracked 
| 571|0x000000070ec00000, 0x000000070ec00000, 0x000000070f000000|  0%| F|  |TAMS 0x000000070ec00000| PB 0x000000070ec00000| Untracked 
| 572|0x000000070f000000, 0x000000070f000000, 0x000000070f400000|  0%| F|  |TAMS 0x000000070f000000| PB 0x000000070f000000| Untracked 
| 573|0x000000070f400000, 0x000000070f400000, 0x000000070f800000|  0%| F|  |TAMS 0x000000070f400000| PB 0x000000070f400000| Untracked 
| 574|0x000000070f800000, 0x000000070f800000, 0x000000070fc00000|  0%| F|  |TAMS 0x000000070f800000| PB 0x000000070f800000| Untracked 
| 575|0x000000070fc00000, 0x000000070fc00000, 0x0000000710000000|  0%| F|  |TAMS 0x000000070fc00000| PB 0x000000070fc00000| Untracked 
| 576|0x0000000710000000, 0x0000000710000000, 0x0000000710400000|  0%| F|  |TAMS 0x0000000710000000| PB 0x0000000710000000| Untracked 
| 577|0x0000000710400000, 0x0000000710400000, 0x0000000710800000|  0%| F|  |TAMS 0x0000000710400000| PB 0x0000000710400000| Untracked 
| 578|0x0000000710800000, 0x0000000710800000, 0x0000000710c00000|  0%| F|  |TAMS 0x0000000710800000| PB 0x0000000710800000| Untracked 
| 579|0x0000000710c00000, 0x0000000710c00000, 0x0000000711000000|  0%| F|  |TAMS 0x0000000710c00000| PB 0x0000000710c00000| Untracked 
| 580|0x0000000711000000, 0x0000000711000000, 0x0000000711400000|  0%| F|  |TAMS 0x0000000711000000| PB 0x0000000711000000| Untracked 
| 581|0x0000000711400000, 0x0000000711400000, 0x0000000711800000|  0%| F|  |TAMS 0x0000000711400000| PB 0x0000000711400000| Untracked 
| 582|0x0000000711800000, 0x0000000711800000, 0x0000000711c00000|  0%| F|  |TAMS 0x0000000711800000| PB 0x0000000711800000| Untracked 
| 583|0x0000000711c00000, 0x0000000711c00000, 0x0000000712000000|  0%| F|  |TAMS 0x0000000711c00000| PB 0x0000000711c00000| Untracked 
| 584|0x0000000712000000, 0x0000000712000000, 0x0000000712400000|  0%| F|  |TAMS 0x0000000712000000| PB 0x0000000712000000| Untracked 
| 585|0x0000000712400000, 0x0000000712400000, 0x0000000712800000|  0%| F|  |TAMS 0x0000000712400000| PB 0x0000000712400000| Untracked 
| 586|0x0000000712800000, 0x0000000712800000, 0x0000000712c00000|  0%| F|  |TAMS 0x0000000712800000| PB 0x0000000712800000| Untracked 
| 587|0x0000000712c00000, 0x0000000712c00000, 0x0000000713000000|  0%| F|  |TAMS 0x0000000712c00000| PB 0x0000000712c00000| Untracked 
| 588|0x0000000713000000, 0x0000000713000000, 0x0000000713400000|  0%| F|  |TAMS 0x0000000713000000| PB 0x0000000713000000| Untracked 
| 589|0x0000000713400000, 0x0000000713400000, 0x0000000713800000|  0%| F|  |TAMS 0x0000000713400000| PB 0x0000000713400000| Untracked 
| 590|0x0000000713800000, 0x0000000713800000, 0x0000000713c00000|  0%| F|  |TAMS 0x0000000713800000| PB 0x0000000713800000| Untracked 
| 591|0x0000000713c00000, 0x0000000713c00000, 0x0000000714000000|  0%| F|  |TAMS 0x0000000713c00000| PB 0x0000000713c00000| Untracked 
| 592|0x0000000714000000, 0x0000000714000000, 0x0000000714400000|  0%| F|  |TAMS 0x0000000714000000| PB 0x0000000714000000| Untracked 
| 593|0x0000000714400000, 0x0000000714400000, 0x0000000714800000|  0%| F|  |TAMS 0x0000000714400000| PB 0x0000000714400000| Untracked 
| 594|0x0000000714800000, 0x0000000714800000, 0x0000000714c00000|  0%| F|  |TAMS 0x0000000714800000| PB 0x0000000714800000| Untracked 
| 595|0x0000000714c00000, 0x0000000714c00000, 0x0000000715000000|  0%| F|  |TAMS 0x0000000714c00000| PB 0x0000000714c00000| Untracked 
| 596|0x0000000715000000, 0x0000000715000000, 0x0000000715400000|  0%| F|  |TAMS 0x0000000715000000| PB 0x0000000715000000| Untracked 
| 597|0x0000000715400000, 0x0000000715400000, 0x0000000715800000|  0%| F|  |TAMS 0x0000000715400000| PB 0x0000000715400000| Untracked 
| 598|0x0000000715800000, 0x0000000715800000, 0x0000000715c00000|  0%| F|  |TAMS 0x0000000715800000| PB 0x0000000715800000| Untracked 
| 599|0x0000000715c00000, 0x0000000715c00000, 0x0000000716000000|  0%| F|  |TAMS 0x0000000715c00000| PB 0x0000000715c00000| Untracked 
| 600|0x0000000716000000, 0x0000000716000000, 0x0000000716400000|  0%| F|  |TAMS 0x0000000716000000| PB 0x0000000716000000| Untracked 
| 601|0x0000000716400000, 0x0000000716400000, 0x0000000716800000|  0%| F|  |TAMS 0x0000000716400000| PB 0x0000000716400000| Untracked 
| 602|0x0000000716800000, 0x0000000716800000, 0x0000000716c00000|  0%| F|  |TAMS 0x0000000716800000| PB 0x0000000716800000| Untracked 
| 603|0x0000000716c00000, 0x0000000716c00000, 0x0000000717000000|  0%| F|  |TAMS 0x0000000716c00000| PB 0x0000000716c00000| Untracked 
| 604|0x0000000717000000, 0x0000000717000000, 0x0000000717400000|  0%| F|  |TAMS 0x0000000717000000| PB 0x0000000717000000| Untracked 
| 605|0x0000000717400000, 0x0000000717400000, 0x0000000717800000|  0%| F|  |TAMS 0x0000000717400000| PB 0x0000000717400000| Untracked 
| 606|0x0000000717800000, 0x0000000717800000, 0x0000000717c00000|  0%| F|  |TAMS 0x0000000717800000| PB 0x0000000717800000| Untracked 
| 607|0x0000000717c00000, 0x0000000717c00000, 0x0000000718000000|  0%| F|  |TAMS 0x0000000717c00000| PB 0x0000000717c00000| Untracked 
| 608|0x0000000718000000, 0x0000000718000000, 0x0000000718400000|  0%| F|  |TAMS 0x0000000718000000| PB 0x0000000718000000| Untracked 
| 609|0x0000000718400000, 0x0000000718400000, 0x0000000718800000|  0%| F|  |TAMS 0x0000000718400000| PB 0x0000000718400000| Untracked 
| 610|0x0000000718800000, 0x0000000718800000, 0x0000000718c00000|  0%| F|  |TAMS 0x0000000718800000| PB 0x0000000718800000| Untracked 
| 611|0x0000000718c00000, 0x0000000718c00000, 0x0000000719000000|  0%| F|  |TAMS 0x0000000718c00000| PB 0x0000000718c00000| Untracked 
| 612|0x0000000719000000, 0x0000000719000000, 0x0000000719400000|  0%| F|  |TAMS 0x0000000719000000| PB 0x0000000719000000| Untracked 
| 613|0x0000000719400000, 0x0000000719400000, 0x0000000719800000|  0%| F|  |TAMS 0x0000000719400000| PB 0x0000000719400000| Untracked 
| 614|0x0000000719800000, 0x0000000719800000, 0x0000000719c00000|  0%| F|  |TAMS 0x0000000719800000| PB 0x0000000719800000| Untracked 
| 615|0x0000000719c00000, 0x0000000719c00000, 0x000000071a000000|  0%| F|  |TAMS 0x0000000719c00000| PB 0x0000000719c00000| Untracked 
| 616|0x000000071a000000, 0x000000071a000000, 0x000000071a400000|  0%| F|  |TAMS 0x000000071a000000| PB 0x000000071a000000| Untracked 
| 617|0x000000071a400000, 0x000000071a400000, 0x000000071a800000|  0%| F|  |TAMS 0x000000071a400000| PB 0x000000071a400000| Untracked 
| 618|0x000000071a800000, 0x000000071a800000, 0x000000071ac00000|  0%| F|  |TAMS 0x000000071a800000| PB 0x000000071a800000| Untracked 
| 619|0x000000071ac00000, 0x000000071ac00000, 0x000000071b000000|  0%| F|  |TAMS 0x000000071ac00000| PB 0x000000071ac00000| Untracked 
| 620|0x000000071b000000, 0x000000071b000000, 0x000000071b400000|  0%| F|  |TAMS 0x000000071b000000| PB 0x000000071b000000| Untracked 
| 621|0x000000071b400000, 0x000000071b400000, 0x000000071b800000|  0%| F|  |TAMS 0x000000071b400000| PB 0x000000071b400000| Untracked 
| 622|0x000000071b800000, 0x000000071b800000, 0x000000071bc00000|  0%| F|  |TAMS 0x000000071b800000| PB 0x000000071b800000| Untracked 
| 623|0x000000071bc00000, 0x000000071bc00000, 0x000000071c000000|  0%| F|  |TAMS 0x000000071bc00000| PB 0x000000071bc00000| Untracked 
| 624|0x000000071c000000, 0x000000071c000000, 0x000000071c400000|  0%| F|  |TAMS 0x000000071c000000| PB 0x000000071c000000| Untracked 
| 625|0x000000071c400000, 0x000000071c400000, 0x000000071c800000|  0%| F|  |TAMS 0x000000071c400000| PB 0x000000071c400000| Untracked 
| 626|0x000000071c800000, 0x000000071c800000, 0x000000071cc00000|  0%| F|  |TAMS 0x000000071c800000| PB 0x000000071c800000| Untracked 
| 627|0x000000071cc00000, 0x000000071cc00000, 0x000000071d000000|  0%| F|  |TAMS 0x000000071cc00000| PB 0x000000071cc00000| Untracked 
| 628|0x000000071d000000, 0x000000071d000000, 0x000000071d400000|  0%| F|  |TAMS 0x000000071d000000| PB 0x000000071d000000| Untracked 
| 629|0x000000071d400000, 0x000000071d400000, 0x000000071d800000|  0%| F|  |TAMS 0x000000071d400000| PB 0x000000071d400000| Untracked 
| 630|0x000000071d800000, 0x000000071d800000, 0x000000071dc00000|  0%| F|  |TAMS 0x000000071d800000| PB 0x000000071d800000| Untracked 
| 631|0x000000071dc00000, 0x000000071dc00000, 0x000000071e000000|  0%| F|  |TAMS 0x000000071dc00000| PB 0x000000071dc00000| Untracked 
| 632|0x000000071e000000, 0x000000071e000000, 0x000000071e400000|  0%| F|  |TAMS 0x000000071e000000| PB 0x000000071e000000| Untracked 
| 633|0x000000071e400000, 0x000000071e400000, 0x000000071e800000|  0%| F|  |TAMS 0x000000071e400000| PB 0x000000071e400000| Untracked 
| 634|0x000000071e800000, 0x000000071e800000, 0x000000071ec00000|  0%| F|  |TAMS 0x000000071e800000| PB 0x000000071e800000| Untracked 
| 635|0x000000071ec00000, 0x000000071ec00000, 0x000000071f000000|  0%| F|  |TAMS 0x000000071ec00000| PB 0x000000071ec00000| Untracked 
| 636|0x000000071f000000, 0x000000071f000000, 0x000000071f400000|  0%| F|  |TAMS 0x000000071f000000| PB 0x000000071f000000| Untracked 
| 637|0x000000071f400000, 0x000000071f400000, 0x000000071f800000|  0%| F|  |TAMS 0x000000071f400000| PB 0x000000071f400000| Untracked 
| 638|0x000000071f800000, 0x000000071f800000, 0x000000071fc00000|  0%| F|  |TAMS 0x000000071f800000| PB 0x000000071f800000| Untracked 
| 639|0x000000071fc00000, 0x000000071fc00000, 0x0000000720000000|  0%| F|  |TAMS 0x000000071fc00000| PB 0x000000071fc00000| Untracked 
| 640|0x0000000720000000, 0x0000000720000000, 0x0000000720400000|  0%| F|  |TAMS 0x0000000720000000| PB 0x0000000720000000| Untracked 
| 641|0x0000000720400000, 0x0000000720400000, 0x0000000720800000|  0%| F|  |TAMS 0x0000000720400000| PB 0x0000000720400000| Untracked 
| 642|0x0000000720800000, 0x0000000720800000, 0x0000000720c00000|  0%| F|  |TAMS 0x0000000720800000| PB 0x0000000720800000| Untracked 
| 643|0x0000000720c00000, 0x0000000720c00000, 0x0000000721000000|  0%| F|  |TAMS 0x0000000720c00000| PB 0x0000000720c00000| Untracked 
| 644|0x0000000721000000, 0x0000000721000000, 0x0000000721400000|  0%| F|  |TAMS 0x0000000721000000| PB 0x0000000721000000| Untracked 
| 645|0x0000000721400000, 0x0000000721400000, 0x0000000721800000|  0%| F|  |TAMS 0x0000000721400000| PB 0x0000000721400000| Untracked 
| 646|0x0000000721800000, 0x0000000721800000, 0x0000000721c00000|  0%| F|  |TAMS 0x0000000721800000| PB 0x0000000721800000| Untracked 
| 647|0x0000000721c00000, 0x0000000721c00000, 0x0000000722000000|  0%| F|  |TAMS 0x0000000721c00000| PB 0x0000000721c00000| Untracked 
| 648|0x0000000722000000, 0x0000000722000000, 0x0000000722400000|  0%| F|  |TAMS 0x0000000722000000| PB 0x0000000722000000| Untracked 
| 649|0x0000000722400000, 0x0000000722400000, 0x0000000722800000|  0%| F|  |TAMS 0x0000000722400000| PB 0x0000000722400000| Untracked 
| 650|0x0000000722800000, 0x0000000722800000, 0x0000000722c00000|  0%| F|  |TAMS 0x0000000722800000| PB 0x0000000722800000| Untracked 
| 651|0x0000000722c00000, 0x0000000722c00000, 0x0000000723000000|  0%| F|  |TAMS 0x0000000722c00000| PB 0x0000000722c00000| Untracked 
| 652|0x0000000723000000, 0x0000000723000000, 0x0000000723400000|  0%| F|  |TAMS 0x0000000723000000| PB 0x0000000723000000| Untracked 
| 653|0x0000000723400000, 0x0000000723400000, 0x0000000723800000|  0%| F|  |TAMS 0x0000000723400000| PB 0x0000000723400000| Untracked 
| 654|0x0000000723800000, 0x0000000723800000, 0x0000000723c00000|  0%| F|  |TAMS 0x0000000723800000| PB 0x0000000723800000| Untracked 
| 655|0x0000000723c00000, 0x0000000723c00000, 0x0000000724000000|  0%| F|  |TAMS 0x0000000723c00000| PB 0x0000000723c00000| Untracked 
| 656|0x0000000724000000, 0x0000000724000000, 0x0000000724400000|  0%| F|  |TAMS 0x0000000724000000| PB 0x0000000724000000| Untracked 
| 657|0x0000000724400000, 0x0000000724400000, 0x0000000724800000|  0%| F|  |TAMS 0x0000000724400000| PB 0x0000000724400000| Untracked 
| 658|0x0000000724800000, 0x0000000724800000, 0x0000000724c00000|  0%| F|  |TAMS 0x0000000724800000| PB 0x0000000724800000| Untracked 
| 659|0x0000000724c00000, 0x0000000724c00000, 0x0000000725000000|  0%| F|  |TAMS 0x0000000724c00000| PB 0x0000000724c00000| Untracked 
| 660|0x0000000725000000, 0x0000000725000000, 0x0000000725400000|  0%| F|  |TAMS 0x0000000725000000| PB 0x0000000725000000| Untracked 
| 661|0x0000000725400000, 0x0000000725400000, 0x0000000725800000|  0%| F|  |TAMS 0x0000000725400000| PB 0x0000000725400000| Untracked 
| 662|0x0000000725800000, 0x0000000725800000, 0x0000000725c00000|  0%| F|  |TAMS 0x0000000725800000| PB 0x0000000725800000| Untracked 
| 663|0x0000000725c00000, 0x0000000725c00000, 0x0000000726000000|  0%| F|  |TAMS 0x0000000725c00000| PB 0x0000000725c00000| Untracked 
| 664|0x0000000726000000, 0x0000000726000000, 0x0000000726400000|  0%| F|  |TAMS 0x0000000726000000| PB 0x0000000726000000| Untracked 
| 665|0x0000000726400000, 0x0000000726400000, 0x0000000726800000|  0%| F|  |TAMS 0x0000000726400000| PB 0x0000000726400000| Untracked 
| 666|0x0000000726800000, 0x0000000726800000, 0x0000000726c00000|  0%| F|  |TAMS 0x0000000726800000| PB 0x0000000726800000| Untracked 
| 667|0x0000000726c00000, 0x0000000726c00000, 0x0000000727000000|  0%| F|  |TAMS 0x0000000726c00000| PB 0x0000000726c00000| Untracked 
| 668|0x0000000727000000, 0x0000000727000000, 0x0000000727400000|  0%| F|  |TAMS 0x0000000727000000| PB 0x0000000727000000| Untracked 
| 669|0x0000000727400000, 0x0000000727400000, 0x0000000727800000|  0%| F|  |TAMS 0x0000000727400000| PB 0x0000000727400000| Untracked 
| 670|0x0000000727800000, 0x0000000727800000, 0x0000000727c00000|  0%| F|  |TAMS 0x0000000727800000| PB 0x0000000727800000| Untracked 
| 671|0x0000000727c00000, 0x0000000727c00000, 0x0000000728000000|  0%| F|  |TAMS 0x0000000727c00000| PB 0x0000000727c00000| Untracked 
| 672|0x0000000728000000, 0x0000000728000000, 0x0000000728400000|  0%| F|  |TAMS 0x0000000728000000| PB 0x0000000728000000| Untracked 
| 673|0x0000000728400000, 0x0000000728400000, 0x0000000728800000|  0%| F|  |TAMS 0x0000000728400000| PB 0x0000000728400000| Untracked 
| 674|0x0000000728800000, 0x0000000728800000, 0x0000000728c00000|  0%| F|  |TAMS 0x0000000728800000| PB 0x0000000728800000| Untracked 
| 675|0x0000000728c00000, 0x0000000728c00000, 0x0000000729000000|  0%| F|  |TAMS 0x0000000728c00000| PB 0x0000000728c00000| Untracked 
| 676|0x0000000729000000, 0x0000000729000000, 0x0000000729400000|  0%| F|  |TAMS 0x0000000729000000| PB 0x0000000729000000| Untracked 
| 677|0x0000000729400000, 0x0000000729400000, 0x0000000729800000|  0%| F|  |TAMS 0x0000000729400000| PB 0x0000000729400000| Untracked 
| 678|0x0000000729800000, 0x0000000729800000, 0x0000000729c00000|  0%| F|  |TAMS 0x0000000729800000| PB 0x0000000729800000| Untracked 
| 679|0x0000000729c00000, 0x0000000729c00000, 0x000000072a000000|  0%| F|  |TAMS 0x0000000729c00000| PB 0x0000000729c00000| Untracked 
| 680|0x000000072a000000, 0x000000072a000000, 0x000000072a400000|  0%| F|  |TAMS 0x000000072a000000| PB 0x000000072a000000| Untracked 
| 681|0x000000072a400000, 0x000000072a400000, 0x000000072a800000|  0%| F|  |TAMS 0x000000072a400000| PB 0x000000072a400000| Untracked 
| 682|0x000000072a800000, 0x000000072a800000, 0x000000072ac00000|  0%| F|  |TAMS 0x000000072a800000| PB 0x000000072a800000| Untracked 
| 683|0x000000072ac00000, 0x000000072ac00000, 0x000000072b000000|  0%| F|  |TAMS 0x000000072ac00000| PB 0x000000072ac00000| Untracked 
| 684|0x000000072b000000, 0x000000072b000000, 0x000000072b400000|  0%| F|  |TAMS 0x000000072b000000| PB 0x000000072b000000| Untracked 
| 685|0x000000072b400000, 0x000000072b400000, 0x000000072b800000|  0%| F|  |TAMS 0x000000072b400000| PB 0x000000072b400000| Untracked 
| 686|0x000000072b800000, 0x000000072b800000, 0x000000072bc00000|  0%| F|  |TAMS 0x000000072b800000| PB 0x000000072b800000| Untracked 
| 687|0x000000072bc00000, 0x000000072bc00000, 0x000000072c000000|  0%| F|  |TAMS 0x000000072bc00000| PB 0x000000072bc00000| Untracked 
| 688|0x000000072c000000, 0x000000072c000000, 0x000000072c400000|  0%| F|  |TAMS 0x000000072c000000| PB 0x000000072c000000| Untracked 
| 689|0x000000072c400000, 0x000000072c400000, 0x000000072c800000|  0%| F|  |TAMS 0x000000072c400000| PB 0x000000072c400000| Untracked 
| 690|0x000000072c800000, 0x000000072c800000, 0x000000072cc00000|  0%| F|  |TAMS 0x000000072c800000| PB 0x000000072c800000| Untracked 
| 691|0x000000072cc00000, 0x000000072cc00000, 0x000000072d000000|  0%| F|  |TAMS 0x000000072cc00000| PB 0x000000072cc00000| Untracked 
| 692|0x000000072d000000, 0x000000072d000000, 0x000000072d400000|  0%| F|  |TAMS 0x000000072d000000| PB 0x000000072d000000| Untracked 
| 693|0x000000072d400000, 0x000000072d400000, 0x000000072d800000|  0%| F|  |TAMS 0x000000072d400000| PB 0x000000072d400000| Untracked 
| 694|0x000000072d800000, 0x000000072d800000, 0x000000072dc00000|  0%| F|  |TAMS 0x000000072d800000| PB 0x000000072d800000| Untracked 
| 695|0x000000072dc00000, 0x000000072dc00000, 0x000000072e000000|  0%| F|  |TAMS 0x000000072dc00000| PB 0x000000072dc00000| Untracked 
| 696|0x000000072e000000, 0x000000072e000000, 0x000000072e400000|  0%| F|  |TAMS 0x000000072e000000| PB 0x000000072e000000| Untracked 
| 697|0x000000072e400000, 0x000000072e400000, 0x000000072e800000|  0%| F|  |TAMS 0x000000072e400000| PB 0x000000072e400000| Untracked 
| 698|0x000000072e800000, 0x000000072e800000, 0x000000072ec00000|  0%| F|  |TAMS 0x000000072e800000| PB 0x000000072e800000| Untracked 
| 699|0x000000072ec00000, 0x000000072ec00000, 0x000000072f000000|  0%| F|  |TAMS 0x000000072ec00000| PB 0x000000072ec00000| Untracked 
| 700|0x000000072f000000, 0x000000072f000000, 0x000000072f400000|  0%| F|  |TAMS 0x000000072f000000| PB 0x000000072f000000| Untracked 
| 701|0x000000072f400000, 0x000000072f400000, 0x000000072f800000|  0%| F|  |TAMS 0x000000072f400000| PB 0x000000072f400000| Untracked 
| 702|0x000000072f800000, 0x000000072f800000, 0x000000072fc00000|  0%| F|  |TAMS 0x000000072f800000| PB 0x000000072f800000| Untracked 
| 703|0x000000072fc00000, 0x000000072fc00000, 0x0000000730000000|  0%| F|  |TAMS 0x000000072fc00000| PB 0x000000072fc00000| Untracked 
| 704|0x0000000730000000, 0x0000000730000000, 0x0000000730400000|  0%| F|  |TAMS 0x0000000730000000| PB 0x0000000730000000| Untracked 
| 705|0x0000000730400000, 0x0000000730400000, 0x0000000730800000|  0%| F|  |TAMS 0x0000000730400000| PB 0x0000000730400000| Untracked 
| 706|0x0000000730800000, 0x0000000730800000, 0x0000000730c00000|  0%| F|  |TAMS 0x0000000730800000| PB 0x0000000730800000| Untracked 
| 707|0x0000000730c00000, 0x0000000730c00000, 0x0000000731000000|  0%| F|  |TAMS 0x0000000730c00000| PB 0x0000000730c00000| Untracked 
| 708|0x0000000731000000, 0x0000000731000000, 0x0000000731400000|  0%| F|  |TAMS 0x0000000731000000| PB 0x0000000731000000| Untracked 
| 709|0x0000000731400000, 0x0000000731400000, 0x0000000731800000|  0%| F|  |TAMS 0x0000000731400000| PB 0x0000000731400000| Untracked 
| 710|0x0000000731800000, 0x0000000731800000, 0x0000000731c00000|  0%| F|  |TAMS 0x0000000731800000| PB 0x0000000731800000| Untracked 
| 711|0x0000000731c00000, 0x0000000731c00000, 0x0000000732000000|  0%| F|  |TAMS 0x0000000731c00000| PB 0x0000000731c00000| Untracked 
| 712|0x0000000732000000, 0x0000000732000000, 0x0000000732400000|  0%| F|  |TAMS 0x0000000732000000| PB 0x0000000732000000| Untracked 
| 713|0x0000000732400000, 0x0000000732400000, 0x0000000732800000|  0%| F|  |TAMS 0x0000000732400000| PB 0x0000000732400000| Untracked 
| 714|0x0000000732800000, 0x0000000732800000, 0x0000000732c00000|  0%| F|  |TAMS 0x0000000732800000| PB 0x0000000732800000| Untracked 
| 715|0x0000000732c00000, 0x0000000732c00000, 0x0000000733000000|  0%| F|  |TAMS 0x0000000732c00000| PB 0x0000000732c00000| Untracked 
| 716|0x0000000733000000, 0x0000000733000000, 0x0000000733400000|  0%| F|  |TAMS 0x0000000733000000| PB 0x0000000733000000| Untracked 
| 717|0x0000000733400000, 0x0000000733400000, 0x0000000733800000|  0%| F|  |TAMS 0x0000000733400000| PB 0x0000000733400000| Untracked 
| 718|0x0000000733800000, 0x0000000733800000, 0x0000000733c00000|  0%| F|  |TAMS 0x0000000733800000| PB 0x0000000733800000| Untracked 
| 719|0x0000000733c00000, 0x0000000733c00000, 0x0000000734000000|  0%| F|  |TAMS 0x0000000733c00000| PB 0x0000000733c00000| Untracked 
| 720|0x0000000734000000, 0x0000000734000000, 0x0000000734400000|  0%| F|  |TAMS 0x0000000734000000| PB 0x0000000734000000| Untracked 
| 721|0x0000000734400000, 0x0000000734400000, 0x0000000734800000|  0%| F|  |TAMS 0x0000000734400000| PB 0x0000000734400000| Untracked 
| 722|0x0000000734800000, 0x0000000734800000, 0x0000000734c00000|  0%| F|  |TAMS 0x0000000734800000| PB 0x0000000734800000| Untracked 
| 723|0x0000000734c00000, 0x0000000734c00000, 0x0000000735000000|  0%| F|  |TAMS 0x0000000734c00000| PB 0x0000000734c00000| Untracked 
| 724|0x0000000735000000, 0x0000000735000000, 0x0000000735400000|  0%| F|  |TAMS 0x0000000735000000| PB 0x0000000735000000| Untracked 
| 725|0x0000000735400000, 0x0000000735400000, 0x0000000735800000|  0%| F|  |TAMS 0x0000000735400000| PB 0x0000000735400000| Untracked 
| 726|0x0000000735800000, 0x0000000735800000, 0x0000000735c00000|  0%| F|  |TAMS 0x0000000735800000| PB 0x0000000735800000| Untracked 
| 727|0x0000000735c00000, 0x0000000735c00000, 0x0000000736000000|  0%| F|  |TAMS 0x0000000735c00000| PB 0x0000000735c00000| Untracked 
| 728|0x0000000736000000, 0x0000000736000000, 0x0000000736400000|  0%| F|  |TAMS 0x0000000736000000| PB 0x0000000736000000| Untracked 
| 729|0x0000000736400000, 0x0000000736400000, 0x0000000736800000|  0%| F|  |TAMS 0x0000000736400000| PB 0x0000000736400000| Untracked 
| 730|0x0000000736800000, 0x0000000736800000, 0x0000000736c00000|  0%| F|  |TAMS 0x0000000736800000| PB 0x0000000736800000| Untracked 
| 731|0x0000000736c00000, 0x0000000736c00000, 0x0000000737000000|  0%| F|  |TAMS 0x0000000736c00000| PB 0x0000000736c00000| Untracked 
| 732|0x0000000737000000, 0x0000000737000000, 0x0000000737400000|  0%| F|  |TAMS 0x0000000737000000| PB 0x0000000737000000| Untracked 
| 733|0x0000000737400000, 0x0000000737400000, 0x0000000737800000|  0%| F|  |TAMS 0x0000000737400000| PB 0x0000000737400000| Untracked 
| 734|0x0000000737800000, 0x0000000737800000, 0x0000000737c00000|  0%| F|  |TAMS 0x0000000737800000| PB 0x0000000737800000| Untracked 
| 735|0x0000000737c00000, 0x0000000737c00000, 0x0000000738000000|  0%| F|  |TAMS 0x0000000737c00000| PB 0x0000000737c00000| Untracked 
| 736|0x0000000738000000, 0x0000000738000000, 0x0000000738400000|  0%| F|  |TAMS 0x0000000738000000| PB 0x0000000738000000| Untracked 
| 737|0x0000000738400000, 0x0000000738400000, 0x0000000738800000|  0%| F|  |TAMS 0x0000000738400000| PB 0x0000000738400000| Untracked 
| 738|0x0000000738800000, 0x0000000738800000, 0x0000000738c00000|  0%| F|  |TAMS 0x0000000738800000| PB 0x0000000738800000| Untracked 
| 739|0x0000000738c00000, 0x0000000738c00000, 0x0000000739000000|  0%| F|  |TAMS 0x0000000738c00000| PB 0x0000000738c00000| Untracked 
| 740|0x0000000739000000, 0x0000000739000000, 0x0000000739400000|  0%| F|  |TAMS 0x0000000739000000| PB 0x0000000739000000| Untracked 
| 741|0x0000000739400000, 0x0000000739400000, 0x0000000739800000|  0%| F|  |TAMS 0x0000000739400000| PB 0x0000000739400000| Untracked 
| 742|0x0000000739800000, 0x0000000739800000, 0x0000000739c00000|  0%| F|  |TAMS 0x0000000739800000| PB 0x0000000739800000| Untracked 
| 743|0x0000000739c00000, 0x0000000739c00000, 0x000000073a000000|  0%| F|  |TAMS 0x0000000739c00000| PB 0x0000000739c00000| Untracked 
| 744|0x000000073a000000, 0x000000073a000000, 0x000000073a400000|  0%| F|  |TAMS 0x000000073a000000| PB 0x000000073a000000| Untracked 
| 745|0x000000073a400000, 0x000000073a400000, 0x000000073a800000|  0%| F|  |TAMS 0x000000073a400000| PB 0x000000073a400000| Untracked 
| 746|0x000000073a800000, 0x000000073a800000, 0x000000073ac00000|  0%| F|  |TAMS 0x000000073a800000| PB 0x000000073a800000| Untracked 
| 747|0x000000073ac00000, 0x000000073ac00000, 0x000000073b000000|  0%| F|  |TAMS 0x000000073ac00000| PB 0x000000073ac00000| Untracked 
| 748|0x000000073b000000, 0x000000073b000000, 0x000000073b400000|  0%| F|  |TAMS 0x000000073b000000| PB 0x000000073b000000| Untracked 
| 749|0x000000073b400000, 0x000000073b400000, 0x000000073b800000|  0%| F|  |TAMS 0x000000073b400000| PB 0x000000073b400000| Untracked 
| 750|0x000000073b800000, 0x000000073b800000, 0x000000073bc00000|  0%| F|  |TAMS 0x000000073b800000| PB 0x000000073b800000| Untracked 
| 751|0x000000073bc00000, 0x000000073bc00000, 0x000000073c000000|  0%| F|  |TAMS 0x000000073bc00000| PB 0x000000073bc00000| Untracked 
| 752|0x000000073c000000, 0x000000073c000000, 0x000000073c400000|  0%| F|  |TAMS 0x000000073c000000| PB 0x000000073c000000| Untracked 
| 753|0x000000073c400000, 0x000000073c400000, 0x000000073c800000|  0%| F|  |TAMS 0x000000073c400000| PB 0x000000073c400000| Untracked 
| 754|0x000000073c800000, 0x000000073c800000, 0x000000073cc00000|  0%| F|  |TAMS 0x000000073c800000| PB 0x000000073c800000| Untracked 
| 755|0x000000073cc00000, 0x000000073cc00000, 0x000000073d000000|  0%| F|  |TAMS 0x000000073cc00000| PB 0x000000073cc00000| Untracked 
| 756|0x000000073d000000, 0x000000073d000000, 0x000000073d400000|  0%| F|  |TAMS 0x000000073d000000| PB 0x000000073d000000| Untracked 
| 757|0x000000073d400000, 0x000000073d400000, 0x000000073d800000|  0%| F|  |TAMS 0x000000073d400000| PB 0x000000073d400000| Untracked 
| 758|0x000000073d800000, 0x000000073d800000, 0x000000073dc00000|  0%| F|  |TAMS 0x000000073d800000| PB 0x000000073d800000| Untracked 
| 759|0x000000073dc00000, 0x000000073dc00000, 0x000000073e000000|  0%| F|  |TAMS 0x000000073dc00000| PB 0x000000073dc00000| Untracked 
| 760|0x000000073e000000, 0x000000073e000000, 0x000000073e400000|  0%| F|  |TAMS 0x000000073e000000| PB 0x000000073e000000| Untracked 
| 761|0x000000073e400000, 0x000000073e400000, 0x000000073e800000|  0%| F|  |TAMS 0x000000073e400000| PB 0x000000073e400000| Untracked 
| 762|0x000000073e800000, 0x000000073e800000, 0x000000073ec00000|  0%| F|  |TAMS 0x000000073e800000| PB 0x000000073e800000| Untracked 
| 763|0x000000073ec00000, 0x000000073ec00000, 0x000000073f000000|  0%| F|  |TAMS 0x000000073ec00000| PB 0x000000073ec00000| Untracked 
| 764|0x000000073f000000, 0x000000073f000000, 0x000000073f400000|  0%| F|  |TAMS 0x000000073f000000| PB 0x000000073f000000| Untracked 
| 765|0x000000073f400000, 0x000000073f400000, 0x000000073f800000|  0%| F|  |TAMS 0x000000073f400000| PB 0x000000073f400000| Untracked 
| 766|0x000000073f800000, 0x000000073f800000, 0x000000073fc00000|  0%| F|  |TAMS 0x000000073f800000| PB 0x000000073f800000| Untracked 
| 767|0x000000073fc00000, 0x000000073fc00000, 0x0000000740000000|  0%| F|  |TAMS 0x000000073fc00000| PB 0x000000073fc00000| Untracked 
| 768|0x0000000740000000, 0x0000000740000000, 0x0000000740400000|  0%| F|  |TAMS 0x0000000740000000| PB 0x0000000740000000| Untracked 
| 769|0x0000000740400000, 0x0000000740400000, 0x0000000740800000|  0%| F|  |TAMS 0x0000000740400000| PB 0x0000000740400000| Untracked 
| 770|0x0000000740800000, 0x0000000740800000, 0x0000000740c00000|  0%| F|  |TAMS 0x0000000740800000| PB 0x0000000740800000| Untracked 
| 771|0x0000000740c00000, 0x0000000740c00000, 0x0000000741000000|  0%| F|  |TAMS 0x0000000740c00000| PB 0x0000000740c00000| Untracked 
| 772|0x0000000741000000, 0x0000000741000000, 0x0000000741400000|  0%| F|  |TAMS 0x0000000741000000| PB 0x0000000741000000| Untracked 
| 773|0x0000000741400000, 0x0000000741400000, 0x0000000741800000|  0%| F|  |TAMS 0x0000000741400000| PB 0x0000000741400000| Untracked 
| 774|0x0000000741800000, 0x0000000741800000, 0x0000000741c00000|  0%| F|  |TAMS 0x0000000741800000| PB 0x0000000741800000| Untracked 
| 775|0x0000000741c00000, 0x0000000741c00000, 0x0000000742000000|  0%| F|  |TAMS 0x0000000741c00000| PB 0x0000000741c00000| Untracked 
| 776|0x0000000742000000, 0x0000000742000000, 0x0000000742400000|  0%| F|  |TAMS 0x0000000742000000| PB 0x0000000742000000| Untracked 
| 777|0x0000000742400000, 0x0000000742400000, 0x0000000742800000|  0%| F|  |TAMS 0x0000000742400000| PB 0x0000000742400000| Untracked 
| 778|0x0000000742800000, 0x0000000742800000, 0x0000000742c00000|  0%| F|  |TAMS 0x0000000742800000| PB 0x0000000742800000| Untracked 
| 779|0x0000000742c00000, 0x0000000742c00000, 0x0000000743000000|  0%| F|  |TAMS 0x0000000742c00000| PB 0x0000000742c00000| Untracked 
| 780|0x0000000743000000, 0x0000000743000000, 0x0000000743400000|  0%| F|  |TAMS 0x0000000743000000| PB 0x0000000743000000| Untracked 
| 781|0x0000000743400000, 0x0000000743400000, 0x0000000743800000|  0%| F|  |TAMS 0x0000000743400000| PB 0x0000000743400000| Untracked 
| 782|0x0000000743800000, 0x0000000743800000, 0x0000000743c00000|  0%| F|  |TAMS 0x0000000743800000| PB 0x0000000743800000| Untracked 
| 783|0x0000000743c00000, 0x0000000743c00000, 0x0000000744000000|  0%| F|  |TAMS 0x0000000743c00000| PB 0x0000000743c00000| Untracked 
| 784|0x0000000744000000, 0x0000000744000000, 0x0000000744400000|  0%| F|  |TAMS 0x0000000744000000| PB 0x0000000744000000| Untracked 
| 785|0x0000000744400000, 0x0000000744400000, 0x0000000744800000|  0%| F|  |TAMS 0x0000000744400000| PB 0x0000000744400000| Untracked 
| 786|0x0000000744800000, 0x0000000744800000, 0x0000000744c00000|  0%| F|  |TAMS 0x0000000744800000| PB 0x0000000744800000| Untracked 
| 787|0x0000000744c00000, 0x0000000744c00000, 0x0000000745000000|  0%| F|  |TAMS 0x0000000744c00000| PB 0x0000000744c00000| Untracked 
| 788|0x0000000745000000, 0x0000000745000000, 0x0000000745400000|  0%| F|  |TAMS 0x0000000745000000| PB 0x0000000745000000| Untracked 
| 789|0x0000000745400000, 0x0000000745400000, 0x0000000745800000|  0%| F|  |TAMS 0x0000000745400000| PB 0x0000000745400000| Untracked 
| 790|0x0000000745800000, 0x0000000745800000, 0x0000000745c00000|  0%| F|  |TAMS 0x0000000745800000| PB 0x0000000745800000| Untracked 
| 791|0x0000000745c00000, 0x0000000745c00000, 0x0000000746000000|  0%| F|  |TAMS 0x0000000745c00000| PB 0x0000000745c00000| Untracked 
| 792|0x0000000746000000, 0x0000000746000000, 0x0000000746400000|  0%| F|  |TAMS 0x0000000746000000| PB 0x0000000746000000| Untracked 
| 793|0x0000000746400000, 0x0000000746400000, 0x0000000746800000|  0%| F|  |TAMS 0x0000000746400000| PB 0x0000000746400000| Untracked 
| 794|0x0000000746800000, 0x0000000746800000, 0x0000000746c00000|  0%| F|  |TAMS 0x0000000746800000| PB 0x0000000746800000| Untracked 
| 795|0x0000000746c00000, 0x0000000746c00000, 0x0000000747000000|  0%| F|  |TAMS 0x0000000746c00000| PB 0x0000000746c00000| Untracked 
| 796|0x0000000747000000, 0x0000000747000000, 0x0000000747400000|  0%| F|  |TAMS 0x0000000747000000| PB 0x0000000747000000| Untracked 
| 797|0x0000000747400000, 0x0000000747400000, 0x0000000747800000|  0%| F|  |TAMS 0x0000000747400000| PB 0x0000000747400000| Untracked 
| 798|0x0000000747800000, 0x0000000747800000, 0x0000000747c00000|  0%| F|  |TAMS 0x0000000747800000| PB 0x0000000747800000| Untracked 
| 799|0x0000000747c00000, 0x0000000747c00000, 0x0000000748000000|  0%| F|  |TAMS 0x0000000747c00000| PB 0x0000000747c00000| Untracked 
| 800|0x0000000748000000, 0x0000000748000000, 0x0000000748400000|  0%| F|  |TAMS 0x0000000748000000| PB 0x0000000748000000| Untracked 
| 801|0x0000000748400000, 0x0000000748400000, 0x0000000748800000|  0%| F|  |TAMS 0x0000000748400000| PB 0x0000000748400000| Untracked 
| 802|0x0000000748800000, 0x0000000748800000, 0x0000000748c00000|  0%| F|  |TAMS 0x0000000748800000| PB 0x0000000748800000| Untracked 
| 803|0x0000000748c00000, 0x0000000748c00000, 0x0000000749000000|  0%| F|  |TAMS 0x0000000748c00000| PB 0x0000000748c00000| Untracked 
| 804|0x0000000749000000, 0x0000000749000000, 0x0000000749400000|  0%| F|  |TAMS 0x0000000749000000| PB 0x0000000749000000| Untracked 
| 805|0x0000000749400000, 0x0000000749400000, 0x0000000749800000|  0%| F|  |TAMS 0x0000000749400000| PB 0x0000000749400000| Untracked 
| 806|0x0000000749800000, 0x0000000749800000, 0x0000000749c00000|  0%| F|  |TAMS 0x0000000749800000| PB 0x0000000749800000| Untracked 
| 807|0x0000000749c00000, 0x0000000749c00000, 0x000000074a000000|  0%| F|  |TAMS 0x0000000749c00000| PB 0x0000000749c00000| Untracked 
| 808|0x000000074a000000, 0x000000074a000000, 0x000000074a400000|  0%| F|  |TAMS 0x000000074a000000| PB 0x000000074a000000| Untracked 
| 809|0x000000074a400000, 0x000000074a400000, 0x000000074a800000|  0%| F|  |TAMS 0x000000074a400000| PB 0x000000074a400000| Untracked 
| 810|0x000000074a800000, 0x000000074a800000, 0x000000074ac00000|  0%| F|  |TAMS 0x000000074a800000| PB 0x000000074a800000| Untracked 
| 811|0x000000074ac00000, 0x000000074ac00000, 0x000000074b000000|  0%| F|  |TAMS 0x000000074ac00000| PB 0x000000074ac00000| Untracked 
| 812|0x000000074b000000, 0x000000074b000000, 0x000000074b400000|  0%| F|  |TAMS 0x000000074b000000| PB 0x000000074b000000| Untracked 
| 813|0x000000074b400000, 0x000000074b400000, 0x000000074b800000|  0%| F|  |TAMS 0x000000074b400000| PB 0x000000074b400000| Untracked 
| 814|0x000000074b800000, 0x000000074b800000, 0x000000074bc00000|  0%| F|  |TAMS 0x000000074b800000| PB 0x000000074b800000| Untracked 
| 815|0x000000074bc00000, 0x000000074bc00000, 0x000000074c000000|  0%| F|  |TAMS 0x000000074bc00000| PB 0x000000074bc00000| Untracked 
| 816|0x000000074c000000, 0x000000074c000000, 0x000000074c400000|  0%| F|  |TAMS 0x000000074c000000| PB 0x000000074c000000| Untracked 
| 817|0x000000074c400000, 0x000000074c400000, 0x000000074c800000|  0%| F|  |TAMS 0x000000074c400000| PB 0x000000074c400000| Untracked 
| 818|0x000000074c800000, 0x000000074c800000, 0x000000074cc00000|  0%| F|  |TAMS 0x000000074c800000| PB 0x000000074c800000| Untracked 
| 819|0x000000074cc00000, 0x000000074cc00000, 0x000000074d000000|  0%| F|  |TAMS 0x000000074cc00000| PB 0x000000074cc00000| Untracked 
| 820|0x000000074d000000, 0x000000074d000000, 0x000000074d400000|  0%| F|  |TAMS 0x000000074d000000| PB 0x000000074d000000| Untracked 
| 821|0x000000074d400000, 0x000000074d400000, 0x000000074d800000|  0%| F|  |TAMS 0x000000074d400000| PB 0x000000074d400000| Untracked 
| 822|0x000000074d800000, 0x000000074d800000, 0x000000074dc00000|  0%| F|  |TAMS 0x000000074d800000| PB 0x000000074d800000| Untracked 
| 823|0x000000074dc00000, 0x000000074dc00000, 0x000000074e000000|  0%| F|  |TAMS 0x000000074dc00000| PB 0x000000074dc00000| Untracked 
| 824|0x000000074e000000, 0x000000074e000000, 0x000000074e400000|  0%| F|  |TAMS 0x000000074e000000| PB 0x000000074e000000| Untracked 
| 825|0x000000074e400000, 0x000000074e400000, 0x000000074e800000|  0%| F|  |TAMS 0x000000074e400000| PB 0x000000074e400000| Untracked 
| 826|0x000000074e800000, 0x000000074e800000, 0x000000074ec00000|  0%| F|  |TAMS 0x000000074e800000| PB 0x000000074e800000| Untracked 
| 827|0x000000074ec00000, 0x000000074ec00000, 0x000000074f000000|  0%| F|  |TAMS 0x000000074ec00000| PB 0x000000074ec00000| Untracked 
| 828|0x000000074f000000, 0x000000074f000000, 0x000000074f400000|  0%| F|  |TAMS 0x000000074f000000| PB 0x000000074f000000| Untracked 
| 829|0x000000074f400000, 0x000000074f400000, 0x000000074f800000|  0%| F|  |TAMS 0x000000074f400000| PB 0x000000074f400000| Untracked 
| 830|0x000000074f800000, 0x000000074f800000, 0x000000074fc00000|  0%| F|  |TAMS 0x000000074f800000| PB 0x000000074f800000| Untracked 
| 831|0x000000074fc00000, 0x000000074fc00000, 0x0000000750000000|  0%| F|  |TAMS 0x000000074fc00000| PB 0x000000074fc00000| Untracked 
| 832|0x0000000750000000, 0x0000000750000000, 0x0000000750400000|  0%| F|  |TAMS 0x0000000750000000| PB 0x0000000750000000| Untracked 
| 833|0x0000000750400000, 0x0000000750400000, 0x0000000750800000|  0%| F|  |TAMS 0x0000000750400000| PB 0x0000000750400000| Untracked 
| 834|0x0000000750800000, 0x0000000750800000, 0x0000000750c00000|  0%| F|  |TAMS 0x0000000750800000| PB 0x0000000750800000| Untracked 
| 835|0x0000000750c00000, 0x0000000750c00000, 0x0000000751000000|  0%| F|  |TAMS 0x0000000750c00000| PB 0x0000000750c00000| Untracked 
| 836|0x0000000751000000, 0x0000000751000000, 0x0000000751400000|  0%| F|  |TAMS 0x0000000751000000| PB 0x0000000751000000| Untracked 
| 837|0x0000000751400000, 0x0000000751400000, 0x0000000751800000|  0%| F|  |TAMS 0x0000000751400000| PB 0x0000000751400000| Untracked 
| 838|0x0000000751800000, 0x0000000751800000, 0x0000000751c00000|  0%| F|  |TAMS 0x0000000751800000| PB 0x0000000751800000| Untracked 
| 839|0x0000000751c00000, 0x0000000751c00000, 0x0000000752000000|  0%| F|  |TAMS 0x0000000751c00000| PB 0x0000000751c00000| Untracked 
| 840|0x0000000752000000, 0x0000000752000000, 0x0000000752400000|  0%| F|  |TAMS 0x0000000752000000| PB 0x0000000752000000| Untracked 
| 841|0x0000000752400000, 0x0000000752400000, 0x0000000752800000|  0%| F|  |TAMS 0x0000000752400000| PB 0x0000000752400000| Untracked 
| 842|0x0000000752800000, 0x0000000752800000, 0x0000000752c00000|  0%| F|  |TAMS 0x0000000752800000| PB 0x0000000752800000| Untracked 
| 843|0x0000000752c00000, 0x0000000752c00000, 0x0000000753000000|  0%| F|  |TAMS 0x0000000752c00000| PB 0x0000000752c00000| Untracked 
| 844|0x0000000753000000, 0x0000000753000000, 0x0000000753400000|  0%| F|  |TAMS 0x0000000753000000| PB 0x0000000753000000| Untracked 
| 845|0x0000000753400000, 0x0000000753400000, 0x0000000753800000|  0%| F|  |TAMS 0x0000000753400000| PB 0x0000000753400000| Untracked 
| 846|0x0000000753800000, 0x0000000753800000, 0x0000000753c00000|  0%| F|  |TAMS 0x0000000753800000| PB 0x0000000753800000| Untracked 
| 847|0x0000000753c00000, 0x0000000753c00000, 0x0000000754000000|  0%| F|  |TAMS 0x0000000753c00000| PB 0x0000000753c00000| Untracked 
| 848|0x0000000754000000, 0x0000000754000000, 0x0000000754400000|  0%| F|  |TAMS 0x0000000754000000| PB 0x0000000754000000| Untracked 
| 849|0x0000000754400000, 0x0000000754400000, 0x0000000754800000|  0%| F|  |TAMS 0x0000000754400000| PB 0x0000000754400000| Untracked 
| 850|0x0000000754800000, 0x0000000754800000, 0x0000000754c00000|  0%| F|  |TAMS 0x0000000754800000| PB 0x0000000754800000| Untracked 
| 851|0x0000000754c00000, 0x0000000754c00000, 0x0000000755000000|  0%| F|  |TAMS 0x0000000754c00000| PB 0x0000000754c00000| Untracked 
| 852|0x0000000755000000, 0x0000000755000000, 0x0000000755400000|  0%| F|  |TAMS 0x0000000755000000| PB 0x0000000755000000| Untracked 
| 853|0x0000000755400000, 0x0000000755400000, 0x0000000755800000|  0%| F|  |TAMS 0x0000000755400000| PB 0x0000000755400000| Untracked 
| 854|0x0000000755800000, 0x0000000755800000, 0x0000000755c00000|  0%| F|  |TAMS 0x0000000755800000| PB 0x0000000755800000| Untracked 
| 855|0x0000000755c00000, 0x0000000755c00000, 0x0000000756000000|  0%| F|  |TAMS 0x0000000755c00000| PB 0x0000000755c00000| Untracked 
| 856|0x0000000756000000, 0x0000000756000000, 0x0000000756400000|  0%| F|  |TAMS 0x0000000756000000| PB 0x0000000756000000| Untracked 
| 857|0x0000000756400000, 0x0000000756400000, 0x0000000756800000|  0%| F|  |TAMS 0x0000000756400000| PB 0x0000000756400000| Untracked 
| 858|0x0000000756800000, 0x0000000756800000, 0x0000000756c00000|  0%| F|  |TAMS 0x0000000756800000| PB 0x0000000756800000| Untracked 
| 859|0x0000000756c00000, 0x0000000756c00000, 0x0000000757000000|  0%| F|  |TAMS 0x0000000756c00000| PB 0x0000000756c00000| Untracked 
| 860|0x0000000757000000, 0x0000000757000000, 0x0000000757400000|  0%| F|  |TAMS 0x0000000757000000| PB 0x0000000757000000| Untracked 
| 861|0x0000000757400000, 0x0000000757400000, 0x0000000757800000|  0%| F|  |TAMS 0x0000000757400000| PB 0x0000000757400000| Untracked 
| 862|0x0000000757800000, 0x0000000757800000, 0x0000000757c00000|  0%| F|  |TAMS 0x0000000757800000| PB 0x0000000757800000| Untracked 
| 863|0x0000000757c00000, 0x0000000757c00000, 0x0000000758000000|  0%| F|  |TAMS 0x0000000757c00000| PB 0x0000000757c00000| Untracked 
| 864|0x0000000758000000, 0x0000000758000000, 0x0000000758400000|  0%| F|  |TAMS 0x0000000758000000| PB 0x0000000758000000| Untracked 
| 865|0x0000000758400000, 0x0000000758400000, 0x0000000758800000|  0%| F|  |TAMS 0x0000000758400000| PB 0x0000000758400000| Untracked 
| 866|0x0000000758800000, 0x0000000758800000, 0x0000000758c00000|  0%| F|  |TAMS 0x0000000758800000| PB 0x0000000758800000| Untracked 
| 867|0x0000000758c00000, 0x0000000758c00000, 0x0000000759000000|  0%| F|  |TAMS 0x0000000758c00000| PB 0x0000000758c00000| Untracked 
| 868|0x0000000759000000, 0x0000000759000000, 0x0000000759400000|  0%| F|  |TAMS 0x0000000759000000| PB 0x0000000759000000| Untracked 
| 869|0x0000000759400000, 0x0000000759400000, 0x0000000759800000|  0%| F|  |TAMS 0x0000000759400000| PB 0x0000000759400000| Untracked 
| 870|0x0000000759800000, 0x0000000759800000, 0x0000000759c00000|  0%| F|  |TAMS 0x0000000759800000| PB 0x0000000759800000| Untracked 
| 871|0x0000000759c00000, 0x0000000759c00000, 0x000000075a000000|  0%| F|  |TAMS 0x0000000759c00000| PB 0x0000000759c00000| Untracked 
| 872|0x000000075a000000, 0x000000075a000000, 0x000000075a400000|  0%| F|  |TAMS 0x000000075a000000| PB 0x000000075a000000| Untracked 
| 873|0x000000075a400000, 0x000000075a400000, 0x000000075a800000|  0%| F|  |TAMS 0x000000075a400000| PB 0x000000075a400000| Untracked 
| 874|0x000000075a800000, 0x000000075a800000, 0x000000075ac00000|  0%| F|  |TAMS 0x000000075a800000| PB 0x000000075a800000| Untracked 
| 875|0x000000075ac00000, 0x000000075ac00000, 0x000000075b000000|  0%| F|  |TAMS 0x000000075ac00000| PB 0x000000075ac00000| Untracked 
| 876|0x000000075b000000, 0x000000075b000000, 0x000000075b400000|  0%| F|  |TAMS 0x000000075b000000| PB 0x000000075b000000| Untracked 
| 877|0x000000075b400000, 0x000000075b400000, 0x000000075b800000|  0%| F|  |TAMS 0x000000075b400000| PB 0x000000075b400000| Untracked 
| 878|0x000000075b800000, 0x000000075b800000, 0x000000075bc00000|  0%| F|  |TAMS 0x000000075b800000| PB 0x000000075b800000| Untracked 
| 879|0x000000075bc00000, 0x000000075bc00000, 0x000000075c000000|  0%| F|  |TAMS 0x000000075bc00000| PB 0x000000075bc00000| Untracked 
| 880|0x000000075c000000, 0x000000075c000000, 0x000000075c400000|  0%| F|  |TAMS 0x000000075c000000| PB 0x000000075c000000| Untracked 
| 881|0x000000075c400000, 0x000000075c400000, 0x000000075c800000|  0%| F|  |TAMS 0x000000075c400000| PB 0x000000075c400000| Untracked 
| 882|0x000000075c800000, 0x000000075c800000, 0x000000075cc00000|  0%| F|  |TAMS 0x000000075c800000| PB 0x000000075c800000| Untracked 
| 883|0x000000075cc00000, 0x000000075cc00000, 0x000000075d000000|  0%| F|  |TAMS 0x000000075cc00000| PB 0x000000075cc00000| Untracked 
| 884|0x000000075d000000, 0x000000075d000000, 0x000000075d400000|  0%| F|  |TAMS 0x000000075d000000| PB 0x000000075d000000| Untracked 
| 885|0x000000075d400000, 0x000000075d400000, 0x000000075d800000|  0%| F|  |TAMS 0x000000075d400000| PB 0x000000075d400000| Untracked 
| 886|0x000000075d800000, 0x000000075d800000, 0x000000075dc00000|  0%| F|  |TAMS 0x000000075d800000| PB 0x000000075d800000| Untracked 
| 887|0x000000075dc00000, 0x000000075dc00000, 0x000000075e000000|  0%| F|  |TAMS 0x000000075dc00000| PB 0x000000075dc00000| Untracked 
| 888|0x000000075e000000, 0x000000075e000000, 0x000000075e400000|  0%| F|  |TAMS 0x000000075e000000| PB 0x000000075e000000| Untracked 
| 889|0x000000075e400000, 0x000000075e400000, 0x000000075e800000|  0%| F|  |TAMS 0x000000075e400000| PB 0x000000075e400000| Untracked 
| 890|0x000000075e800000, 0x000000075e800000, 0x000000075ec00000|  0%| F|  |TAMS 0x000000075e800000| PB 0x000000075e800000| Untracked 
| 891|0x000000075ec00000, 0x000000075ec00000, 0x000000075f000000|  0%| F|  |TAMS 0x000000075ec00000| PB 0x000000075ec00000| Untracked 
| 892|0x000000075f000000, 0x000000075f000000, 0x000000075f400000|  0%| F|  |TAMS 0x000000075f000000| PB 0x000000075f000000| Untracked 
| 893|0x000000075f400000, 0x000000075f400000, 0x000000075f800000|  0%| F|  |TAMS 0x000000075f400000| PB 0x000000075f400000| Untracked 
| 894|0x000000075f800000, 0x000000075f800000, 0x000000075fc00000|  0%| F|  |TAMS 0x000000075f800000| PB 0x000000075f800000| Untracked 
| 895|0x000000075fc00000, 0x000000075fc00000, 0x0000000760000000|  0%| F|  |TAMS 0x000000075fc00000| PB 0x000000075fc00000| Untracked 
| 896|0x0000000760000000, 0x0000000760000000, 0x0000000760400000|  0%| F|  |TAMS 0x0000000760000000| PB 0x0000000760000000| Untracked 
| 897|0x0000000760400000, 0x0000000760400000, 0x0000000760800000|  0%| F|  |TAMS 0x0000000760400000| PB 0x0000000760400000| Untracked 
| 898|0x0000000760800000, 0x0000000760800000, 0x0000000760c00000|  0%| F|  |TAMS 0x0000000760800000| PB 0x0000000760800000| Untracked 
| 899|0x0000000760c00000, 0x0000000760c00000, 0x0000000761000000|  0%| F|  |TAMS 0x0000000760c00000| PB 0x0000000760c00000| Untracked 
| 900|0x0000000761000000, 0x0000000761000000, 0x0000000761400000|  0%| F|  |TAMS 0x0000000761000000| PB 0x0000000761000000| Untracked 
| 901|0x0000000761400000, 0x0000000761400000, 0x0000000761800000|  0%| F|  |TAMS 0x0000000761400000| PB 0x0000000761400000| Untracked 
| 902|0x0000000761800000, 0x0000000761800000, 0x0000000761c00000|  0%| F|  |TAMS 0x0000000761800000| PB 0x0000000761800000| Untracked 
| 903|0x0000000761c00000, 0x0000000761c00000, 0x0000000762000000|  0%| F|  |TAMS 0x0000000761c00000| PB 0x0000000761c00000| Untracked 
| 904|0x0000000762000000, 0x0000000762000000, 0x0000000762400000|  0%| F|  |TAMS 0x0000000762000000| PB 0x0000000762000000| Untracked 
| 905|0x0000000762400000, 0x0000000762400000, 0x0000000762800000|  0%| F|  |TAMS 0x0000000762400000| PB 0x0000000762400000| Untracked 
| 906|0x0000000762800000, 0x0000000762800000, 0x0000000762c00000|  0%| F|  |TAMS 0x0000000762800000| PB 0x0000000762800000| Untracked 
| 907|0x0000000762c00000, 0x0000000762c00000, 0x0000000763000000|  0%| F|  |TAMS 0x0000000762c00000| PB 0x0000000762c00000| Untracked 
| 908|0x0000000763000000, 0x0000000763000000, 0x0000000763400000|  0%| F|  |TAMS 0x0000000763000000| PB 0x0000000763000000| Untracked 
| 909|0x0000000763400000, 0x0000000763400000, 0x0000000763800000|  0%| F|  |TAMS 0x0000000763400000| PB 0x0000000763400000| Untracked 
| 910|0x0000000763800000, 0x0000000763800000, 0x0000000763c00000|  0%| F|  |TAMS 0x0000000763800000| PB 0x0000000763800000| Untracked 
| 911|0x0000000763c00000, 0x0000000763c00000, 0x0000000764000000|  0%| F|  |TAMS 0x0000000763c00000| PB 0x0000000763c00000| Untracked 
| 912|0x0000000764000000, 0x0000000764000000, 0x0000000764400000|  0%| F|  |TAMS 0x0000000764000000| PB 0x0000000764000000| Untracked 
| 913|0x0000000764400000, 0x0000000764400000, 0x0000000764800000|  0%| F|  |TAMS 0x0000000764400000| PB 0x0000000764400000| Untracked 
| 914|0x0000000764800000, 0x0000000764800000, 0x0000000764c00000|  0%| F|  |TAMS 0x0000000764800000| PB 0x0000000764800000| Untracked 
| 915|0x0000000764c00000, 0x0000000764c00000, 0x0000000765000000|  0%| F|  |TAMS 0x0000000764c00000| PB 0x0000000764c00000| Untracked 
| 916|0x0000000765000000, 0x0000000765000000, 0x0000000765400000|  0%| F|  |TAMS 0x0000000765000000| PB 0x0000000765000000| Untracked 
| 917|0x0000000765400000, 0x0000000765400000, 0x0000000765800000|  0%| F|  |TAMS 0x0000000765400000| PB 0x0000000765400000| Untracked 
| 918|0x0000000765800000, 0x0000000765800000, 0x0000000765c00000|  0%| F|  |TAMS 0x0000000765800000| PB 0x0000000765800000| Untracked 
| 919|0x0000000765c00000, 0x0000000765c00000, 0x0000000766000000|  0%| F|  |TAMS 0x0000000765c00000| PB 0x0000000765c00000| Untracked 
| 920|0x0000000766000000, 0x0000000766000000, 0x0000000766400000|  0%| F|  |TAMS 0x0000000766000000| PB 0x0000000766000000| Untracked 
| 921|0x0000000766400000, 0x0000000766400000, 0x0000000766800000|  0%| F|  |TAMS 0x0000000766400000| PB 0x0000000766400000| Untracked 
| 922|0x0000000766800000, 0x0000000766800000, 0x0000000766c00000|  0%| F|  |TAMS 0x0000000766800000| PB 0x0000000766800000| Untracked 
| 923|0x0000000766c00000, 0x0000000766c00000, 0x0000000767000000|  0%| F|  |TAMS 0x0000000766c00000| PB 0x0000000766c00000| Untracked 
| 924|0x0000000767000000, 0x0000000767000000, 0x0000000767400000|  0%| F|  |TAMS 0x0000000767000000| PB 0x0000000767000000| Untracked 
| 925|0x0000000767400000, 0x0000000767400000, 0x0000000767800000|  0%| F|  |TAMS 0x0000000767400000| PB 0x0000000767400000| Untracked 
| 926|0x0000000767800000, 0x0000000767800000, 0x0000000767c00000|  0%| F|  |TAMS 0x0000000767800000| PB 0x0000000767800000| Untracked 
| 927|0x0000000767c00000, 0x0000000767c00000, 0x0000000768000000|  0%| F|  |TAMS 0x0000000767c00000| PB 0x0000000767c00000| Untracked 
| 928|0x0000000768000000, 0x0000000768000000, 0x0000000768400000|  0%| F|  |TAMS 0x0000000768000000| PB 0x0000000768000000| Untracked 
| 929|0x0000000768400000, 0x0000000768400000, 0x0000000768800000|  0%| F|  |TAMS 0x0000000768400000| PB 0x0000000768400000| Untracked 
| 930|0x0000000768800000, 0x0000000768800000, 0x0000000768c00000|  0%| F|  |TAMS 0x0000000768800000| PB 0x0000000768800000| Untracked 
| 931|0x0000000768c00000, 0x0000000768c00000, 0x0000000769000000|  0%| F|  |TAMS 0x0000000768c00000| PB 0x0000000768c00000| Untracked 
| 932|0x0000000769000000, 0x0000000769000000, 0x0000000769400000|  0%| F|  |TAMS 0x0000000769000000| PB 0x0000000769000000| Untracked 
| 933|0x0000000769400000, 0x0000000769400000, 0x0000000769800000|  0%| F|  |TAMS 0x0000000769400000| PB 0x0000000769400000| Untracked 
| 934|0x0000000769800000, 0x0000000769800000, 0x0000000769c00000|  0%| F|  |TAMS 0x0000000769800000| PB 0x0000000769800000| Untracked 
| 935|0x0000000769c00000, 0x0000000769c00000, 0x000000076a000000|  0%| F|  |TAMS 0x0000000769c00000| PB 0x0000000769c00000| Untracked 
| 936|0x000000076a000000, 0x000000076a000000, 0x000000076a400000|  0%| F|  |TAMS 0x000000076a000000| PB 0x000000076a000000| Untracked 
| 937|0x000000076a400000, 0x000000076a600000, 0x000000076a800000| 50%| S|CS|TAMS 0x000000076a400000| PB 0x000000076a400000| Complete 
| 938|0x000000076a800000, 0x000000076a800000, 0x000000076ac00000|  0%| F|  |TAMS 0x000000076a800000| PB 0x000000076a800000| Untracked 
| 939|0x000000076ac00000, 0x000000076ac00000, 0x000000076b000000|  0%| F|  |TAMS 0x000000076ac00000| PB 0x000000076ac00000| Untracked 
| 940|0x000000076b000000, 0x000000076b000000, 0x000000076b400000|  0%| F|  |TAMS 0x000000076b000000| PB 0x000000076b000000| Untracked 
| 941|0x000000076b400000, 0x000000076b400000, 0x000000076b800000|  0%| F|  |TAMS 0x000000076b400000| PB 0x000000076b400000| Untracked 
| 942|0x000000076b800000, 0x000000076b800000, 0x000000076bc00000|  0%| F|  |TAMS 0x000000076b800000| PB 0x000000076b800000| Untracked 
| 943|0x000000076bc00000, 0x000000076bc00000, 0x000000076c000000|  0%| F|  |TAMS 0x000000076bc00000| PB 0x000000076bc00000| Untracked 
| 944|0x000000076c000000, 0x000000076c000000, 0x000000076c400000|  0%| F|  |TAMS 0x000000076c000000| PB 0x000000076c000000| Untracked 
| 945|0x000000076c400000, 0x000000076c800000, 0x000000076c800000|100%| S|CS|TAMS 0x000000076c400000| PB 0x000000076c400000| Complete 
| 946|0x000000076c800000, 0x000000076c800000, 0x000000076cc00000|  0%| F|  |TAMS 0x000000076c800000| PB 0x000000076c800000| Untracked 
| 947|0x000000076cc00000, 0x000000076cc00000, 0x000000076d000000|  0%| F|  |TAMS 0x000000076cc00000| PB 0x000000076cc00000| Untracked 
| 948|0x000000076d000000, 0x000000076d000000, 0x000000076d400000|  0%| F|  |TAMS 0x000000076d000000| PB 0x000000076d000000| Untracked 
| 949|0x000000076d400000, 0x000000076d400000, 0x000000076d800000|  0%| F|  |TAMS 0x000000076d400000| PB 0x000000076d400000| Untracked 
| 950|0x000000076d800000, 0x000000076d800000, 0x000000076dc00000|  0%| F|  |TAMS 0x000000076d800000| PB 0x000000076d800000| Untracked 
| 951|0x000000076dc00000, 0x000000076dc00000, 0x000000076e000000|  0%| F|  |TAMS 0x000000076dc00000| PB 0x000000076dc00000| Untracked 
| 952|0x000000076e000000, 0x000000076e000000, 0x000000076e400000|  0%| F|  |TAMS 0x000000076e000000| PB 0x000000076e000000| Untracked 
| 953|0x000000076e400000, 0x000000076e400000, 0x000000076e800000|  0%| F|  |TAMS 0x000000076e400000| PB 0x000000076e400000| Untracked 
| 954|0x000000076e800000, 0x000000076e800000, 0x000000076ec00000|  0%| F|  |TAMS 0x000000076e800000| PB 0x000000076e800000| Untracked 
| 955|0x000000076ec00000, 0x000000076ec00000, 0x000000076f000000|  0%| F|  |TAMS 0x000000076ec00000| PB 0x000000076ec00000| Untracked 
| 956|0x000000076f000000, 0x000000076f000000, 0x000000076f400000|  0%| F|  |TAMS 0x000000076f000000| PB 0x000000076f000000| Untracked 
| 957|0x000000076f400000, 0x000000076f400000, 0x000000076f800000|  0%| F|  |TAMS 0x000000076f400000| PB 0x000000076f400000| Untracked 
| 958|0x000000076f800000, 0x000000076f800000, 0x000000076fc00000|  0%| F|  |TAMS 0x000000076f800000| PB 0x000000076f800000| Untracked 
| 959|0x000000076fc00000, 0x000000076fc00000, 0x0000000770000000|  0%| F|  |TAMS 0x000000076fc00000| PB 0x000000076fc00000| Untracked 
| 960|0x0000000770000000, 0x0000000770000000, 0x0000000770400000|  0%| F|  |TAMS 0x0000000770000000| PB 0x0000000770000000| Untracked 
| 961|0x0000000770400000, 0x0000000770400000, 0x0000000770800000|  0%| F|  |TAMS 0x0000000770400000| PB 0x0000000770400000| Untracked 
| 962|0x0000000770800000, 0x0000000770800000, 0x0000000770c00000|  0%| F|  |TAMS 0x0000000770800000| PB 0x0000000770800000| Untracked 
| 963|0x0000000770c00000, 0x0000000770c00000, 0x0000000771000000|  0%| F|  |TAMS 0x0000000770c00000| PB 0x0000000770c00000| Untracked 
| 964|0x0000000771000000, 0x0000000771000000, 0x0000000771400000|  0%| F|  |TAMS 0x0000000771000000| PB 0x0000000771000000| Untracked 
| 965|0x0000000771400000, 0x0000000771400000, 0x0000000771800000|  0%| F|  |TAMS 0x0000000771400000| PB 0x0000000771400000| Untracked 
| 966|0x0000000771800000, 0x0000000771800000, 0x0000000771c00000|  0%| F|  |TAMS 0x0000000771800000| PB 0x0000000771800000| Untracked 
| 967|0x0000000771c00000, 0x0000000771c00000, 0x0000000772000000|  0%| F|  |TAMS 0x0000000771c00000| PB 0x0000000771c00000| Untracked 
| 968|0x0000000772000000, 0x0000000772000000, 0x0000000772400000|  0%| F|  |TAMS 0x0000000772000000| PB 0x0000000772000000| Untracked 
| 969|0x0000000772400000, 0x0000000772400000, 0x0000000772800000|  0%| F|  |TAMS 0x0000000772400000| PB 0x0000000772400000| Untracked 
| 970|0x0000000772800000, 0x0000000772800000, 0x0000000772c00000|  0%| F|  |TAMS 0x0000000772800000| PB 0x0000000772800000| Untracked 
| 971|0x0000000772c00000, 0x0000000772c00000, 0x0000000773000000|  0%| F|  |TAMS 0x0000000772c00000| PB 0x0000000772c00000| Untracked 
| 972|0x0000000773000000, 0x0000000773000000, 0x0000000773400000|  0%| F|  |TAMS 0x0000000773000000| PB 0x0000000773000000| Untracked 
| 973|0x0000000773400000, 0x0000000773400000, 0x0000000773800000|  0%| F|  |TAMS 0x0000000773400000| PB 0x0000000773400000| Untracked 
| 974|0x0000000773800000, 0x0000000773800000, 0x0000000773c00000|  0%| F|  |TAMS 0x0000000773800000| PB 0x0000000773800000| Untracked 
| 975|0x0000000773c00000, 0x0000000773c00000, 0x0000000774000000|  0%| F|  |TAMS 0x0000000773c00000| PB 0x0000000773c00000| Untracked 
| 976|0x0000000774000000, 0x0000000774000000, 0x0000000774400000|  0%| F|  |TAMS 0x0000000774000000| PB 0x0000000774000000| Untracked 
| 977|0x0000000774400000, 0x0000000774400000, 0x0000000774800000|  0%| F|  |TAMS 0x0000000774400000| PB 0x0000000774400000| Untracked 
| 978|0x0000000774800000, 0x0000000774800000, 0x0000000774c00000|  0%| F|  |TAMS 0x0000000774800000| PB 0x0000000774800000| Untracked 
| 979|0x0000000774c00000, 0x0000000774c00000, 0x0000000775000000|  0%| F|  |TAMS 0x0000000774c00000| PB 0x0000000774c00000| Untracked 
| 980|0x0000000775000000, 0x0000000775000000, 0x0000000775400000|  0%| F|  |TAMS 0x0000000775000000| PB 0x0000000775000000| Untracked 
| 981|0x0000000775400000, 0x0000000775400000, 0x0000000775800000|  0%| F|  |TAMS 0x0000000775400000| PB 0x0000000775400000| Untracked 
| 982|0x0000000775800000, 0x0000000775800000, 0x0000000775c00000|  0%| F|  |TAMS 0x0000000775800000| PB 0x0000000775800000| Untracked 
| 983|0x0000000775c00000, 0x0000000775c00000, 0x0000000776000000|  0%| F|  |TAMS 0x0000000775c00000| PB 0x0000000775c00000| Untracked 
| 984|0x0000000776000000, 0x0000000776000000, 0x0000000776400000|  0%| F|  |TAMS 0x0000000776000000| PB 0x0000000776000000| Untracked 
| 985|0x0000000776400000, 0x0000000776400000, 0x0000000776800000|  0%| F|  |TAMS 0x0000000776400000| PB 0x0000000776400000| Untracked 
|1527|0x00000007fdc00000, 0x00000007fe000000, 0x00000007fe000000|100%| O|  |TAMS 0x00000007fdc00000| PB 0x00000007fdc00000| Untracked 
|1528|0x00000007fe000000, 0x00000007fe400000, 0x00000007fe400000|100%| O|  |TAMS 0x00000007fe000000| PB 0x00000007fe000000| Untracked 
|1529|0x00000007fe400000, 0x00000007fe800000, 0x00000007fe800000|100%| O|  |TAMS 0x00000007fe400000| PB 0x00000007fe400000| Untracked 
|1530|0x00000007fe800000, 0x00000007fec00000, 0x00000007fec00000|100%| O|  |TAMS 0x00000007fe800000| PB 0x00000007fe800000| Untracked 
|1531|0x00000007fec00000, 0x00000007ff000000, 0x00000007ff000000|100%| O|  |TAMS 0x00000007fec00000| PB 0x00000007fec00000| Untracked 
|1532|0x00000007ff000000, 0x00000007ff400000, 0x00000007ff400000|100%| O|  |TAMS 0x00000007ff000000| PB 0x00000007ff000000| Untracked 
|1533|0x00000007ff400000, 0x00000007ff800000, 0x00000007ff800000|100%| O|  |TAMS 0x00000007ff400000| PB 0x00000007ff400000| Untracked 
|1534|0x00000007ff800000, 0x00000007ff800000, 0x00000007ffc00000|  0%| F|  |TAMS 0x00000007ff800000| PB 0x00000007ff800000| Untracked 
|1535|0x00000007ffc00000, 0x00000007ffc00000, 0x0000000800000000|  0%| F|  |TAMS 0x00000007ffc00000| PB 0x00000007ffc00000| Untracked 

Card table byte_map: [0x000002d9cb7c0000,0x000002d9cc3c0000] _byte_map_base: 0x000002d9c83c0000

Marking Bits: (CMBitMap*) 0x000002d9b8ae89a0
 Bits: [0x000002d9cc3c0000, 0x000002d9d23c0000)

Polling page: 0x000002d9b6700000

Metaspace:

Usage:
  Non-class:    124.81 MB used.
      Class:     19.94 MB used.
       Both:    144.75 MB used.

Virtual space:
  Non-class space:      128.00 MB reserved,     125.81 MB ( 98%) committed,  2 nodes.
      Class space:        1.00 GB reserved,      20.88 MB (  2%) committed,  1 nodes.
             Both:        1.12 GB reserved,     146.69 MB ( 13%) committed. 

Chunk freelists:
   Non-Class:  2.23 MB
       Class:  11.06 MB
        Both:  13.30 MB

MaxMetaspaceSize: unlimited
CompressedClassSpaceSize: 1.00 GB
Initial GC threshold: 21.00 MB
Current GC threshold: 243.12 MB
CDS: off
 - commit_granule_bytes: 65536.
 - commit_granule_words: 8192.
 - virtual_space_node_default_size: 8388608.
 - enlarge_chunks_in_place: 1.
 - use_allocation_guard: 0.


Internal statistics:

num_allocs_failed_limit: 6.
num_arena_births: 4032.
num_arena_deaths: 12.
num_vsnodes_births: 3.
num_vsnodes_deaths: 0.
num_space_committed: 2346.
num_space_uncommitted: 0.
num_chunks_returned_to_freelist: 20.
num_chunks_taken_from_freelist: 9991.
num_chunk_merges: 7.
num_chunk_splits: 6781.
num_chunks_enlarged: 4651.
num_inconsistent_stats: 0.

CodeHeap 'non-profiled nmethods': size=120064Kb used=34263Kb max_used=39227Kb free=85800Kb
 bounds [0x000002d9c3680000, 0x000002d9c5cd0000, 0x000002d9cabc0000]
CodeHeap 'profiled nmethods': size=120000Kb used=29229Kb max_used=57377Kb free=90770Kb
 bounds [0x000002d9bbbc0000, 0x000002d9bf440000, 0x000002d9c30f0000]
CodeHeap 'non-nmethods': size=5696Kb used=2031Kb max_used=2094Kb free=3664Kb
 bounds [0x000002d9c30f0000, 0x000002d9c3360000, 0x000002d9c3680000]
CodeCache: size=245760Kb, used=65523Kb, max_used=98698Kb, free=180234Kb
 total_blobs=15673, nmethods=14771, adapters=806, full_count=0
Compilation: enabled, stopped_count=0, restarted_count=0

Compilation events (20 events):
Event: 851.935 Thread 0x000002d9d4535eb0 nmethod 34359 0x000002d9c4cff210 code [0x000002d9c4cff460, 0x000002d9c4cffa30]
Event: 851.935 Thread 0x000002d9d4535eb0 34360       4       com.android.tools.r8.internal.Cv::a (159 bytes)
Event: 851.944 Thread 0x000002d9d4535eb0 nmethod 34360 0x000002d9c3bcb590 code [0x000002d9c3bcb7e0, 0x000002d9c3bcbd40]
Event: 851.944 Thread 0x000002d9d4535eb0 34408       4       com.android.tools.r8.internal.s3$$Lambda/0x00000008014ed028::a (17 bytes)
Event: 851.955 Thread 0x000002d9d4535eb0 nmethod 34408 0x000002d9c3824910 code [0x000002d9c3824b40, 0x000002d9c38252f8]
Event: 851.955 Thread 0x000002d9d4535eb0 34409       4       com.android.tools.r8.internal.s3::a (71 bytes)
Event: 851.966 Thread 0x000002d9d4535eb0 nmethod 34409 0x000002d9c386d890 code [0x000002d9c386daa0, 0x000002d9c386e1d8]
Event: 851.966 Thread 0x000002d9d4535eb0 34343       4       com.android.tools.r8.internal.Fq::a (33 bytes)
Event: 851.970 Thread 0x000002d9d4535eb0 nmethod 34343 0x000002d9c3bd0390 code [0x000002d9c3bd0540, 0x000002d9c3bd0800]
Event: 851.970 Thread 0x000002d9d4535eb0 34323       4       com.android.tools.r8.internal.dh0$$Lambda/0x00000008013d8cd0::a (10 bytes)
Event: 852.111 Thread 0x000002d9d4535eb0 nmethod 34323 0x000002d9c3d4c390 code [0x000002d9c3d4c7e0, 0x000002d9c3d4f770]
Event: 852.111 Thread 0x000002d9d4535eb0 34319       4       com.android.tools.r8.internal.ai::a (102 bytes)
Event: 852.151 Thread 0x000002d9d4535eb0 nmethod 34319 0x000002d9c3a79a90 code [0x000002d9c3a79da0, 0x000002d9c3a7b198]
Event: 852.151 Thread 0x000002d9d4535eb0 34320       4       com.android.tools.r8.internal.ai$$Lambda/0x00000008014ea238::accept (20 bytes)
Event: 852.153 Thread 0x000002d9d4535eb0 nmethod 34320 0x000002d9c45a5c90 code [0x000002d9c45a5e40, 0x000002d9c45a5f88]
Event: 852.153 Thread 0x000002d9d4535eb0 34299       4       com.android.tools.r8.internal.ai$$Lambda/0x00000008014e8e90::test (12 bytes)
Event: 852.199 Thread 0x000002d9d4547240 34414       3       com.android.tools.r8.internal.kS::a (35 bytes)
Event: 852.199 Thread 0x000002d9d4547240 nmethod 34414 0x000002d9bcfa9d10 code [0x000002d9bcfa9ee0, 0x000002d9bcfaa1f0]
Event: 852.214 Thread 0x000002d9d4535eb0 nmethod 34299 0x000002d9c3e61b10 code [0x000002d9c3e61e20, 0x000002d9c3e62ed0]
Event: 852.214 Thread 0x000002d9d4535eb0 34413       4       com.android.tools.r8.internal.s3::a (1074 bytes)

GC Heap History (20 events):
Event: 825.681 GC heap after
{Heap after GC invocations=189 (full 0):
 garbage-first heap   total 4075520K, used 791746K [0x0000000680000000, 0x0000000800000000)
  region size 4096K, 7 young (28672K), 7 survivors (28672K)
 Metaspace       used 147548K, committed 149568K, reserved 1179648K
  class space    used 20325K, committed 21312K, reserved 1048576K
}
Event: 827.353 GC heap before
{Heap before GC invocations=189 (full 0):
 garbage-first heap   total 4075520K, used 963778K [0x0000000680000000, 0x0000000800000000)
  region size 4096K, 49 young (200704K), 7 survivors (28672K)
 Metaspace       used 147557K, committed 149568K, reserved 1179648K
  class space    used 20325K, committed 21312K, reserved 1048576K
}
Event: 827.505 GC heap after
{Heap after GC invocations=190 (full 0):
 garbage-first heap   total 4075520K, used 793108K [0x0000000680000000, 0x0000000800000000)
  region size 4096K, 4 young (16384K), 4 survivors (16384K)
 Metaspace       used 147557K, committed 149568K, reserved 1179648K
  class space    used 20325K, committed 21312K, reserved 1048576K
}
Event: 828.340 GC heap before
{Heap before GC invocations=190 (full 0):
 garbage-first heap   total 4075520K, used 977428K [0x0000000680000000, 0x0000000800000000)
  region size 4096K, 49 young (200704K), 4 survivors (16384K)
 Metaspace       used 147557K, committed 149568K, reserved 1179648K
  class space    used 20325K, committed 21312K, reserved 1048576K
}
Event: 828.390 GC heap after
{Heap after GC invocations=191 (full 0):
 garbage-first heap   total 4075520K, used 794624K [0x0000000680000000, 0x0000000800000000)
  region size 4096K, 4 young (16384K), 4 survivors (16384K)
 Metaspace       used 147557K, committed 149568K, reserved 1179648K
  class space    used 20325K, committed 21312K, reserved 1048576K
}
Event: 828.939 GC heap before
{Heap before GC invocations=191 (full 0):
 garbage-first heap   total 4075520K, used 978944K [0x0000000680000000, 0x0000000800000000)
  region size 4096K, 49 young (200704K), 4 survivors (16384K)
 Metaspace       used 147557K, committed 149568K, reserved 1179648K
  class space    used 20325K, committed 21312K, reserved 1048576K
}
Event: 828.995 GC heap after
{Heap after GC invocations=192 (full 0):
 garbage-first heap   total 4075520K, used 794583K [0x0000000680000000, 0x0000000800000000)
  region size 4096K, 4 young (16384K), 4 survivors (16384K)
 Metaspace       used 147557K, committed 149568K, reserved 1179648K
  class space    used 20325K, committed 21312K, reserved 1048576K
}
Event: 829.620 GC heap before
{Heap before GC invocations=192 (full 0):
 garbage-first heap   total 4075520K, used 978903K [0x0000000680000000, 0x0000000800000000)
  region size 4096K, 49 young (200704K), 4 survivors (16384K)
 Metaspace       used 147557K, committed 149568K, reserved 1179648K
  class space    used 20325K, committed 21312K, reserved 1048576K
}
Event: 829.696 GC heap after
{Heap after GC invocations=193 (full 0):
 garbage-first heap   total 4075520K, used 795791K [0x0000000680000000, 0x0000000800000000)
  region size 4096K, 4 young (16384K), 4 survivors (16384K)
 Metaspace       used 147557K, committed 149568K, reserved 1179648K
  class space    used 20325K, committed 21312K, reserved 1048576K
}
Event: 830.493 GC heap before
{Heap before GC invocations=193 (full 0):
 garbage-first heap   total 4075520K, used 976015K [0x0000000680000000, 0x0000000800000000)
  region size 4096K, 49 young (200704K), 4 survivors (16384K)
 Metaspace       used 147557K, committed 149568K, reserved 1179648K
  class space    used 20325K, committed 21312K, reserved 1048576K
}
Event: 830.534 GC heap after
{Heap after GC invocations=194 (full 0):
 garbage-first heap   total 4075520K, used 798226K [0x0000000680000000, 0x0000000800000000)
  region size 4096K, 4 young (16384K), 4 survivors (16384K)
 Metaspace       used 147557K, committed 149568K, reserved 1179648K
  class space    used 20325K, committed 21312K, reserved 1048576K
}
Event: 837.468 GC heap before
{Heap before GC invocations=194 (full 0):
 garbage-first heap   total 4075520K, used 982546K [0x0000000680000000, 0x0000000800000000)
  region size 4096K, 49 young (200704K), 4 survivors (16384K)
 Metaspace       used 147597K, committed 149568K, reserved 1179648K
  class space    used 20333K, committed 21312K, reserved 1048576K
}
Event: 837.538 GC heap after
{Heap after GC invocations=195 (full 0):
 garbage-first heap   total 4075520K, used 799796K [0x0000000680000000, 0x0000000800000000)
  region size 4096K, 5 young (20480K), 5 survivors (20480K)
 Metaspace       used 147597K, committed 149568K, reserved 1179648K
  class space    used 20333K, committed 21312K, reserved 1048576K
}
Event: 841.891 GC heap before
{Heap before GC invocations=195 (full 0):
 garbage-first heap   total 4075520K, used 980020K [0x0000000680000000, 0x0000000800000000)
  region size 4096K, 49 young (200704K), 5 survivors (20480K)
 Metaspace       used 147628K, committed 149632K, reserved 1179648K
  class space    used 20339K, committed 21312K, reserved 1048576K
}
Event: 841.987 GC heap after
{Heap after GC invocations=196 (full 0):
 garbage-first heap   total 4075520K, used 801451K [0x0000000680000000, 0x0000000800000000)
  region size 4096K, 4 young (16384K), 4 survivors (16384K)
 Metaspace       used 147628K, committed 149632K, reserved 1179648K
  class space    used 20339K, committed 21312K, reserved 1048576K
}
Event: 845.177 GC heap before
{Heap before GC invocations=196 (full 0):
 garbage-first heap   total 4075520K, used 1075883K [0x0000000680000000, 0x0000000800000000)
  region size 4096K, 71 young (290816K), 4 survivors (16384K)
 Metaspace       used 147944K, committed 149952K, reserved 1179648K
  class space    used 20383K, committed 21376K, reserved 1048576K
}
Event: 845.276 GC heap after
{Heap after GC invocations=197 (full 0):
 garbage-first heap   total 4075520K, used 809643K [0x0000000680000000, 0x0000000800000000)
  region size 4096K, 6 young (24576K), 6 survivors (24576K)
 Metaspace       used 147944K, committed 149952K, reserved 1179648K
  class space    used 20383K, committed 21376K, reserved 1048576K
}
Event: 847.736 GC heap before
{Heap before GC invocations=197 (full 0):
 garbage-first heap   total 4075520K, used 981675K [0x0000000680000000, 0x0000000800000000)
  region size 4096K, 49 young (200704K), 6 survivors (24576K)
 Metaspace       used 148108K, committed 150080K, reserved 1179648K
  class space    used 20405K, committed 21376K, reserved 1048576K
}
Event: 848.595 GC heap after
{Heap after GC invocations=198 (full 0):
 garbage-first heap   total 4075520K, used 863968K [0x0000000680000000, 0x0000000800000000)
  region size 4096K, 7 young (28672K), 7 survivors (28672K)
 Metaspace       used 148108K, committed 150080K, reserved 1179648K
  class space    used 20405K, committed 21376K, reserved 1048576K
}
Event: 852.340 GC heap before
{Heap before GC invocations=198 (full 0):
 garbage-first heap   total 4075520K, used 1036000K [0x0000000680000000, 0x0000000800000000)
  region size 4096K, 49 young (200704K), 7 survivors (28672K)
 Metaspace       used 148220K, committed 150208K, reserved 1179648K
  class space    used 20419K, committed 21376K, reserved 1048576K
}

Dll operation events (3 events):
Event: 0.021 Loaded shared library C:\Program Files\Android\Android Studio\jbr\bin\java.dll
Event: 0.028 Loaded shared library C:\Program Files\Android\Android Studio\jbr\bin\zip.dll
Event: 1.575 Loaded shared library C:\Program Files\Android\Android Studio\jbr\bin\verify.dll

Deoptimization events (20 events):
Event: 851.362 Thread 0x000002d9de7da400 Uncommon trap: trap_request=0xffffffc6 fr.pc=0x000002d9c51c50c0 relative=0x00000000000019a0
Event: 851.362 Thread 0x000002d9de7da400 Uncommon trap: reason=bimorphic_or_optimized_type_check action=maybe_recompile pc=0x000002d9c51c50c0 method=com.android.tools.r8.internal.wL.a(Ljava/util/List;Lcom/android/tools/r8/internal/uA;Ljava/util/List;)Ljava/util/List; @ 31 c2
Event: 851.362 Thread 0x000002d9de7da400 DEOPT PACKING pc=0x000002d9c51c50c0 sp=0x000000de90afedf0
Event: 851.362 Thread 0x000002d9de7da400 DEOPT UNPACKING pc=0x000002d9c314439c sp=0x000000de90afedf0 mode 2
Event: 851.362 Thread 0x000002d9de7da400 Uncommon trap: trap_request=0xffffffc6 fr.pc=0x000002d9c51c50c0 relative=0x00000000000019a0
Event: 851.362 Thread 0x000002d9de7da400 Uncommon trap: reason=bimorphic_or_optimized_type_check action=maybe_recompile pc=0x000002d9c51c50c0 method=com.android.tools.r8.internal.wL.a(Ljava/util/List;Lcom/android/tools/r8/internal/uA;Ljava/util/List;)Ljava/util/List; @ 31 c2
Event: 851.362 Thread 0x000002d9de7da400 DEOPT PACKING pc=0x000002d9c51c50c0 sp=0x000000de90afedf0
Event: 851.362 Thread 0x000002d9de7da400 DEOPT UNPACKING pc=0x000002d9c314439c sp=0x000000de90afedf0 mode 2
Event: 851.377 Thread 0x000002d9ddebbc50 Uncommon trap: trap_request=0xffffff76 fr.pc=0x000002d9c59f60d4 relative=0x0000000000001b94
Event: 851.377 Thread 0x000002d9ddebbc50 Uncommon trap: reason=predicate action=maybe_recompile pc=0x000002d9c59f60d4 method=com.android.tools.r8.graph.F4.a(Ljava/util/Set;)V @ 26 c2
Event: 851.377 Thread 0x000002d9ddebbc50 DEOPT PACKING pc=0x000002d9c59f60d4 sp=0x000000de909feab0
Event: 851.377 Thread 0x000002d9ddebbc50 DEOPT UNPACKING pc=0x000002d9c314439c sp=0x000000de909feac0 mode 2
Event: 851.557 Thread 0x000002d9de7da400 Uncommon trap: trap_request=0xffffff45 fr.pc=0x000002d9c4aa1368 relative=0x0000000000000148
Event: 851.557 Thread 0x000002d9de7da400 Uncommon trap: reason=unstable_if action=reinterpret pc=0x000002d9c4aa1368 method=com.android.tools.r8.ir.optimize.info.w.a(Ljava/util/BitSet;)V @ 69 c2
Event: 851.557 Thread 0x000002d9de7da400 DEOPT PACKING pc=0x000002d9c4aa1368 sp=0x000000de90afe8b0
Event: 851.557 Thread 0x000002d9de7da400 DEOPT UNPACKING pc=0x000002d9c314439c sp=0x000000de90afe858 mode 2
Event: 851.567 Thread 0x000002d9de7da400 Uncommon trap: trap_request=0xffffff45 fr.pc=0x000002d9c3ed03f8 relative=0x00000000000004d8
Event: 851.567 Thread 0x000002d9de7da400 Uncommon trap: reason=unstable_if action=reinterpret pc=0x000002d9c3ed03f8 method=com.android.tools.r8.internal.wL.a(Ljava/util/List;Lcom/android/tools/r8/internal/uA;Ljava/util/List;)Ljava/util/List; @ 45 c2
Event: 851.567 Thread 0x000002d9de7da400 DEOPT PACKING pc=0x000002d9c3ed03f8 sp=0x000000de90afec10
Event: 851.567 Thread 0x000002d9de7da400 DEOPT UNPACKING pc=0x000002d9c314439c sp=0x000000de90afebd8 mode 2

Classes loaded (20 events):
Event: 351.419 Loading class java/util/stream/SliceOps$1$1
Event: 351.420 Loading class java/util/stream/SliceOps$1$1 done
Event: 353.135 Loading class java/util/PriorityQueue
Event: 353.202 Loading class java/util/PriorityQueue done
Event: 355.496 Loading class java/util/stream/ReduceOps$5
Event: 355.500 Loading class java/util/stream/ReduceOps$5 done
Event: 355.500 Loading class java/util/stream/ReduceOps$CountingSink$OfRef
Event: 355.503 Loading class java/util/stream/ReduceOps$CountingSink
Event: 355.584 Loading class java/util/stream/ReduceOps$CountingSink done
Event: 355.584 Loading class java/util/stream/ReduceOps$CountingSink$OfRef done
Event: 414.325 Loading class java/util/function/ObjIntConsumer
Event: 414.331 Loading class java/util/function/ObjIntConsumer done
Event: 423.807 Loading class java/util/AbstractList$SubList
Event: 423.812 Loading class java/util/AbstractList$SubList done
Event: 423.812 Loading class java/util/AbstractList$SubList$1
Event: 423.813 Loading class java/util/AbstractList$SubList$1 done
Event: 675.684 Loading class java/util/concurrent/ConcurrentHashMap$TableStack
Event: 676.744 Loading class java/util/concurrent/ConcurrentHashMap$TableStack done
Event: 769.488 Loading class jdk/internal/math/FloatToDecimal
Event: 769.659 Loading class jdk/internal/math/FloatToDecimal done

Classes unloaded (6 events):
Event: 109.489 Thread 0x000002d9b8928a50 Unloading class 0x000000080118c400 'java/lang/invoke/LambdaForm$DMH+0x000000080118c400'
Event: 274.564 Thread 0x000002d9b8928a50 Unloading class 0x0000000801310000 'java/lang/invoke/LambdaForm$MH+0x0000000801310000'
Event: 274.564 Thread 0x000002d9b8928a50 Unloading class 0x0000000801309400 'java/lang/invoke/LambdaForm$DMH+0x0000000801309400'
Event: 274.565 Thread 0x000002d9b8928a50 Unloading class 0x0000000801309000 'java/lang/invoke/LambdaForm$DMH+0x0000000801309000'
Event: 369.232 Thread 0x000002d9b8928a50 Unloading class 0x0000000801448000 'java/lang/invoke/LambdaForm$DMH+0x0000000801448000'
Event: 369.233 Thread 0x000002d9b8928a50 Unloading class 0x0000000801394000 'java/lang/invoke/LambdaForm$DMH+0x0000000801394000'

Classes redefined (0 events):
No events

Internal exceptions (20 events):
Event: 775.585 Thread 0x000002d9da189c50 Exception <a 'sun/nio/fs/WindowsException'{0x000000072500ac20}> (0x000000072500ac20) 
thrown [s\src\hotspot\share\prims\jni.cpp, line 537]
Event: 775.709 Thread 0x000002d9da189c50 Exception <a 'sun/nio/fs/WindowsException'{0x000000072501abe0}> (0x000000072501abe0) 
thrown [s\src\hotspot\share\prims\jni.cpp, line 537]
Event: 785.584 Thread 0x000002d9da189c50 Exception <a 'sun/nio/fs/WindowsException'{0x00000007622061e0}> (0x00000007622061e0) 
thrown [s\src\hotspot\share\prims\jni.cpp, line 537]
Event: 785.587 Thread 0x000002d9da189c50 Exception <a 'sun/nio/fs/WindowsException'{0x0000000762214a58}> (0x0000000762214a58) 
thrown [s\src\hotspot\share\prims\jni.cpp, line 537]
Event: 795.561 Thread 0x000002d9da189c50 Exception <a 'sun/nio/fs/WindowsException'{0x000000070d8066c0}> (0x000000070d8066c0) 
thrown [s\src\hotspot\share\prims\jni.cpp, line 537]
Event: 795.565 Thread 0x000002d9da189c50 Exception <a 'sun/nio/fs/WindowsException'{0x000000070d815620}> (0x000000070d815620) 
thrown [s\src\hotspot\share\prims\jni.cpp, line 537]
Event: 806.045 Thread 0x000002d9da189c50 Exception <a 'sun/nio/fs/WindowsException'{0x00000006f5dd4610}> (0x00000006f5dd4610) 
thrown [s\src\hotspot\share\prims\jni.cpp, line 537]
Event: 806.187 Thread 0x000002d9da189c50 Exception <a 'sun/nio/fs/WindowsException'{0x00000006f560d198}> (0x00000006f560d198) 
thrown [s\src\hotspot\share\prims\jni.cpp, line 537]
Event: 815.577 Thread 0x000002d9da189c50 Exception <a 'sun/nio/fs/WindowsException'{0x00000006ef8ed6f8}> (0x00000006ef8ed6f8) 
thrown [s\src\hotspot\share\prims\jni.cpp, line 537]
Event: 815.597 Thread 0x000002d9da189c50 Exception <a 'sun/nio/fs/WindowsException'{0x00000006ef9348a8}> (0x00000006ef9348a8) 
thrown [s\src\hotspot\share\prims\jni.cpp, line 537]
Event: 825.755 Thread 0x000002d9da189c50 Exception <a 'sun/nio/fs/WindowsException'{0x00000007ff80c358}> (0x00000007ff80c358) 
thrown [s\src\hotspot\share\prims\jni.cpp, line 537]
Event: 825.772 Thread 0x000002d9da189c50 Exception <a 'sun/nio/fs/WindowsException'{0x00000007ffa1ace0}> (0x00000007ffa1ace0) 
thrown [s\src\hotspot\share\prims\jni.cpp, line 537]
Event: 835.327 Thread 0x000002d9ddebbc50 Implicit null exception at 0x000002d9c3a40651 to 0x000002d9c3a413d0
Event: 835.569 Thread 0x000002d9da189c50 Exception <a 'sun/nio/fs/WindowsException'{0x000000076c294a98}> (0x000000076c294a98) 
thrown [s\src\hotspot\share\prims\jni.cpp, line 537]
Event: 835.573 Thread 0x000002d9da189c50 Exception <a 'sun/nio/fs/WindowsException'{0x000000076c2a4a58}> (0x000000076c2a4a58) 
thrown [s\src\hotspot\share\prims\jni.cpp, line 537]
Event: 842.797 Thread 0x000002d9de7da400 Implicit null exception at 0x000002d9c4079966 to 0x000002d9c407a3b8
Event: 842.797 Thread 0x000002d9ddebbc50 Implicit null exception at 0x000002d9c4079966 to 0x000002d9c407a3b8
Event: 844.584 Thread 0x000002d9de7d9d70 Exception <a 'java/lang/NoSuchMethodError'{0x0000000765c455e0}: 'java.lang.Object java.lang.invoke.DirectMethodHandle$Holder.invokeStatic(java.lang.Object, java.lang.Object, java.lang.Object, int, java.lang.Object, java.lang.Object)'> (0x0000000765c455e0) 
thrown [s\src\hotspot\share\interpreter\linkResolver.cpp, line 784]
Event: 845.577 Thread 0x000002d9da189c50 Exception <a 'sun/nio/fs/WindowsException'{0x0000000776115a28}> (0x0000000776115a28) 
thrown [s\src\hotspot\share\prims\jni.cpp, line 537]
Event: 845.581 Thread 0x000002d9da189c50 Exception <a 'sun/nio/fs/WindowsException'{0x00000007761259e8}> (0x00000007761259e8) 
thrown [s\src\hotspot\share\prims\jni.cpp, line 537]

ZGC Phase Switch (0 events):
No events

VM Operations (20 events):
Event: 844.467 Executing non-safepoint VM operation: HandshakeAllThreads (Deoptimize) done
Event: 845.177 Executing safepoint VM operation: G1CollectForAllocation (G1 Evacuation Pause)
Event: 845.276 Executing safepoint VM operation: G1CollectForAllocation (G1 Evacuation Pause) done
Event: 846.085 Executing non-safepoint VM operation: HandshakeAllThreads (HandshakeForDeflation)
Event: 846.086 Executing non-safepoint VM operation: HandshakeAllThreads (HandshakeForDeflation) done
Event: 846.086 Executing non-safepoint VM operation: RendezvousGCThreads
Event: 846.086 Executing non-safepoint VM operation: RendezvousGCThreads done
Event: 846.134 Executing non-safepoint VM operation: HandshakeAllThreads (Deoptimize)
Event: 846.135 Executing non-safepoint VM operation: HandshakeAllThreads (Deoptimize) done
Event: 847.149 Executing safepoint VM operation: Cleanup
Event: 847.183 Executing safepoint VM operation: Cleanup done
Event: 847.735 Executing safepoint VM operation: G1CollectForAllocation (G1 Evacuation Pause)
Event: 848.595 Executing safepoint VM operation: G1CollectForAllocation (G1 Evacuation Pause) done
Event: 849.610 Executing safepoint VM operation: Cleanup
Event: 849.720 Executing safepoint VM operation: Cleanup done
Event: 850.731 Executing safepoint VM operation: Cleanup
Event: 850.732 Executing safepoint VM operation: Cleanup done
Event: 851.373 Executing non-safepoint VM operation: HandshakeAllThreads (Deoptimize)
Event: 851.373 Executing non-safepoint VM operation: HandshakeAllThreads (Deoptimize) done
Event: 852.329 Executing safepoint VM operation: G1CollectForAllocation (G1 Evacuation Pause)

Memory protections (0 events):
No events

Nmethod flushes (20 events):
Event: 660.490 Thread 0x000002d9b8928a50 flushing  nmethod 0x000002d9bf23d390
Event: 660.490 Thread 0x000002d9b8928a50 flushing  nmethod 0x000002d9bf23e390
Event: 660.490 Thread 0x000002d9b8928a50 flushing  nmethod 0x000002d9bf23f090
Event: 660.490 Thread 0x000002d9b8928a50 flushing osr nmethod 0x000002d9bf240d10
Event: 660.490 Thread 0x000002d9b8928a50 flushing  nmethod 0x000002d9bf277a90
Event: 660.490 Thread 0x000002d9b8928a50 flushing  nmethod 0x000002d9bf2adf90
Event: 660.490 Thread 0x000002d9b8928a50 flushing  nmethod 0x000002d9bf365b90
Event: 660.490 Thread 0x000002d9b8928a50 flushing  nmethod 0x000002d9bf369190
Event: 660.490 Thread 0x000002d9b8928a50 flushing  nmethod 0x000002d9bf36bc10
Event: 660.490 Thread 0x000002d9b8928a50 flushing  nmethod 0x000002d9bf36fa90
Event: 660.490 Thread 0x000002d9b8928a50 flushing  nmethod 0x000002d9bf371110
Event: 660.490 Thread 0x000002d9b8928a50 flushing  nmethod 0x000002d9bf377710
Event: 660.490 Thread 0x000002d9b8928a50 flushing  nmethod 0x000002d9bf37e910
Event: 660.490 Thread 0x000002d9b8928a50 flushing  nmethod 0x000002d9bf383a10
Event: 660.490 Thread 0x000002d9b8928a50 flushing  nmethod 0x000002d9bf3bfd10
Event: 660.490 Thread 0x000002d9b8928a50 flushing  nmethod 0x000002d9bf3c0290
Event: 660.490 Thread 0x000002d9b8928a50 flushing  nmethod 0x000002d9bf3c0b90
Event: 660.490 Thread 0x000002d9b8928a50 flushing  nmethod 0x000002d9bf3c4e10
Event: 660.490 Thread 0x000002d9b8928a50 flushing  nmethod 0x000002d9bf3c7190
Event: 660.490 Thread 0x000002d9b8928a50 flushing  nmethod 0x000002d9bf3c8090

Events (20 events):
Event: 62.736 Thread 0x000002d9ddeba8a0 Thread added: 0x000002d9ddeb9b80
Event: 65.628 Thread 0x000002d9ddeba8a0 Thread added: 0x000002d9ddebb5c0
Event: 69.355 Thread 0x000002d9ddeb7420 Thread added: 0x000002d9ddebc2e0
Event: 70.510 Thread 0x000002d9ddeb7420 Thread added: 0x000002d9ddeb8e60
Event: 70.879 Thread 0x000002d9ddeb7420 Thread added: 0x000002d9ddeb94f0
Event: 71.472 Thread 0x000002d9ddeb7420 Thread added: 0x000002d9ddebd000
Event: 72.071 Thread 0x000002d9ddeb7420 Thread added: 0x000002d9ddebd690
Event: 72.099 Thread 0x000002d9ddeb7420 Thread added: 0x000002d9db2a0710
Event: 73.346 Thread 0x000002d9ddeb7420 Thread added: 0x000002d9de7d6260
Event: 75.100 Thread 0x000002d9ddeb7420 Thread added: 0x000002d9de7d68f0
Event: 75.416 Thread 0x000002d9ddeb7420 Thread added: 0x000002d9de7d9050
Event: 76.640 Thread 0x000002d9ddeb7420 Thread added: 0x000002d9de7d5bd0
Event: 77.239 Thread 0x000002d9ddeb7420 Thread added: 0x000002d9de7d96e0
Event: 77.303 Thread 0x000002d9ddeb7420 Thread added: 0x000002d9de7d89c0
Event: 79.214 Thread 0x000002d9ddeb7420 Thread added: 0x000002d9de7d6f80
Event: 88.470 Thread 0x000002d9ddeb7420 Thread added: 0x000002d9de7d9d70
Event: 101.421 Thread 0x000002d9de7d9d70 Thread added: 0x000002d9de7d7ca0
Event: 101.421 Thread 0x000002d9de7d9d70 Thread added: 0x000002d9de7da400
Event: 197.287 Thread 0x000002d9de7d7ca0 Thread exited: 0x000002d9de7d7ca0
Event: 220.616 Thread 0x000002d9de7d9d70 Thread added: 0x000002d9ddebbc50


Dynamic libraries:
0x00007ff7f0e60000 - 0x00007ff7f0e6a000 	C:\Program Files\Android\Android Studio\jbr\bin\java.exe
0x00007ffccbb00000 - 0x00007ffccbd66000 	C:\WINDOWS\SYSTEM32\ntdll.dll
0x00007ffcca1a0000 - 0x00007ffcca269000 	C:\WINDOWS\System32\KERNEL32.DLL
0x00007ffcc9340000 - 0x00007ffcc973f000 	C:\WINDOWS\System32\KERNELBASE.dll
0x00007ffcc8d10000 - 0x00007ffcc8e5c000 	C:\WINDOWS\System32\ucrtbase.dll
0x00007ffcaa810000 - 0x00007ffcaa828000 	C:\Program Files\Android\Android Studio\jbr\bin\jli.dll
0x00007ffca7bd0000 - 0x00007ffca7beb000 	C:\Program Files\Android\Android Studio\jbr\bin\VCRUNTIME140.dll
0x00007ffcc9a70000 - 0x00007ffcc9c36000 	C:\WINDOWS\System32\USER32.dll
0x00007ffcc9800000 - 0x00007ffcc9827000 	C:\WINDOWS\System32\win32u.dll
0x00007ffcb6280000 - 0x00007ffcb6511000 	C:\WINDOWS\WinSxS\amd64_microsoft.windows.common-controls_6595b64144ccf1df_6.0.26100.8972_none_3e0da176e32f9d4b\COMCTL32.dll
0x00007ffccb8f0000 - 0x00007ffccb91b000 	C:\WINDOWS\System32\GDI32.dll
0x00007ffcca270000 - 0x00007ffcca319000 	C:\WINDOWS\System32\msvcrt.dll
0x00007ffcc9210000 - 0x00007ffcc9339000 	C:\WINDOWS\System32\gdi32full.dll
0x00007ffcc9750000 - 0x00007ffcc97f3000 	C:\WINDOWS\System32\msvcp_win.dll
0x00007ffcc9930000 - 0x00007ffcc9962000 	C:\WINDOWS\System32\IMM32.DLL
0x00007ffcb43e0000 - 0x00007ffcb44d2000 	C:\Program Files\Windhawk\Engine\1.6.1\64\windhawk.dll
0x00007ffcc9970000 - 0x00007ffcc9a2c000 	C:\WINDOWS\System32\ADVAPI32.dll
0x00007ffccb430000 - 0x00007ffccb4da000 	C:\WINDOWS\System32\sechost.dll
0x00007ffcc9c40000 - 0x00007ffcc9d58000 	C:\WINDOWS\System32\RPCRT4.dll
0x00007ffcbcad0000 - 0x00007ffcbcadc000 	C:\Program Files\Android\Android Studio\jbr\bin\vcruntime140_1.dll
0x00007ffca6840000 - 0x00007ffca68cd000 	C:\Program Files\Android\Android Studio\jbr\bin\msvcp140.dll
0x00007ffc749d0000 - 0x00007ffc75666000 	C:\Program Files\Android\Android Studio\jbr\bin\server\jvm.dll
0x00007ffcca000000 - 0x00007ffcca082000 	C:\WINDOWS\System32\WS2_32.dll
0x00007ffcc8b00000 - 0x00007ffcc8b5e000 	C:\WINDOWS\SYSTEM32\POWRPROF.dll
0x00007ffcb6240000 - 0x00007ffcb6276000 	C:\WINDOWS\SYSTEM32\WINMM.dll
0x00007ffcbfa20000 - 0x00007ffcbfa2b000 	C:\WINDOWS\SYSTEM32\VERSION.dll
0x00007ffcc8ac0000 - 0x00007ffcc8ad5000 	C:\WINDOWS\SYSTEM32\UMPDC.dll
0x00007ffcc7930000 - 0x00007ffcc794b000 	C:\WINDOWS\SYSTEM32\kernel.appcore.dll
0x00007ffcbad60000 - 0x00007ffcbad6a000 	C:\Program Files\Android\Android Studio\jbr\bin\jimage.dll
0x00007ffcb6520000 - 0x00007ffcb6762000 	C:\WINDOWS\SYSTEM32\DBGHELP.DLL
0x00007ffccb560000 - 0x00007ffccb8e5000 	C:\WINDOWS\System32\combase.dll
0x00007ffcc9850000 - 0x00007ffcc9929000 	C:\WINDOWS\System32\OLEAUT32.dll
0x00007ffcb6930000 - 0x00007ffcb696b000 	C:\WINDOWS\SYSTEM32\dbgcore.DLL
0x000002d9b8060000 - 0x000002d9b810c000 	C:\WINDOWS\System32\bcryptPrimitives.dll
0x00007ffcb7cf0000 - 0x00007ffcb7cfe000 	C:\Program Files\Android\Android Studio\jbr\bin\instrument.dll
0x00007ffca7bb0000 - 0x00007ffca7bd0000 	C:\Program Files\Android\Android Studio\jbr\bin\java.dll
0x00007ffca7870000 - 0x00007ffca7888000 	C:\Program Files\Android\Android Studio\jbr\bin\zip.dll
0x00007ffccaca0000 - 0x00007ffccb428000 	C:\WINDOWS\System32\SHELL32.dll
0x00007ffcc6710000 - 0x00007ffcc6fab000 	C:\WINDOWS\SYSTEM32\windows.storage.dll
0x00007ffcc9f00000 - 0x00007ffcc9ff9000 	C:\WINDOWS\System32\SHCORE.dll
0x00007ffcc9e90000 - 0x00007ffcc9ef6000 	C:\WINDOWS\System32\shlwapi.dll
0x00007ffcc8c30000 - 0x00007ffcc8c59000 	C:\WINDOWS\SYSTEM32\profapi.dll
0x00007ffcbacc0000 - 0x00007ffcbacd0000 	C:\Program Files\Android\Android Studio\jbr\bin\net.dll
0x00007ffcbe990000 - 0x00007ffcbeab8000 	C:\WINDOWS\SYSTEM32\WINHTTP.dll
0x00007ffcc7ec0000 - 0x00007ffcc7f2c000 	C:\WINDOWS\system32\mswsock.dll
0x00007ffca7850000 - 0x00007ffca7866000 	C:\Program Files\Android\Android Studio\jbr\bin\nio.dll
0x00007ffcba920000 - 0x00007ffcba930000 	C:\Program Files\Android\Android Studio\jbr\bin\verify.dll
0x00007ffca7400000 - 0x00007ffca7427000 	C:\Users\VINICIUS\.gradle\native\c067742578af261105cb4f569cf0c3c89f3d7b1fecec35dd04571415982c5e48\windows-amd64\native-platform.dll
0x00007ffc75a70000 - 0x00007ffc75bb4000 	C:\Users\VINICIUS\.gradle\native\100fb08df4bc3b14c8652ba06237920a3bd2aa13389f12d3474272988ae205f9\windows-amd64\native-platform-file-events.dll
0x00007ffcb9a80000 - 0x00007ffcb9a89000 	C:\Program Files\Android\Android Studio\jbr\bin\management.dll
0x00007ffcaa800000 - 0x00007ffcaa80b000 	C:\Program Files\Android\Android Studio\jbr\bin\management_ext.dll
0x00007ffcc9e80000 - 0x00007ffcc9e88000 	C:\WINDOWS\System32\PSAPI.DLL
0x00007ffcc82e0000 - 0x00007ffcc82fb000 	C:\WINDOWS\SYSTEM32\CRYPTSP.dll
0x00007ffcc7890000 - 0x00007ffcc78c9000 	C:\WINDOWS\system32\rsaenh.dll
0x00007ffcc7f70000 - 0x00007ffcc7fa2000 	C:\WINDOWS\SYSTEM32\USERENV.dll
0x00007ffcc8c00000 - 0x00007ffcc8c2a000 	C:\WINDOWS\SYSTEM32\bcrypt.dll
0x00007ffcc8120000 - 0x00007ffcc812c000 	C:\WINDOWS\SYSTEM32\CRYPTBASE.dll
0x00007ffcc7390000 - 0x00007ffcc73c3000 	C:\WINDOWS\SYSTEM32\IPHLPAPI.DLL
0x00007ffccb920000 - 0x00007ffccb92a000 	C:\WINDOWS\System32\NSI.dll
0x00007ffca7ba0000 - 0x00007ffca7ba9000 	C:\Program Files\Android\Android Studio\jbr\bin\extnet.dll
0x00007ffcbcf10000 - 0x00007ffcbcf18000 	C:\WINDOWS\system32\wshunix.dll
0x00007ffcb1b90000 - 0x00007ffcb1ba8000 	C:\WINDOWS\system32\napinsp.dll
0x00007ffcc73d0000 - 0x00007ffcc7528000 	C:\WINDOWS\SYSTEM32\DNSAPI.dll
0x00007ffcc7cc0000 - 0x00007ffcc7ccd000 	C:\WINDOWS\SYSTEM32\DSPARSE.dll
0x00007ffcb1310000 - 0x00007ffcb1323000 	C:\WINDOWS\System32\winrnr.dll
0x00007ffcb1010000 - 0x00007ffcb1032000 	C:\WINDOWS\system32\nlansp_c.dll
0x00007ffcb0ff0000 - 0x00007ffcb1006000 	C:\WINDOWS\system32\wshbth.dll
0x00007ffcbabf0000 - 0x00007ffcbabfb000 	C:\Windows\System32\rasadhlp.dll
0x00007ffcbc940000 - 0x00007ffcbc9c6000 	C:\WINDOWS\System32\fwpuclnt.dll

JVMTI agents:
C:\Users\VINICIUS\.gradle\wrapper\dists\gradle-8.9-bin\90cnw93cvbtalezasaz0blq0a\gradle-8.9\lib\agents\gradle-instrumentation-agent-8.9.jar path:C:\Program Files\Android\Android Studio\jbr\bin\instrument.dll, loaded, initialized, instrumentlib options:none

dbghelp: loaded successfully - version: 4.0.5 - missing functions: none
symbol engine: initialized successfully - sym options: 0x614 - pdb path: .;C:\Program Files\Android\Android Studio\jbr\bin;C:\WINDOWS\SYSTEM32;C:\WINDOWS\WinSxS\amd64_microsoft.windows.common-controls_6595b64144ccf1df_6.0.26100.8972_none_3e0da176e32f9d4b;C:\Program Files\Windhawk\Engine\1.6.1\64;C:\Program Files\Android\Android Studio\jbr\bin\server;C:\Users\VINICIUS\.gradle\native\c067742578af261105cb4f569cf0c3c89f3d7b1fecec35dd04571415982c5e48\windows-amd64;C:\Users\VINICIUS\.gradle\native\100fb08df4bc3b14c8652ba06237920a3bd2aa13389f12d3474272988ae205f9\windows-amd64

VM Arguments:
jvm_args: --add-opens=java.base/java.util=ALL-UNNAMED --add-opens=java.base/java.lang=ALL-UNNAMED --add-opens=java.base/java.lang.invoke=ALL-UNNAMED --add-opens=java.prefs/java.util.prefs=ALL-UNNAMED --add-exports=jdk.compiler/com.sun.tools.javac.api=ALL-UNNAMED --add-exports=jdk.compiler/com.sun.tools.javac.util=ALL-UNNAMED --add-opens=java.base/java.nio.charset=ALL-UNNAMED --add-opens=java.base/java.net=ALL-UNNAMED --add-opens=java.base/java.util.concurrent.atomic=ALL-UNNAMED -Xmx6144m -Dfile.encoding=UTF-8 -Duser.country=BR -Duser.language=pt -Duser.variant -javaagent:C:\Users\VINICIUS\.gradle\wrapper\dists\gradle-8.9-bin\90cnw93cvbtalezasaz0blq0a\gradle-8.9\lib\agents\gradle-instrumentation-agent-8.9.jar 
java_command: org.gradle.launcher.daemon.bootstrap.GradleDaemon 8.9
java_class_path (initial): C:\Users\VINICIUS\.gradle\wrapper\dists\gradle-8.9-bin\90cnw93cvbtalezasaz0blq0a\gradle-8.9\lib\gradle-daemon-main-8.9.jar
Launcher Type: SUN_STANDARD

[Global flags]
     intx CICompilerCount                          = 2                                         {product} {ergonomic}
     uint ConcGCThreads                            = 1                                         {product} {ergonomic}
     uint G1ConcRefinementThreads                  = 2                                         {product} {ergonomic}
   size_t G1HeapRegionSize                         = 4194304                                   {product} {ergonomic}
    uintx GCDrainStackTargetSize                   = 64                                        {product} {ergonomic}
   size_t InitialHeapSize                          = 67108864                                  {product} {ergonomic}
   size_t MarkStackSize                            = 4194304                                   {product} {ergonomic}
   size_t MaxHeapSize                              = 6442450944                                {product} {command line}
   size_t MaxNewSize                               = 3862953984                                {product} {ergonomic}
   size_t MinHeapDeltaBytes                        = 4194304                                   {product} {ergonomic}
   size_t MinHeapSize                              = 8388608                                   {product} {ergonomic}
    uintx NonNMethodCodeHeapSize                   = 5826188                                {pd product} {ergonomic}
    uintx NonProfiledCodeHeapSize                  = 122916026                              {pd product} {ergonomic}
    uintx ProfiledCodeHeapSize                     = 122916026                              {pd product} {ergonomic}
    uintx ReservedCodeCacheSize                    = 251658240                              {pd product} {ergonomic}
     bool SegmentedCodeCache                       = true                                      {product} {ergonomic}
   size_t SoftMaxHeapSize                          = 6442450944                             {manageable} {ergonomic}
     bool UseCompressedOops                        = true                           {product lp64_product} {ergonomic}
     bool UseG1GC                                  = true                                      {product} {ergonomic}
     bool UseLargePagesIndividualAllocation        = false                                  {pd product} {ergonomic}

Logging:
Log output configuration:
 #0: stdout all=warning uptime,level,tags foldmultilines=false
 #1: stderr all=off uptime,level,tags foldmultilines=false

Release file:
JAVA_VERSION="21.0.10" 
MODULES="java.base java.compiler java.datatransfer java.xml java.prefs java.desktop java.instrument java.logging java.management java.security.sasl java.naming java.rmi java.management.rmi java.net.http java.scripting java.security.jgss java.transaction.xa java.sql java.sql.rowset java.xml.crypto java.se java.smartcardio jdk.accessibility jdk.internal.jvmstat jdk.attach jdk.charsets jdk.internal.opt jdk.zipfs jdk.compiler jdk.crypto.ec jdk.crypto.cryptoki jdk.dynalink jdk.hotspot.agent jdk.httpserver jdk.internal.ed jdk.internal.le jdk.internal.vm.ci jdk.jartool jdk.javadoc jdk.jcmd jdk.jdeps jdk.jdwp.agent jdk.jdi jdk.jfr jdk.jlink jdk.jsobject jdk.localedata jdk.management jdk.management.agent jdk.management.jfr jdk.naming.dns jdk.naming.rmi jdk.net jdk.sctp jdk.security.auth jdk.security.jgss jdk.unsupported jdk.unsupported.desktop jdk.xml.dom" 
IMPLEMENTOR="JetBrains s.r.o." 
JAVA_RUNTIME_VERSION="21.0.10+-14961533-b1163.108" 
LIBC="default" 
OS_ARCH="x86_64" 
OS_NAME="Windows" 
SOURCE=".:git:1351622c2ff2" 

Environment Variables:
JAVA_HOME=C:\Program Files\Android\Android Studio\jbr
PATH=C:\WINDOWS\system32;C:\WINDOWS;C:\WINDOWS\System32\Wbem;C:\WINDOWS\System32\WindowsPowerShell\v1.0\;C:\WINDOWS\System32\OpenSSH\;C:\Program Files\dotnet\;C:\Program Files (x86)\HP\HP OCR\DB_Lib\;C:\Program Files\HP\Common\HPDestPlgIn\;C:\Program Files (x86)\HP\Common\HPDestPlgIn\;C:\Program Files\nodejs\;C:\Program Files\Git\cmd;C:\Users\VINICIUS\AppData\Local\Microsoft\WindowsApps;C:\Program Files\HP\Common\HPDestPlgIn\;C:\Program Files (x86)\HP\Common\HPDestPlgIn\;C:\Users\VINICIUS\AppData\Local\Programs\Ollama;C:\Users\VINICIUS\AppData\Local\Programs\Microsoft VS Code\bin;C:\Users\VINICIUS\AppData\Roaming\npm
USERNAME=VINICIUS
OS=Windows_NT
PROCESSOR_IDENTIFIER=Intel64 Family 6 Model 122 Stepping 1, GenuineIntel
TMP=C:\Users\VINICIUS\AppData\Local\Temp
TEMP=C:\Users\VINICIUS\AppData\Local\Temp




Periodic native trim disabled

JNI global refs:
JNI global refs: 26, weak refs: 10

JNI global refs memory usage: 835, weak refs: 833

Process memory usage:
Resident Set Size: 1956548K (48% of 4026768K total physical memory with 189684K free physical memory)

OOME stack traces (most recent first):
Classloader memory used:
Loader org.gradle.internal.classloader.VisitableURLClassLoader$InstrumentingVisitableURLClassLoader: 65369K
Loader org.gradle.internal.classloader.VisitableURLClassLoader                         : 40454K
Loader bootstrap                                                                       : 29894K
Loader org.gradle.initialization.MixInLegacyTypesClassLoader                           : 11410K
Loader jdk.internal.loader.ClassLoaders$PlatformClassLoader                            : 549K
Loader jdk.internal.loader.ClassLoaders$AppClassLoader                                 : 230K
Loader jdk.internal.reflect.DelegatingClassLoader                                      : 201K
Loader org.gradle.internal.classloader.VisitableURLClassLoader                         : 108K
Loader sun.reflect.misc.MethodUtil                                                     : 2984B

Classes loaded by more than one classloader:
Class Program                                                                         : loaded 5 times (x 72B)
Class com.google.common.base.Equivalence$Identity                                     : loaded 2 times (x 82B)
Class com.google.common.collect.RegularImmutableMap$KeySet                            : loaded 2 times (x 150B)
Class org.gradle.internal.classloader.FilteringClassLoader                            : loaded 2 times (x 105B)
Class com.google.common.collect.SortedSetMultimap                                     : loaded 2 times (x 70B)
Class [Lcom.google.common.base.AbstractIterator$State;                                : loaded 2 times (x 69B)
Class com.google.common.base.CharMatcher$IsEither                                     : loaded 2 times (x 111B)
Class org.gradle.internal.classloader.ClassLoaderHierarchy                            : loaded 2 times (x 70B)
Class com.google.common.collect.AbstractMapBasedMultimap$WrappedCollection            : loaded 2 times (x 124B)
Class com.google.common.collect.ImmutableEnumSet                                      : loaded 2 times (x 146B)
Class com.google.common.util.concurrent.ExecutionError                                : loaded 2 times (x 82B)
Class com.google.common.collect.ImmutableList$1                                       : loaded 2 times (x 97B)
Class org.gradle.api.internal.classpath.ManifestUtil                                  : loaded 2 times (x 71B)
Class com.google.common.collect.RegularImmutableMap                                   : loaded 2 times (x 121B)
Class com.google.common.collect.ImmutableMap$MapViewOfValuesAsSingletonSets           : loaded 2 times (x 125B)
Class [Lorg.objectweb.asm.Symbol;                                                     : loaded 2 times (x 69B)
Class org.objectweb.asm.ClassVisitor                                                  : loaded 2 times (x 88B)
Class com.google.common.collect.UnmodifiableListIterator                              : loaded 2 times (x 95B)
Class org.objectweb.asm.MethodTooLargeException                                       : loaded 2 times (x 83B)
Class [Lcom.google.common.cache.CacheBuilder$OneWeigher;                              : loaded 2 times (x 69B)
Class com.google.common.base.Suppliers                                                : loaded 2 times (x 71B)
Class com.google.common.base.Platform$JdkPatternCompiler                              : loaded 2 times (x 75B)
Class org.gradle.internal.classloader.DefaultClassLoaderFactory                       : loaded 2 times (x 82B)
Class com.google.common.base.CharMatcher$None                                         : loaded 2 times (x 112B)
Class org.gradle.internal.classloader.ClassLoaderVisitor                              : loaded 2 times (x 76B)
Class [Lcom.google.common.collect.ImmutableMapEntry;                                  : loaded 2 times (x 69B)
Class org.gradle.api.internal.classpath.EffectiveClassPath                            : loaded 2 times (x 90B)
Class com.google.common.collect.ImmutableEnumMap                                      : loaded 2 times (x 125B)
Class com.google.common.collect.ListMultimap                                          : loaded 2 times (x 70B)
Class com.google.common.collect.Sets$1                                                : loaded 2 times (x 139B)
Class org.objectweb.asm.AnnotationVisitor                                             : loaded 2 times (x 78B)
Class com.google.common.base.Splitter                                                 : loaded 2 times (x 72B)
Class org.gradle.api.internal.DefaultClassPathProvider                                : loaded 2 times (x 76B)
Class com.google.common.collect.Sets$2                                                : loaded 2 times (x 139B)
Class [Lorg.gradle.api.internal.ClassPathProvider;                                    : loaded 2 times (x 69B)
Class org.gradle.api.internal.ClassPathProvider                                       : loaded 2 times (x 70B)
Class [Lorg.objectweb.asm.AnnotationVisitor;                                          : loaded 2 times (x 69B)
Class com.google.common.collect.Sets$3                                                : loaded 2 times (x 139B)
Class com.google.common.util.concurrent.AbstractFuture$SafeAtomicHelper               : loaded 2 times (x 79B)
Class com.google.common.cache.LocalCache$LocalLoadingCache                            : loaded 2 times (x 134B)
Class com.google.common.base.AbstractIterator$State                                   : loaded 2 times (x 79B)
Class org.gradle.internal.service.UnknownServiceException                             : loaded 2 times (x 83B)
Class com.google.common.collect.Sets$4                                                : loaded 2 times (x 139B)
Class org.objectweb.asm.ModuleVisitor                                                 : loaded 2 times (x 81B)
Class com.google.common.cache.LocalCache$Strength$1                                   : loaded 2 times (x 81B)
Class com.google.common.util.concurrent.SettableFuture                                : loaded 2 times (x 114B)
Class com.google.common.cache.LocalCache$Strength$2                                   : loaded 2 times (x 81B)
Class com.google.common.cache.LocalCache$Strength$3                                   : loaded 2 times (x 81B)
Class com.google.common.collect.MapDifference                                         : loaded 2 times (x 70B)
Class com.google.common.base.Splitter$1                                               : loaded 2 times (x 77B)
Class org.objectweb.asm.FieldWriter                                                   : loaded 2 times (x 78B)
Class com.google.common.cache.CacheBuilder$NullListener                               : loaded 2 times (x 82B)
Class org.gradle.internal.classpath.TransformedClassPath                              : loaded 2 times (x 96B)
Class com.google.common.cache.CacheLoader$FunctionToCacheLoader                       : loaded 2 times (x 75B)
Class com.google.common.collect.Iterators$ArrayItr                                    : loaded 2 times (x 97B)
Class com.google.common.collect.ImmutableCollection$Builder                           : loaded 2 times (x 76B)
Class com.google.common.base.Joiner                                                   : loaded 2 times (x 79B)
Class com.google.common.base.MoreObjects                                              : loaded 2 times (x 71B)
Class [Lorg.objectweb.asm.Type;                                                       : loaded 2 times (x 69B)
Class com.google.common.collect.Platform                                              : loaded 2 times (x 71B)
Class com.google.common.collect.UnmodifiableIterator                                  : loaded 2 times (x 80B)
Class org.gradle.internal.service.ServiceLocator                                      : loaded 2 times (x 70B)
Class com.google.common.collect.SingletonImmutableBiMap                               : loaded 2 times (x 143B)
Class com.google.common.base.Ascii                                                    : loaded 2 times (x 71B)
Class com.google.common.cache.LocalCache$1                                            : loaded 2 times (x 89B)
Class com.google.common.collect.AbstractMapEntry                                      : loaded 2 times (x 81B)
Class com.google.common.collect.AbstractSetMultimap                                   : loaded 2 times (x 174B)
Class com.google.common.collect.Sets$ImprovedAbstractSet                              : loaded 2 times (x 135B)
Class com.google.common.collect.ImmutableList$Builder                                 : loaded 2 times (x 77B)
Class com.google.common.cache.LocalCache$2                                            : loaded 2 times (x 142B)
Class com.google.common.collect.AbstractMultimap                                      : loaded 2 times (x 123B)
Class com.google.common.util.concurrent.AbstractFuture$UnsafeAtomicHelper$1           : loaded 2 times (x 76B)
Class com.google.common.collect.RegularImmutableAsList                                : loaded 2 times (x 216B)
Class com.google.common.util.concurrent.AbstractFuture$Trusted                        : loaded 2 times (x 70B)
Class com.google.common.collect.Iterators                                             : loaded 2 times (x 71B)
Class com.google.common.base.CharMatcher$RangesMatcher                                : loaded 2 times (x 112B)
Class com.google.common.util.concurrent.UncheckedExecutionException                   : loaded 2 times (x 82B)
Class com.google.common.collect.Lists$StringAsImmutableList                           : loaded 2 times (x 207B)
Class com.google.common.base.CharMatcher$JavaLetterOrDigit                            : loaded 2 times (x 111B)
Class org.gradle.internal.InternalTransformer                                         : loaded 2 times (x 70B)
Class com.google.common.collect.AbstractMapBasedMultimap$KeySet$1                     : loaded 2 times (x 82B)
Class org.objectweb.asm.ClassWriter                                                   : loaded 2 times (x 106B)
Class com.google.common.cache.CacheLoader$UnsupportedLoadingOperationException        : loaded 2 times (x 82B)
Class com.google.common.base.CharMatcher$And                                          : loaded 2 times (x 112B)
Class org.gradle.internal.classloader.ClasspathUtil$1                                 : loaded 2 times (x 76B)
Class com.google.common.base.Objects                                                  : loaded 2 times (x 71B)
Class org.objectweb.asm.FieldVisitor                                                  : loaded 2 times (x 77B)
Class com.google.common.collect.IndexedImmutableSet                                   : loaded 2 times (x 150B)
Class com.google.common.collect.ImmutableMap$1                                        : loaded 2 times (x 81B)
Class com.google.common.collect.BiMap                                                 : loaded 2 times (x 70B)
Class org.gradle.api.internal.classpath.DefaultModuleRegistry$DefaultModule           : loaded 2 times (x 86B)
Class com.google.common.primitives.Ints                                               : loaded 2 times (x 71B)
Class com.google.common.collect.AbstractIterator                                      : loaded 2 times (x 82B)
Class com.google.common.math.MathPreconditions                                        : loaded 2 times (x 71B)
Class com.google.common.collect.Multiset                                              : loaded 2 times (x 70B)
Class com.google.common.collect.ArrayListMultimapGwtSerializationDependencies         : loaded 2 times (x 172B)
Class com.google.common.collect.ObjectArrays                                          : loaded 2 times (x 71B)
Class com.google.common.collect.AbstractIndexedListIterator                           : loaded 2 times (x 96B)
Class com.google.common.collect.ImmutableMapEntrySet                                  : loaded 2 times (x 151B)
Class org.gradle.api.internal.classpath.Module                                        : loaded 2 times (x 70B)
Class com.google.common.cache.Weigher                                                 : loaded 2 times (x 70B)
Class org.gradle.api.internal.classpath.UnknownModuleException                        : loaded 2 times (x 82B)
Class com.google.common.base.Stopwatch                                                : loaded 2 times (x 72B)
Class com.google.common.cache.LocalCache$Strength                                     : loaded 2 times (x 81B)
Class com.google.common.cache.Cache                                                   : loaded 2 times (x 70B)
Class com.google.common.util.concurrent.AbstractFuture$Cancellation                   : loaded 2 times (x 72B)
Class com.google.common.collect.ImmutableMap$Builder                                  : loaded 2 times (x 82B)
Class com.google.common.base.NullnessCasts                                            : loaded 2 times (x 71B)
Class com.google.common.collect.AbstractMapBasedMultimap$WrappedCollection$WrappedIterator: loaded 2 times (x 84B)
Class com.google.common.cache.RemovalListener                                         : loaded 2 times (x 70B)
Class org.gradle.api.internal.DefaultClassPathRegistry                                : loaded 2 times (x 76B)
Class com.google.common.primitives.IntsMethodsForWeb                                  : loaded 2 times (x 71B)
Class com.google.common.collect.Multimap                                              : loaded 2 times (x 70B)
Class org.gradle.api.internal.ClassPathRegistry                                       : loaded 2 times (x 70B)
Class org.gradle.internal.classpath.DefaultClassPath$ImmutableUniqueList              : loaded 2 times (x 199B)
Class com.google.common.base.ExtraObjectsMethodsForWeb                                : loaded 2 times (x 71B)
Class com.google.common.base.PairwiseEquivalence                                      : loaded 2 times (x 83B)
Class com.google.common.cache.CacheBuilder                                            : loaded 2 times (x 72B)
Class com.google.common.collect.SingletonImmutableList                                : loaded 2 times (x 207B)
Class Settings_gradle$1                                                               : loaded 2 times (x 74B)
Class org.gradle.internal.classpath.ClassPath                                         : loaded 2 times (x 70B)
Class org.gradle.api.UncheckedIOException                                             : loaded 2 times (x 82B)
Class com.google.common.collect.ImmutableList$ReverseImmutableList                    : loaded 2 times (x 208B)
Class com.google.common.base.JdkPattern                                               : loaded 2 times (x 75B)
Class org.objectweb.asm.SymbolTable$Entry                                             : loaded 2 times (x 74B)
Class com.google.common.util.concurrent.AbstractFuture$AtomicHelper                   : loaded 2 times (x 78B)
Class org.objectweb.asm.Edge                                                          : loaded 2 times (x 72B)
Class com.google.common.base.Suppliers$SupplierOfInstance                             : loaded 2 times (x 79B)
Class com.google.common.collect.Iterators$1                                           : loaded 2 times (x 81B)
Class com.google.common.cache.LocalCache$ComputingValueReference                      : loaded 2 times (x 96B)
Class com.google.common.collect.SingletonImmutableSet                                 : loaded 2 times (x 146B)
Class com.google.common.collect.ImmutableMap$IteratorBasedImmutableMap                : loaded 2 times (x 125B)
Class com.google.common.cache.LocalCache$Segment                                      : loaded 2 times (x 154B)
Class [Lorg.objectweb.asm.SymbolTable$Entry;                                          : loaded 2 times (x 69B)
Class com.google.common.cache.CacheLoader                                             : loaded 2 times (x 74B)
Class com.google.common.collect.Iterators$4                                           : loaded 2 times (x 82B)
Class com.google.common.collect.ImmutableBiMap                                        : loaded 2 times (x 143B)
Class com.google.common.collect.AbstractListMultimap                                  : loaded 2 times (x 172B)
Class org.gradle.internal.installation.GradleInstallation$1                           : loaded 2 times (x 75B)
Class org.gradle.api.internal.classpath.ModuleRegistry                                : loaded 2 times (x 70B)
Class com.google.common.util.concurrent.internal.InternalFutureFailureAccess          : loaded 2 times (x 72B)
Class com.google.common.collect.Iterators$5                                           : loaded 2 times (x 82B)
Class com.google.common.collect.ImmutableSet$JdkBackedSetBuilderImpl                  : loaded 2 times (x 76B)
Class com.google.common.base.Splitter$SplittingIterator                               : loaded 2 times (x 84B)
Class com.google.common.util.concurrent.AbstractFuture$UnsafeAtomicHelper             : loaded 2 times (x 78B)
Class com.google.common.cache.LocalCache$LocalManualCache$1                           : loaded 2 times (x 75B)
Class com.google.common.base.CharMatcher$ForPredicate                                 : loaded 2 times (x 112B)
Class com.google.common.collect.Multimaps$CustomSetMultimap                           : loaded 2 times (x 178B)
Class com.google.common.collect.ImmutableCollection                                   : loaded 2 times (x 125B)
Class com.google.common.base.CharMatcher$AnyOf                                        : loaded 2 times (x 112B)
Class org.gradle.api.internal.classpath.DefaultModuleRegistry                         : loaded 2 times (x 83B)
Class com.google.common.util.concurrent.ListenableFuture                              : loaded 2 times (x 70B)
Class com.google.common.cache.ReferenceEntry                                          : loaded 2 times (x 70B)
Class com.google.common.collect.ImmutableSet$CachingAsList                            : loaded 2 times (x 147B)
Class com.google.common.base.Converter                                                : loaded 2 times (x 90B)
Class com.google.common.collect.Lists                                                 : loaded 2 times (x 71B)
Class com.google.common.base.CharMatcher$Any                                          : loaded 2 times (x 112B)
Class com.google.common.util.concurrent.AbstractFuture                                : loaded 2 times (x 106B)
Class com.google.common.base.FunctionalEquivalence                                    : loaded 2 times (x 83B)
Class com.google.common.collect.Iterators$9                                           : loaded 2 times (x 81B)
Class com.google.common.collect.AbstractMapBasedMultimap                              : loaded 2 times (x 139B)
Class com.google.common.collect.ImmutableAsList                                       : loaded 2 times (x 209B)
Class org.objectweb.asm.RecordComponentVisitor                                        : loaded 2 times (x 77B)
Class com.google.common.cache.CacheLoader$SupplierToCacheLoader                       : loaded 2 times (x 75B)
Class com.google.common.collect.Maps$EntryTransformer                                 : loaded 2 times (x 70B)
Class org.gradle.internal.service.ServiceLookupException                              : loaded 2 times (x 82B)
Class [Lcom.google.common.cache.LocalCache$EntryFactory;                              : loaded 2 times (x 69B)
Class com.google.common.base.CharMatcher$JavaLetter                                   : loaded 2 times (x 111B)
Class org.gradle.internal.classloader.ClassLoaderFactory                              : loaded 2 times (x 70B)
Class com.google.common.cache.LocalCache$LocalManualCache                             : loaded 2 times (x 99B)
Class com.google.common.base.CharMatcher$IsNot                                        : loaded 2 times (x 111B)
Class com.google.common.base.CommonPattern                                            : loaded 2 times (x 74B)
Class org.gradle.internal.service.CachingServiceLocator                               : loaded 2 times (x 82B)
Class com.google.common.collect.AbstractMapBasedMultimap$KeySet                       : loaded 2 times (x 137B)
Class com.google.common.math.IntMath                                                  : loaded 2 times (x 71B)
Class com.google.common.collect.Iterators$10                                          : loaded 2 times (x 81B)
Class com.google.common.collect.ImmutableMapEntry                                     : loaded 2 times (x 85B)
Class com.google.common.base.CharMatcher$JavaDigit                                    : loaded 2 times (x 111B)
Class com.google.common.base.Equivalence                                              : loaded 2 times (x 82B)
Class com.google.common.collect.ImmutableMapEntry$NonTerminalImmutableMapEntry        : loaded 2 times (x 85B)
Class com.google.common.base.Function                                                 : loaded 2 times (x 70B)
Class com.google.common.cache.CacheBuilder$OneWeigher                                 : loaded 2 times (x 82B)
Class com.google.common.collect.RegularImmutableList                                  : loaded 2 times (x 212B)
Class com.google.common.collect.ImmutableBiMapFauxverideShim                          : loaded 2 times (x 120B)
Class org.gradle.internal.classloader.ClasspathUtil                                   : loaded 2 times (x 71B)
Class com.google.common.base.Charsets                                                 : loaded 2 times (x 71B)
Class com.google.common.util.concurrent.Uninterruptibles                              : loaded 2 times (x 71B)
Class com.google.common.collect.AbstractMapBasedMultimap$WrappedSet                   : loaded 2 times (x 142B)
Class com.google.common.collect.Maps                                                  : loaded 2 times (x 71B)
Class com.google.common.base.CharMatcher$JavaUpperCase                                : loaded 2 times (x 111B)
Class org.gradle.api.specs.Spec                                                       : loaded 2 times (x 70B)
Class [Lcom.google.common.collect.ImmutableEntry;                                     : loaded 2 times (x 69B)
Class com.google.common.cache.LocalCache$LoadingValueReference                        : loaded 2 times (x 96B)
Class com.google.common.base.Platform                                                 : loaded 2 times (x 71B)
Class [Lorg.objectweb.asm.AnnotationWriter;                                           : loaded 2 times (x 69B)
Class com.google.common.primitives.Ints$IntConverter                                  : loaded 2 times (x 90B)
Class com.google.common.collect.Maps$8                                                : loaded 2 times (x 82B)
Class com.google.common.collect.Sets$SetView                                          : loaded 2 times (x 138B)
Class com.google.common.cache.LocalCache$StrongValueReference                         : loaded 2 times (x 90B)
Class com.google.common.util.concurrent.AbstractFuture$SynchronizedHelper             : loaded 2 times (x 78B)
Class com.google.common.base.CharMatcher$Invisible                                    : loaded 2 times (x 112B)
Class org.objectweb.asm.Type                                                          : loaded 2 times (x 72B)
Class org.gradle.internal.classloader.VisitableURLClassLoader$InstrumentingVisitableURLClassLoader: loaded 2 times (x 123B)
Class org.objectweb.asm.ByteVector                                                    : loaded 2 times (x 79B)
Class [Lcom.google.common.cache.CacheBuilder$NullListener;                            : loaded 2 times (x 69B)
Class com.google.common.math.IntMath$1                                                : loaded 2 times (x 71B)
Class org.gradle.internal.classloader.VisitableURLClassLoader$Spec                    : loaded 2 times (x 74B)
Class org.gradle.internal.classpath.DefaultClassPath                                  : loaded 2 times (x 90B)
Class org.objectweb.asm.Symbol                                                        : loaded 2 times (x 73B)
Class com.google.common.base.AbstractIterator                                         : loaded 2 times (x 80B)
Class com.google.common.collect.RegularImmutableMap$Values                            : loaded 2 times (x 207B)
Class com.google.common.collect.ImmutableSet                                          : loaded 2 times (x 145B)
Class com.google.common.base.CharMatcher$BitSetMatcher                                : loaded 2 times (x 112B)
Class com.google.common.base.CharMatcher$Ascii                                        : loaded 2 times (x 112B)
Class org.gradle.internal.classloader.ClassLoaderSpec                                 : loaded 2 times (x 71B)
Class org.objectweb.asm.AnnotationWriter                                              : loaded 2 times (x 79B)
Class com.google.common.cache.CacheStats                                              : loaded 2 times (x 71B)
Class org.objectweb.asm.RecordComponentWriter                                         : loaded 2 times (x 78B)
Class com.google.common.util.concurrent.AbstractFuture$Listener                       : loaded 2 times (x 72B)
Class com.google.common.base.CharMatcher$Or                                           : loaded 2 times (x 112B)
Class Settings_gradle$1$1                                                             : loaded 2 times (x 74B)
Class org.objectweb.asm.Attribute                                                     : loaded 2 times (x 77B)
Class com.google.common.base.Supplier                                                 : loaded 2 times (x 70B)
Class org.gradle.internal.classloader.VisitableURLClassLoader                         : loaded 2 times (x 117B)
Class com.google.common.util.concurrent.AbstractFuture$Waiter                         : loaded 2 times (x 72B)
Class Settings_gradle                                                                 : loaded 2 times (x 128B)
Class org.gradle.internal.Cast                                                        : loaded 2 times (x 71B)
Class org.gradle.api.Action                                                           : loaded 2 times (x 70B)
Class com.google.common.collect.Sets                                                  : loaded 2 times (x 71B)
Class org.objectweb.asm.Handler                                                       : loaded 2 times (x 72B)
Class com.google.common.base.Ticker                                                   : loaded 2 times (x 72B)
Class com.google.common.base.Strings                                                  : loaded 2 times (x 71B)
Class com.google.common.base.CharMatcher$FastMatcher                                  : loaded 2 times (x 111B)
Class org.gradle.internal.agents.InstrumentingClassLoader                             : loaded 2 times (x 70B)
Class [Lcom.google.common.cache.LocalCache$Segment;                                   : loaded 2 times (x 69B)
Class [Lcom.google.common.cache.LocalCache$Strength;                                  : loaded 2 times (x 69B)
Class com.google.common.cache.CacheBuilder$1                                          : loaded 2 times (x 85B)
Class com.google.common.collect.ImmutableMap                                          : loaded 2 times (x 120B)
Class com.google.common.base.Predicate                                                : loaded 2 times (x 70B)
Class org.gradle.internal.classpath.DefaultClassPath$ImmutableUniqueList$Builder      : loaded 2 times (x 75B)
Class com.google.common.cache.LocalCache                                              : loaded 2 times (x 187B)
Class com.google.common.cache.CacheBuilder$2                                          : loaded 2 times (x 72B)
Class com.google.common.base.CharMatcher$NegatedFastMatcher                           : loaded 2 times (x 113B)
Class [Lcom.google.common.collect.AbstractMapEntry;                                   : loaded 2 times (x 69B)
Class com.google.common.collect.ImmutableEntry                                        : loaded 2 times (x 82B)
Class com.google.common.collect.ArrayListMultimap                                     : loaded 2 times (x 172B)
Class com.google.common.base.AbstractIterator$1                                       : loaded 2 times (x 71B)
Class com.google.common.base.CharMatcher$Digit                                        : loaded 2 times (x 112B)
Class org.gradle.api.GradleException                                                  : loaded 2 times (x 82B)
Class com.google.common.base.Suppliers$MemoizingSupplier                              : loaded 2 times (x 79B)
Class com.google.common.collect.CollectPreconditions                                  : loaded 2 times (x 71B)
Class com.google.common.base.CharMatcher$JavaIsoControl                               : loaded 2 times (x 112B)
Class com.google.common.collect.SortedMapDifference                                   : loaded 2 times (x 70B)
Class com.google.common.base.CharMatcher$JavaLowerCase                                : loaded 2 times (x 111B)
Class com.google.common.cache.LocalCache$EntryFactory                                 : loaded 2 times (x 83B)
Class com.google.common.cache.LocalCache$AbstractReferenceEntry                       : loaded 2 times (x 107B)
Class com.google.common.base.Splitter$1$1                                             : loaded 2 times (x 86B)
Class com.google.common.base.CharMatcher$Whitespace                                   : loaded 2 times (x 112B)
Class org.gradle.internal.IoActions                                                   : loaded 2 times (x 71B)
Class org.objectweb.asm.SymbolTable                                                   : loaded 2 times (x 72B)
Class com.google.common.cache.CacheLoader$InvalidCacheLoadException                   : loaded 2 times (x 82B)
Class com.google.common.collect.ImmutableSet$RegularSetBuilderImpl                    : loaded 2 times (x 77B)
Class com.google.common.base.CharMatcher$SingleWidth                                  : loaded 2 times (x 112B)
Class org.gradle.internal.classloader.SystemClassLoaderSpec                           : loaded 2 times (x 71B)
Class com.google.common.cache.LocalCache$StrongEntry                                  : loaded 2 times (x 108B)
Class com.google.common.util.concurrent.AbstractFuture$TrustedFuture                  : loaded 2 times (x 114B)
Class com.google.common.cache.LoadingCache                                            : loaded 2 times (x 70B)
Class com.google.common.base.Suppliers$NonSerializableMemoizingSupplier               : loaded 2 times (x 79B)
Class org.objectweb.asm.MethodWriter                                                  : loaded 2 times (x 106B)
Class [Lcom.google.common.cache.Weigher;                                              : loaded 2 times (x 69B)
Class com.google.common.collect.RegularImmutableMap$BucketOverflowException           : loaded 2 times (x 82B)
Class com.google.common.collect.RegularImmutableBiMap                                 : loaded 2 times (x 148B)
Class com.google.common.cache.LocalCache$ValueReference                               : loaded 2 times (x 70B)
Class com.google.common.base.CharMatcher$Negated                                      : loaded 2 times (x 113B)
Class com.google.common.base.CharMatcher$Is                                           : loaded 2 times (x 111B)
Class com.google.common.util.concurrent.AbstractFuture$Failure                        : loaded 2 times (x 72B)
Class com.google.common.base.Equivalence$Equals                                       : loaded 2 times (x 82B)
Class com.google.common.collect.Hashing                                               : loaded 2 times (x 71B)
Class com.google.common.base.PatternCompiler                                          : loaded 2 times (x 70B)
Class com.google.common.base.Preconditions                                            : loaded 2 times (x 71B)
Class com.google.common.base.Joiner$1                                                 : loaded 2 times (x 80B)
Class org.objectweb.asm.Label                                                         : loaded 2 times (x 73B)
Class org.objectweb.asm.CurrentFrame                                                  : loaded 2 times (x 73B)
Class org.objectweb.asm.ClassTooLargeException                                        : loaded 2 times (x 83B)
Class com.google.common.collect.PeekingIterator                                       : loaded 2 times (x 70B)
Class com.google.common.base.CharMatcher                                              : loaded 2 times (x 111B)
Class com.google.common.base.Joiner$2                                                 : loaded 2 times (x 79B)
Class org.objectweb.asm.Frame                                                         : loaded 2 times (x 73B)
Class org.objectweb.asm.MethodVisitor                                                 : loaded 2 times (x 105B)
Class com.google.common.cache.LocalCache$EntryFactory$1                               : loaded 2 times (x 83B)
Class [Lcom.google.common.cache.RemovalListener;                                      : loaded 2 times (x 69B)
Class com.google.common.base.CharMatcher$1                                            : loaded 2 times (x 113B)
Class com.google.common.base.CharMatcher$NamedFastMatcher                             : loaded 2 times (x 112B)
Class com.google.common.cache.LocalCache$EntryFactory$2                               : loaded 2 times (x 83B)
Class com.google.common.collect.Multimaps                                             : loaded 2 times (x 71B)
Class org.objectweb.asm.ModuleWriter                                                  : loaded 2 times (x 82B)
Class com.google.common.cache.LocalCache$EntryFactory$3                               : loaded 2 times (x 83B)
Class com.google.common.base.Ticker$1                                                 : loaded 2 times (x 72B)
Class com.google.common.collect.ImmutableMapEntrySet$RegularEntrySet                  : loaded 2 times (x 151B)
Class com.google.common.collect.Maps$BiMapConverter                                   : loaded 2 times (x 90B)
Class com.google.common.collect.SetMultimap                                           : loaded 2 times (x 70B)
Class com.google.common.cache.LocalCache$EntryFactory$4                               : loaded 2 times (x 83B)
Class com.google.common.collect.ImmutableSet$Builder                                  : loaded 2 times (x 85B)
Class com.google.common.base.CharMatcher$InRange                                      : loaded 2 times (x 111B)
Class com.google.common.cache.LocalCache$EntryFactory$5                               : loaded 2 times (x 83B)
Class com.google.common.cache.LocalCache$EntryFactory$6                               : loaded 2 times (x 83B)
Class org.gradle.internal.installation.CurrentGradleInstallationLocator               : loaded 2 times (x 71B)
Class com.google.common.collect.Maps$KeySet                                           : loaded 2 times (x 137B)
Class com.google.common.cache.LocalCache$EntryFactory$7                               : loaded 2 times (x 83B)
Class com.google.common.collect.ImmutableSet$EmptySetBuilderImpl                      : loaded 2 times (x 76B)
Class com.google.common.collect.ImmutableList                                         : loaded 2 times (x 206B)
Class org.gradle.internal.service.DefaultServiceLocator                               : loaded 2 times (x 83B)
Class com.google.common.cache.LocalCache$EntryFactory$8                               : loaded 2 times (x 83B)
Class com.google.common.collect.ImmutableSet$SetBuilderImpl                           : loaded 2 times (x 76B)
Class org.gradle.internal.installation.CurrentGradleInstallation                      : loaded 2 times (x 73B)
Class com.google.common.cache.CacheLoader$1                                           : loaded 2 times (x 75B)
Class com.google.common.collect.ImmutableList$SubList                                 : loaded 2 times (x 208B)
Class org.gradle.util.internal.GUtil                                                  : loaded 2 times (x 71B)
Class com.google.common.util.concurrent.AbstractFuture$SetFuture                      : loaded 2 times (x 75B)
Class com.google.common.cache.AbstractCache$StatsCounter                              : loaded 2 times (x 70B)
Class com.google.common.collect.Iterators$MergingIterator                             : loaded 2 times (x 81B)
Class com.google.common.collect.RegularImmutableSet                                   : loaded 2 times (x 148B)
Class org.gradle.internal.installation.GradleInstallation                             : loaded 2 times (x 75B)
Class com.google.common.collect.Iterables                                             : loaded 2 times (x 71B)
Class com.google.common.base.Splitter$Strategy                                        : loaded 2 times (x 70B)

---------------  S Y S T E M  ---------------

OS:
 Windows 11 , 64 bit Build 26100 (10.0.26100.9168)
OS uptime: 0 days 5:08 hours
Hyper-V role detected

CPU: total 2 (initial active 2) (2 cores per cpu, 1 threads per core) family 6 model 122 stepping 1 microcode 0x34, cx8, cmov, fxsr, mmx, 3dnowpref, sse, sse2, sse3, ssse3, sse4.1, sse4.2, popcnt, tsc, tscinvbit, aes, erms, clmul, sha, clflush, clflushopt, hv, rdtscp, rdpid
Processor Information for the first 2 processors :
  Max Mhz: 2001, Current Mhz: 2001, Mhz Limit: 2001

Memory: 4k page, system-wide physical 3932M (169M free)
TotalPageFile size 16220M (AvailPageFile size 208M)
current process WorkingSet (physical memory assigned to process): 1906M, peak: 2116M
current process commit charge ("private bytes"): 4520M, peak: 4853M

vm_info: OpenJDK 64-Bit Server VM (21.0.10+-14961533-b1163.108) for windows-amd64 JRE (21.0.10+-14961533-b1163.108), built on 2026-03-02T19:58:50Z by "builder" with MS VC++ 16.10 / 16.11 (VS2019)

END.
