#
# There is insufficient memory for the Java Runtime Environment to continue.
# Native memory allocation (malloc) failed to allocate 1279216 bytes. Error detail: Chunk::new
# Possible reasons:
#   The system is out of physical RAM or swap space
#   This process is running with CompressedOops enabled, and the Java Heap may be blocking the growth of the native heap
# Possible solutions:
#   Reduce memory load on the system
#   Increase physical memory or swap space
#   Check if swap backing store is full
#   Decrease Java heap size (-Xmx/-Xms)
#   Decrease number of Java threads
#   Decrease Java thread stack sizes (-Xss)
#   Set larger code cache with -XX:ReservedCodeCacheSize=
#   JVM is running with Unscaled Compressed Oops mode in which the Java heap is
#     placed in the first 4GB address space. The Java Heap base address is the
#     maximum limit for the native heap growth. Please use -XX:HeapBaseMinAddress
#     to set the Java Heap base and to place the Java Heap above 4GB virtual address.
# This output file may be truncated or incomplete.
#
#  Out of Memory Error (arena.cpp:168), pid=8148, tid=6024
#
# JRE version: OpenJDK Runtime Environment (21.0.10) (build 21.0.10+-14961533-b1163.108)
# Java VM: OpenJDK 64-Bit Server VM (21.0.10+-14961533-b1163.108, mixed mode, tiered, compressed oops, compressed class ptrs, g1 gc, windows-amd64)
# No core dump will be written. Minidumps are not enabled by default on client versions of Windows
#

---------------  S U M M A R Y ------------

Command Line: --add-opens=java.base/java.util=ALL-UNNAMED --add-opens=java.base/java.lang=ALL-UNNAMED --add-opens=java.base/java.lang.invoke=ALL-UNNAMED --add-opens=java.prefs/java.util.prefs=ALL-UNNAMED --add-exports=jdk.compiler/com.sun.tools.javac.api=ALL-UNNAMED --add-exports=jdk.compiler/com.sun.tools.javac.util=ALL-UNNAMED --add-opens=java.base/java.nio.charset=ALL-UNNAMED --add-opens=java.base/java.net=ALL-UNNAMED --add-opens=java.base/java.util.concurrent.atomic=ALL-UNNAMED -Xmx1536m -Dfile.encoding=UTF-8 -Duser.country=BR -Duser.language=pt -Duser.variant -javaagent:C:\Users\VINICIUS\.gradle\wrapper\dists\gradle-8.9-bin\90cnw93cvbtalezasaz0blq0a\gradle-8.9\lib\agents\gradle-instrumentation-agent-8.9.jar org.gradle.launcher.daemon.bootstrap.GradleDaemon 8.9

Host: Intel(R) Celeron(R) J4005 CPU @ 2.00GHz, 2 cores, 3G,  Windows 11 , 64 bit Build 26100 (10.0.26100.9444)
Time: Wed Sep 16 18:30:45 2026 Hora oficial do Brasil elapsed time: 19198.261110 seconds (0d 5h 19m 58s)

---------------  T H R E A D  ---------------

Current thread (0x0000019225176f00):  JavaThread "C2 CompilerThread0" daemon [_thread_in_native, id=6024, stack(0x00000087c8300000,0x00000087c8400000) (1024K)]


Current CompileTask:
C2:19198262 185098       4       jdk.internal.reflect.Reflection::verifyMemberAccess (200 bytes)

Stack: [0x00000087c8300000,0x00000087c8400000]
Native frames: (J=compiled Java code, j=interpreted, Vv=VM code, C=native code)
V  [jvm.dll+0x6d78a9]
V  [jvm.dll+0x8665b3]
V  [jvm.dll+0x868bde]
V  [jvm.dll+0x8692c3]
V  [jvm.dll+0x280ee6]
V  [jvm.dll+0xc07cd]
V  [jvm.dll+0xc0d03]
V  [jvm.dll+0x3ba091]
V  [jvm.dll+0x385df7]
V  [jvm.dll+0x38526a]
V  [jvm.dll+0x249bd2]
V  [jvm.dll+0x2491a1]
V  [jvm.dll+0x1c76e4]
V  [jvm.dll+0x25891e]
V  [jvm.dll+0x256e66]
V  [jvm.dll+0x3f513e]
V  [jvm.dll+0x80fd28]
V  [jvm.dll+0x6d60fd]
C  [ucrtbase.dll+0x2cd30]
C  [KERNEL32.DLL+0x2cd87]
C  [ntdll.dll+0xacaec]


---------------  P R O C E S S  ---------------

Threads class SMR info:
_java_thread_list=0x000001924b198960, length=56, elements={
0x000001920efa4600, 0x000001922501b930, 0x000001922515a840, 0x000001922515b280,
0x0000019225172540, 0x0000019225171190, 0x0000019225171eb0, 0x0000019225172bd0,
0x0000019225176f00, 0x00000192251bc8a0, 0x0000019225173260, 0x0000019225173f80,
0x0000019225174610, 0x00000192251738f0, 0x000001922af7a0f0, 0x000001922af7bb30,
0x000001922af7ae10, 0x000001922af7cee0, 0x000001922af7efb0, 0x000001922af7d570,
0x000001922bef9ec0, 0x0000019235281cb0, 0x0000019235282340, 0x0000019239a0f190,
0x0000019239a12ca0, 0x0000019235273700, 0x000001924c8d12a0, 0x000001924c8cf860,
0x000001924c8d0c10, 0x000001924c8cde20, 0x000001924c8d4720, 0x000001924c8d2ce0,
0x000001924c8d4db0, 0x000001924c8d1930, 0x000001924c8d2650, 0x000001924c8d4090,
0x000001924c8d5440, 0x000001924c8d3370, 0x000001924c8d3a00, 0x000001924c8d8230,
0x000001924c8d95e0, 0x000001924c8d9c70, 0x000001924c8d8f50, 0x00000192532c97d0,
0x00000192532c7700, 0x00000192532ec5a0, 0x00000192532ecc30, 0x00000192532e2190,
0x00000192532e48f0, 0x00000192532e1b00, 0x00000192532e5610, 0x00000192532e1470,
0x000001924c8d6160, 0x00000192522b2000, 0x00000192522aeb80, 0x00000192522aff30
}

Java Threads: ( => current thread )
  0x000001920efa4600 JavaThread "main"                              [_thread_blocked, id=10364, stack(0x00000087c7400000,0x00000087c7500000) (1024K)]
  0x000001922501b930 JavaThread "Common-Cleaner"             daemon [_thread_blocked, id=2640, stack(0x00000087c7c00000,0x00000087c7d00000) (1024K)]
  0x000001922515a840 JavaThread "Reference Handler"          daemon [_thread_blocked, id=10348, stack(0x00000087c7d00000,0x00000087c7e00000) (1024K)]
  0x000001922515b280 JavaThread "Finalizer"                  daemon [_thread_blocked, id=420, stack(0x00000087c7e00000,0x00000087c7f00000) (1024K)]
  0x0000019225172540 JavaThread "Signal Dispatcher"          daemon [_thread_blocked, id=1008, stack(0x00000087c7f00000,0x00000087c8000000) (1024K)]
  0x0000019225171190 JavaThread "Attach Listener"            daemon [_thread_blocked, id=4248, stack(0x00000087c8000000,0x00000087c8100000) (1024K)]
  0x0000019225171eb0 JavaThread "Service Thread"             daemon [_thread_blocked, id=9460, stack(0x00000087c8100000,0x00000087c8200000) (1024K)]
  0x0000019225172bd0 JavaThread "Monitor Deflation Thread"   daemon [_thread_blocked, id=856, stack(0x00000087c8200000,0x00000087c8300000) (1024K)]
=>0x0000019225176f00 JavaThread "C2 CompilerThread0"         daemon [_thread_in_native, id=6024, stack(0x00000087c8300000,0x00000087c8400000) (1024K)]
  0x00000192251bc8a0 JavaThread "C1 CompilerThread0"         daemon [_thread_in_vm, id=1920, stack(0x00000087c8400000,0x00000087c8500000) (1024K)]
  0x0000019225173260 JavaThread "Notification Thread"        daemon [_thread_blocked, id=9104, stack(0x00000087c8500000,0x00000087c8600000) (1024K)]
  0x0000019225173f80 JavaThread "Daemon health stats"               [_thread_blocked, id=7432, stack(0x00000087c8700000,0x00000087c8800000) (1024K)]
  0x0000019225174610 JavaThread "Incoming local TCP Connector on port 55421"        [_thread_in_native, id=2148, stack(0x00000087c8800000,0x00000087c8900000) (1024K)]
  0x00000192251738f0 JavaThread "Daemon periodic checks"            [_thread_blocked, id=7048, stack(0x00000087c8900000,0x00000087c8a00000) (1024K)]
  0x000001922af7a0f0 JavaThread "Cache worker for journal cache (C:\Users\VINICIUS\.gradle\caches\journal-1)"        [_thread_blocked, id=5544, stack(0x00000087c9100000,0x00000087c9200000) (1024K)]
  0x000001922af7bb30 JavaThread "File lock request listener"        [_thread_in_native, id=12184, stack(0x00000087c9200000,0x00000087c9300000) (1024K)]
  0x000001922af7ae10 JavaThread "Cache worker for file hash cache (C:\Users\VINICIUS\.gradle\caches\8.9\fileHashes)"        [_thread_blocked, id=7064, stack(0x00000087c9300000,0x00000087c9400000) (1024K)]
  0x000001922af7cee0 JavaThread "File watcher server"        daemon [_thread_in_native, id=9972, stack(0x00000087c9600000,0x00000087c9700000) (1024K)]
  0x000001922af7efb0 JavaThread "File watcher consumer"      daemon [_thread_blocked, id=10732, stack(0x00000087c9700000,0x00000087c9800000) (1024K)]
  0x000001922af7d570 JavaThread "Cache worker for file content cache (C:\Users\VINICIUS\.gradle\caches\8.9\fileContent)"        [_thread_blocked, id=10260, stack(0x00000087c9900000,0x00000087c9a00000) (1024K)]
  0x000001922bef9ec0 JavaThread "Memory manager"                    [_thread_blocked, id=11168, stack(0x00000087ca200000,0x00000087ca300000) (1024K)]
  0x0000019235281cb0 JavaThread "RMI Scheduler(0)"           daemon [_thread_blocked, id=13300, stack(0x00000087cad00000,0x00000087cae00000) (1024K)]
  0x0000019235282340 JavaThread "RMI TCP Accept-0"           daemon [_thread_in_native, id=13188, stack(0x00000087cb000000,0x00000087cb100000) (1024K)]
  0x0000019239a0f190 JavaThread "RMI GC Daemon"              daemon [_thread_blocked, id=12688, stack(0x00000087ca900000,0x00000087caa00000) (1024K)]
  0x0000019239a12ca0 JavaThread "RMI Reaper"                        [_thread_blocked, id=11372, stack(0x00000087caa00000,0x00000087cab00000) (1024K)]
  0x0000019235273700 JavaThread "Cache worker for Java compile cache (C:\Users\VINICIUS\.gradle\caches\8.9\javaCompile)"        [_thread_blocked, id=13560, stack(0x00000087ca800000,0x00000087ca900000) (1024K)]
  0x000001924c8d12a0 JavaThread "Daemon Thread 7"                   [_thread_blocked, id=14216, stack(0x00000087c8a00000,0x00000087c8b00000) (1024K)]
  0x000001924c8cf860 JavaThread "Handler for socket connection from /127.0.0.1:55421 to /127.0.0.1:57979"        [_thread_in_native, id=13172, stack(0x00000087c8b00000,0x00000087c8c00000) (1024K)]
  0x000001924c8d0c10 JavaThread "Cancel handler"                    [_thread_blocked, id=13016, stack(0x00000087c8c00000,0x00000087c8d00000) (1024K)]
  0x000001924c8cde20 JavaThread "Daemon worker Thread 7"            [_thread_blocked, id=13420, stack(0x00000087c8d00000,0x00000087c8e00000) (1024K)]
  0x000001924c8d4720 JavaThread "Asynchronous log dispatcher for DefaultDaemonConnection: socket connection from /127.0.0.1:55421 to /127.0.0.1:57979"        [_thread_blocked, id=816, stack(0x00000087c8e00000,0x00000087c8f00000) (1024K)]
  0x000001924c8d2ce0 JavaThread "Stdin handler"                     [_thread_blocked, id=13068, stack(0x00000087c8f00000,0x00000087c9000000) (1024K)]
  0x000001924c8d4db0 JavaThread "Daemon client event forwarder"        [_thread_blocked, id=14136, stack(0x00000087c9000000,0x00000087c9100000) (1024K)]
  0x000001924c8d1930 JavaThread "Cache worker for file hash cache (C:\sistema-agro-v79-atualizado-v8\native-app\.gradle\8.9\fileHashes)"        [_thread_blocked, id=12880, stack(0x00000087c9400000,0x00000087c9500000) (1024K)]
  0x000001924c8d2650 JavaThread "Cache worker for Build Output Cleanup Cache (C:\sistema-agro-v79-atualizado-v8\native-app\.gradle\buildOutputCleanup)"        [_thread_blocked, id=13500, stack(0x00000087c9500000,0x00000087c9600000) (1024K)]
  0x000001924c8d4090 JavaThread "Cache worker for checksums cache (C:\sistema-agro-v79-atualizado-v8\native-app\.gradle\8.9\checksums)"        [_thread_blocked, id=14192, stack(0x00000087c9800000,0x00000087c9900000) (1024K)]
  0x000001924c8d5440 JavaThread "Cache worker for cache directory md-rule (C:\Users\VINICIUS\.gradle\caches\8.9\md-rule)"        [_thread_blocked, id=3408, stack(0x00000087c9a00000,0x00000087c9b00000) (1024K)]
  0x000001924c8d3370 JavaThread "Cache worker for cache directory md-supplier (C:\Users\VINICIUS\.gradle\caches\8.9\md-supplier)"        [_thread_blocked, id=5876, stack(0x00000087c9b00000,0x00000087c9c00000) (1024K)]
  0x000001924c8d3a00 JavaThread "Unconstrained build operations"        [_thread_blocked, id=9588, stack(0x00000087c7100000,0x00000087c7200000) (1024K)]
  0x000001924c8d8230 JavaThread "Unconstrained build operations Thread 2"        [_thread_blocked, id=13672, stack(0x00000087c7200000,0x00000087c7300000) (1024K)]
  0x000001924c8d95e0 JavaThread "Unconstrained build operations Thread 3"        [_thread_blocked, id=12640, stack(0x00000087c9c00000,0x00000087c9d00000) (1024K)]
  0x000001924c8d9c70 JavaThread "Unconstrained build operations Thread 4"        [_thread_blocked, id=13104, stack(0x00000087c9d00000,0x00000087c9e00000) (1024K)]
  0x000001924c8d8f50 JavaThread "build event listener"              [_thread_blocked, id=14068, stack(0x00000087c9e00000,0x00000087c9f00000) (1024K)]
  0x00000192532c97d0 JavaThread "included builds"                   [_thread_blocked, id=5452, stack(0x00000087c9f00000,0x00000087ca000000) (1024K)]
  0x00000192532c7700 JavaThread "Cache worker for execution history cache (C:\sistema-agro-v79-atualizado-v8\native-app\.gradle\8.9\executionHistory)"        [_thread_blocked, id=6096, stack(0x00000087ca000000,0x00000087ca100000) (1024K)]
  0x00000192532ec5a0 JavaThread "Unconstrained build operations Thread 5"        [_thread_blocked, id=12568, stack(0x00000087ca100000,0x00000087ca200000) (1024K)]
  0x00000192532ecc30 JavaThread "Unconstrained build operations Thread 6"        [_thread_blocked, id=13812, stack(0x00000087ca400000,0x00000087ca500000) (1024K)]
  0x00000192532e2190 JavaThread "Unconstrained build operations Thread 7"        [_thread_blocked, id=10548, stack(0x00000087cac00000,0x00000087cad00000) (1024K)]
  0x00000192532e48f0 JavaThread "Unconstrained build operations Thread 8"        [_thread_blocked, id=13448, stack(0x00000087cae00000,0x00000087caf00000) (1024K)]
  0x00000192532e1b00 JavaThread "Unconstrained build operations Thread 9"        [_thread_blocked, id=13980, stack(0x00000087caf00000,0x00000087cb000000) (1024K)]
  0x00000192532e5610 JavaThread "Unconstrained build operations Thread 10"        [_thread_blocked, id=4092, stack(0x00000087cb100000,0x00000087cb200000) (1024K)]
  0x00000192532e1470 JavaThread "Build operations"                  [_thread_blocked, id=13492, stack(0x00000087ca500000,0x00000087ca600000) (1024K)]
  0x000001924c8d6160 JavaThread "WorkerExecutor Queue Thread 3"        [_thread_in_native, id=9500, stack(0x00000087ca300000,0x00000087ca400000) (1024K)]
  0x00000192522b2000 JavaThread "pool-22-thread-1"                  [_thread_blocked, id=14052, stack(0x00000087ca600000,0x00000087ca700000) (1024K)]
  0x00000192522aeb80 JavaThread "stderr"                            [_thread_in_native, id=9212, stack(0x00000087ca700000,0x00000087ca800000) (1024K)]
  0x00000192522aff30 JavaThread "stdout"                            [_thread_in_native, id=10608, stack(0x00000087cab00000,0x00000087cac00000) (1024K)]
Total: 56

Other Threads:
  0x0000019224f85a80 VMThread "VM Thread"                           [id=3880, stack(0x00000087c7b00000,0x00000087c7c00000) (1024K)]
  0x000001920f05ea70 WatcherThread "VM Periodic Task Thread"        [id=9204, stack(0x00000087c7a00000,0x00000087c7b00000) (1024K)]
  0x000001920efec410 WorkerThread "GC Thread#0"                     [id=10020, stack(0x00000087c7500000,0x00000087c7600000) (1024K)]
  0x00000192259fe530 WorkerThread "GC Thread#1"                     [id=6484, stack(0x00000087c8600000,0x00000087c8700000) (1024K)]
  0x000001920eff9400 ConcurrentGCThread "G1 Main Marker"            [id=4032, stack(0x00000087c7600000,0x00000087c7700000) (1024K)]
  0x000001920effbd60 WorkerThread "G1 Conc#0"                       [id=1808, stack(0x00000087c7700000,0x00000087c7800000) (1024K)]
  0x000001920f054c50 ConcurrentGCThread "G1 Refine#0"               [id=11956, stack(0x00000087c7800000,0x00000087c7900000) (1024K)]
  0x000001923f91f920 ConcurrentGCThread "G1 Refine#1"               [id=13480, stack(0x00000087cb300000,0x00000087cb400000) (1024K)]
  0x000001920f056290 ConcurrentGCThread "G1 Service"                [id=3276, stack(0x00000087c7900000,0x00000087c7a00000) (1024K)]
Total: 9

Threads with active compile tasks:
C2 CompilerThread0  19199150 185098       4       jdk.internal.reflect.Reflection::verifyMemberAccess (200 bytes)
C1 CompilerThread0  19199150 185184       3       com.sun.org.apache.xerces.internal.impl.XMLDocumentFragmentScannerImpl::checkDepth (100 bytes)
Total: 2

VM state: not at safepoint (normal execution)

VM Mutex/Monitor currently owned by a thread:  ([mutex/lock_event])
[0x00007ffb044170d0] MethodCompileQueue_lock - owner thread: 0x00000192251bc8a0
[0x00007ffb044185d0] CodeCache_lock - owner thread: 0x00000192251bc8a0
[0x00007ffb04418750] Compile_lock - owner thread: 0x00000192251bc8a0

Heap address: 0x00000000a0000000, size: 1536 MB, Compressed Oops mode: 32-bit

CDS archive(s) not mapped
Compressed class space mapped at: 0x0000000100000000-0x0000000140000000, reserved size: 1073741824
Narrow klass base: 0x0000000000000000, Narrow klass shift: 3, Narrow klass range: 0x140000000

GC Precious Log:
 CardTable entry size: 512
 Card Set container configuration: InlinePtr #cards 5 size 8 Array Of Cards #cards 12 size 40 Howl #buckets 4 coarsen threshold 1843 Howl Bitmap #cards 512 size 80 coarsen threshold 460 Card regions per heap region 1 cards per card region 2048
 CPUs: 2 total, 2 available
 Memory: 3932M
 Large Page Support: Disabled
 NUMA Support: Disabled
 Compressed Oops: Enabled (32-bit)
 Heap Region Size: 1M
 Heap Min Capacity: 8M
 Heap Initial Capacity: 62M
 Heap Max Capacity: 1536M
 Pre-touch: Disabled
 Parallel Workers: 2
 Concurrent Workers: 1
 Concurrent Refinement Workers: 2
 Periodic GC: Disabled

Heap:
 garbage-first heap   total 1572864K, used 782822K [0x00000000a0000000, 0x0000000100000000)
  region size 1024K, 36 young (36864K), 1 survivors (1024K)
 Metaspace       used 351860K, committed 354624K, reserved 1376256K
  class space    used 43172K, committed 44416K, reserved 1048576K

Heap Regions: E=young(eden), S=young(survivor), O=old, HS=humongous(starts), HC=humongous(continues), CS=collection set, F=free, TAMS=top-at-mark-start, PB=parsable bottom
|   0|0x00000000a0000000, 0x00000000a0100000, 0x00000000a0100000|100%| O|  |TAMS 0x00000000a0100000| PB 0x00000000a0000000| Untracked 
|   1|0x00000000a0100000, 0x00000000a0200000, 0x00000000a0200000|100%|HS|  |TAMS 0x00000000a0200000| PB 0x00000000a0100000| Complete 
|   2|0x00000000a0200000, 0x00000000a0300000, 0x00000000a0300000|100%|HC|  |TAMS 0x00000000a0300000| PB 0x00000000a0200000| Complete 
|   3|0x00000000a0300000, 0x00000000a0400000, 0x00000000a0400000|100%|HC|  |TAMS 0x00000000a0400000| PB 0x00000000a0300000| Complete 
|   4|0x00000000a0400000, 0x00000000a0500000, 0x00000000a0500000|100%|HC|  |TAMS 0x00000000a0500000| PB 0x00000000a0400000| Complete 
|   5|0x00000000a0500000, 0x00000000a05fabf8, 0x00000000a0600000| 97%| O|  |TAMS 0x00000000a05fabf8| PB 0x00000000a0500000| Untracked 
|   6|0x00000000a0600000, 0x00000000a06f9e60, 0x00000000a0700000| 97%| O|  |TAMS 0x00000000a06f9e60| PB 0x00000000a0600000| Untracked 
|   7|0x00000000a0700000, 0x00000000a0800000, 0x00000000a0800000|100%| O|  |TAMS 0x00000000a0800000| PB 0x00000000a0700000| Untracked 
|   8|0x00000000a0800000, 0x00000000a0900000, 0x00000000a0900000|100%| O|  |TAMS 0x00000000a0900000| PB 0x00000000a0800000| Untracked 
|   9|0x00000000a0900000, 0x00000000a09f99b8, 0x00000000a0a00000| 97%| O|  |TAMS 0x00000000a09f99b8| PB 0x00000000a0900000| Untracked 
|  10|0x00000000a0a00000, 0x00000000a0afa6c0, 0x00000000a0b00000| 97%| O|  |TAMS 0x00000000a0afa6c0| PB 0x00000000a0a00000| Untracked 
|  11|0x00000000a0b00000, 0x00000000a0c00000, 0x00000000a0c00000|100%| O|  |TAMS 0x00000000a0c00000| PB 0x00000000a0b00000| Untracked 
|  12|0x00000000a0c00000, 0x00000000a0d00000, 0x00000000a0d00000|100%|HS|  |TAMS 0x00000000a0d00000| PB 0x00000000a0c00000| Complete 
|  13|0x00000000a0d00000, 0x00000000a0e00000, 0x00000000a0e00000|100%| O|  |TAMS 0x00000000a0e00000| PB 0x00000000a0d00000| Untracked 
|  14|0x00000000a0e00000, 0x00000000a0f00000, 0x00000000a0f00000|100%| O|  |TAMS 0x00000000a0f00000| PB 0x00000000a0e00000| Untracked 
|  15|0x00000000a0f00000, 0x00000000a0fffff0, 0x00000000a1000000| 99%| O|  |TAMS 0x00000000a0fffff0| PB 0x00000000a0f00000| Untracked 
|  16|0x00000000a1000000, 0x00000000a10ffff8, 0x00000000a1100000| 99%| O|  |TAMS 0x00000000a10ffff8| PB 0x00000000a1000000| Untracked 
|  17|0x00000000a1100000, 0x00000000a11ffff8, 0x00000000a1200000| 99%| O|  |TAMS 0x00000000a11ffff8| PB 0x00000000a1100000| Updating 
|  18|0x00000000a1200000, 0x00000000a12fffc8, 0x00000000a1300000| 99%| O|  |TAMS 0x00000000a12fffc8| PB 0x00000000a1200000| Untracked 
|  19|0x00000000a1300000, 0x00000000a13fffd8, 0x00000000a1400000| 99%| O|  |TAMS 0x00000000a13fffd8| PB 0x00000000a1300000| Untracked 
|  20|0x00000000a1400000, 0x00000000a14fffe0, 0x00000000a1500000| 99%| O|  |TAMS 0x00000000a14fffe0| PB 0x00000000a1400000| Untracked 
|  21|0x00000000a1500000, 0x00000000a1600000, 0x00000000a1600000|100%| O|  |TAMS 0x00000000a1600000| PB 0x00000000a1500000| Untracked 
|  22|0x00000000a1600000, 0x00000000a16fffe8, 0x00000000a1700000| 99%| O|  |TAMS 0x00000000a16fffe8| PB 0x00000000a1600000| Untracked 
|  23|0x00000000a1700000, 0x00000000a1800000, 0x00000000a1800000|100%| O|  |TAMS 0x00000000a1800000| PB 0x00000000a1700000| Untracked 
|  24|0x00000000a1800000, 0x00000000a18fffe0, 0x00000000a1900000| 99%| O|  |TAMS 0x00000000a18fffe0| PB 0x00000000a1800000| Untracked 
|  25|0x00000000a1900000, 0x00000000a19feb20, 0x00000000a1a00000| 99%| O|  |TAMS 0x00000000a19feb20| PB 0x00000000a1900000| Untracked 
|  26|0x00000000a1a00000, 0x00000000a1afffd8, 0x00000000a1b00000| 99%| O|  |TAMS 0x00000000a1afffd8| PB 0x00000000a1a00000| Untracked 
|  27|0x00000000a1b00000, 0x00000000a1c00000, 0x00000000a1c00000|100%| O|  |TAMS 0x00000000a1c00000| PB 0x00000000a1b00000| Untracked 
|  28|0x00000000a1c00000, 0x00000000a1cfffd8, 0x00000000a1d00000| 99%| O|  |TAMS 0x00000000a1cfffd8| PB 0x00000000a1c00000| Untracked 
|  29|0x00000000a1d00000, 0x00000000a1dfffa8, 0x00000000a1e00000| 99%| O|  |TAMS 0x00000000a1dfffa8| PB 0x00000000a1d00000| Untracked 
|  30|0x00000000a1e00000, 0x00000000a1efffd0, 0x00000000a1f00000| 99%| O|  |TAMS 0x00000000a1efffd0| PB 0x00000000a1e00000| Untracked 
|  31|0x00000000a1f00000, 0x00000000a1ffffc8, 0x00000000a2000000| 99%| O|  |TAMS 0x00000000a1ffffc8| PB 0x00000000a1f00000| Untracked 
|  32|0x00000000a2000000, 0x00000000a20fd228, 0x00000000a2100000| 98%| O|  |TAMS 0x00000000a20fd228| PB 0x00000000a2000000| Untracked 
|  33|0x00000000a2100000, 0x00000000a21ffff8, 0x00000000a2200000| 99%| O|  |TAMS 0x00000000a21ffff8| PB 0x00000000a2100000| Untracked 
|  34|0x00000000a2200000, 0x00000000a22ffe50, 0x00000000a2300000| 99%| O|  |TAMS 0x00000000a22ffe50| PB 0x00000000a2200000| Untracked 
|  35|0x00000000a2300000, 0x00000000a23fffc0, 0x00000000a2400000| 99%| O|  |TAMS 0x00000000a23fffc0| PB 0x00000000a2300000| Untracked 
|  36|0x00000000a2400000, 0x00000000a24ff800, 0x00000000a2500000| 99%| O|  |TAMS 0x00000000a24ff800| PB 0x00000000a2400000| Untracked 
|  37|0x00000000a2500000, 0x00000000a25e2c78, 0x00000000a2600000| 88%| O|  |TAMS 0x00000000a25e2c78| PB 0x00000000a2500000| Untracked 
|  38|0x00000000a2600000, 0x00000000a26fffe8, 0x00000000a2700000| 99%| O|  |TAMS 0x00000000a26fffe8| PB 0x00000000a2600000| Untracked 
|  39|0x00000000a2700000, 0x00000000a27fffc8, 0x00000000a2800000| 99%| O|  |TAMS 0x00000000a27fffc8| PB 0x00000000a2700000| Untracked 
|  40|0x00000000a2800000, 0x00000000a28f2910, 0x00000000a2900000| 94%| O|  |TAMS 0x00000000a28f2910| PB 0x00000000a2800000| Untracked 
|  41|0x00000000a2900000, 0x00000000a2a00000, 0x00000000a2a00000|100%| O|  |TAMS 0x00000000a2a00000| PB 0x00000000a2900000| Updating 
|  42|0x00000000a2a00000, 0x00000000a2b00000, 0x00000000a2b00000|100%|HS|  |TAMS 0x00000000a2b00000| PB 0x00000000a2a00000| Complete 
|  43|0x00000000a2b00000, 0x00000000a2c00000, 0x00000000a2c00000|100%|HS|  |TAMS 0x00000000a2c00000| PB 0x00000000a2b00000| Complete 
|  44|0x00000000a2c00000, 0x00000000a2d00000, 0x00000000a2d00000|100%|HS|  |TAMS 0x00000000a2d00000| PB 0x00000000a2c00000| Complete 
|  45|0x00000000a2d00000, 0x00000000a2e00000, 0x00000000a2e00000|100%|HC|  |TAMS 0x00000000a2e00000| PB 0x00000000a2d00000| Complete 
|  46|0x00000000a2e00000, 0x00000000a2f00000, 0x00000000a2f00000|100%|HS|  |TAMS 0x00000000a2f00000| PB 0x00000000a2e00000| Complete 
|  47|0x00000000a2f00000, 0x00000000a3000000, 0x00000000a3000000|100%|HC|  |TAMS 0x00000000a3000000| PB 0x00000000a2f00000| Complete 
|  48|0x00000000a3000000, 0x00000000a3100000, 0x00000000a3100000|100%| O|  |TAMS 0x00000000a3100000| PB 0x00000000a3000000| Untracked 
|  49|0x00000000a3100000, 0x00000000a3200000, 0x00000000a3200000|100%| O|  |TAMS 0x00000000a3200000| PB 0x00000000a3100000| Untracked 
|  50|0x00000000a3200000, 0x00000000a3300000, 0x00000000a3300000|100%| O|  |TAMS 0x00000000a3300000| PB 0x00000000a3200000| Untracked 
|  51|0x00000000a3300000, 0x00000000a33ffff0, 0x00000000a3400000| 99%| O|  |TAMS 0x00000000a33ffff0| PB 0x00000000a3300000| Untracked 
|  52|0x00000000a3400000, 0x00000000a3500000, 0x00000000a3500000|100%|HS|  |TAMS 0x00000000a3500000| PB 0x00000000a3400000| Complete 
|  53|0x00000000a3500000, 0x00000000a3600000, 0x00000000a3600000|100%|HS|  |TAMS 0x00000000a3600000| PB 0x00000000a3500000| Complete 
|  54|0x00000000a3600000, 0x00000000a3700000, 0x00000000a3700000|100%|HS|  |TAMS 0x00000000a3700000| PB 0x00000000a3600000| Complete 
|  55|0x00000000a3700000, 0x00000000a3800000, 0x00000000a3800000|100%|HS|  |TAMS 0x00000000a3800000| PB 0x00000000a3700000| Complete 
|  56|0x00000000a3800000, 0x00000000a38fffe8, 0x00000000a3900000| 99%| O|  |TAMS 0x00000000a38fffe8| PB 0x00000000a3800000| Untracked 
|  57|0x00000000a3900000, 0x00000000a39fffe0, 0x00000000a3a00000| 99%| O|  |TAMS 0x00000000a39fffe0| PB 0x00000000a3900000| Untracked 
|  58|0x00000000a3a00000, 0x00000000a3affff8, 0x00000000a3b00000| 99%| O|  |TAMS 0x00000000a3affff8| PB 0x00000000a3a00000| Untracked 
|  59|0x00000000a3b00000, 0x00000000a3bffff0, 0x00000000a3c00000| 99%| O|  |TAMS 0x00000000a3bffff0| PB 0x00000000a3b00000| Untracked 
|  60|0x00000000a3c00000, 0x00000000a3cffff8, 0x00000000a3d00000| 99%| O|  |TAMS 0x00000000a3cffff8| PB 0x00000000a3c00000| Untracked 
|  61|0x00000000a3d00000, 0x00000000a3dfffc0, 0x00000000a3e00000| 99%| O|  |TAMS 0x00000000a3dfffc0| PB 0x00000000a3d00000| Untracked 
|  62|0x00000000a3e00000, 0x00000000a3efcbf0, 0x00000000a3f00000| 98%| O|  |TAMS 0x00000000a3efcbf0| PB 0x00000000a3e00000| Untracked 
|  63|0x00000000a3f00000, 0x00000000a3fffff8, 0x00000000a4000000| 99%| O|  |TAMS 0x00000000a3fffff8| PB 0x00000000a3f00000| Untracked 
|  64|0x00000000a4000000, 0x00000000a4100000, 0x00000000a4100000|100%| O|  |TAMS 0x00000000a4100000| PB 0x00000000a4000000| Untracked 
|  65|0x00000000a4100000, 0x00000000a41ffff8, 0x00000000a4200000| 99%| O|  |TAMS 0x00000000a41ffff8| PB 0x00000000a4100000| Untracked 
|  66|0x00000000a4200000, 0x00000000a4300000, 0x00000000a4300000|100%|HS|  |TAMS 0x00000000a4300000| PB 0x00000000a4200000| Complete 
|  67|0x00000000a4300000, 0x00000000a43ffff8, 0x00000000a4400000| 99%| O|  |TAMS 0x00000000a43ffff8| PB 0x00000000a4300000| Untracked 
|  68|0x00000000a4400000, 0x00000000a44ffff8, 0x00000000a4500000| 99%| O|  |TAMS 0x00000000a44ffff8| PB 0x00000000a4400000| Untracked 
|  69|0x00000000a4500000, 0x00000000a45ffda0, 0x00000000a4600000| 99%| O|  |TAMS 0x00000000a45ffda0| PB 0x00000000a4500000| Untracked 
|  70|0x00000000a4600000, 0x00000000a4700000, 0x00000000a4700000|100%|HS|  |TAMS 0x00000000a4700000| PB 0x00000000a4600000| Complete 
|  71|0x00000000a4700000, 0x00000000a4800000, 0x00000000a4800000|100%|HC|  |TAMS 0x00000000a4800000| PB 0x00000000a4700000| Complete 
|  72|0x00000000a4800000, 0x00000000a4900000, 0x00000000a4900000|100%|HC|  |TAMS 0x00000000a4900000| PB 0x00000000a4800000| Complete 
|  73|0x00000000a4900000, 0x00000000a4a00000, 0x00000000a4a00000|100%|HC|  |TAMS 0x00000000a4a00000| PB 0x00000000a4900000| Complete 
|  74|0x00000000a4a00000, 0x00000000a4b00000, 0x00000000a4b00000|100%| O|  |TAMS 0x00000000a4b00000| PB 0x00000000a4a00000| Untracked 
|  75|0x00000000a4b00000, 0x00000000a4bffff8, 0x00000000a4c00000| 99%| O|  |TAMS 0x00000000a4bffff8| PB 0x00000000a4b00000| Untracked 
|  76|0x00000000a4c00000, 0x00000000a4cffff8, 0x00000000a4d00000| 99%| O|  |TAMS 0x00000000a4cffff8| PB 0x00000000a4c00000| Untracked 
|  77|0x00000000a4d00000, 0x00000000a4dffff8, 0x00000000a4e00000| 99%| O|  |TAMS 0x00000000a4dffff8| PB 0x00000000a4d00000| Untracked 
|  78|0x00000000a4e00000, 0x00000000a4efffe8, 0x00000000a4f00000| 99%| O|  |TAMS 0x00000000a4efffe8| PB 0x00000000a4e00000| Untracked 
|  79|0x00000000a4f00000, 0x00000000a4fffff8, 0x00000000a5000000| 99%| O|  |TAMS 0x00000000a4fffff8| PB 0x00000000a4f00000| Updating 
|  80|0x00000000a5000000, 0x00000000a5100000, 0x00000000a5100000|100%| O|  |TAMS 0x00000000a5100000| PB 0x00000000a5000000| Untracked 
|  81|0x00000000a5100000, 0x00000000a51fff90, 0x00000000a5200000| 99%| O|  |TAMS 0x00000000a51fff90| PB 0x00000000a5100000| Untracked 
|  82|0x00000000a5200000, 0x00000000a5300000, 0x00000000a5300000|100%| O|  |TAMS 0x00000000a5300000| PB 0x00000000a5200000| Updating 
|  83|0x00000000a5300000, 0x00000000a53fff80, 0x00000000a5400000| 99%| O|  |TAMS 0x00000000a53fff80| PB 0x00000000a5300000| Updating 
|  84|0x00000000a5400000, 0x00000000a5500000, 0x00000000a5500000|100%| O|  |TAMS 0x00000000a5500000| PB 0x00000000a5400000| Untracked 
|  85|0x00000000a5500000, 0x00000000a55ffff0, 0x00000000a5600000| 99%| O|  |TAMS 0x00000000a55ffff0| PB 0x00000000a5500000| Updating 
|  86|0x00000000a5600000, 0x00000000a5700000, 0x00000000a5700000|100%| O|  |TAMS 0x00000000a5700000| PB 0x00000000a5600000| Untracked 
|  87|0x00000000a5700000, 0x00000000a57ffff8, 0x00000000a5800000| 99%| O|  |TAMS 0x00000000a57ffff8| PB 0x00000000a5700000| Untracked 
|  88|0x00000000a5800000, 0x00000000a58fffd8, 0x00000000a5900000| 99%| O|  |TAMS 0x00000000a58fffd8| PB 0x00000000a5800000| Untracked 
|  89|0x00000000a5900000, 0x00000000a59fffe0, 0x00000000a5a00000| 99%| O|  |TAMS 0x00000000a59fffe0| PB 0x00000000a5900000| Untracked 
|  90|0x00000000a5a00000, 0x00000000a5afffd0, 0x00000000a5b00000| 99%| O|  |TAMS 0x00000000a5afffd0| PB 0x00000000a5a00000| Untracked 
|  91|0x00000000a5b00000, 0x00000000a5c00000, 0x00000000a5c00000|100%|HS|  |TAMS 0x00000000a5c00000| PB 0x00000000a5b00000| Complete 
|  92|0x00000000a5c00000, 0x00000000a5d00000, 0x00000000a5d00000|100%|HC|  |TAMS 0x00000000a5d00000| PB 0x00000000a5c00000| Complete 
|  93|0x00000000a5d00000, 0x00000000a5e00000, 0x00000000a5e00000|100%|HC|  |TAMS 0x00000000a5e00000| PB 0x00000000a5d00000| Complete 
|  94|0x00000000a5e00000, 0x00000000a5f00000, 0x00000000a5f00000|100%|HC|  |TAMS 0x00000000a5f00000| PB 0x00000000a5e00000| Complete 
|  95|0x00000000a5f00000, 0x00000000a5ffffe0, 0x00000000a6000000| 99%| O|  |TAMS 0x00000000a5ffffe0| PB 0x00000000a5f00000| Untracked 
|  96|0x00000000a6000000, 0x00000000a6100000, 0x00000000a6100000|100%| O|  |TAMS 0x00000000a6100000| PB 0x00000000a6000000| Untracked 
|  97|0x00000000a6100000, 0x00000000a61fffb8, 0x00000000a6200000| 99%| O|  |TAMS 0x00000000a61fffb8| PB 0x00000000a6100000| Untracked 
|  98|0x00000000a6200000, 0x00000000a62ff4f8, 0x00000000a6300000| 99%| O|  |TAMS 0x00000000a62ff4f8| PB 0x00000000a6200000| Untracked 
|  99|0x00000000a6300000, 0x00000000a63fff70, 0x00000000a6400000| 99%| O|  |TAMS 0x00000000a63fff70| PB 0x00000000a6300000| Untracked 
| 100|0x00000000a6400000, 0x00000000a6500000, 0x00000000a6500000|100%| O|  |TAMS 0x00000000a6500000| PB 0x00000000a6400000| Untracked 
| 101|0x00000000a6500000, 0x00000000a6600000, 0x00000000a6600000|100%| O|  |TAMS 0x00000000a6600000| PB 0x00000000a6500000| Untracked 
| 102|0x00000000a6600000, 0x00000000a66ffff8, 0x00000000a6700000| 99%| O|  |TAMS 0x00000000a66ffff8| PB 0x00000000a6600000| Untracked 
| 103|0x00000000a6700000, 0x00000000a67fff58, 0x00000000a6800000| 99%| O|  |TAMS 0x00000000a67fff58| PB 0x00000000a6700000| Untracked 
| 104|0x00000000a6800000, 0x00000000a68ffff8, 0x00000000a6900000| 99%| O|  |TAMS 0x00000000a68ffff8| PB 0x00000000a6800000| Untracked 
| 105|0x00000000a6900000, 0x00000000a6a00000, 0x00000000a6a00000|100%| O|  |TAMS 0x00000000a6a00000| PB 0x00000000a6900000| Untracked 
| 106|0x00000000a6a00000, 0x00000000a6afffe0, 0x00000000a6b00000| 99%| O|  |TAMS 0x00000000a6afffe0| PB 0x00000000a6a00000| Untracked 
| 107|0x00000000a6b00000, 0x00000000a6c00000, 0x00000000a6c00000|100%| O|  |TAMS 0x00000000a6c00000| PB 0x00000000a6b00000| Untracked 
| 108|0x00000000a6c00000, 0x00000000a6d00000, 0x00000000a6d00000|100%| O|  |TAMS 0x00000000a6d00000| PB 0x00000000a6c00000| Untracked 
| 109|0x00000000a6d00000, 0x00000000a6dfffe8, 0x00000000a6e00000| 99%| O|  |TAMS 0x00000000a6dfffe8| PB 0x00000000a6d00000| Untracked 
| 110|0x00000000a6e00000, 0x00000000a6efffd8, 0x00000000a6f00000| 99%| O|  |TAMS 0x00000000a6efffd8| PB 0x00000000a6e00000| Untracked 
| 111|0x00000000a6f00000, 0x00000000a6ffffe8, 0x00000000a7000000| 99%| O|  |TAMS 0x00000000a6ffffe8| PB 0x00000000a6f00000| Untracked 
| 112|0x00000000a7000000, 0x00000000a70ffff8, 0x00000000a7100000| 99%| O|  |TAMS 0x00000000a70ffff8| PB 0x00000000a7000000| Untracked 
| 113|0x00000000a7100000, 0x00000000a7200000, 0x00000000a7200000|100%| O|  |TAMS 0x00000000a7200000| PB 0x00000000a7100000| Untracked 
| 114|0x00000000a7200000, 0x00000000a7300000, 0x00000000a7300000|100%| O|  |TAMS 0x00000000a7300000| PB 0x00000000a7200000| Untracked 
| 115|0x00000000a7300000, 0x00000000a73fffe8, 0x00000000a7400000| 99%| O|  |TAMS 0x00000000a73fffe8| PB 0x00000000a73fffe8| Untracked 
| 116|0x00000000a7400000, 0x00000000a7500000, 0x00000000a7500000|100%| O|  |TAMS 0x00000000a7500000| PB 0x00000000a7500000| Untracked 
| 117|0x00000000a7500000, 0x00000000a75fffd8, 0x00000000a7600000| 99%| O|  |TAMS 0x00000000a75fffd8| PB 0x00000000a75fffd8| Untracked 
| 118|0x00000000a7600000, 0x00000000a7700000, 0x00000000a7700000|100%| O|  |TAMS 0x00000000a7700000| PB 0x00000000a7700000| Untracked 
| 119|0x00000000a7700000, 0x00000000a77ffff8, 0x00000000a7800000| 99%| O|  |TAMS 0x00000000a77ffff8| PB 0x00000000a77ffff8| Untracked 
| 120|0x00000000a7800000, 0x00000000a78fffa0, 0x00000000a7900000| 99%| O|  |TAMS 0x00000000a78fffa0| PB 0x00000000a78fffa0| Untracked 
| 121|0x00000000a7900000, 0x00000000a7a00000, 0x00000000a7a00000|100%| O|  |TAMS 0x00000000a7a00000| PB 0x00000000a7a00000| Untracked 
| 122|0x00000000a7a00000, 0x00000000a7affff0, 0x00000000a7b00000| 99%| O|  |TAMS 0x00000000a7affff0| PB 0x00000000a7affff0| Untracked 
| 123|0x00000000a7b00000, 0x00000000a7bfffe0, 0x00000000a7c00000| 99%| O|  |TAMS 0x00000000a7bfffe0| PB 0x00000000a7bfffe0| Untracked 
| 124|0x00000000a7c00000, 0x00000000a7cffff8, 0x00000000a7d00000| 99%| O|  |TAMS 0x00000000a7cffff8| PB 0x00000000a7cffff8| Untracked 
| 125|0x00000000a7d00000, 0x00000000a7e00000, 0x00000000a7e00000|100%| O|  |TAMS 0x00000000a7e00000| PB 0x00000000a7e00000| Updating 
| 126|0x00000000a7e00000, 0x00000000a7f00000, 0x00000000a7f00000|100%| O|  |TAMS 0x00000000a7f00000| PB 0x00000000a7f00000| Updating 
| 127|0x00000000a7f00000, 0x00000000a8000000, 0x00000000a8000000|100%| O|  |TAMS 0x00000000a7f00000| PB 0x00000000a7f00000| Untracked 
| 128|0x00000000a8000000, 0x00000000a80ffff8, 0x00000000a8100000| 99%| O|  |TAMS 0x00000000a80ffff8| PB 0x00000000a80ffff8| Untracked 
| 129|0x00000000a8100000, 0x00000000a8200000, 0x00000000a8200000|100%| O|  |TAMS 0x00000000a8200000| PB 0x00000000a8200000| Updating 
| 130|0x00000000a8200000, 0x00000000a8300000, 0x00000000a8300000|100%| O|  |TAMS 0x00000000a8300000| PB 0x00000000a8300000| Untracked 
| 131|0x00000000a8300000, 0x00000000a8400000, 0x00000000a8400000|100%| O|  |TAMS 0x00000000a8400000| PB 0x00000000a8400000| Updating 
| 132|0x00000000a8400000, 0x00000000a8500000, 0x00000000a8500000|100%| O|  |TAMS 0x00000000a8500000| PB 0x00000000a8500000| Updating 
| 133|0x00000000a8500000, 0x00000000a8600000, 0x00000000a8600000|100%| O|  |TAMS 0x00000000a8500000| PB 0x00000000a8500000| Untracked 
| 134|0x00000000a8600000, 0x00000000a8700000, 0x00000000a8700000|100%| O|  |TAMS 0x00000000a8700000| PB 0x00000000a8700000| Updating 
| 135|0x00000000a8700000, 0x00000000a8800000, 0x00000000a8800000|100%| O|  |TAMS 0x00000000a8800000| PB 0x00000000a8800000| Updating 
| 136|0x00000000a8800000, 0x00000000a8900000, 0x00000000a8900000|100%| O|  |TAMS 0x00000000a8900000| PB 0x00000000a8900000| Untracked 
| 137|0x00000000a8900000, 0x00000000a8a00000, 0x00000000a8a00000|100%| O|  |TAMS 0x00000000a8a00000| PB 0x00000000a8a00000| Updating 
| 138|0x00000000a8a00000, 0x00000000a8b00000, 0x00000000a8b00000|100%| O|  |TAMS 0x00000000a8b00000| PB 0x00000000a8b00000| Updating 
| 139|0x00000000a8b00000, 0x00000000a8c00000, 0x00000000a8c00000|100%| O|  |TAMS 0x00000000a8c00000| PB 0x00000000a8c00000| Updating 
| 140|0x00000000a8c00000, 0x00000000a8d00000, 0x00000000a8d00000|100%| O|  |TAMS 0x00000000a8d00000| PB 0x00000000a8d00000| Updating 
| 141|0x00000000a8d00000, 0x00000000a8e00000, 0x00000000a8e00000|100%| O|  |TAMS 0x00000000a8e00000| PB 0x00000000a8e00000| Updating 
| 142|0x00000000a8e00000, 0x00000000a8f00000, 0x00000000a8f00000|100%| O|  |TAMS 0x00000000a8f00000| PB 0x00000000a8f00000| Untracked 
| 143|0x00000000a8f00000, 0x00000000a9000000, 0x00000000a9000000|100%| O|  |TAMS 0x00000000a9000000| PB 0x00000000a9000000| Updating 
| 144|0x00000000a9000000, 0x00000000a9100000, 0x00000000a9100000|100%| O|  |TAMS 0x00000000a9000000| PB 0x00000000a9000000| Untracked 
| 145|0x00000000a9100000, 0x00000000a9200000, 0x00000000a9200000|100%| O|  |TAMS 0x00000000a9200000| PB 0x00000000a9200000| Updating 
| 146|0x00000000a9200000, 0x00000000a9300000, 0x00000000a9300000|100%| O|  |TAMS 0x00000000a9300000| PB 0x00000000a9300000| Untracked 
| 147|0x00000000a9300000, 0x00000000a9400000, 0x00000000a9400000|100%| O|  |TAMS 0x00000000a9400000| PB 0x00000000a9400000| Updating 
| 148|0x00000000a9400000, 0x00000000a9500000, 0x00000000a9500000|100%| O|  |TAMS 0x00000000a9400000| PB 0x00000000a9400000| Untracked 
| 149|0x00000000a9500000, 0x00000000a9600000, 0x00000000a9600000|100%| O|  |TAMS 0x00000000a9600000| PB 0x00000000a9600000| Updating 
| 150|0x00000000a9600000, 0x00000000a9700000, 0x00000000a9700000|100%| O|  |TAMS 0x00000000a9700000| PB 0x00000000a9700000| Updating 
| 151|0x00000000a9700000, 0x00000000a9800000, 0x00000000a9800000|100%| O|  |TAMS 0x00000000a9800000| PB 0x00000000a9800000| Updating 
| 152|0x00000000a9800000, 0x00000000a9900000, 0x00000000a9900000|100%| O|  |TAMS 0x00000000a9900000| PB 0x00000000a9900000| Untracked 
| 153|0x00000000a9900000, 0x00000000a9a00000, 0x00000000a9a00000|100%| O|  |TAMS 0x00000000a9900000| PB 0x00000000a9900000| Untracked 
| 154|0x00000000a9a00000, 0x00000000a9b00000, 0x00000000a9b00000|100%| O|  |TAMS 0x00000000a9b00000| PB 0x00000000a9b00000| Updating 
| 155|0x00000000a9b00000, 0x00000000a9c00000, 0x00000000a9c00000|100%| O|  |TAMS 0x00000000a9c00000| PB 0x00000000a9c00000| Updating 
| 156|0x00000000a9c00000, 0x00000000a9d00000, 0x00000000a9d00000|100%| O|  |TAMS 0x00000000a9d00000| PB 0x00000000a9d00000| Updating 
| 157|0x00000000a9d00000, 0x00000000a9e00000, 0x00000000a9e00000|100%| O|  |TAMS 0x00000000a9e00000| PB 0x00000000a9e00000| Untracked 
| 158|0x00000000a9e00000, 0x00000000a9f00000, 0x00000000a9f00000|100%| O|  |TAMS 0x00000000a9f00000| PB 0x00000000a9f00000| Updating 
| 159|0x00000000a9f00000, 0x00000000aa000000, 0x00000000aa000000|100%| O|  |TAMS 0x00000000aa000000| PB 0x00000000aa000000| Updating 
| 160|0x00000000aa000000, 0x00000000aa100000, 0x00000000aa100000|100%| O|  |TAMS 0x00000000aa100000| PB 0x00000000aa100000| Updating 
| 161|0x00000000aa100000, 0x00000000aa200000, 0x00000000aa200000|100%| O|  |TAMS 0x00000000aa200000| PB 0x00000000aa200000| Untracked 
| 162|0x00000000aa200000, 0x00000000aa300000, 0x00000000aa300000|100%| O|  |TAMS 0x00000000aa300000| PB 0x00000000aa300000| Untracked 
| 163|0x00000000aa300000, 0x00000000aa400000, 0x00000000aa400000|100%| O|  |TAMS 0x00000000aa400000| PB 0x00000000aa400000| Untracked 
| 164|0x00000000aa400000, 0x00000000aa500000, 0x00000000aa500000|100%| O|  |TAMS 0x00000000aa500000| PB 0x00000000aa500000| Updating 
| 165|0x00000000aa500000, 0x00000000aa600000, 0x00000000aa600000|100%| O|  |TAMS 0x00000000aa600000| PB 0x00000000aa600000| Updating 
| 166|0x00000000aa600000, 0x00000000aa700000, 0x00000000aa700000|100%| O|  |TAMS 0x00000000aa700000| PB 0x00000000aa700000| Untracked 
| 167|0x00000000aa700000, 0x00000000aa800000, 0x00000000aa800000|100%| O|  |TAMS 0x00000000aa800000| PB 0x00000000aa800000| Untracked 
| 168|0x00000000aa800000, 0x00000000aa900000, 0x00000000aa900000|100%| O|  |TAMS 0x00000000aa900000| PB 0x00000000aa900000| Untracked 
| 169|0x00000000aa900000, 0x00000000aaa00000, 0x00000000aaa00000|100%| O|  |TAMS 0x00000000aaa00000| PB 0x00000000aaa00000| Untracked 
| 170|0x00000000aaa00000, 0x00000000aab00000, 0x00000000aab00000|100%| O|  |TAMS 0x00000000aaa00000| PB 0x00000000aaa00000| Untracked 
| 171|0x00000000aab00000, 0x00000000aac00000, 0x00000000aac00000|100%| O|  |TAMS 0x00000000aac00000| PB 0x00000000aac00000| Updating 
| 172|0x00000000aac00000, 0x00000000aad00000, 0x00000000aad00000|100%| O|  |TAMS 0x00000000aad00000| PB 0x00000000aad00000| Untracked 
| 173|0x00000000aad00000, 0x00000000aae00000, 0x00000000aae00000|100%| O|  |TAMS 0x00000000aae00000| PB 0x00000000aae00000| Untracked 
| 174|0x00000000aae00000, 0x00000000aaf00000, 0x00000000aaf00000|100%| O|  |TAMS 0x00000000aae00000| PB 0x00000000aae00000| Untracked 
| 175|0x00000000aaf00000, 0x00000000ab000000, 0x00000000ab000000|100%| O|  |TAMS 0x00000000ab000000| PB 0x00000000ab000000| Updating 
| 176|0x00000000ab000000, 0x00000000ab100000, 0x00000000ab100000|100%| O|  |TAMS 0x00000000ab100000| PB 0x00000000ab100000| Updating 
| 177|0x00000000ab100000, 0x00000000ab200000, 0x00000000ab200000|100%| O|  |TAMS 0x00000000ab200000| PB 0x00000000ab200000| Untracked 
| 178|0x00000000ab200000, 0x00000000ab300000, 0x00000000ab300000|100%| O|  |TAMS 0x00000000ab300000| PB 0x00000000ab300000| Untracked 
| 179|0x00000000ab300000, 0x00000000ab400000, 0x00000000ab400000|100%| O|  |TAMS 0x00000000ab400000| PB 0x00000000ab400000| Untracked 
| 180|0x00000000ab400000, 0x00000000ab500000, 0x00000000ab500000|100%| O|  |TAMS 0x00000000ab500000| PB 0x00000000ab500000| Updating 
| 181|0x00000000ab500000, 0x00000000ab600000, 0x00000000ab600000|100%| O|  |TAMS 0x00000000ab600000| PB 0x00000000ab600000| Updating 
| 182|0x00000000ab600000, 0x00000000ab700000, 0x00000000ab700000|100%| O|  |TAMS 0x00000000ab600000| PB 0x00000000ab600000| Untracked 
| 183|0x00000000ab700000, 0x00000000ab800000, 0x00000000ab800000|100%| O|  |TAMS 0x00000000ab800000| PB 0x00000000ab800000| Updating 
| 184|0x00000000ab800000, 0x00000000ab900000, 0x00000000ab900000|100%|HS|  |TAMS 0x00000000ab900000| PB 0x00000000ab800000| Complete 
| 185|0x00000000ab900000, 0x00000000aba00000, 0x00000000aba00000|100%|HC|  |TAMS 0x00000000aba00000| PB 0x00000000ab900000| Complete 
| 186|0x00000000aba00000, 0x00000000abb00000, 0x00000000abb00000|100%|HC|  |TAMS 0x00000000abb00000| PB 0x00000000aba00000| Complete 
| 187|0x00000000abb00000, 0x00000000abc00000, 0x00000000abc00000|100%| O|  |TAMS 0x00000000abc00000| PB 0x00000000abc00000| Updating 
| 188|0x00000000abc00000, 0x00000000abd00000, 0x00000000abd00000|100%| O|  |TAMS 0x00000000abd00000| PB 0x00000000abd00000| Untracked 
| 189|0x00000000abd00000, 0x00000000abe00000, 0x00000000abe00000|100%| O|  |TAMS 0x00000000abe00000| PB 0x00000000abe00000| Updating 
| 190|0x00000000abe00000, 0x00000000abf00000, 0x00000000abf00000|100%| O|  |TAMS 0x00000000abf00000| PB 0x00000000abf00000| Updating 
| 191|0x00000000abf00000, 0x00000000ac000000, 0x00000000ac000000|100%| O|  |TAMS 0x00000000ac000000| PB 0x00000000ac000000| Updating 
| 192|0x00000000ac000000, 0x00000000ac100000, 0x00000000ac100000|100%|HS|  |TAMS 0x00000000ac100000| PB 0x00000000ac000000| Complete 
| 193|0x00000000ac100000, 0x00000000ac200000, 0x00000000ac200000|100%|HC|  |TAMS 0x00000000ac200000| PB 0x00000000ac100000| Complete 
| 194|0x00000000ac200000, 0x00000000ac300000, 0x00000000ac300000|100%|HC|  |TAMS 0x00000000ac300000| PB 0x00000000ac200000| Complete 
| 195|0x00000000ac300000, 0x00000000ac400000, 0x00000000ac400000|100%|HC|  |TAMS 0x00000000ac400000| PB 0x00000000ac300000| Complete 
| 196|0x00000000ac400000, 0x00000000ac500000, 0x00000000ac500000|100%| O|  |TAMS 0x00000000ac500000| PB 0x00000000ac500000| Updating 
| 197|0x00000000ac500000, 0x00000000ac600000, 0x00000000ac600000|100%| O|  |TAMS 0x00000000ac600000| PB 0x00000000ac600000| Untracked 
| 198|0x00000000ac600000, 0x00000000ac700000, 0x00000000ac700000|100%| O|  |TAMS 0x00000000ac600000| PB 0x00000000ac600000| Untracked 
| 199|0x00000000ac700000, 0x00000000ac800000, 0x00000000ac800000|100%| O|  |TAMS 0x00000000ac800000| PB 0x00000000ac800000| Updating 
| 200|0x00000000ac800000, 0x00000000ac900000, 0x00000000ac900000|100%| O|  |TAMS 0x00000000ac900000| PB 0x00000000ac900000| Updating 
| 201|0x00000000ac900000, 0x00000000aca00000, 0x00000000aca00000|100%| O|  |TAMS 0x00000000ac900000| PB 0x00000000ac900000| Untracked 
| 202|0x00000000aca00000, 0x00000000acb00000, 0x00000000acb00000|100%| O|  |TAMS 0x00000000acb00000| PB 0x00000000acb00000| Updating 
| 203|0x00000000acb00000, 0x00000000acc00000, 0x00000000acc00000|100%| O|  |TAMS 0x00000000acc00000| PB 0x00000000acc00000| Updating 
| 204|0x00000000acc00000, 0x00000000acd00000, 0x00000000acd00000|100%| O|  |TAMS 0x00000000acd00000| PB 0x00000000acd00000| Untracked 
| 205|0x00000000acd00000, 0x00000000ace00000, 0x00000000ace00000|100%| O|  |TAMS 0x00000000ace00000| PB 0x00000000ace00000| Updating 
| 206|0x00000000ace00000, 0x00000000acf00000, 0x00000000acf00000|100%| O|  |TAMS 0x00000000acf00000| PB 0x00000000acf00000| Updating 
| 207|0x00000000acf00000, 0x00000000ad000000, 0x00000000ad000000|100%| O|  |TAMS 0x00000000ad000000| PB 0x00000000ad000000| Updating 
| 208|0x00000000ad000000, 0x00000000ad100000, 0x00000000ad100000|100%| O|  |TAMS 0x00000000ad100000| PB 0x00000000ad100000| Updating 
| 209|0x00000000ad100000, 0x00000000ad200000, 0x00000000ad200000|100%| O|  |TAMS 0x00000000ad200000| PB 0x00000000ad200000| Updating 
| 210|0x00000000ad200000, 0x00000000ad300000, 0x00000000ad300000|100%| O|  |TAMS 0x00000000ad300000| PB 0x00000000ad300000| Updating 
| 211|0x00000000ad300000, 0x00000000ad400000, 0x00000000ad400000|100%| O|  |TAMS 0x00000000ad400000| PB 0x00000000ad400000| Updating 
| 212|0x00000000ad400000, 0x00000000ad500000, 0x00000000ad500000|100%| O|  |TAMS 0x00000000ad500000| PB 0x00000000ad500000| Updating 
| 213|0x00000000ad500000, 0x00000000ad600000, 0x00000000ad600000|100%| O|  |TAMS 0x00000000ad600000| PB 0x00000000ad600000| Updating 
| 214|0x00000000ad600000, 0x00000000ad700000, 0x00000000ad700000|100%| O|  |TAMS 0x00000000ad700000| PB 0x00000000ad700000| Updating 
| 215|0x00000000ad700000, 0x00000000ad800000, 0x00000000ad800000|100%| O|  |TAMS 0x00000000ad800000| PB 0x00000000ad800000| Updating 
| 216|0x00000000ad800000, 0x00000000ad900000, 0x00000000ad900000|100%| O|  |TAMS 0x00000000ad900000| PB 0x00000000ad900000| Updating 
| 217|0x00000000ad900000, 0x00000000ada00000, 0x00000000ada00000|100%| O|  |TAMS 0x00000000ada00000| PB 0x00000000ada00000| Updating 
| 218|0x00000000ada00000, 0x00000000adb00000, 0x00000000adb00000|100%| O|  |TAMS 0x00000000adb00000| PB 0x00000000adb00000| Updating 
| 219|0x00000000adb00000, 0x00000000adc00000, 0x00000000adc00000|100%| O|  |TAMS 0x00000000adc00000| PB 0x00000000adc00000| Untracked 
| 220|0x00000000adc00000, 0x00000000add00000, 0x00000000add00000|100%| O|  |TAMS 0x00000000add00000| PB 0x00000000add00000| Updating 
| 221|0x00000000add00000, 0x00000000ade00000, 0x00000000ade00000|100%| O|  |TAMS 0x00000000ade00000| PB 0x00000000ade00000| Updating 
| 222|0x00000000ade00000, 0x00000000adf00000, 0x00000000adf00000|100%| O|  |TAMS 0x00000000adf00000| PB 0x00000000adf00000| Updating 
| 223|0x00000000adf00000, 0x00000000ae000000, 0x00000000ae000000|100%| O|  |TAMS 0x00000000ae000000| PB 0x00000000ae000000| Updating 
| 224|0x00000000ae000000, 0x00000000ae100000, 0x00000000ae100000|100%| O|  |TAMS 0x00000000ae100000| PB 0x00000000ae100000| Updating 
| 225|0x00000000ae100000, 0x00000000ae200000, 0x00000000ae200000|100%| O|  |TAMS 0x00000000ae200000| PB 0x00000000ae200000| Updating 
| 226|0x00000000ae200000, 0x00000000ae300000, 0x00000000ae300000|100%| O|  |TAMS 0x00000000ae300000| PB 0x00000000ae300000| Untracked 
| 227|0x00000000ae300000, 0x00000000ae300000, 0x00000000ae400000|  0%| F|  |TAMS 0x00000000ae300000| PB 0x00000000ae300000| Untracked 
| 228|0x00000000ae400000, 0x00000000ae500000, 0x00000000ae500000|100%| O|  |TAMS 0x00000000ae500000| PB 0x00000000ae500000| Untracked 
| 229|0x00000000ae500000, 0x00000000ae600000, 0x00000000ae600000|100%| O|  |TAMS 0x00000000ae600000| PB 0x00000000ae600000| Updating 
| 230|0x00000000ae600000, 0x00000000ae600000, 0x00000000ae700000|  0%| F|  |TAMS 0x00000000ae600000| PB 0x00000000ae600000| Untracked 
| 231|0x00000000ae700000, 0x00000000ae800000, 0x00000000ae800000|100%| O|  |TAMS 0x00000000ae800000| PB 0x00000000ae800000| Updating 
| 232|0x00000000ae800000, 0x00000000ae900000, 0x00000000ae900000|100%| O|  |TAMS 0x00000000ae900000| PB 0x00000000ae900000| Updating 
| 233|0x00000000ae900000, 0x00000000aea00000, 0x00000000aea00000|100%| O|  |TAMS 0x00000000aea00000| PB 0x00000000aea00000| Updating 
| 234|0x00000000aea00000, 0x00000000aeb00000, 0x00000000aeb00000|100%| O|  |TAMS 0x00000000aeb00000| PB 0x00000000aeb00000| Updating 
| 235|0x00000000aeb00000, 0x00000000aeb00000, 0x00000000aec00000|  0%| F|  |TAMS 0x00000000aeb00000| PB 0x00000000aeb00000| Untracked 
| 236|0x00000000aec00000, 0x00000000aed00000, 0x00000000aed00000|100%| O|  |TAMS 0x00000000aed00000| PB 0x00000000aed00000| Untracked 
| 237|0x00000000aed00000, 0x00000000aee00000, 0x00000000aee00000|100%| O|  |TAMS 0x00000000aee00000| PB 0x00000000aee00000| Updating 
| 238|0x00000000aee00000, 0x00000000aef00000, 0x00000000aef00000|100%| O|  |TAMS 0x00000000aef00000| PB 0x00000000aef00000| Updating 
| 239|0x00000000aef00000, 0x00000000af000000, 0x00000000af000000|100%| O|  |TAMS 0x00000000af000000| PB 0x00000000af000000| Updating 
| 240|0x00000000af000000, 0x00000000af100000, 0x00000000af100000|100%| O|  |TAMS 0x00000000af100000| PB 0x00000000af100000| Updating 
| 241|0x00000000af100000, 0x00000000af200000, 0x00000000af200000|100%| O|  |TAMS 0x00000000af200000| PB 0x00000000af200000| Updating 
| 242|0x00000000af200000, 0x00000000af300000, 0x00000000af300000|100%| O|  |TAMS 0x00000000af300000| PB 0x00000000af300000| Updating 
| 243|0x00000000af300000, 0x00000000af400000, 0x00000000af400000|100%| O|  |TAMS 0x00000000af400000| PB 0x00000000af400000| Updating 
| 244|0x00000000af400000, 0x00000000af400000, 0x00000000af500000|  0%| F|  |TAMS 0x00000000af400000| PB 0x00000000af400000| Untracked 
| 245|0x00000000af500000, 0x00000000af500000, 0x00000000af600000|  0%| F|  |TAMS 0x00000000af500000| PB 0x00000000af500000| Untracked 
| 246|0x00000000af600000, 0x00000000af700000, 0x00000000af700000|100%| O|  |TAMS 0x00000000af700000| PB 0x00000000af700000| Updating 
| 247|0x00000000af700000, 0x00000000af800000, 0x00000000af800000|100%| O|  |TAMS 0x00000000af800000| PB 0x00000000af800000| Updating 
| 248|0x00000000af800000, 0x00000000af900000, 0x00000000af900000|100%| O|  |TAMS 0x00000000af900000| PB 0x00000000af900000| Updating 
| 249|0x00000000af900000, 0x00000000afa00000, 0x00000000afa00000|100%| O|  |TAMS 0x00000000afa00000| PB 0x00000000afa00000| Updating 
| 250|0x00000000afa00000, 0x00000000afa00000, 0x00000000afb00000|  0%| F|  |TAMS 0x00000000afa00000| PB 0x00000000afa00000| Untracked 
| 251|0x00000000afb00000, 0x00000000afc00000, 0x00000000afc00000|100%| O|  |TAMS 0x00000000afc00000| PB 0x00000000afc00000| Updating 
| 252|0x00000000afc00000, 0x00000000afd00000, 0x00000000afd00000|100%| O|  |TAMS 0x00000000afd00000| PB 0x00000000afd00000| Untracked 
| 253|0x00000000afd00000, 0x00000000afe00000, 0x00000000afe00000|100%| O|  |TAMS 0x00000000afe00000| PB 0x00000000afe00000| Untracked 
| 254|0x00000000afe00000, 0x00000000aff00000, 0x00000000aff00000|100%| O|  |TAMS 0x00000000aff00000| PB 0x00000000aff00000| Untracked 
| 255|0x00000000aff00000, 0x00000000b0000000, 0x00000000b0000000|100%| O|  |TAMS 0x00000000b0000000| PB 0x00000000b0000000| Untracked 
| 256|0x00000000b0000000, 0x00000000b0100000, 0x00000000b0100000|100%| O|  |TAMS 0x00000000b0100000| PB 0x00000000b0100000| Untracked 
| 257|0x00000000b0100000, 0x00000000b0200000, 0x00000000b0200000|100%| O|  |TAMS 0x00000000b0200000| PB 0x00000000b0200000| Untracked 
| 258|0x00000000b0200000, 0x00000000b0300000, 0x00000000b0300000|100%| O|  |TAMS 0x00000000b0300000| PB 0x00000000b0300000| Updating 
| 259|0x00000000b0300000, 0x00000000b0400000, 0x00000000b0400000|100%| O|  |TAMS 0x00000000b0400000| PB 0x00000000b0400000| Untracked 
| 260|0x00000000b0400000, 0x00000000b0500000, 0x00000000b0500000|100%| O|  |TAMS 0x00000000b0500000| PB 0x00000000b0500000| Untracked 
| 261|0x00000000b0500000, 0x00000000b0600000, 0x00000000b0600000|100%| O|  |TAMS 0x00000000b0600000| PB 0x00000000b0600000| Updating 
| 262|0x00000000b0600000, 0x00000000b0700000, 0x00000000b0700000|100%| O|  |TAMS 0x00000000b0700000| PB 0x00000000b0700000| Updating 
| 263|0x00000000b0700000, 0x00000000b0800000, 0x00000000b0800000|100%| O|  |TAMS 0x00000000b0800000| PB 0x00000000b0800000| Updating 
| 264|0x00000000b0800000, 0x00000000b0900000, 0x00000000b0900000|100%| O|  |TAMS 0x00000000b0900000| PB 0x00000000b0900000| Untracked 
| 265|0x00000000b0900000, 0x00000000b0a00000, 0x00000000b0a00000|100%| O|  |TAMS 0x00000000b0a00000| PB 0x00000000b0a00000| Untracked 
| 266|0x00000000b0a00000, 0x00000000b0b00000, 0x00000000b0b00000|100%| O|  |TAMS 0x00000000b0b00000| PB 0x00000000b0b00000| Untracked 
| 267|0x00000000b0b00000, 0x00000000b0b00000, 0x00000000b0c00000|  0%| F|  |TAMS 0x00000000b0b00000| PB 0x00000000b0b00000| Untracked 
| 268|0x00000000b0c00000, 0x00000000b0d00000, 0x00000000b0d00000|100%|HS|  |TAMS 0x00000000b0d00000| PB 0x00000000b0c00000| Complete 
| 269|0x00000000b0d00000, 0x00000000b0e00000, 0x00000000b0e00000|100%|HC|  |TAMS 0x00000000b0e00000| PB 0x00000000b0d00000| Complete 
| 270|0x00000000b0e00000, 0x00000000b0f00000, 0x00000000b0f00000|100%| O|  |TAMS 0x00000000b0f00000| PB 0x00000000b0f00000| Updating 
| 271|0x00000000b0f00000, 0x00000000b1000000, 0x00000000b1000000|100%| O|  |TAMS 0x00000000b1000000| PB 0x00000000b1000000| Untracked 
| 272|0x00000000b1000000, 0x00000000b1000000, 0x00000000b1100000|  0%| F|  |TAMS 0x00000000b1000000| PB 0x00000000b1000000| Untracked 
| 273|0x00000000b1100000, 0x00000000b1200000, 0x00000000b1200000|100%| O|  |TAMS 0x00000000b1200000| PB 0x00000000b1200000| Updating 
| 274|0x00000000b1200000, 0x00000000b1300000, 0x00000000b1300000|100%| O|  |TAMS 0x00000000b1300000| PB 0x00000000b1300000| Updating 
| 275|0x00000000b1300000, 0x00000000b1400000, 0x00000000b1400000|100%| O|  |TAMS 0x00000000b1400000| PB 0x00000000b1400000| Updating 
| 276|0x00000000b1400000, 0x00000000b1500000, 0x00000000b1500000|100%| O|  |TAMS 0x00000000b1500000| PB 0x00000000b1500000| Updating 
| 277|0x00000000b1500000, 0x00000000b1600000, 0x00000000b1600000|100%| O|  |TAMS 0x00000000b1600000| PB 0x00000000b1600000| Updating 
| 278|0x00000000b1600000, 0x00000000b1700000, 0x00000000b1700000|100%| O|  |TAMS 0x00000000b1700000| PB 0x00000000b1700000| Updating 
| 279|0x00000000b1700000, 0x00000000b1800000, 0x00000000b1800000|100%| O|  |TAMS 0x00000000b1800000| PB 0x00000000b1800000| Updating 
| 280|0x00000000b1800000, 0x00000000b1900000, 0x00000000b1900000|100%| O|  |TAMS 0x00000000b1900000| PB 0x00000000b1900000| Updating 
| 281|0x00000000b1900000, 0x00000000b1a00000, 0x00000000b1a00000|100%| O|  |TAMS 0x00000000b1a00000| PB 0x00000000b1a00000| Updating 
| 282|0x00000000b1a00000, 0x00000000b1b00000, 0x00000000b1b00000|100%| O|  |TAMS 0x00000000b1b00000| PB 0x00000000b1b00000| Updating 
| 283|0x00000000b1b00000, 0x00000000b1c00000, 0x00000000b1c00000|100%| O|  |TAMS 0x00000000b1c00000| PB 0x00000000b1c00000| Updating 
| 284|0x00000000b1c00000, 0x00000000b1d00000, 0x00000000b1d00000|100%| O|  |TAMS 0x00000000b1d00000| PB 0x00000000b1d00000| Updating 
| 285|0x00000000b1d00000, 0x00000000b1e00000, 0x00000000b1e00000|100%| O|  |TAMS 0x00000000b1e00000| PB 0x00000000b1e00000| Updating 
| 286|0x00000000b1e00000, 0x00000000b1f00000, 0x00000000b1f00000|100%| O|  |TAMS 0x00000000b1f00000| PB 0x00000000b1f00000| Updating 
| 287|0x00000000b1f00000, 0x00000000b2000000, 0x00000000b2000000|100%| O|  |TAMS 0x00000000b2000000| PB 0x00000000b2000000| Updating 
| 288|0x00000000b2000000, 0x00000000b2100000, 0x00000000b2100000|100%| O|  |TAMS 0x00000000b2100000| PB 0x00000000b2100000| Updating 
| 289|0x00000000b2100000, 0x00000000b2200000, 0x00000000b2200000|100%| O|  |TAMS 0x00000000b2200000| PB 0x00000000b2200000| Updating 
| 290|0x00000000b2200000, 0x00000000b2200000, 0x00000000b2300000|  0%| F|  |TAMS 0x00000000b2200000| PB 0x00000000b2200000| Untracked 
| 291|0x00000000b2300000, 0x00000000b2400000, 0x00000000b2400000|100%| O|  |TAMS 0x00000000b2400000| PB 0x00000000b2400000| Updating 
| 292|0x00000000b2400000, 0x00000000b2500000, 0x00000000b2500000|100%| O|  |TAMS 0x00000000b2500000| PB 0x00000000b2500000| Updating 
| 293|0x00000000b2500000, 0x00000000b2600000, 0x00000000b2600000|100%| O|  |TAMS 0x00000000b2600000| PB 0x00000000b2600000| Updating 
| 294|0x00000000b2600000, 0x00000000b2700000, 0x00000000b2700000|100%| O|  |TAMS 0x00000000b2700000| PB 0x00000000b2700000| Updating 
| 295|0x00000000b2700000, 0x00000000b2800000, 0x00000000b2800000|100%| O|  |TAMS 0x00000000b2800000| PB 0x00000000b2800000| Untracked 
| 296|0x00000000b2800000, 0x00000000b2900000, 0x00000000b2900000|100%| O|  |TAMS 0x00000000b2900000| PB 0x00000000b2900000| Updating 
| 297|0x00000000b2900000, 0x00000000b2900000, 0x00000000b2a00000|  0%| F|  |TAMS 0x00000000b2900000| PB 0x00000000b2900000| Untracked 
| 298|0x00000000b2a00000, 0x00000000b2b00000, 0x00000000b2b00000|100%| O|  |TAMS 0x00000000b2b00000| PB 0x00000000b2b00000| Untracked 
| 299|0x00000000b2b00000, 0x00000000b2c00000, 0x00000000b2c00000|100%| O|  |TAMS 0x00000000b2c00000| PB 0x00000000b2c00000| Updating 
| 300|0x00000000b2c00000, 0x00000000b2d00000, 0x00000000b2d00000|100%| O|  |TAMS 0x00000000b2d00000| PB 0x00000000b2d00000| Updating 
| 301|0x00000000b2d00000, 0x00000000b2e00000, 0x00000000b2e00000|100%| O|  |TAMS 0x00000000b2e00000| PB 0x00000000b2e00000| Updating 
| 302|0x00000000b2e00000, 0x00000000b2f00000, 0x00000000b2f00000|100%| O|  |TAMS 0x00000000b2f00000| PB 0x00000000b2f00000| Updating 
| 303|0x00000000b2f00000, 0x00000000b2f00000, 0x00000000b3000000|  0%| F|  |TAMS 0x00000000b2f00000| PB 0x00000000b2f00000| Untracked 
| 304|0x00000000b3000000, 0x00000000b3100000, 0x00000000b3100000|100%| O|  |TAMS 0x00000000b3100000| PB 0x00000000b3100000| Updating 
| 305|0x00000000b3100000, 0x00000000b3100000, 0x00000000b3200000|  0%| F|  |TAMS 0x00000000b3100000| PB 0x00000000b3100000| Untracked 
| 306|0x00000000b3200000, 0x00000000b3300000, 0x00000000b3300000|100%| O|  |TAMS 0x00000000b3300000| PB 0x00000000b3300000| Updating 
| 307|0x00000000b3300000, 0x00000000b3300000, 0x00000000b3400000|  0%| F|  |TAMS 0x00000000b3300000| PB 0x00000000b3300000| Untracked 
| 308|0x00000000b3400000, 0x00000000b3500000, 0x00000000b3500000|100%| O|  |TAMS 0x00000000b3500000| PB 0x00000000b3500000| Updating 
| 309|0x00000000b3500000, 0x00000000b3600000, 0x00000000b3600000|100%| O|  |TAMS 0x00000000b3600000| PB 0x00000000b3600000| Updating 
| 310|0x00000000b3600000, 0x00000000b3600000, 0x00000000b3700000|  0%| F|  |TAMS 0x00000000b3600000| PB 0x00000000b3600000| Untracked 
| 311|0x00000000b3700000, 0x00000000b3800000, 0x00000000b3800000|100%| O|  |TAMS 0x00000000b3800000| PB 0x00000000b3800000| Updating 
| 312|0x00000000b3800000, 0x00000000b3900000, 0x00000000b3900000|100%| O|  |TAMS 0x00000000b3900000| PB 0x00000000b3900000| Updating 
| 313|0x00000000b3900000, 0x00000000b3a00000, 0x00000000b3a00000|100%| O|  |TAMS 0x00000000b3a00000| PB 0x00000000b3a00000| Updating 
| 314|0x00000000b3a00000, 0x00000000b3b00000, 0x00000000b3b00000|100%| O|  |TAMS 0x00000000b3b00000| PB 0x00000000b3b00000| Updating 
| 315|0x00000000b3b00000, 0x00000000b3c00000, 0x00000000b3c00000|100%| O|  |TAMS 0x00000000b3c00000| PB 0x00000000b3c00000| Updating 
| 316|0x00000000b3c00000, 0x00000000b3d00000, 0x00000000b3d00000|100%| O|  |TAMS 0x00000000b3d00000| PB 0x00000000b3d00000| Updating 
| 317|0x00000000b3d00000, 0x00000000b3e00000, 0x00000000b3e00000|100%| O|  |TAMS 0x00000000b3e00000| PB 0x00000000b3e00000| Updating 
| 318|0x00000000b3e00000, 0x00000000b3f00000, 0x00000000b3f00000|100%| O|  |TAMS 0x00000000b3f00000| PB 0x00000000b3f00000| Updating 
| 319|0x00000000b3f00000, 0x00000000b4000000, 0x00000000b4000000|100%| O|  |TAMS 0x00000000b4000000| PB 0x00000000b4000000| Updating 
| 320|0x00000000b4000000, 0x00000000b4100000, 0x00000000b4100000|100%| O|  |TAMS 0x00000000b4100000| PB 0x00000000b4100000| Untracked 
| 321|0x00000000b4100000, 0x00000000b4100000, 0x00000000b4200000|  0%| F|  |TAMS 0x00000000b4100000| PB 0x00000000b4100000| Untracked 
| 322|0x00000000b4200000, 0x00000000b4200000, 0x00000000b4300000|  0%| F|  |TAMS 0x00000000b4200000| PB 0x00000000b4200000| Untracked 
| 323|0x00000000b4300000, 0x00000000b4300000, 0x00000000b4400000|  0%| F|  |TAMS 0x00000000b4300000| PB 0x00000000b4300000| Untracked 
| 324|0x00000000b4400000, 0x00000000b4500000, 0x00000000b4500000|100%| O|  |TAMS 0x00000000b4500000| PB 0x00000000b4500000| Updating 
| 325|0x00000000b4500000, 0x00000000b4500000, 0x00000000b4600000|  0%| F|  |TAMS 0x00000000b4500000| PB 0x00000000b4500000| Untracked 
| 326|0x00000000b4600000, 0x00000000b4600000, 0x00000000b4700000|  0%| F|  |TAMS 0x00000000b4600000| PB 0x00000000b4600000| Untracked 
| 327|0x00000000b4700000, 0x00000000b4700000, 0x00000000b4800000|  0%| F|  |TAMS 0x00000000b4700000| PB 0x00000000b4700000| Untracked 
| 328|0x00000000b4800000, 0x00000000b4800000, 0x00000000b4900000|  0%| F|  |TAMS 0x00000000b4800000| PB 0x00000000b4800000| Untracked 
| 329|0x00000000b4900000, 0x00000000b4900000, 0x00000000b4a00000|  0%| F|  |TAMS 0x00000000b4900000| PB 0x00000000b4900000| Untracked 
| 330|0x00000000b4a00000, 0x00000000b4a00000, 0x00000000b4b00000|  0%| F|  |TAMS 0x00000000b4a00000| PB 0x00000000b4a00000| Untracked 
| 331|0x00000000b4b00000, 0x00000000b4c00000, 0x00000000b4c00000|100%| O|  |TAMS 0x00000000b4c00000| PB 0x00000000b4c00000| Updating 
| 332|0x00000000b4c00000, 0x00000000b4d00000, 0x00000000b4d00000|100%| O|  |TAMS 0x00000000b4d00000| PB 0x00000000b4d00000| Updating 
| 333|0x00000000b4d00000, 0x00000000b4e00000, 0x00000000b4e00000|100%| O|  |TAMS 0x00000000b4e00000| PB 0x00000000b4e00000| Updating 
| 334|0x00000000b4e00000, 0x00000000b4f00000, 0x00000000b4f00000|100%| O|  |TAMS 0x00000000b4f00000| PB 0x00000000b4f00000| Updating 
| 335|0x00000000b4f00000, 0x00000000b5000000, 0x00000000b5000000|100%| O|  |TAMS 0x00000000b5000000| PB 0x00000000b5000000| Untracked 
| 336|0x00000000b5000000, 0x00000000b5100000, 0x00000000b5100000|100%| O|  |TAMS 0x00000000b5100000| PB 0x00000000b5100000| Updating 
| 337|0x00000000b5100000, 0x00000000b5100000, 0x00000000b5200000|  0%| F|  |TAMS 0x00000000b5100000| PB 0x00000000b5100000| Untracked 
| 338|0x00000000b5200000, 0x00000000b5300000, 0x00000000b5300000|100%| O|  |TAMS 0x00000000b5300000| PB 0x00000000b5300000| Updating 
| 339|0x00000000b5300000, 0x00000000b5300000, 0x00000000b5400000|  0%| F|  |TAMS 0x00000000b5300000| PB 0x00000000b5300000| Untracked 
| 340|0x00000000b5400000, 0x00000000b5500000, 0x00000000b5500000|100%| O|  |TAMS 0x00000000b5500000| PB 0x00000000b5500000| Untracked 
| 341|0x00000000b5500000, 0x00000000b5600000, 0x00000000b5600000|100%| O|  |TAMS 0x00000000b5600000| PB 0x00000000b5600000| Updating 
| 342|0x00000000b5600000, 0x00000000b5700000, 0x00000000b5700000|100%| O|  |TAMS 0x00000000b5700000| PB 0x00000000b5700000| Updating 
| 343|0x00000000b5700000, 0x00000000b5800000, 0x00000000b5800000|100%| O|  |TAMS 0x00000000b5800000| PB 0x00000000b5800000| Updating 
| 344|0x00000000b5800000, 0x00000000b5900000, 0x00000000b5900000|100%| O|  |TAMS 0x00000000b5900000| PB 0x00000000b5900000| Updating 
| 345|0x00000000b5900000, 0x00000000b5900000, 0x00000000b5a00000|  0%| F|  |TAMS 0x00000000b5900000| PB 0x00000000b5900000| Untracked 
| 346|0x00000000b5a00000, 0x00000000b5a00000, 0x00000000b5b00000|  0%| F|  |TAMS 0x00000000b5a00000| PB 0x00000000b5a00000| Untracked 
| 347|0x00000000b5b00000, 0x00000000b5b00000, 0x00000000b5c00000|  0%| F|  |TAMS 0x00000000b5b00000| PB 0x00000000b5b00000| Untracked 
| 348|0x00000000b5c00000, 0x00000000b5c00000, 0x00000000b5d00000|  0%| F|  |TAMS 0x00000000b5c00000| PB 0x00000000b5c00000| Untracked 
| 349|0x00000000b5d00000, 0x00000000b5d00000, 0x00000000b5e00000|  0%| F|  |TAMS 0x00000000b5d00000| PB 0x00000000b5d00000| Untracked 
| 350|0x00000000b5e00000, 0x00000000b5e00000, 0x00000000b5f00000|  0%| F|  |TAMS 0x00000000b5e00000| PB 0x00000000b5e00000| Untracked 
| 351|0x00000000b5f00000, 0x00000000b5f00000, 0x00000000b6000000|  0%| F|  |TAMS 0x00000000b5f00000| PB 0x00000000b5f00000| Untracked 
| 352|0x00000000b6000000, 0x00000000b6000000, 0x00000000b6100000|  0%| F|  |TAMS 0x00000000b6000000| PB 0x00000000b6000000| Untracked 
| 353|0x00000000b6100000, 0x00000000b6200000, 0x00000000b6200000|100%| O|  |TAMS 0x00000000b6200000| PB 0x00000000b6200000| Updating 
| 354|0x00000000b6200000, 0x00000000b6200000, 0x00000000b6300000|  0%| F|  |TAMS 0x00000000b6200000| PB 0x00000000b6200000| Untracked 
| 355|0x00000000b6300000, 0x00000000b6300000, 0x00000000b6400000|  0%| F|  |TAMS 0x00000000b6300000| PB 0x00000000b6300000| Untracked 
| 356|0x00000000b6400000, 0x00000000b6400000, 0x00000000b6500000|  0%| F|  |TAMS 0x00000000b6400000| PB 0x00000000b6400000| Untracked 
| 357|0x00000000b6500000, 0x00000000b6500000, 0x00000000b6600000|  0%| F|  |TAMS 0x00000000b6500000| PB 0x00000000b6500000| Untracked 
| 358|0x00000000b6600000, 0x00000000b6600000, 0x00000000b6700000|  0%| F|  |TAMS 0x00000000b6600000| PB 0x00000000b6600000| Untracked 
| 359|0x00000000b6700000, 0x00000000b6700000, 0x00000000b6800000|  0%| F|  |TAMS 0x00000000b6700000| PB 0x00000000b6700000| Untracked 
| 360|0x00000000b6800000, 0x00000000b6800000, 0x00000000b6900000|  0%| F|  |TAMS 0x00000000b6800000| PB 0x00000000b6800000| Untracked 
| 361|0x00000000b6900000, 0x00000000b6a00000, 0x00000000b6a00000|100%| O|  |TAMS 0x00000000b6a00000| PB 0x00000000b6a00000| Updating 
| 362|0x00000000b6a00000, 0x00000000b6b00000, 0x00000000b6b00000|100%| O|  |TAMS 0x00000000b6b00000| PB 0x00000000b6b00000| Updating 
| 363|0x00000000b6b00000, 0x00000000b6b00000, 0x00000000b6c00000|  0%| F|  |TAMS 0x00000000b6b00000| PB 0x00000000b6b00000| Untracked 
| 364|0x00000000b6c00000, 0x00000000b6d00000, 0x00000000b6d00000|100%| O|  |TAMS 0x00000000b6d00000| PB 0x00000000b6d00000| Updating 
| 365|0x00000000b6d00000, 0x00000000b6e00000, 0x00000000b6e00000|100%| O|  |TAMS 0x00000000b6e00000| PB 0x00000000b6e00000| Updating 
| 366|0x00000000b6e00000, 0x00000000b6f00000, 0x00000000b6f00000|100%| O|  |TAMS 0x00000000b6f00000| PB 0x00000000b6f00000| Updating 
| 367|0x00000000b6f00000, 0x00000000b6f00000, 0x00000000b7000000|  0%| F|  |TAMS 0x00000000b6f00000| PB 0x00000000b6f00000| Untracked 
| 368|0x00000000b7000000, 0x00000000b7100000, 0x00000000b7100000|100%| O|  |TAMS 0x00000000b7100000| PB 0x00000000b7100000| Updating 
| 369|0x00000000b7100000, 0x00000000b7200000, 0x00000000b7200000|100%| O|  |TAMS 0x00000000b7200000| PB 0x00000000b7200000| Updating 
| 370|0x00000000b7200000, 0x00000000b7200000, 0x00000000b7300000|  0%| F|  |TAMS 0x00000000b7200000| PB 0x00000000b7200000| Untracked 
| 371|0x00000000b7300000, 0x00000000b7300000, 0x00000000b7400000|  0%| F|  |TAMS 0x00000000b7300000| PB 0x00000000b7300000| Untracked 
| 372|0x00000000b7400000, 0x00000000b7400000, 0x00000000b7500000|  0%| F|  |TAMS 0x00000000b7400000| PB 0x00000000b7400000| Untracked 
| 373|0x00000000b7500000, 0x00000000b7600000, 0x00000000b7600000|100%| O|  |TAMS 0x00000000b7600000| PB 0x00000000b7600000| Updating 
| 374|0x00000000b7600000, 0x00000000b7700000, 0x00000000b7700000|100%| O|  |TAMS 0x00000000b7700000| PB 0x00000000b7700000| Updating 
| 375|0x00000000b7700000, 0x00000000b7700000, 0x00000000b7800000|  0%| F|  |TAMS 0x00000000b7700000| PB 0x00000000b7700000| Untracked 
| 376|0x00000000b7800000, 0x00000000b7800000, 0x00000000b7900000|  0%| F|  |TAMS 0x00000000b7800000| PB 0x00000000b7800000| Untracked 
| 377|0x00000000b7900000, 0x00000000b7900000, 0x00000000b7a00000|  0%| F|  |TAMS 0x00000000b7900000| PB 0x00000000b7900000| Untracked 
| 378|0x00000000b7a00000, 0x00000000b7a00000, 0x00000000b7b00000|  0%| F|  |TAMS 0x00000000b7a00000| PB 0x00000000b7a00000| Untracked 
| 379|0x00000000b7b00000, 0x00000000b7b00000, 0x00000000b7c00000|  0%| F|  |TAMS 0x00000000b7b00000| PB 0x00000000b7b00000| Untracked 
| 380|0x00000000b7c00000, 0x00000000b7d00000, 0x00000000b7d00000|100%| O|  |TAMS 0x00000000b7d00000| PB 0x00000000b7d00000| Updating 
| 381|0x00000000b7d00000, 0x00000000b7d00000, 0x00000000b7e00000|  0%| F|  |TAMS 0x00000000b7d00000| PB 0x00000000b7d00000| Untracked 
| 382|0x00000000b7e00000, 0x00000000b7e00000, 0x00000000b7f00000|  0%| F|  |TAMS 0x00000000b7e00000| PB 0x00000000b7e00000| Untracked 
| 383|0x00000000b7f00000, 0x00000000b7f00000, 0x00000000b8000000|  0%| F|  |TAMS 0x00000000b7f00000| PB 0x00000000b7f00000| Untracked 
| 384|0x00000000b8000000, 0x00000000b8000000, 0x00000000b8100000|  0%| F|  |TAMS 0x00000000b8000000| PB 0x00000000b8000000| Untracked 
| 385|0x00000000b8100000, 0x00000000b8100000, 0x00000000b8200000|  0%| F|  |TAMS 0x00000000b8100000| PB 0x00000000b8100000| Untracked 
| 386|0x00000000b8200000, 0x00000000b8200000, 0x00000000b8300000|  0%| F|  |TAMS 0x00000000b8200000| PB 0x00000000b8200000| Untracked 
| 387|0x00000000b8300000, 0x00000000b8300000, 0x00000000b8400000|  0%| F|  |TAMS 0x00000000b8300000| PB 0x00000000b8300000| Untracked 
| 388|0x00000000b8400000, 0x00000000b8400000, 0x00000000b8500000|  0%| F|  |TAMS 0x00000000b8400000| PB 0x00000000b8400000| Untracked 
| 389|0x00000000b8500000, 0x00000000b8500000, 0x00000000b8600000|  0%| F|  |TAMS 0x00000000b8500000| PB 0x00000000b8500000| Untracked 
| 390|0x00000000b8600000, 0x00000000b8600000, 0x00000000b8700000|  0%| F|  |TAMS 0x00000000b8600000| PB 0x00000000b8600000| Untracked 
| 391|0x00000000b8700000, 0x00000000b8700000, 0x00000000b8800000|  0%| F|  |TAMS 0x00000000b8700000| PB 0x00000000b8700000| Untracked 
| 392|0x00000000b8800000, 0x00000000b8800000, 0x00000000b8900000|  0%| F|  |TAMS 0x00000000b8800000| PB 0x00000000b8800000| Untracked 
| 393|0x00000000b8900000, 0x00000000b8a00000, 0x00000000b8a00000|100%| O|  |TAMS 0x00000000b8a00000| PB 0x00000000b8a00000| Updating 
| 394|0x00000000b8a00000, 0x00000000b8a00000, 0x00000000b8b00000|  0%| F|  |TAMS 0x00000000b8a00000| PB 0x00000000b8a00000| Untracked 
| 395|0x00000000b8b00000, 0x00000000b8c00000, 0x00000000b8c00000|100%| O|  |TAMS 0x00000000b8c00000| PB 0x00000000b8c00000| Updating 
| 396|0x00000000b8c00000, 0x00000000b8d00000, 0x00000000b8d00000|100%| O|  |TAMS 0x00000000b8d00000| PB 0x00000000b8d00000| Updating 
| 397|0x00000000b8d00000, 0x00000000b8d00000, 0x00000000b8e00000|  0%| F|  |TAMS 0x00000000b8d00000| PB 0x00000000b8d00000| Untracked 
| 398|0x00000000b8e00000, 0x00000000b8e00000, 0x00000000b8f00000|  0%| F|  |TAMS 0x00000000b8e00000| PB 0x00000000b8e00000| Untracked 
| 399|0x00000000b8f00000, 0x00000000b9000000, 0x00000000b9000000|100%| O|  |TAMS 0x00000000b9000000| PB 0x00000000b9000000| Updating 
| 400|0x00000000b9000000, 0x00000000b9000000, 0x00000000b9100000|  0%| F|  |TAMS 0x00000000b9000000| PB 0x00000000b9000000| Untracked 
| 401|0x00000000b9100000, 0x00000000b9100000, 0x00000000b9200000|  0%| F|  |TAMS 0x00000000b9100000| PB 0x00000000b9100000| Untracked 
| 402|0x00000000b9200000, 0x00000000b9300000, 0x00000000b9300000|100%| O|  |TAMS 0x00000000b9300000| PB 0x00000000b9300000| Updating 
| 403|0x00000000b9300000, 0x00000000b9300000, 0x00000000b9400000|  0%| F|  |TAMS 0x00000000b9300000| PB 0x00000000b9300000| Untracked 
| 404|0x00000000b9400000, 0x00000000b9400000, 0x00000000b9500000|  0%| F|  |TAMS 0x00000000b9400000| PB 0x00000000b9400000| Untracked 
| 405|0x00000000b9500000, 0x00000000b9500000, 0x00000000b9600000|  0%| F|  |TAMS 0x00000000b9500000| PB 0x00000000b9500000| Untracked 
| 406|0x00000000b9600000, 0x00000000b9600000, 0x00000000b9700000|  0%| F|  |TAMS 0x00000000b9600000| PB 0x00000000b9600000| Untracked 
| 407|0x00000000b9700000, 0x00000000b9700000, 0x00000000b9800000|  0%| F|  |TAMS 0x00000000b9700000| PB 0x00000000b9700000| Untracked 
| 408|0x00000000b9800000, 0x00000000b9800000, 0x00000000b9900000|  0%| F|  |TAMS 0x00000000b9800000| PB 0x00000000b9800000| Untracked 
| 409|0x00000000b9900000, 0x00000000b9900000, 0x00000000b9a00000|  0%| F|  |TAMS 0x00000000b9900000| PB 0x00000000b9900000| Untracked 
| 410|0x00000000b9a00000, 0x00000000b9b00000, 0x00000000b9b00000|100%| O|  |TAMS 0x00000000b9b00000| PB 0x00000000b9b00000| Updating 
| 411|0x00000000b9b00000, 0x00000000b9b00000, 0x00000000b9c00000|  0%| F|  |TAMS 0x00000000b9b00000| PB 0x00000000b9b00000| Untracked 
| 412|0x00000000b9c00000, 0x00000000b9c00000, 0x00000000b9d00000|  0%| F|  |TAMS 0x00000000b9c00000| PB 0x00000000b9c00000| Untracked 
| 413|0x00000000b9d00000, 0x00000000b9d00000, 0x00000000b9e00000|  0%| F|  |TAMS 0x00000000b9d00000| PB 0x00000000b9d00000| Untracked 
| 414|0x00000000b9e00000, 0x00000000b9e00000, 0x00000000b9f00000|  0%| F|  |TAMS 0x00000000b9e00000| PB 0x00000000b9e00000| Untracked 
| 415|0x00000000b9f00000, 0x00000000b9f00000, 0x00000000ba000000|  0%| F|  |TAMS 0x00000000b9f00000| PB 0x00000000b9f00000| Untracked 
| 416|0x00000000ba000000, 0x00000000ba000000, 0x00000000ba100000|  0%| F|  |TAMS 0x00000000ba000000| PB 0x00000000ba000000| Untracked 
| 417|0x00000000ba100000, 0x00000000ba100000, 0x00000000ba200000|  0%| F|  |TAMS 0x00000000ba100000| PB 0x00000000ba100000| Untracked 
| 418|0x00000000ba200000, 0x00000000ba200000, 0x00000000ba300000|  0%| F|  |TAMS 0x00000000ba200000| PB 0x00000000ba200000| Untracked 
| 419|0x00000000ba300000, 0x00000000ba300000, 0x00000000ba400000|  0%| F|  |TAMS 0x00000000ba300000| PB 0x00000000ba300000| Untracked 
| 420|0x00000000ba400000, 0x00000000ba400000, 0x00000000ba500000|  0%| F|  |TAMS 0x00000000ba400000| PB 0x00000000ba400000| Untracked 
| 421|0x00000000ba500000, 0x00000000ba500000, 0x00000000ba600000|  0%| F|  |TAMS 0x00000000ba500000| PB 0x00000000ba500000| Untracked 
| 422|0x00000000ba600000, 0x00000000ba600000, 0x00000000ba700000|  0%| F|  |TAMS 0x00000000ba600000| PB 0x00000000ba600000| Untracked 
| 423|0x00000000ba700000, 0x00000000ba700000, 0x00000000ba800000|  0%| F|  |TAMS 0x00000000ba700000| PB 0x00000000ba700000| Untracked 
| 424|0x00000000ba800000, 0x00000000ba900000, 0x00000000ba900000|100%| O|  |TAMS 0x00000000ba900000| PB 0x00000000ba900000| Updating 
| 425|0x00000000ba900000, 0x00000000ba900000, 0x00000000baa00000|  0%| F|  |TAMS 0x00000000ba900000| PB 0x00000000ba900000| Untracked 
| 426|0x00000000baa00000, 0x00000000baa00000, 0x00000000bab00000|  0%| F|  |TAMS 0x00000000baa00000| PB 0x00000000baa00000| Untracked 
| 427|0x00000000bab00000, 0x00000000bab00000, 0x00000000bac00000|  0%| F|  |TAMS 0x00000000bab00000| PB 0x00000000bab00000| Untracked 
| 428|0x00000000bac00000, 0x00000000bac00000, 0x00000000bad00000|  0%| F|  |TAMS 0x00000000bac00000| PB 0x00000000bac00000| Untracked 
| 429|0x00000000bad00000, 0x00000000bae00000, 0x00000000bae00000|100%| O|  |TAMS 0x00000000bae00000| PB 0x00000000bae00000| Updating 
| 430|0x00000000bae00000, 0x00000000baf00000, 0x00000000baf00000|100%| O|  |TAMS 0x00000000baf00000| PB 0x00000000baf00000| Updating 
| 431|0x00000000baf00000, 0x00000000baf00000, 0x00000000bb000000|  0%| F|  |TAMS 0x00000000baf00000| PB 0x00000000baf00000| Untracked 
| 432|0x00000000bb000000, 0x00000000bb000000, 0x00000000bb100000|  0%| F|  |TAMS 0x00000000bb000000| PB 0x00000000bb000000| Untracked 
| 433|0x00000000bb100000, 0x00000000bb200000, 0x00000000bb200000|100%| O|  |TAMS 0x00000000bb200000| PB 0x00000000bb200000| Updating 
| 434|0x00000000bb200000, 0x00000000bb200000, 0x00000000bb300000|  0%| F|  |TAMS 0x00000000bb200000| PB 0x00000000bb200000| Untracked 
| 435|0x00000000bb300000, 0x00000000bb400000, 0x00000000bb400000|100%| O|  |TAMS 0x00000000bb400000| PB 0x00000000bb400000| Updating 
| 436|0x00000000bb400000, 0x00000000bb400000, 0x00000000bb500000|  0%| F|  |TAMS 0x00000000bb400000| PB 0x00000000bb400000| Untracked 
| 437|0x00000000bb500000, 0x00000000bb500000, 0x00000000bb600000|  0%| F|  |TAMS 0x00000000bb500000| PB 0x00000000bb500000| Untracked 
| 438|0x00000000bb600000, 0x00000000bb600000, 0x00000000bb700000|  0%| F|  |TAMS 0x00000000bb600000| PB 0x00000000bb600000| Untracked 
| 439|0x00000000bb700000, 0x00000000bb800000, 0x00000000bb800000|100%| O|  |TAMS 0x00000000bb800000| PB 0x00000000bb800000| Updating 
| 440|0x00000000bb800000, 0x00000000bb800000, 0x00000000bb900000|  0%| F|  |TAMS 0x00000000bb800000| PB 0x00000000bb800000| Untracked 
| 441|0x00000000bb900000, 0x00000000bb900000, 0x00000000bba00000|  0%| F|  |TAMS 0x00000000bb900000| PB 0x00000000bb900000| Untracked 
| 442|0x00000000bba00000, 0x00000000bba00000, 0x00000000bbb00000|  0%| F|  |TAMS 0x00000000bba00000| PB 0x00000000bba00000| Untracked 
| 443|0x00000000bbb00000, 0x00000000bbb00000, 0x00000000bbc00000|  0%| F|  |TAMS 0x00000000bbb00000| PB 0x00000000bbb00000| Untracked 
| 444|0x00000000bbc00000, 0x00000000bbc00000, 0x00000000bbd00000|  0%| F|  |TAMS 0x00000000bbc00000| PB 0x00000000bbc00000| Untracked 
| 445|0x00000000bbd00000, 0x00000000bbd00000, 0x00000000bbe00000|  0%| F|  |TAMS 0x00000000bbd00000| PB 0x00000000bbd00000| Untracked 
| 446|0x00000000bbe00000, 0x00000000bbe00000, 0x00000000bbf00000|  0%| F|  |TAMS 0x00000000bbe00000| PB 0x00000000bbe00000| Untracked 
| 447|0x00000000bbf00000, 0x00000000bbf00000, 0x00000000bc000000|  0%| F|  |TAMS 0x00000000bbf00000| PB 0x00000000bbf00000| Untracked 
| 448|0x00000000bc000000, 0x00000000bc000000, 0x00000000bc100000|  0%| F|  |TAMS 0x00000000bc000000| PB 0x00000000bc000000| Untracked 
| 449|0x00000000bc100000, 0x00000000bc200000, 0x00000000bc200000|100%| O|  |TAMS 0x00000000bc200000| PB 0x00000000bc200000| Updating 
| 450|0x00000000bc200000, 0x00000000bc200000, 0x00000000bc300000|  0%| F|  |TAMS 0x00000000bc200000| PB 0x00000000bc200000| Untracked 
| 451|0x00000000bc300000, 0x00000000bc300000, 0x00000000bc400000|  0%| F|  |TAMS 0x00000000bc300000| PB 0x00000000bc300000| Untracked 
| 452|0x00000000bc400000, 0x00000000bc400000, 0x00000000bc500000|  0%| F|  |TAMS 0x00000000bc400000| PB 0x00000000bc400000| Untracked 
| 453|0x00000000bc500000, 0x00000000bc500000, 0x00000000bc600000|  0%| F|  |TAMS 0x00000000bc500000| PB 0x00000000bc500000| Untracked 
| 454|0x00000000bc600000, 0x00000000bc600000, 0x00000000bc700000|  0%| F|  |TAMS 0x00000000bc600000| PB 0x00000000bc600000| Untracked 
| 455|0x00000000bc700000, 0x00000000bc800000, 0x00000000bc800000|100%| O|  |TAMS 0x00000000bc800000| PB 0x00000000bc800000| Updating 
| 456|0x00000000bc800000, 0x00000000bc800000, 0x00000000bc900000|  0%| F|  |TAMS 0x00000000bc800000| PB 0x00000000bc800000| Untracked 
| 457|0x00000000bc900000, 0x00000000bc900000, 0x00000000bca00000|  0%| F|  |TAMS 0x00000000bc900000| PB 0x00000000bc900000| Untracked 
| 458|0x00000000bca00000, 0x00000000bca00000, 0x00000000bcb00000|  0%| F|  |TAMS 0x00000000bca00000| PB 0x00000000bca00000| Untracked 
| 459|0x00000000bcb00000, 0x00000000bcb00000, 0x00000000bcc00000|  0%| F|  |TAMS 0x00000000bcb00000| PB 0x00000000bcb00000| Untracked 
| 460|0x00000000bcc00000, 0x00000000bcd00000, 0x00000000bcd00000|100%| O|  |TAMS 0x00000000bcd00000| PB 0x00000000bcd00000| Updating 
| 461|0x00000000bcd00000, 0x00000000bcd00000, 0x00000000bce00000|  0%| F|  |TAMS 0x00000000bcd00000| PB 0x00000000bcd00000| Untracked 
| 462|0x00000000bce00000, 0x00000000bce00000, 0x00000000bcf00000|  0%| F|  |TAMS 0x00000000bce00000| PB 0x00000000bce00000| Untracked 
| 463|0x00000000bcf00000, 0x00000000bcf00000, 0x00000000bd000000|  0%| F|  |TAMS 0x00000000bcf00000| PB 0x00000000bcf00000| Untracked 
| 464|0x00000000bd000000, 0x00000000bd000000, 0x00000000bd100000|  0%| F|  |TAMS 0x00000000bd000000| PB 0x00000000bd000000| Untracked 
| 465|0x00000000bd100000, 0x00000000bd100000, 0x00000000bd200000|  0%| F|  |TAMS 0x00000000bd100000| PB 0x00000000bd100000| Untracked 
| 466|0x00000000bd200000, 0x00000000bd200000, 0x00000000bd300000|  0%| F|  |TAMS 0x00000000bd200000| PB 0x00000000bd200000| Untracked 
| 467|0x00000000bd300000, 0x00000000bd300000, 0x00000000bd400000|  0%| F|  |TAMS 0x00000000bd300000| PB 0x00000000bd300000| Untracked 
| 468|0x00000000bd400000, 0x00000000bd400000, 0x00000000bd500000|  0%| F|  |TAMS 0x00000000bd400000| PB 0x00000000bd400000| Untracked 
| 469|0x00000000bd500000, 0x00000000bd500000, 0x00000000bd600000|  0%| F|  |TAMS 0x00000000bd500000| PB 0x00000000bd500000| Untracked 
| 470|0x00000000bd600000, 0x00000000bd600000, 0x00000000bd700000|  0%| F|  |TAMS 0x00000000bd600000| PB 0x00000000bd600000| Untracked 
| 471|0x00000000bd700000, 0x00000000bd700000, 0x00000000bd800000|  0%| F|  |TAMS 0x00000000bd700000| PB 0x00000000bd700000| Untracked 
| 472|0x00000000bd800000, 0x00000000bd900000, 0x00000000bd900000|100%| O|  |TAMS 0x00000000bd900000| PB 0x00000000bd900000| Updating 
| 473|0x00000000bd900000, 0x00000000bd900000, 0x00000000bda00000|  0%| F|  |TAMS 0x00000000bd900000| PB 0x00000000bd900000| Untracked 
| 474|0x00000000bda00000, 0x00000000bda00000, 0x00000000bdb00000|  0%| F|  |TAMS 0x00000000bda00000| PB 0x00000000bda00000| Untracked 
| 475|0x00000000bdb00000, 0x00000000bdb00000, 0x00000000bdc00000|  0%| F|  |TAMS 0x00000000bdb00000| PB 0x00000000bdb00000| Untracked 
| 476|0x00000000bdc00000, 0x00000000bdc00000, 0x00000000bdd00000|  0%| F|  |TAMS 0x00000000bdc00000| PB 0x00000000bdc00000| Untracked 
| 477|0x00000000bdd00000, 0x00000000bdd00000, 0x00000000bde00000|  0%| F|  |TAMS 0x00000000bdd00000| PB 0x00000000bdd00000| Untracked 
| 478|0x00000000bde00000, 0x00000000bde00000, 0x00000000bdf00000|  0%| F|  |TAMS 0x00000000bde00000| PB 0x00000000bde00000| Untracked 
| 479|0x00000000bdf00000, 0x00000000bdf00000, 0x00000000be000000|  0%| F|  |TAMS 0x00000000bdf00000| PB 0x00000000bdf00000| Untracked 
| 480|0x00000000be000000, 0x00000000be000000, 0x00000000be100000|  0%| F|  |TAMS 0x00000000be000000| PB 0x00000000be000000| Untracked 
| 481|0x00000000be100000, 0x00000000be100000, 0x00000000be200000|  0%| F|  |TAMS 0x00000000be100000| PB 0x00000000be100000| Untracked 
| 482|0x00000000be200000, 0x00000000be300000, 0x00000000be300000|100%| O|  |TAMS 0x00000000be300000| PB 0x00000000be300000| Updating 
| 483|0x00000000be300000, 0x00000000be300000, 0x00000000be400000|  0%| F|  |TAMS 0x00000000be300000| PB 0x00000000be300000| Untracked 
| 484|0x00000000be400000, 0x00000000be400000, 0x00000000be500000|  0%| F|  |TAMS 0x00000000be400000| PB 0x00000000be400000| Untracked 
| 485|0x00000000be500000, 0x00000000be500000, 0x00000000be600000|  0%| F|  |TAMS 0x00000000be500000| PB 0x00000000be500000| Untracked 
| 486|0x00000000be600000, 0x00000000be600000, 0x00000000be700000|  0%| F|  |TAMS 0x00000000be600000| PB 0x00000000be600000| Untracked 
| 487|0x00000000be700000, 0x00000000be800000, 0x00000000be800000|100%| O|  |TAMS 0x00000000be800000| PB 0x00000000be800000| Updating 
| 488|0x00000000be800000, 0x00000000be900000, 0x00000000be900000|100%| O|  |TAMS 0x00000000be900000| PB 0x00000000be900000| Updating 
| 489|0x00000000be900000, 0x00000000be900000, 0x00000000bea00000|  0%| F|  |TAMS 0x00000000be900000| PB 0x00000000be900000| Untracked 
| 490|0x00000000bea00000, 0x00000000bea00000, 0x00000000beb00000|  0%| F|  |TAMS 0x00000000bea00000| PB 0x00000000bea00000| Untracked 
| 491|0x00000000beb00000, 0x00000000bec00000, 0x00000000bec00000|100%| O|  |TAMS 0x00000000bec00000| PB 0x00000000bec00000| Updating 
| 492|0x00000000bec00000, 0x00000000bed00000, 0x00000000bed00000|100%|HS|  |TAMS 0x00000000bec00000| PB 0x00000000bec00000| Complete 
| 493|0x00000000bed00000, 0x00000000bee00000, 0x00000000bee00000|100%| O|  |TAMS 0x00000000bee00000| PB 0x00000000bee00000| Updating 
| 494|0x00000000bee00000, 0x00000000bee00000, 0x00000000bef00000|  0%| F|  |TAMS 0x00000000bee00000| PB 0x00000000bee00000| Untracked 
| 495|0x00000000bef00000, 0x00000000bef00000, 0x00000000bf000000|  0%| F|  |TAMS 0x00000000bef00000| PB 0x00000000bef00000| Untracked 
| 496|0x00000000bf000000, 0x00000000bf000000, 0x00000000bf100000|  0%| F|  |TAMS 0x00000000bf000000| PB 0x00000000bf000000| Untracked 
| 497|0x00000000bf100000, 0x00000000bf200000, 0x00000000bf200000|100%| O|  |TAMS 0x00000000bf200000| PB 0x00000000bf200000| Updating 
| 498|0x00000000bf200000, 0x00000000bf200000, 0x00000000bf300000|  0%| F|  |TAMS 0x00000000bf200000| PB 0x00000000bf200000| Untracked 
| 499|0x00000000bf300000, 0x00000000bf400000, 0x00000000bf400000|100%| O|  |TAMS 0x00000000bf400000| PB 0x00000000bf400000| Updating 
| 500|0x00000000bf400000, 0x00000000bf500000, 0x00000000bf500000|100%| O|  |TAMS 0x00000000bf500000| PB 0x00000000bf500000| Updating 
| 501|0x00000000bf500000, 0x00000000bf500000, 0x00000000bf600000|  0%| F|  |TAMS 0x00000000bf500000| PB 0x00000000bf500000| Untracked 
| 502|0x00000000bf600000, 0x00000000bf700000, 0x00000000bf700000|100%| O|  |TAMS 0x00000000bf700000| PB 0x00000000bf700000| Updating 
| 503|0x00000000bf700000, 0x00000000bf800000, 0x00000000bf800000|100%| O|  |TAMS 0x00000000bf800000| PB 0x00000000bf800000| Updating 
| 504|0x00000000bf800000, 0x00000000bf900000, 0x00000000bf900000|100%| O|  |TAMS 0x00000000bf900000| PB 0x00000000bf900000| Updating 
| 505|0x00000000bf900000, 0x00000000bfa00000, 0x00000000bfa00000|100%| O|  |TAMS 0x00000000bfa00000| PB 0x00000000bfa00000| Updating 
| 506|0x00000000bfa00000, 0x00000000bfb00000, 0x00000000bfb00000|100%| O|  |TAMS 0x00000000bfb00000| PB 0x00000000bfb00000| Updating 
| 507|0x00000000bfb00000, 0x00000000bfc00000, 0x00000000bfc00000|100%| O|  |TAMS 0x00000000bfc00000| PB 0x00000000bfc00000| Updating 
| 508|0x00000000bfc00000, 0x00000000bfd00000, 0x00000000bfd00000|100%| O|  |TAMS 0x00000000bfd00000| PB 0x00000000bfd00000| Updating 
| 509|0x00000000bfd00000, 0x00000000bfe00000, 0x00000000bfe00000|100%| O|  |TAMS 0x00000000bfe00000| PB 0x00000000bfe00000| Updating 
| 510|0x00000000bfe00000, 0x00000000bfe00000, 0x00000000bff00000|  0%| F|  |TAMS 0x00000000bfe00000| PB 0x00000000bfe00000| Untracked 
| 511|0x00000000bff00000, 0x00000000c0000000, 0x00000000c0000000|100%| O|  |TAMS 0x00000000c0000000| PB 0x00000000c0000000| Updating 
| 512|0x00000000c0000000, 0x00000000c0000000, 0x00000000c0100000|  0%| F|  |TAMS 0x00000000c0000000| PB 0x00000000c0000000| Untracked 
| 513|0x00000000c0100000, 0x00000000c0100000, 0x00000000c0200000|  0%| F|  |TAMS 0x00000000c0100000| PB 0x00000000c0100000| Untracked 
| 514|0x00000000c0200000, 0x00000000c0300000, 0x00000000c0300000|100%| O|  |TAMS 0x00000000c0300000| PB 0x00000000c0300000| Updating 
| 515|0x00000000c0300000, 0x00000000c0300000, 0x00000000c0400000|  0%| F|  |TAMS 0x00000000c0300000| PB 0x00000000c0300000| Untracked 
| 516|0x00000000c0400000, 0x00000000c0500000, 0x00000000c0500000|100%| O|  |TAMS 0x00000000c0500000| PB 0x00000000c0500000| Updating 
| 517|0x00000000c0500000, 0x00000000c0500000, 0x00000000c0600000|  0%| F|  |TAMS 0x00000000c0500000| PB 0x00000000c0500000| Untracked 
| 518|0x00000000c0600000, 0x00000000c0600000, 0x00000000c0700000|  0%| F|  |TAMS 0x00000000c0600000| PB 0x00000000c0600000| Untracked 
| 519|0x00000000c0700000, 0x00000000c0800000, 0x00000000c0800000|100%| O|  |TAMS 0x00000000c0800000| PB 0x00000000c0800000| Updating 
| 520|0x00000000c0800000, 0x00000000c0900000, 0x00000000c0900000|100%| O|  |TAMS 0x00000000c0900000| PB 0x00000000c0900000| Updating 
| 521|0x00000000c0900000, 0x00000000c0900000, 0x00000000c0a00000|  0%| F|  |TAMS 0x00000000c0900000| PB 0x00000000c0900000| Untracked 
| 522|0x00000000c0a00000, 0x00000000c0b00000, 0x00000000c0b00000|100%| O|  |TAMS 0x00000000c0b00000| PB 0x00000000c0b00000| Updating 
| 523|0x00000000c0b00000, 0x00000000c0c00000, 0x00000000c0c00000|100%| O|  |TAMS 0x00000000c0c00000| PB 0x00000000c0c00000| Updating 
| 524|0x00000000c0c00000, 0x00000000c0d00000, 0x00000000c0d00000|100%| O|  |TAMS 0x00000000c0d00000| PB 0x00000000c0d00000| Updating 
| 525|0x00000000c0d00000, 0x00000000c0e00000, 0x00000000c0e00000|100%| O|  |TAMS 0x00000000c0e00000| PB 0x00000000c0e00000| Untracked 
| 526|0x00000000c0e00000, 0x00000000c0f00000, 0x00000000c0f00000|100%| O|  |TAMS 0x00000000c0f00000| PB 0x00000000c0f00000| Updating 
| 527|0x00000000c0f00000, 0x00000000c1000000, 0x00000000c1000000|100%| O|  |TAMS 0x00000000c1000000| PB 0x00000000c1000000| Updating 
| 528|0x00000000c1000000, 0x00000000c1100000, 0x00000000c1100000|100%| O|  |TAMS 0x00000000c1100000| PB 0x00000000c1100000| Updating 
| 529|0x00000000c1100000, 0x00000000c1100000, 0x00000000c1200000|  0%| F|  |TAMS 0x00000000c1100000| PB 0x00000000c1100000| Untracked 
| 530|0x00000000c1200000, 0x00000000c1200000, 0x00000000c1300000|  0%| F|  |TAMS 0x00000000c1200000| PB 0x00000000c1200000| Untracked 
| 531|0x00000000c1300000, 0x00000000c1400000, 0x00000000c1400000|100%| O|  |TAMS 0x00000000c1400000| PB 0x00000000c1400000| Updating 
| 532|0x00000000c1400000, 0x00000000c1400000, 0x00000000c1500000|  0%| F|  |TAMS 0x00000000c1400000| PB 0x00000000c1400000| Untracked 
| 533|0x00000000c1500000, 0x00000000c1600000, 0x00000000c1600000|100%| O|  |TAMS 0x00000000c1600000| PB 0x00000000c1600000| Updating 
| 534|0x00000000c1600000, 0x00000000c1600000, 0x00000000c1700000|  0%| F|  |TAMS 0x00000000c1600000| PB 0x00000000c1600000| Untracked 
| 535|0x00000000c1700000, 0x00000000c1700000, 0x00000000c1800000|  0%| F|  |TAMS 0x00000000c1700000| PB 0x00000000c1700000| Untracked 
| 536|0x00000000c1800000, 0x00000000c1900000, 0x00000000c1900000|100%| O|  |TAMS 0x00000000c1900000| PB 0x00000000c1900000| Updating 
| 537|0x00000000c1900000, 0x00000000c1a00000, 0x00000000c1a00000|100%| O|  |TAMS 0x00000000c1a00000| PB 0x00000000c1a00000| Updating 
| 538|0x00000000c1a00000, 0x00000000c1b00000, 0x00000000c1b00000|100%| O|  |TAMS 0x00000000c1b00000| PB 0x00000000c1b00000| Updating 
| 539|0x00000000c1b00000, 0x00000000c1c00000, 0x00000000c1c00000|100%| O|  |TAMS 0x00000000c1c00000| PB 0x00000000c1c00000| Untracked 
| 540|0x00000000c1c00000, 0x00000000c1d00000, 0x00000000c1d00000|100%| O|  |TAMS 0x00000000c1d00000| PB 0x00000000c1d00000| Updating 
| 541|0x00000000c1d00000, 0x00000000c1e00000, 0x00000000c1e00000|100%| O|  |TAMS 0x00000000c1e00000| PB 0x00000000c1e00000| Updating 
| 542|0x00000000c1e00000, 0x00000000c1f00000, 0x00000000c1f00000|100%| O|  |TAMS 0x00000000c1f00000| PB 0x00000000c1f00000| Updating 
| 543|0x00000000c1f00000, 0x00000000c2000000, 0x00000000c2000000|100%| O|  |TAMS 0x00000000c2000000| PB 0x00000000c2000000| Updating 
| 544|0x00000000c2000000, 0x00000000c2000000, 0x00000000c2100000|  0%| F|  |TAMS 0x00000000c2000000| PB 0x00000000c2000000| Untracked 
| 545|0x00000000c2100000, 0x00000000c2100000, 0x00000000c2200000|  0%| F|  |TAMS 0x00000000c2100000| PB 0x00000000c2100000| Untracked 
| 546|0x00000000c2200000, 0x00000000c2300000, 0x00000000c2300000|100%| O|  |TAMS 0x00000000c2300000| PB 0x00000000c2300000| Updating 
| 547|0x00000000c2300000, 0x00000000c2400000, 0x00000000c2400000|100%| O|  |TAMS 0x00000000c2400000| PB 0x00000000c2400000| Updating 
| 548|0x00000000c2400000, 0x00000000c2400000, 0x00000000c2500000|  0%| F|  |TAMS 0x00000000c2400000| PB 0x00000000c2400000| Untracked 
| 549|0x00000000c2500000, 0x00000000c2600000, 0x00000000c2600000|100%| O|  |TAMS 0x00000000c2600000| PB 0x00000000c2600000| Updating 
| 550|0x00000000c2600000, 0x00000000c2700000, 0x00000000c2700000|100%| O|  |TAMS 0x00000000c2700000| PB 0x00000000c2700000| Updating 
| 551|0x00000000c2700000, 0x00000000c2800000, 0x00000000c2800000|100%| O|  |TAMS 0x00000000c2800000| PB 0x00000000c2800000| Updating 
| 552|0x00000000c2800000, 0x00000000c2900000, 0x00000000c2900000|100%| O|  |TAMS 0x00000000c2900000| PB 0x00000000c2900000| Updating 
| 553|0x00000000c2900000, 0x00000000c2a00000, 0x00000000c2a00000|100%| O|  |TAMS 0x00000000c2a00000| PB 0x00000000c2a00000| Updating 
| 554|0x00000000c2a00000, 0x00000000c2b00000, 0x00000000c2b00000|100%| O|  |TAMS 0x00000000c2b00000| PB 0x00000000c2b00000| Updating 
| 555|0x00000000c2b00000, 0x00000000c2c00000, 0x00000000c2c00000|100%| O|  |TAMS 0x00000000c2c00000| PB 0x00000000c2c00000| Updating 
| 556|0x00000000c2c00000, 0x00000000c2d00000, 0x00000000c2d00000|100%| O|  |TAMS 0x00000000c2d00000| PB 0x00000000c2d00000| Updating 
| 557|0x00000000c2d00000, 0x00000000c2e00000, 0x00000000c2e00000|100%| O|  |TAMS 0x00000000c2e00000| PB 0x00000000c2e00000| Updating 
| 558|0x00000000c2e00000, 0x00000000c2f00000, 0x00000000c2f00000|100%| O|  |TAMS 0x00000000c2f00000| PB 0x00000000c2f00000| Updating 
| 559|0x00000000c2f00000, 0x00000000c3000000, 0x00000000c3000000|100%| O|  |TAMS 0x00000000c3000000| PB 0x00000000c3000000| Updating 
| 560|0x00000000c3000000, 0x00000000c3100000, 0x00000000c3100000|100%| O|  |TAMS 0x00000000c3100000| PB 0x00000000c3100000| Updating 
| 561|0x00000000c3100000, 0x00000000c3100000, 0x00000000c3200000|  0%| F|  |TAMS 0x00000000c3100000| PB 0x00000000c3100000| Untracked 
| 562|0x00000000c3200000, 0x00000000c3300000, 0x00000000c3300000|100%| O|  |TAMS 0x00000000c3300000| PB 0x00000000c3300000| Updating 
| 563|0x00000000c3300000, 0x00000000c3400000, 0x00000000c3400000|100%| O|  |TAMS 0x00000000c3400000| PB 0x00000000c3400000| Updating 
| 564|0x00000000c3400000, 0x00000000c3500000, 0x00000000c3500000|100%| O|  |TAMS 0x00000000c3500000| PB 0x00000000c3500000| Updating 
| 565|0x00000000c3500000, 0x00000000c3500000, 0x00000000c3600000|  0%| F|  |TAMS 0x00000000c3500000| PB 0x00000000c3500000| Untracked 
| 566|0x00000000c3600000, 0x00000000c3600000, 0x00000000c3700000|  0%| F|  |TAMS 0x00000000c3600000| PB 0x00000000c3600000| Untracked 
| 567|0x00000000c3700000, 0x00000000c3700000, 0x00000000c3800000|  0%| F|  |TAMS 0x00000000c3700000| PB 0x00000000c3700000| Untracked 
| 568|0x00000000c3800000, 0x00000000c3900000, 0x00000000c3900000|100%| O|  |TAMS 0x00000000c3900000| PB 0x00000000c3900000| Updating 
| 569|0x00000000c3900000, 0x00000000c3a00000, 0x00000000c3a00000|100%| O|  |TAMS 0x00000000c3a00000| PB 0x00000000c3a00000| Updating 
| 570|0x00000000c3a00000, 0x00000000c3b00000, 0x00000000c3b00000|100%| O|  |TAMS 0x00000000c3a00000| PB 0x00000000c3a00000| Untracked 
| 571|0x00000000c3b00000, 0x00000000c3c00000, 0x00000000c3c00000|100%| O|  |TAMS 0x00000000c3c00000| PB 0x00000000c3c00000| Updating 
| 572|0x00000000c3c00000, 0x00000000c3c00000, 0x00000000c3d00000|  0%| F|  |TAMS 0x00000000c3c00000| PB 0x00000000c3c00000| Untracked 
| 573|0x00000000c3d00000, 0x00000000c3e00000, 0x00000000c3e00000|100%| O|  |TAMS 0x00000000c3e00000| PB 0x00000000c3e00000| Updating 
| 574|0x00000000c3e00000, 0x00000000c3f00000, 0x00000000c3f00000|100%| O|  |TAMS 0x00000000c3f00000| PB 0x00000000c3f00000| Updating 
| 575|0x00000000c3f00000, 0x00000000c4000000, 0x00000000c4000000|100%| O|  |TAMS 0x00000000c4000000| PB 0x00000000c4000000| Updating 
| 576|0x00000000c4000000, 0x00000000c4000000, 0x00000000c4100000|  0%| F|  |TAMS 0x00000000c4000000| PB 0x00000000c4000000| Untracked 
| 577|0x00000000c4100000, 0x00000000c4200000, 0x00000000c4200000|100%| O|  |TAMS 0x00000000c4200000| PB 0x00000000c4200000| Updating 
| 578|0x00000000c4200000, 0x00000000c4300000, 0x00000000c4300000|100%| O|  |TAMS 0x00000000c4300000| PB 0x00000000c4300000| Updating 
| 579|0x00000000c4300000, 0x00000000c4400000, 0x00000000c4400000|100%| O|  |TAMS 0x00000000c4400000| PB 0x00000000c4400000| Updating 
| 580|0x00000000c4400000, 0x00000000c4500000, 0x00000000c4500000|100%| O|  |TAMS 0x00000000c4500000| PB 0x00000000c4500000| Updating 
| 581|0x00000000c4500000, 0x00000000c4600000, 0x00000000c4600000|100%| O|  |TAMS 0x00000000c4600000| PB 0x00000000c4600000| Updating 
| 582|0x00000000c4600000, 0x00000000c4700000, 0x00000000c4700000|100%| O|  |TAMS 0x00000000c4700000| PB 0x00000000c4700000| Updating 
| 583|0x00000000c4700000, 0x00000000c4800000, 0x00000000c4800000|100%| O|  |TAMS 0x00000000c4800000| PB 0x00000000c4800000| Updating 
| 584|0x00000000c4800000, 0x00000000c4900000, 0x00000000c4900000|100%| O|  |TAMS 0x00000000c4900000| PB 0x00000000c4900000| Updating 
| 585|0x00000000c4900000, 0x00000000c4a00000, 0x00000000c4a00000|100%| O|  |TAMS 0x00000000c4a00000| PB 0x00000000c4a00000| Updating 
| 586|0x00000000c4a00000, 0x00000000c4b00000, 0x00000000c4b00000|100%| O|  |TAMS 0x00000000c4b00000| PB 0x00000000c4b00000| Updating 
| 587|0x00000000c4b00000, 0x00000000c4b00000, 0x00000000c4c00000|  0%| F|  |TAMS 0x00000000c4b00000| PB 0x00000000c4b00000| Untracked 
| 588|0x00000000c4c00000, 0x00000000c4d00000, 0x00000000c4d00000|100%|HS|  |TAMS 0x00000000c4d00000| PB 0x00000000c4c00000| Complete 
| 589|0x00000000c4d00000, 0x00000000c4e00000, 0x00000000c4e00000|100%|HC|  |TAMS 0x00000000c4e00000| PB 0x00000000c4d00000| Complete 
| 590|0x00000000c4e00000, 0x00000000c4f00000, 0x00000000c4f00000|100%| O|  |TAMS 0x00000000c4f00000| PB 0x00000000c4f00000| Updating 
| 591|0x00000000c4f00000, 0x00000000c5000000, 0x00000000c5000000|100%| O|  |TAMS 0x00000000c5000000| PB 0x00000000c5000000| Updating 
| 592|0x00000000c5000000, 0x00000000c5100000, 0x00000000c5100000|100%| O|  |TAMS 0x00000000c5100000| PB 0x00000000c5100000| Updating 
| 593|0x00000000c5100000, 0x00000000c5200000, 0x00000000c5200000|100%| O|  |TAMS 0x00000000c5200000| PB 0x00000000c5200000| Updating 
| 594|0x00000000c5200000, 0x00000000c5200000, 0x00000000c5300000|  0%| F|  |TAMS 0x00000000c5200000| PB 0x00000000c5200000| Untracked 
| 595|0x00000000c5300000, 0x00000000c5400000, 0x00000000c5400000|100%| O|  |TAMS 0x00000000c5400000| PB 0x00000000c5400000| Updating 
| 596|0x00000000c5400000, 0x00000000c5500000, 0x00000000c5500000|100%| O|  |TAMS 0x00000000c5500000| PB 0x00000000c5500000| Updating 
| 597|0x00000000c5500000, 0x00000000c5500000, 0x00000000c5600000|  0%| F|  |TAMS 0x00000000c5500000| PB 0x00000000c5500000| Untracked 
| 598|0x00000000c5600000, 0x00000000c5600000, 0x00000000c5700000|  0%| F|  |TAMS 0x00000000c5600000| PB 0x00000000c5600000| Untracked 
| 599|0x00000000c5700000, 0x00000000c5800000, 0x00000000c5800000|100%| O|  |TAMS 0x00000000c5800000| PB 0x00000000c5800000| Updating 
| 600|0x00000000c5800000, 0x00000000c5900000, 0x00000000c5900000|100%| O|  |TAMS 0x00000000c5900000| PB 0x00000000c5900000| Updating 
| 601|0x00000000c5900000, 0x00000000c5900000, 0x00000000c5a00000|  0%| F|  |TAMS 0x00000000c5900000| PB 0x00000000c5900000| Untracked 
| 602|0x00000000c5a00000, 0x00000000c5b00000, 0x00000000c5b00000|100%| O|  |TAMS 0x00000000c5b00000| PB 0x00000000c5b00000| Updating 
| 603|0x00000000c5b00000, 0x00000000c5c00000, 0x00000000c5c00000|100%| O|  |TAMS 0x00000000c5c00000| PB 0x00000000c5c00000| Updating 
| 604|0x00000000c5c00000, 0x00000000c5d00000, 0x00000000c5d00000|100%| O|  |TAMS 0x00000000c5d00000| PB 0x00000000c5d00000| Updating 
| 605|0x00000000c5d00000, 0x00000000c5e00000, 0x00000000c5e00000|100%| O|  |TAMS 0x00000000c5e00000| PB 0x00000000c5e00000| Updating 
| 606|0x00000000c5e00000, 0x00000000c5f00000, 0x00000000c5f00000|100%| O|  |TAMS 0x00000000c5f00000| PB 0x00000000c5f00000| Updating 
| 607|0x00000000c5f00000, 0x00000000c5f00000, 0x00000000c6000000|  0%| F|  |TAMS 0x00000000c5f00000| PB 0x00000000c5f00000| Untracked 
| 608|0x00000000c6000000, 0x00000000c6100000, 0x00000000c6100000|100%| O|  |TAMS 0x00000000c6100000| PB 0x00000000c6100000| Updating 
| 609|0x00000000c6100000, 0x00000000c6200000, 0x00000000c6200000|100%| O|  |TAMS 0x00000000c6200000| PB 0x00000000c6200000| Updating 
| 610|0x00000000c6200000, 0x00000000c6300000, 0x00000000c6300000|100%| O|  |TAMS 0x00000000c6300000| PB 0x00000000c6300000| Updating 
| 611|0x00000000c6300000, 0x00000000c6300000, 0x00000000c6400000|  0%| F|  |TAMS 0x00000000c6300000| PB 0x00000000c6300000| Untracked 
| 612|0x00000000c6400000, 0x00000000c6400000, 0x00000000c6500000|  0%| F|  |TAMS 0x00000000c6400000| PB 0x00000000c6400000| Untracked 
| 613|0x00000000c6500000, 0x00000000c6600000, 0x00000000c6600000|100%| O|  |TAMS 0x00000000c6600000| PB 0x00000000c6600000| Updating 
| 614|0x00000000c6600000, 0x00000000c6700000, 0x00000000c6700000|100%| O|  |TAMS 0x00000000c6700000| PB 0x00000000c6700000| Updating 
| 615|0x00000000c6700000, 0x00000000c6800000, 0x00000000c6800000|100%| O|  |TAMS 0x00000000c6800000| PB 0x00000000c6800000| Updating 
| 616|0x00000000c6800000, 0x00000000c6900000, 0x00000000c6900000|100%| O|  |TAMS 0x00000000c6900000| PB 0x00000000c6900000| Updating 
| 617|0x00000000c6900000, 0x00000000c6a00000, 0x00000000c6a00000|100%| O|  |TAMS 0x00000000c6a00000| PB 0x00000000c6a00000| Updating 
| 618|0x00000000c6a00000, 0x00000000c6b00000, 0x00000000c6b00000|100%| O|  |TAMS 0x00000000c6b00000| PB 0x00000000c6b00000| Updating 
| 619|0x00000000c6b00000, 0x00000000c6c00000, 0x00000000c6c00000|100%| O|  |TAMS 0x00000000c6c00000| PB 0x00000000c6c00000| Updating 
| 620|0x00000000c6c00000, 0x00000000c6c00000, 0x00000000c6d00000|  0%| F|  |TAMS 0x00000000c6c00000| PB 0x00000000c6c00000| Untracked 
| 621|0x00000000c6d00000, 0x00000000c6e00000, 0x00000000c6e00000|100%| O|  |TAMS 0x00000000c6e00000| PB 0x00000000c6e00000| Updating 
| 622|0x00000000c6e00000, 0x00000000c6e00000, 0x00000000c6f00000|  0%| F|  |TAMS 0x00000000c6e00000| PB 0x00000000c6e00000| Untracked 
| 623|0x00000000c6f00000, 0x00000000c6f00000, 0x00000000c7000000|  0%| F|  |TAMS 0x00000000c6f00000| PB 0x00000000c6f00000| Untracked 
| 624|0x00000000c7000000, 0x00000000c7000000, 0x00000000c7100000|  0%| F|  |TAMS 0x00000000c7000000| PB 0x00000000c7000000| Untracked 
| 625|0x00000000c7100000, 0x00000000c7200000, 0x00000000c7200000|100%| O|  |TAMS 0x00000000c7200000| PB 0x00000000c7200000| Updating 
| 626|0x00000000c7200000, 0x00000000c7300000, 0x00000000c7300000|100%| O|  |TAMS 0x00000000c7300000| PB 0x00000000c7300000| Updating 
| 627|0x00000000c7300000, 0x00000000c7400000, 0x00000000c7400000|100%| O|  |TAMS 0x00000000c7400000| PB 0x00000000c7400000| Updating 
| 628|0x00000000c7400000, 0x00000000c7500000, 0x00000000c7500000|100%| O|  |TAMS 0x00000000c7500000| PB 0x00000000c7500000| Updating 
| 629|0x00000000c7500000, 0x00000000c7600000, 0x00000000c7600000|100%| O|  |TAMS 0x00000000c7600000| PB 0x00000000c7600000| Updating 
| 630|0x00000000c7600000, 0x00000000c7700000, 0x00000000c7700000|100%| O|  |TAMS 0x00000000c7700000| PB 0x00000000c7700000| Updating 
| 631|0x00000000c7700000, 0x00000000c7800000, 0x00000000c7800000|100%| O|  |TAMS 0x00000000c7800000| PB 0x00000000c7800000| Updating 
| 632|0x00000000c7800000, 0x00000000c7900000, 0x00000000c7900000|100%| O|  |TAMS 0x00000000c7900000| PB 0x00000000c7900000| Updating 
| 633|0x00000000c7900000, 0x00000000c7a00000, 0x00000000c7a00000|100%| O|  |TAMS 0x00000000c7a00000| PB 0x00000000c7a00000| Updating 
| 634|0x00000000c7a00000, 0x00000000c7b00000, 0x00000000c7b00000|100%| O|  |TAMS 0x00000000c7b00000| PB 0x00000000c7b00000| Updating 
| 635|0x00000000c7b00000, 0x00000000c7b00000, 0x00000000c7c00000|  0%| F|  |TAMS 0x00000000c7b00000| PB 0x00000000c7b00000| Untracked 
| 636|0x00000000c7c00000, 0x00000000c7c00000, 0x00000000c7d00000|  0%| F|  |TAMS 0x00000000c7c00000| PB 0x00000000c7c00000| Untracked 
| 637|0x00000000c7d00000, 0x00000000c7e00000, 0x00000000c7e00000|100%| O|  |TAMS 0x00000000c7e00000| PB 0x00000000c7e00000| Updating 
| 638|0x00000000c7e00000, 0x00000000c7f00000, 0x00000000c7f00000|100%| O|  |TAMS 0x00000000c7f00000| PB 0x00000000c7f00000| Updating 
| 639|0x00000000c7f00000, 0x00000000c8000000, 0x00000000c8000000|100%| O|  |TAMS 0x00000000c8000000| PB 0x00000000c8000000| Updating 
| 640|0x00000000c8000000, 0x00000000c8000000, 0x00000000c8100000|  0%| F|  |TAMS 0x00000000c8000000| PB 0x00000000c8000000| Untracked 
| 641|0x00000000c8100000, 0x00000000c8100000, 0x00000000c8200000|  0%| F|  |TAMS 0x00000000c8100000| PB 0x00000000c8100000| Untracked 
| 642|0x00000000c8200000, 0x00000000c8300000, 0x00000000c8300000|100%| O|  |TAMS 0x00000000c8300000| PB 0x00000000c8300000| Untracked 
| 643|0x00000000c8300000, 0x00000000c8400000, 0x00000000c8400000|100%| O|  |TAMS 0x00000000c8400000| PB 0x00000000c8400000| Updating 
| 644|0x00000000c8400000, 0x00000000c8500000, 0x00000000c8500000|100%| O|  |TAMS 0x00000000c8500000| PB 0x00000000c8500000| Updating 
| 645|0x00000000c8500000, 0x00000000c8600000, 0x00000000c8600000|100%| O|  |TAMS 0x00000000c8600000| PB 0x00000000c8600000| Updating 
| 646|0x00000000c8600000, 0x00000000c8700000, 0x00000000c8700000|100%| O|  |TAMS 0x00000000c8700000| PB 0x00000000c8700000| Updating 
| 647|0x00000000c8700000, 0x00000000c8800000, 0x00000000c8800000|100%| O|  |TAMS 0x00000000c8800000| PB 0x00000000c8800000| Updating 
| 648|0x00000000c8800000, 0x00000000c8900000, 0x00000000c8900000|100%| O|  |TAMS 0x00000000c8900000| PB 0x00000000c8900000| Untracked 
| 649|0x00000000c8900000, 0x00000000c8a00000, 0x00000000c8a00000|100%| O|  |TAMS 0x00000000c8a00000| PB 0x00000000c8a00000| Updating 
| 650|0x00000000c8a00000, 0x00000000c8b00000, 0x00000000c8b00000|100%| O|  |TAMS 0x00000000c8b00000| PB 0x00000000c8b00000| Updating 
| 651|0x00000000c8b00000, 0x00000000c8c00000, 0x00000000c8c00000|100%| O|  |TAMS 0x00000000c8c00000| PB 0x00000000c8c00000| Untracked 
| 652|0x00000000c8c00000, 0x00000000c8d00000, 0x00000000c8d00000|100%| O|  |TAMS 0x00000000c8d00000| PB 0x00000000c8d00000| Updating 
| 653|0x00000000c8d00000, 0x00000000c8e00000, 0x00000000c8e00000|100%| O|  |TAMS 0x00000000c8e00000| PB 0x00000000c8e00000| Updating 
| 654|0x00000000c8e00000, 0x00000000c8f00000, 0x00000000c8f00000|100%| O|  |TAMS 0x00000000c8f00000| PB 0x00000000c8f00000| Updating 
| 655|0x00000000c8f00000, 0x00000000c9000000, 0x00000000c9000000|100%|HS|  |TAMS 0x00000000c9000000| PB 0x00000000c8f00000| Complete 
| 656|0x00000000c9000000, 0x00000000c9000000, 0x00000000c9100000|  0%| F|  |TAMS 0x00000000c9000000| PB 0x00000000c9000000| Untracked 
| 657|0x00000000c9100000, 0x00000000c9200000, 0x00000000c9200000|100%| O|  |TAMS 0x00000000c9200000| PB 0x00000000c9200000| Updating 
| 658|0x00000000c9200000, 0x00000000c9300000, 0x00000000c9300000|100%| O|  |TAMS 0x00000000c9300000| PB 0x00000000c9300000| Updating 
| 659|0x00000000c9300000, 0x00000000c9300000, 0x00000000c9400000|  0%| F|  |TAMS 0x00000000c9300000| PB 0x00000000c9300000| Untracked 
| 660|0x00000000c9400000, 0x00000000c9500000, 0x00000000c9500000|100%| O|  |TAMS 0x00000000c9500000| PB 0x00000000c9500000| Updating 
| 661|0x00000000c9500000, 0x00000000c9600000, 0x00000000c9600000|100%| O|  |TAMS 0x00000000c9600000| PB 0x00000000c9600000| Updating 
| 662|0x00000000c9600000, 0x00000000c9700000, 0x00000000c9700000|100%| O|  |TAMS 0x00000000c9700000| PB 0x00000000c9700000| Updating 
| 663|0x00000000c9700000, 0x00000000c9800000, 0x00000000c9800000|100%| O|  |TAMS 0x00000000c9800000| PB 0x00000000c9800000| Updating 
| 664|0x00000000c9800000, 0x00000000c9800000, 0x00000000c9900000|  0%| F|  |TAMS 0x00000000c9800000| PB 0x00000000c9800000| Untracked 
| 665|0x00000000c9900000, 0x00000000c9a00000, 0x00000000c9a00000|100%| O|  |TAMS 0x00000000c9a00000| PB 0x00000000c9a00000| Updating 
| 666|0x00000000c9a00000, 0x00000000c9a00000, 0x00000000c9b00000|  0%| F|  |TAMS 0x00000000c9a00000| PB 0x00000000c9a00000| Untracked 
| 667|0x00000000c9b00000, 0x00000000c9c00000, 0x00000000c9c00000|100%| O|  |TAMS 0x00000000c9c00000| PB 0x00000000c9c00000| Updating 
| 668|0x00000000c9c00000, 0x00000000c9c00000, 0x00000000c9d00000|  0%| F|  |TAMS 0x00000000c9c00000| PB 0x00000000c9c00000| Untracked 
| 669|0x00000000c9d00000, 0x00000000c9e00000, 0x00000000c9e00000|100%| O|  |TAMS 0x00000000c9e00000| PB 0x00000000c9e00000| Updating 
| 670|0x00000000c9e00000, 0x00000000c9e00000, 0x00000000c9f00000|  0%| F|  |TAMS 0x00000000c9e00000| PB 0x00000000c9e00000| Untracked 
| 671|0x00000000c9f00000, 0x00000000c9f00000, 0x00000000ca000000|  0%| F|  |TAMS 0x00000000c9f00000| PB 0x00000000c9f00000| Untracked 
| 672|0x00000000ca000000, 0x00000000ca100000, 0x00000000ca100000|100%| O|  |TAMS 0x00000000ca100000| PB 0x00000000ca100000| Updating 
| 673|0x00000000ca100000, 0x00000000ca200000, 0x00000000ca200000|100%| O|  |TAMS 0x00000000ca200000| PB 0x00000000ca200000| Updating 
| 674|0x00000000ca200000, 0x00000000ca200000, 0x00000000ca300000|  0%| F|  |TAMS 0x00000000ca200000| PB 0x00000000ca200000| Untracked 
| 675|0x00000000ca300000, 0x00000000ca400000, 0x00000000ca400000|100%| O|  |TAMS 0x00000000ca400000| PB 0x00000000ca400000| Updating 
| 676|0x00000000ca400000, 0x00000000ca500000, 0x00000000ca500000|100%| O|  |TAMS 0x00000000ca500000| PB 0x00000000ca500000| Untracked 
| 677|0x00000000ca500000, 0x00000000ca500000, 0x00000000ca600000|  0%| F|  |TAMS 0x00000000ca500000| PB 0x00000000ca500000| Untracked 
| 678|0x00000000ca600000, 0x00000000ca600000, 0x00000000ca700000|  0%| F|  |TAMS 0x00000000ca600000| PB 0x00000000ca600000| Untracked 
| 679|0x00000000ca700000, 0x00000000ca800000, 0x00000000ca800000|100%| O|  |TAMS 0x00000000ca800000| PB 0x00000000ca800000| Updating 
| 680|0x00000000ca800000, 0x00000000ca800000, 0x00000000ca900000|  0%| F|  |TAMS 0x00000000ca800000| PB 0x00000000ca800000| Untracked 
| 681|0x00000000ca900000, 0x00000000ca900000, 0x00000000caa00000|  0%| F|  |TAMS 0x00000000ca900000| PB 0x00000000ca900000| Untracked 
| 682|0x00000000caa00000, 0x00000000caa00000, 0x00000000cab00000|  0%| F|  |TAMS 0x00000000caa00000| PB 0x00000000caa00000| Untracked 
| 683|0x00000000cab00000, 0x00000000cab00000, 0x00000000cac00000|  0%| F|  |TAMS 0x00000000cab00000| PB 0x00000000cab00000| Untracked 
| 684|0x00000000cac00000, 0x00000000cac00000, 0x00000000cad00000|  0%| F|  |TAMS 0x00000000cac00000| PB 0x00000000cac00000| Untracked 
| 685|0x00000000cad00000, 0x00000000cae00000, 0x00000000cae00000|100%| O|  |TAMS 0x00000000cae00000| PB 0x00000000cae00000| Updating 
| 686|0x00000000cae00000, 0x00000000cae00000, 0x00000000caf00000|  0%| F|  |TAMS 0x00000000cae00000| PB 0x00000000cae00000| Untracked 
| 687|0x00000000caf00000, 0x00000000caf00000, 0x00000000cb000000|  0%| F|  |TAMS 0x00000000caf00000| PB 0x00000000caf00000| Untracked 
| 688|0x00000000cb000000, 0x00000000cb100000, 0x00000000cb100000|100%| O|  |TAMS 0x00000000cb100000| PB 0x00000000cb100000| Untracked 
| 689|0x00000000cb100000, 0x00000000cb100000, 0x00000000cb200000|  0%| F|  |TAMS 0x00000000cb100000| PB 0x00000000cb100000| Untracked 
| 690|0x00000000cb200000, 0x00000000cb200000, 0x00000000cb300000|  0%| F|  |TAMS 0x00000000cb200000| PB 0x00000000cb200000| Untracked 
| 691|0x00000000cb300000, 0x00000000cb400000, 0x00000000cb400000|100%| O|  |TAMS 0x00000000cb400000| PB 0x00000000cb400000| Updating 
| 692|0x00000000cb400000, 0x00000000cb500000, 0x00000000cb500000|100%| O|  |TAMS 0x00000000cb500000| PB 0x00000000cb500000| Untracked 
| 693|0x00000000cb500000, 0x00000000cb600000, 0x00000000cb600000|100%| O|  |TAMS 0x00000000cb600000| PB 0x00000000cb600000| Updating 
| 694|0x00000000cb600000, 0x00000000cb700000, 0x00000000cb700000|100%| O|  |TAMS 0x00000000cb700000| PB 0x00000000cb700000| Updating 
| 695|0x00000000cb700000, 0x00000000cb800000, 0x00000000cb800000|100%| O|  |TAMS 0x00000000cb800000| PB 0x00000000cb800000| Updating 
| 696|0x00000000cb800000, 0x00000000cb800000, 0x00000000cb900000|  0%| F|  |TAMS 0x00000000cb800000| PB 0x00000000cb800000| Untracked 
| 697|0x00000000cb900000, 0x00000000cba00000, 0x00000000cba00000|100%| O|  |TAMS 0x00000000cba00000| PB 0x00000000cba00000| Updating 
| 698|0x00000000cba00000, 0x00000000cbb00000, 0x00000000cbb00000|100%| O|  |TAMS 0x00000000cbb00000| PB 0x00000000cbb00000| Updating 
| 699|0x00000000cbb00000, 0x00000000cbb00000, 0x00000000cbc00000|  0%| F|  |TAMS 0x00000000cbb00000| PB 0x00000000cbb00000| Untracked 
| 700|0x00000000cbc00000, 0x00000000cbd00000, 0x00000000cbd00000|100%| O|  |TAMS 0x00000000cbd00000| PB 0x00000000cbd00000| Updating 
| 701|0x00000000cbd00000, 0x00000000cbe00000, 0x00000000cbe00000|100%| O|  |TAMS 0x00000000cbe00000| PB 0x00000000cbe00000| Updating 
| 702|0x00000000cbe00000, 0x00000000cbf00000, 0x00000000cbf00000|100%| O|  |TAMS 0x00000000cbf00000| PB 0x00000000cbf00000| Updating 
| 703|0x00000000cbf00000, 0x00000000cc000000, 0x00000000cc000000|100%| O|  |TAMS 0x00000000cc000000| PB 0x00000000cc000000| Updating 
| 704|0x00000000cc000000, 0x00000000cc100000, 0x00000000cc100000|100%| O|  |TAMS 0x00000000cc100000| PB 0x00000000cc100000| Updating 
| 705|0x00000000cc100000, 0x00000000cc100000, 0x00000000cc200000|  0%| F|  |TAMS 0x00000000cc100000| PB 0x00000000cc100000| Untracked 
| 706|0x00000000cc200000, 0x00000000cc200000, 0x00000000cc300000|  0%| F|  |TAMS 0x00000000cc200000| PB 0x00000000cc200000| Untracked 
| 707|0x00000000cc300000, 0x00000000cc400000, 0x00000000cc400000|100%| O|  |TAMS 0x00000000cc400000| PB 0x00000000cc400000| Updating 
| 708|0x00000000cc400000, 0x00000000cc500000, 0x00000000cc500000|100%| O|  |TAMS 0x00000000cc500000| PB 0x00000000cc500000| Updating 
| 709|0x00000000cc500000, 0x00000000cc600000, 0x00000000cc600000|100%| O|  |TAMS 0x00000000cc600000| PB 0x00000000cc600000| Updating 
| 710|0x00000000cc600000, 0x00000000cc700000, 0x00000000cc700000|100%| O|  |TAMS 0x00000000cc700000| PB 0x00000000cc700000| Updating 
| 711|0x00000000cc700000, 0x00000000cc800000, 0x00000000cc800000|100%| O|  |TAMS 0x00000000cc800000| PB 0x00000000cc800000| Updating 
| 712|0x00000000cc800000, 0x00000000cc900000, 0x00000000cc900000|100%| O|  |TAMS 0x00000000cc900000| PB 0x00000000cc900000| Updating 
| 713|0x00000000cc900000, 0x00000000cca00000, 0x00000000cca00000|100%| O|  |TAMS 0x00000000cca00000| PB 0x00000000cca00000| Updating 
| 714|0x00000000cca00000, 0x00000000cca00000, 0x00000000ccb00000|  0%| F|  |TAMS 0x00000000cca00000| PB 0x00000000cca00000| Untracked 
| 715|0x00000000ccb00000, 0x00000000ccb00000, 0x00000000ccc00000|  0%| F|  |TAMS 0x00000000ccb00000| PB 0x00000000ccb00000| Untracked 
| 716|0x00000000ccc00000, 0x00000000ccc00000, 0x00000000ccd00000|  0%| F|  |TAMS 0x00000000ccc00000| PB 0x00000000ccc00000| Untracked 
| 717|0x00000000ccd00000, 0x00000000ccd00000, 0x00000000cce00000|  0%| F|  |TAMS 0x00000000ccd00000| PB 0x00000000ccd00000| Untracked 
| 718|0x00000000cce00000, 0x00000000ccf00000, 0x00000000ccf00000|100%| O|  |TAMS 0x00000000ccf00000| PB 0x00000000ccf00000| Updating 
| 719|0x00000000ccf00000, 0x00000000cd000000, 0x00000000cd000000|100%| O|  |TAMS 0x00000000cd000000| PB 0x00000000cd000000| Updating 
| 720|0x00000000cd000000, 0x00000000cd100000, 0x00000000cd100000|100%| O|  |TAMS 0x00000000cd100000| PB 0x00000000cd100000| Updating 
| 721|0x00000000cd100000, 0x00000000cd200000, 0x00000000cd200000|100%| O|  |TAMS 0x00000000cd100000| PB 0x00000000cd100000| Untracked 
| 722|0x00000000cd200000, 0x00000000cd300000, 0x00000000cd300000|100%| O|  |TAMS 0x00000000cd300000| PB 0x00000000cd300000| Updating 
| 723|0x00000000cd300000, 0x00000000cd400000, 0x00000000cd400000|100%| O|  |TAMS 0x00000000cd400000| PB 0x00000000cd400000| Updating 
| 724|0x00000000cd400000, 0x00000000cd500000, 0x00000000cd500000|100%| O|  |TAMS 0x00000000cd500000| PB 0x00000000cd500000| Updating 
| 725|0x00000000cd500000, 0x00000000cd600000, 0x00000000cd600000|100%| O|  |TAMS 0x00000000cd600000| PB 0x00000000cd600000| Updating 
| 726|0x00000000cd600000, 0x00000000cd600000, 0x00000000cd700000|  0%| F|  |TAMS 0x00000000cd600000| PB 0x00000000cd600000| Untracked 
| 727|0x00000000cd700000, 0x00000000cd800000, 0x00000000cd800000|100%| O|  |TAMS 0x00000000cd800000| PB 0x00000000cd800000| Updating 
| 728|0x00000000cd800000, 0x00000000cd800000, 0x00000000cd900000|  0%| F|  |TAMS 0x00000000cd800000| PB 0x00000000cd800000| Untracked 
| 729|0x00000000cd900000, 0x00000000cda00000, 0x00000000cda00000|100%| O|  |TAMS 0x00000000cda00000| PB 0x00000000cda00000| Updating 
| 730|0x00000000cda00000, 0x00000000cdb00000, 0x00000000cdb00000|100%| O|  |TAMS 0x00000000cdb00000| PB 0x00000000cdb00000| Updating 
| 731|0x00000000cdb00000, 0x00000000cdb00000, 0x00000000cdc00000|  0%| F|  |TAMS 0x00000000cdb00000| PB 0x00000000cdb00000| Untracked 
| 732|0x00000000cdc00000, 0x00000000cdd00000, 0x00000000cdd00000|100%| O|  |TAMS 0x00000000cdd00000| PB 0x00000000cdd00000| Untracked 
| 733|0x00000000cdd00000, 0x00000000cdd00000, 0x00000000cde00000|  0%| F|  |TAMS 0x00000000cdd00000| PB 0x00000000cdd00000| Untracked 
| 734|0x00000000cde00000, 0x00000000cde00000, 0x00000000cdf00000|  0%| F|  |TAMS 0x00000000cde00000| PB 0x00000000cde00000| Untracked 
| 735|0x00000000cdf00000, 0x00000000cdf00000, 0x00000000ce000000|  0%| F|  |TAMS 0x00000000cdf00000| PB 0x00000000cdf00000| Untracked 
| 736|0x00000000ce000000, 0x00000000ce100000, 0x00000000ce100000|100%| O|  |TAMS 0x00000000ce100000| PB 0x00000000ce100000| Updating 
| 737|0x00000000ce100000, 0x00000000ce200000, 0x00000000ce200000|100%| O|  |TAMS 0x00000000ce200000| PB 0x00000000ce200000| Updating 
| 738|0x00000000ce200000, 0x00000000ce200000, 0x00000000ce300000|  0%| F|  |TAMS 0x00000000ce200000| PB 0x00000000ce200000| Untracked 
| 739|0x00000000ce300000, 0x00000000ce300000, 0x00000000ce400000|  0%| F|  |TAMS 0x00000000ce300000| PB 0x00000000ce300000| Untracked 
| 740|0x00000000ce400000, 0x00000000ce500000, 0x00000000ce500000|100%| O|  |TAMS 0x00000000ce500000| PB 0x00000000ce500000| Updating 
| 741|0x00000000ce500000, 0x00000000ce500000, 0x00000000ce600000|  0%| F|  |TAMS 0x00000000ce500000| PB 0x00000000ce500000| Untracked 
| 742|0x00000000ce600000, 0x00000000ce600000, 0x00000000ce700000|  0%| F|  |TAMS 0x00000000ce600000| PB 0x00000000ce600000| Untracked 
| 743|0x00000000ce700000, 0x00000000ce700000, 0x00000000ce800000|  0%| F|  |TAMS 0x00000000ce700000| PB 0x00000000ce700000| Untracked 
| 744|0x00000000ce800000, 0x00000000ce800000, 0x00000000ce900000|  0%| F|  |TAMS 0x00000000ce800000| PB 0x00000000ce800000| Untracked 
| 745|0x00000000ce900000, 0x00000000ce900000, 0x00000000cea00000|  0%| F|  |TAMS 0x00000000ce900000| PB 0x00000000ce900000| Untracked 
| 746|0x00000000cea00000, 0x00000000ceb00000, 0x00000000ceb00000|100%| O|  |TAMS 0x00000000ceb00000| PB 0x00000000ceb00000| Updating 
| 747|0x00000000ceb00000, 0x00000000ceb00000, 0x00000000cec00000|  0%| F|  |TAMS 0x00000000ceb00000| PB 0x00000000ceb00000| Untracked 
| 748|0x00000000cec00000, 0x00000000ced00000, 0x00000000ced00000|100%| O|  |TAMS 0x00000000ced00000| PB 0x00000000ced00000| Updating 
| 749|0x00000000ced00000, 0x00000000ced00000, 0x00000000cee00000|  0%| F|  |TAMS 0x00000000ced00000| PB 0x00000000ced00000| Untracked 
| 750|0x00000000cee00000, 0x00000000cee00000, 0x00000000cef00000|  0%| F|  |TAMS 0x00000000cee00000| PB 0x00000000cee00000| Untracked 
| 751|0x00000000cef00000, 0x00000000cef00000, 0x00000000cf000000|  0%| F|  |TAMS 0x00000000cef00000| PB 0x00000000cef00000| Untracked 
| 752|0x00000000cf000000, 0x00000000cf000000, 0x00000000cf100000|  0%| F|  |TAMS 0x00000000cf000000| PB 0x00000000cf000000| Untracked 
| 753|0x00000000cf100000, 0x00000000cf200000, 0x00000000cf200000|100%| O|  |TAMS 0x00000000cf200000| PB 0x00000000cf200000| Updating 
| 754|0x00000000cf200000, 0x00000000cf300000, 0x00000000cf300000|100%| O|  |TAMS 0x00000000cf300000| PB 0x00000000cf300000| Updating 
| 755|0x00000000cf300000, 0x00000000cf400000, 0x00000000cf400000|100%| O|  |TAMS 0x00000000cf400000| PB 0x00000000cf400000| Updating 
| 756|0x00000000cf400000, 0x00000000cf400000, 0x00000000cf500000|  0%| F|  |TAMS 0x00000000cf400000| PB 0x00000000cf400000| Untracked 
| 757|0x00000000cf500000, 0x00000000cf500000, 0x00000000cf600000|  0%| F|  |TAMS 0x00000000cf500000| PB 0x00000000cf500000| Untracked 
| 758|0x00000000cf600000, 0x00000000cf600000, 0x00000000cf700000|  0%| F|  |TAMS 0x00000000cf600000| PB 0x00000000cf600000| Untracked 
| 759|0x00000000cf700000, 0x00000000cf700000, 0x00000000cf800000|  0%| F|  |TAMS 0x00000000cf700000| PB 0x00000000cf700000| Untracked 
| 760|0x00000000cf800000, 0x00000000cf800000, 0x00000000cf900000|  0%| F|  |TAMS 0x00000000cf800000| PB 0x00000000cf800000| Untracked 
| 761|0x00000000cf900000, 0x00000000cf900000, 0x00000000cfa00000|  0%| F|  |TAMS 0x00000000cf900000| PB 0x00000000cf900000| Untracked 
| 762|0x00000000cfa00000, 0x00000000cfa00000, 0x00000000cfb00000|  0%| F|  |TAMS 0x00000000cfa00000| PB 0x00000000cfa00000| Untracked 
| 763|0x00000000cfb00000, 0x00000000cfb00000, 0x00000000cfc00000|  0%| F|  |TAMS 0x00000000cfb00000| PB 0x00000000cfb00000| Untracked 
| 764|0x00000000cfc00000, 0x00000000cfc00000, 0x00000000cfd00000|  0%| F|  |TAMS 0x00000000cfc00000| PB 0x00000000cfc00000| Untracked 
| 765|0x00000000cfd00000, 0x00000000cfd00000, 0x00000000cfe00000|  0%| F|  |TAMS 0x00000000cfd00000| PB 0x00000000cfd00000| Untracked 
| 766|0x00000000cfe00000, 0x00000000cff00000, 0x00000000cff00000|100%| O|  |TAMS 0x00000000cff00000| PB 0x00000000cff00000| Updating 
| 767|0x00000000cff00000, 0x00000000cff00000, 0x00000000d0000000|  0%| F|  |TAMS 0x00000000cff00000| PB 0x00000000cff00000| Untracked 
| 768|0x00000000d0000000, 0x00000000d0000000, 0x00000000d0100000|  0%| F|  |TAMS 0x00000000d0000000| PB 0x00000000d0000000| Untracked 
| 769|0x00000000d0100000, 0x00000000d0100000, 0x00000000d0200000|  0%| F|  |TAMS 0x00000000d0100000| PB 0x00000000d0100000| Untracked 
| 770|0x00000000d0200000, 0x00000000d0200000, 0x00000000d0300000|  0%| F|  |TAMS 0x00000000d0200000| PB 0x00000000d0200000| Untracked 
| 771|0x00000000d0300000, 0x00000000d0300000, 0x00000000d0400000|  0%| F|  |TAMS 0x00000000d0300000| PB 0x00000000d0300000| Untracked 
| 772|0x00000000d0400000, 0x00000000d0500000, 0x00000000d0500000|100%|HS|  |TAMS 0x00000000d0500000| PB 0x00000000d0400000| Complete 
| 773|0x00000000d0500000, 0x00000000d0600000, 0x00000000d0600000|100%|HC|  |TAMS 0x00000000d0600000| PB 0x00000000d0500000| Complete 
| 774|0x00000000d0600000, 0x00000000d0700000, 0x00000000d0700000|100%|HC|  |TAMS 0x00000000d0700000| PB 0x00000000d0600000| Complete 
| 775|0x00000000d0700000, 0x00000000d0800000, 0x00000000d0800000|100%|HC|  |TAMS 0x00000000d0800000| PB 0x00000000d0700000| Complete 
| 776|0x00000000d0800000, 0x00000000d0900000, 0x00000000d0900000|100%|HC|  |TAMS 0x00000000d0900000| PB 0x00000000d0800000| Complete 
| 777|0x00000000d0900000, 0x00000000d0a00000, 0x00000000d0a00000|100%|HC|  |TAMS 0x00000000d0a00000| PB 0x00000000d0900000| Complete 
| 778|0x00000000d0a00000, 0x00000000d0b00000, 0x00000000d0b00000|100%|HC|  |TAMS 0x00000000d0b00000| PB 0x00000000d0a00000| Complete 
| 779|0x00000000d0b00000, 0x00000000d0c00000, 0x00000000d0c00000|100%| O|  |TAMS 0x00000000d0c00000| PB 0x00000000d0c00000| Updating 
| 780|0x00000000d0c00000, 0x00000000d0c00000, 0x00000000d0d00000|  0%| F|  |TAMS 0x00000000d0c00000| PB 0x00000000d0c00000| Untracked 
| 781|0x00000000d0d00000, 0x00000000d0e00000, 0x00000000d0e00000|100%| O|  |TAMS 0x00000000d0e00000| PB 0x00000000d0e00000| Untracked 
| 782|0x00000000d0e00000, 0x00000000d0e00000, 0x00000000d0f00000|  0%| F|  |TAMS 0x00000000d0e00000| PB 0x00000000d0e00000| Untracked 
| 783|0x00000000d0f00000, 0x00000000d0f00000, 0x00000000d1000000|  0%| F|  |TAMS 0x00000000d0f00000| PB 0x00000000d0f00000| Untracked 
| 784|0x00000000d1000000, 0x00000000d1100000, 0x00000000d1100000|100%| O|  |TAMS 0x00000000d1100000| PB 0x00000000d1100000| Updating 
| 785|0x00000000d1100000, 0x00000000d1100000, 0x00000000d1200000|  0%| F|  |TAMS 0x00000000d1100000| PB 0x00000000d1100000| Untracked 
| 786|0x00000000d1200000, 0x00000000d1200000, 0x00000000d1300000|  0%| F|  |TAMS 0x00000000d1200000| PB 0x00000000d1200000| Untracked 
| 787|0x00000000d1300000, 0x00000000d1300000, 0x00000000d1400000|  0%| F|  |TAMS 0x00000000d1300000| PB 0x00000000d1300000| Untracked 
| 788|0x00000000d1400000, 0x00000000d1400000, 0x00000000d1500000|  0%| F|  |TAMS 0x00000000d1400000| PB 0x00000000d1400000| Untracked 
| 789|0x00000000d1500000, 0x00000000d1600000, 0x00000000d1600000|100%| O|  |TAMS 0x00000000d1600000| PB 0x00000000d1600000| Updating 
| 790|0x00000000d1600000, 0x00000000d1600000, 0x00000000d1700000|  0%| F|  |TAMS 0x00000000d1600000| PB 0x00000000d1600000| Untracked 
| 791|0x00000000d1700000, 0x00000000d1700000, 0x00000000d1800000|  0%| F|  |TAMS 0x00000000d1700000| PB 0x00000000d1700000| Untracked 
| 792|0x00000000d1800000, 0x00000000d1800000, 0x00000000d1900000|  0%| F|  |TAMS 0x00000000d1800000| PB 0x00000000d1800000| Untracked 
| 793|0x00000000d1900000, 0x00000000d1a00000, 0x00000000d1a00000|100%| O|  |TAMS 0x00000000d1a00000| PB 0x00000000d1a00000| Updating 
| 794|0x00000000d1a00000, 0x00000000d1a00000, 0x00000000d1b00000|  0%| F|  |TAMS 0x00000000d1a00000| PB 0x00000000d1a00000| Untracked 
| 795|0x00000000d1b00000, 0x00000000d1b00000, 0x00000000d1c00000|  0%| F|  |TAMS 0x00000000d1b00000| PB 0x00000000d1b00000| Untracked 
| 796|0x00000000d1c00000, 0x00000000d1c00000, 0x00000000d1d00000|  0%| F|  |TAMS 0x00000000d1c00000| PB 0x00000000d1c00000| Untracked 
| 797|0x00000000d1d00000, 0x00000000d1d00000, 0x00000000d1e00000|  0%| F|  |TAMS 0x00000000d1d00000| PB 0x00000000d1d00000| Untracked 
| 798|0x00000000d1e00000, 0x00000000d1f00000, 0x00000000d1f00000|100%| O|  |TAMS 0x00000000d1f00000| PB 0x00000000d1f00000| Updating 
| 799|0x00000000d1f00000, 0x00000000d1f00000, 0x00000000d2000000|  0%| F|  |TAMS 0x00000000d1f00000| PB 0x00000000d1f00000| Untracked 
| 800|0x00000000d2000000, 0x00000000d2000000, 0x00000000d2100000|  0%| F|  |TAMS 0x00000000d2000000| PB 0x00000000d2000000| Untracked 
| 801|0x00000000d2100000, 0x00000000d2100000, 0x00000000d2200000|  0%| F|  |TAMS 0x00000000d2100000| PB 0x00000000d2100000| Untracked 
| 802|0x00000000d2200000, 0x00000000d2200000, 0x00000000d2300000|  0%| F|  |TAMS 0x00000000d2200000| PB 0x00000000d2200000| Untracked 
| 803|0x00000000d2300000, 0x00000000d2300000, 0x00000000d2400000|  0%| F|  |TAMS 0x00000000d2300000| PB 0x00000000d2300000| Untracked 
| 804|0x00000000d2400000, 0x00000000d2400000, 0x00000000d2500000|  0%| F|  |TAMS 0x00000000d2400000| PB 0x00000000d2400000| Untracked 
| 805|0x00000000d2500000, 0x00000000d2500000, 0x00000000d2600000|  0%| F|  |TAMS 0x00000000d2500000| PB 0x00000000d2500000| Untracked 
| 806|0x00000000d2600000, 0x00000000d2600000, 0x00000000d2700000|  0%| F|  |TAMS 0x00000000d2600000| PB 0x00000000d2600000| Untracked 
| 807|0x00000000d2700000, 0x00000000d2700000, 0x00000000d2800000|  0%| F|  |TAMS 0x00000000d2700000| PB 0x00000000d2700000| Untracked 
| 808|0x00000000d2800000, 0x00000000d2800000, 0x00000000d2900000|  0%| F|  |TAMS 0x00000000d2800000| PB 0x00000000d2800000| Untracked 
| 809|0x00000000d2900000, 0x00000000d2900000, 0x00000000d2a00000|  0%| F|  |TAMS 0x00000000d2900000| PB 0x00000000d2900000| Untracked 
| 810|0x00000000d2a00000, 0x00000000d2b00000, 0x00000000d2b00000|100%| O|  |TAMS 0x00000000d2a80000| PB 0x00000000d2a80000| Updating 
| 811|0x00000000d2b00000, 0x00000000d2b00000, 0x00000000d2c00000|  0%| F|  |TAMS 0x00000000d2b00000| PB 0x00000000d2b00000| Untracked 
| 812|0x00000000d2c00000, 0x00000000d2c00000, 0x00000000d2d00000|  0%| F|  |TAMS 0x00000000d2c00000| PB 0x00000000d2c00000| Untracked 
| 813|0x00000000d2d00000, 0x00000000d2d00000, 0x00000000d2e00000|  0%| F|  |TAMS 0x00000000d2d00000| PB 0x00000000d2d00000| Untracked 
| 814|0x00000000d2e00000, 0x00000000d2e00000, 0x00000000d2f00000|  0%| F|  |TAMS 0x00000000d2e00000| PB 0x00000000d2e00000| Untracked 
| 815|0x00000000d2f00000, 0x00000000d2f00000, 0x00000000d3000000|  0%| F|  |TAMS 0x00000000d2f00000| PB 0x00000000d2f00000| Untracked 
| 816|0x00000000d3000000, 0x00000000d3000000, 0x00000000d3100000|  0%| F|  |TAMS 0x00000000d3000000| PB 0x00000000d3000000| Untracked 
| 817|0x00000000d3100000, 0x00000000d3200000, 0x00000000d3200000|100%| O|  |TAMS 0x00000000d3200000| PB 0x00000000d3200000| Untracked 
| 818|0x00000000d3200000, 0x00000000d3200000, 0x00000000d3300000|  0%| F|  |TAMS 0x00000000d3200000| PB 0x00000000d3200000| Untracked 
| 819|0x00000000d3300000, 0x00000000d3300000, 0x00000000d3400000|  0%| F|  |TAMS 0x00000000d3300000| PB 0x00000000d3300000| Untracked 
| 820|0x00000000d3400000, 0x00000000d3400000, 0x00000000d3500000|  0%| F|  |TAMS 0x00000000d3400000| PB 0x00000000d3400000| Untracked 
| 821|0x00000000d3500000, 0x00000000d3500000, 0x00000000d3600000|  0%| F|  |TAMS 0x00000000d3500000| PB 0x00000000d3500000| Untracked 
| 822|0x00000000d3600000, 0x00000000d3600000, 0x00000000d3700000|  0%| F|  |TAMS 0x00000000d3600000| PB 0x00000000d3600000| Untracked 
| 823|0x00000000d3700000, 0x00000000d3800000, 0x00000000d3800000|100%| O|  |TAMS 0x00000000d3800000| PB 0x00000000d3800000| Untracked 
| 824|0x00000000d3800000, 0x00000000d3800000, 0x00000000d3900000|  0%| F|  |TAMS 0x00000000d3800000| PB 0x00000000d3800000| Untracked 
| 825|0x00000000d3900000, 0x00000000d3900000, 0x00000000d3a00000|  0%| F|  |TAMS 0x00000000d3900000| PB 0x00000000d3900000| Untracked 
| 826|0x00000000d3a00000, 0x00000000d3b00000, 0x00000000d3b00000|100%| O|  |TAMS 0x00000000d3b00000| PB 0x00000000d3b00000| Updating 
| 827|0x00000000d3b00000, 0x00000000d3c00000, 0x00000000d3c00000|100%| O|  |TAMS 0x00000000d3c00000| PB 0x00000000d3c00000| Updating 
| 828|0x00000000d3c00000, 0x00000000d3d00000, 0x00000000d3d00000|100%| O|  |TAMS 0x00000000d3d00000| PB 0x00000000d3d00000| Updating 
| 829|0x00000000d3d00000, 0x00000000d3e00000, 0x00000000d3e00000|100%| O|  |TAMS 0x00000000d3e00000| PB 0x00000000d3e00000| Updating 
| 830|0x00000000d3e00000, 0x00000000d3f00000, 0x00000000d3f00000|100%| O|  |TAMS 0x00000000d3f00000| PB 0x00000000d3f00000| Updating 
| 831|0x00000000d3f00000, 0x00000000d4000000, 0x00000000d4000000|100%| O|  |TAMS 0x00000000d4000000| PB 0x00000000d4000000| Updating 
| 832|0x00000000d4000000, 0x00000000d4100000, 0x00000000d4100000|100%| O|  |TAMS 0x00000000d4100000| PB 0x00000000d4100000| Untracked 
| 833|0x00000000d4100000, 0x00000000d4100000, 0x00000000d4200000|  0%| F|  |TAMS 0x00000000d4100000| PB 0x00000000d4100000| Untracked 
| 834|0x00000000d4200000, 0x00000000d4200000, 0x00000000d4300000|  0%| F|  |TAMS 0x00000000d4200000| PB 0x00000000d4200000| Untracked 
| 835|0x00000000d4300000, 0x00000000d4300000, 0x00000000d4400000|  0%| F|  |TAMS 0x00000000d4300000| PB 0x00000000d4300000| Untracked 
| 836|0x00000000d4400000, 0x00000000d4400000, 0x00000000d4500000|  0%| F|  |TAMS 0x00000000d4400000| PB 0x00000000d4400000| Untracked 
| 837|0x00000000d4500000, 0x00000000d4500000, 0x00000000d4600000|  0%| F|  |TAMS 0x00000000d4500000| PB 0x00000000d4500000| Untracked 
| 838|0x00000000d4600000, 0x00000000d4600000, 0x00000000d4700000|  0%| F|  |TAMS 0x00000000d4600000| PB 0x00000000d4600000| Untracked 
| 839|0x00000000d4700000, 0x00000000d4700000, 0x00000000d4800000|  0%| F|  |TAMS 0x00000000d4700000| PB 0x00000000d4700000| Untracked 
| 840|0x00000000d4800000, 0x00000000d4800000, 0x00000000d4900000|  0%| F|  |TAMS 0x00000000d4800000| PB 0x00000000d4800000| Untracked 
| 841|0x00000000d4900000, 0x00000000d4900000, 0x00000000d4a00000|  0%| F|  |TAMS 0x00000000d4900000| PB 0x00000000d4900000| Untracked 
| 842|0x00000000d4a00000, 0x00000000d4a00000, 0x00000000d4b00000|  0%| F|  |TAMS 0x00000000d4a00000| PB 0x00000000d4a00000| Untracked 
| 843|0x00000000d4b00000, 0x00000000d4b00000, 0x00000000d4c00000|  0%| F|  |TAMS 0x00000000d4b00000| PB 0x00000000d4b00000| Untracked 
| 844|0x00000000d4c00000, 0x00000000d4d00000, 0x00000000d4d00000|100%| O|  |TAMS 0x00000000d4d00000| PB 0x00000000d4d00000| Updating 
| 845|0x00000000d4d00000, 0x00000000d4d00000, 0x00000000d4e00000|  0%| F|  |TAMS 0x00000000d4d00000| PB 0x00000000d4d00000| Untracked 
| 846|0x00000000d4e00000, 0x00000000d4e00000, 0x00000000d4f00000|  0%| F|  |TAMS 0x00000000d4e00000| PB 0x00000000d4e00000| Untracked 
| 847|0x00000000d4f00000, 0x00000000d4f00000, 0x00000000d5000000|  0%| F|  |TAMS 0x00000000d4f00000| PB 0x00000000d4f00000| Untracked 
| 848|0x00000000d5000000, 0x00000000d5000000, 0x00000000d5100000|  0%| F|  |TAMS 0x00000000d5000000| PB 0x00000000d5000000| Untracked 
| 849|0x00000000d5100000, 0x00000000d5100000, 0x00000000d5200000|  0%| F|  |TAMS 0x00000000d5100000| PB 0x00000000d5100000| Untracked 
| 850|0x00000000d5200000, 0x00000000d5200000, 0x00000000d5300000|  0%| F|  |TAMS 0x00000000d5200000| PB 0x00000000d5200000| Untracked 
| 851|0x00000000d5300000, 0x00000000d5300000, 0x00000000d5400000|  0%| F|  |TAMS 0x00000000d5300000| PB 0x00000000d5300000| Untracked 
| 852|0x00000000d5400000, 0x00000000d5400000, 0x00000000d5500000|  0%| F|  |TAMS 0x00000000d5400000| PB 0x00000000d5400000| Untracked 
| 853|0x00000000d5500000, 0x00000000d5500000, 0x00000000d5600000|  0%| F|  |TAMS 0x00000000d5500000| PB 0x00000000d5500000| Untracked 
| 854|0x00000000d5600000, 0x00000000d5600000, 0x00000000d5700000|  0%| F|  |TAMS 0x00000000d5600000| PB 0x00000000d5600000| Untracked 
| 855|0x00000000d5700000, 0x00000000d5700000, 0x00000000d5800000|  0%| F|  |TAMS 0x00000000d5700000| PB 0x00000000d5700000| Untracked 
| 856|0x00000000d5800000, 0x00000000d5800000, 0x00000000d5900000|  0%| F|  |TAMS 0x00000000d5800000| PB 0x00000000d5800000| Untracked 
| 857|0x00000000d5900000, 0x00000000d5900000, 0x00000000d5a00000|  0%| F|  |TAMS 0x00000000d5900000| PB 0x00000000d5900000| Untracked 
| 858|0x00000000d5a00000, 0x00000000d5a00000, 0x00000000d5b00000|  0%| F|  |TAMS 0x00000000d5a00000| PB 0x00000000d5a00000| Untracked 
| 859|0x00000000d5b00000, 0x00000000d5b00000, 0x00000000d5c00000|  0%| F|  |TAMS 0x00000000d5b00000| PB 0x00000000d5b00000| Untracked 
| 860|0x00000000d5c00000, 0x00000000d5c00000, 0x00000000d5d00000|  0%| F|  |TAMS 0x00000000d5c00000| PB 0x00000000d5c00000| Untracked 
| 861|0x00000000d5d00000, 0x00000000d5d00000, 0x00000000d5e00000|  0%| F|  |TAMS 0x00000000d5d00000| PB 0x00000000d5d00000| Untracked 
| 862|0x00000000d5e00000, 0x00000000d5e00000, 0x00000000d5f00000|  0%| F|  |TAMS 0x00000000d5e00000| PB 0x00000000d5e00000| Untracked 
| 863|0x00000000d5f00000, 0x00000000d6000000, 0x00000000d6000000|100%| O|  |TAMS 0x00000000d6000000| PB 0x00000000d6000000| Updating 
| 864|0x00000000d6000000, 0x00000000d6100000, 0x00000000d6100000|100%| O|  |TAMS 0x00000000d6100000| PB 0x00000000d6100000| Updating 
| 865|0x00000000d6100000, 0x00000000d6100000, 0x00000000d6200000|  0%| F|  |TAMS 0x00000000d6100000| PB 0x00000000d6100000| Untracked 
| 866|0x00000000d6200000, 0x00000000d6200000, 0x00000000d6300000|  0%| F|  |TAMS 0x00000000d6200000| PB 0x00000000d6200000| Untracked 
| 867|0x00000000d6300000, 0x00000000d6300000, 0x00000000d6400000|  0%| F|  |TAMS 0x00000000d6300000| PB 0x00000000d6300000| Untracked 
| 868|0x00000000d6400000, 0x00000000d6400000, 0x00000000d6500000|  0%| F|  |TAMS 0x00000000d6400000| PB 0x00000000d6400000| Untracked 
| 869|0x00000000d6500000, 0x00000000d6500000, 0x00000000d6600000|  0%| F|  |TAMS 0x00000000d6500000| PB 0x00000000d6500000| Untracked 
| 870|0x00000000d6600000, 0x00000000d6600000, 0x00000000d6700000|  0%| F|  |TAMS 0x00000000d6600000| PB 0x00000000d6600000| Untracked 
| 871|0x00000000d6700000, 0x00000000d6700000, 0x00000000d6800000|  0%| F|  |TAMS 0x00000000d6700000| PB 0x00000000d6700000| Untracked 
| 872|0x00000000d6800000, 0x00000000d6800000, 0x00000000d6900000|  0%| F|  |TAMS 0x00000000d6800000| PB 0x00000000d6800000| Untracked 
| 873|0x00000000d6900000, 0x00000000d6900000, 0x00000000d6a00000|  0%| F|  |TAMS 0x00000000d6900000| PB 0x00000000d6900000| Untracked 
| 874|0x00000000d6a00000, 0x00000000d6a00000, 0x00000000d6b00000|  0%| F|  |TAMS 0x00000000d6a00000| PB 0x00000000d6a00000| Untracked 
| 875|0x00000000d6b00000, 0x00000000d6b00000, 0x00000000d6c00000|  0%| F|  |TAMS 0x00000000d6b00000| PB 0x00000000d6b00000| Untracked 
| 876|0x00000000d6c00000, 0x00000000d6c00000, 0x00000000d6d00000|  0%| F|  |TAMS 0x00000000d6c00000| PB 0x00000000d6c00000| Untracked 
| 877|0x00000000d6d00000, 0x00000000d6d00000, 0x00000000d6e00000|  0%| F|  |TAMS 0x00000000d6d00000| PB 0x00000000d6d00000| Untracked 
| 878|0x00000000d6e00000, 0x00000000d6e00000, 0x00000000d6f00000|  0%| F|  |TAMS 0x00000000d6e00000| PB 0x00000000d6e00000| Untracked 
| 879|0x00000000d6f00000, 0x00000000d6f00000, 0x00000000d7000000|  0%| F|  |TAMS 0x00000000d6f00000| PB 0x00000000d6f00000| Untracked 
| 880|0x00000000d7000000, 0x00000000d7000000, 0x00000000d7100000|  0%| F|  |TAMS 0x00000000d7000000| PB 0x00000000d7000000| Untracked 
| 881|0x00000000d7100000, 0x00000000d7100000, 0x00000000d7200000|  0%| F|  |TAMS 0x00000000d7100000| PB 0x00000000d7100000| Untracked 
| 882|0x00000000d7200000, 0x00000000d7200000, 0x00000000d7300000|  0%| F|  |TAMS 0x00000000d7200000| PB 0x00000000d7200000| Untracked 
| 883|0x00000000d7300000, 0x00000000d7300000, 0x00000000d7400000|  0%| F|  |TAMS 0x00000000d7300000| PB 0x00000000d7300000| Untracked 
| 884|0x00000000d7400000, 0x00000000d7400000, 0x00000000d7500000|  0%| F|  |TAMS 0x00000000d7400000| PB 0x00000000d7400000| Untracked 
| 885|0x00000000d7500000, 0x00000000d7500000, 0x00000000d7600000|  0%| F|  |TAMS 0x00000000d7500000| PB 0x00000000d7500000| Untracked 
| 886|0x00000000d7600000, 0x00000000d7600000, 0x00000000d7700000|  0%| F|  |TAMS 0x00000000d7600000| PB 0x00000000d7600000| Untracked 
| 887|0x00000000d7700000, 0x00000000d7700000, 0x00000000d7800000|  0%| F|  |TAMS 0x00000000d7700000| PB 0x00000000d7700000| Untracked 
| 888|0x00000000d7800000, 0x00000000d7800000, 0x00000000d7900000|  0%| F|  |TAMS 0x00000000d7800000| PB 0x00000000d7800000| Untracked 
| 889|0x00000000d7900000, 0x00000000d7900000, 0x00000000d7a00000|  0%| F|  |TAMS 0x00000000d7900000| PB 0x00000000d7900000| Untracked 
| 890|0x00000000d7a00000, 0x00000000d7a00000, 0x00000000d7b00000|  0%| F|  |TAMS 0x00000000d7a00000| PB 0x00000000d7a00000| Untracked 
| 891|0x00000000d7b00000, 0x00000000d7b00000, 0x00000000d7c00000|  0%| F|  |TAMS 0x00000000d7b00000| PB 0x00000000d7b00000| Untracked 
| 892|0x00000000d7c00000, 0x00000000d7c00000, 0x00000000d7d00000|  0%| F|  |TAMS 0x00000000d7c00000| PB 0x00000000d7c00000| Untracked 
| 893|0x00000000d7d00000, 0x00000000d7e00000, 0x00000000d7e00000|100%| O|  |TAMS 0x00000000d7e00000| PB 0x00000000d7e00000| Updating 
| 894|0x00000000d7e00000, 0x00000000d7e00000, 0x00000000d7f00000|  0%| F|  |TAMS 0x00000000d7e00000| PB 0x00000000d7e00000| Untracked 
| 895|0x00000000d7f00000, 0x00000000d7f00000, 0x00000000d8000000|  0%| F|  |TAMS 0x00000000d7f00000| PB 0x00000000d7f00000| Untracked 
| 896|0x00000000d8000000, 0x00000000d8000000, 0x00000000d8100000|  0%| F|  |TAMS 0x00000000d8000000| PB 0x00000000d8000000| Untracked 
| 897|0x00000000d8100000, 0x00000000d8100000, 0x00000000d8200000|  0%| F|  |TAMS 0x00000000d8100000| PB 0x00000000d8100000| Untracked 
| 898|0x00000000d8200000, 0x00000000d8200000, 0x00000000d8300000|  0%| F|  |TAMS 0x00000000d8200000| PB 0x00000000d8200000| Untracked 
| 899|0x00000000d8300000, 0x00000000d8300000, 0x00000000d8400000|  0%| F|  |TAMS 0x00000000d8300000| PB 0x00000000d8300000| Untracked 
| 900|0x00000000d8400000, 0x00000000d8400000, 0x00000000d8500000|  0%| F|  |TAMS 0x00000000d8400000| PB 0x00000000d8400000| Untracked 
| 901|0x00000000d8500000, 0x00000000d8500000, 0x00000000d8600000|  0%| F|  |TAMS 0x00000000d8500000| PB 0x00000000d8500000| Untracked 
| 902|0x00000000d8600000, 0x00000000d8600000, 0x00000000d8700000|  0%| F|  |TAMS 0x00000000d8600000| PB 0x00000000d8600000| Untracked 
| 903|0x00000000d8700000, 0x00000000d8700000, 0x00000000d8800000|  0%| F|  |TAMS 0x00000000d8700000| PB 0x00000000d8700000| Untracked 
| 904|0x00000000d8800000, 0x00000000d8800000, 0x00000000d8900000|  0%| F|  |TAMS 0x00000000d8800000| PB 0x00000000d8800000| Untracked 
| 905|0x00000000d8900000, 0x00000000d8900000, 0x00000000d8a00000|  0%| F|  |TAMS 0x00000000d8900000| PB 0x00000000d8900000| Untracked 
| 906|0x00000000d8a00000, 0x00000000d8a00000, 0x00000000d8b00000|  0%| F|  |TAMS 0x00000000d8a00000| PB 0x00000000d8a00000| Untracked 
| 907|0x00000000d8b00000, 0x00000000d8b00000, 0x00000000d8c00000|  0%| F|  |TAMS 0x00000000d8b00000| PB 0x00000000d8b00000| Untracked 
| 908|0x00000000d8c00000, 0x00000000d8c00000, 0x00000000d8d00000|  0%| F|  |TAMS 0x00000000d8c00000| PB 0x00000000d8c00000| Untracked 
| 909|0x00000000d8d00000, 0x00000000d8d00000, 0x00000000d8e00000|  0%| F|  |TAMS 0x00000000d8d00000| PB 0x00000000d8d00000| Untracked 
| 910|0x00000000d8e00000, 0x00000000d8e00000, 0x00000000d8f00000|  0%| F|  |TAMS 0x00000000d8e00000| PB 0x00000000d8e00000| Untracked 
| 911|0x00000000d8f00000, 0x00000000d8f00000, 0x00000000d9000000|  0%| F|  |TAMS 0x00000000d8f00000| PB 0x00000000d8f00000| Untracked 
| 912|0x00000000d9000000, 0x00000000d9000000, 0x00000000d9100000|  0%| F|  |TAMS 0x00000000d9000000| PB 0x00000000d9000000| Untracked 
| 913|0x00000000d9100000, 0x00000000d9100000, 0x00000000d9200000|  0%| F|  |TAMS 0x00000000d9100000| PB 0x00000000d9100000| Untracked 
| 914|0x00000000d9200000, 0x00000000d9200000, 0x00000000d9300000|  0%| F|  |TAMS 0x00000000d9200000| PB 0x00000000d9200000| Untracked 
| 915|0x00000000d9300000, 0x00000000d9300000, 0x00000000d9400000|  0%| F|  |TAMS 0x00000000d9300000| PB 0x00000000d9300000| Untracked 
| 916|0x00000000d9400000, 0x00000000d9400000, 0x00000000d9500000|  0%| F|  |TAMS 0x00000000d9400000| PB 0x00000000d9400000| Untracked 
| 917|0x00000000d9500000, 0x00000000d9500000, 0x00000000d9600000|  0%| F|  |TAMS 0x00000000d9500000| PB 0x00000000d9500000| Untracked 
| 918|0x00000000d9600000, 0x00000000d9600000, 0x00000000d9700000|  0%| F|  |TAMS 0x00000000d9600000| PB 0x00000000d9600000| Untracked 
| 919|0x00000000d9700000, 0x00000000d9700000, 0x00000000d9800000|  0%| F|  |TAMS 0x00000000d9700000| PB 0x00000000d9700000| Untracked 
| 920|0x00000000d9800000, 0x00000000d9800000, 0x00000000d9900000|  0%| F|  |TAMS 0x00000000d9800000| PB 0x00000000d9800000| Untracked 
| 921|0x00000000d9900000, 0x00000000d9900000, 0x00000000d9a00000|  0%| F|  |TAMS 0x00000000d9900000| PB 0x00000000d9900000| Untracked 
| 922|0x00000000d9a00000, 0x00000000d9a00000, 0x00000000d9b00000|  0%| F|  |TAMS 0x00000000d9a00000| PB 0x00000000d9a00000| Untracked 
| 923|0x00000000d9b00000, 0x00000000d9b00000, 0x00000000d9c00000|  0%| F|  |TAMS 0x00000000d9b00000| PB 0x00000000d9b00000| Untracked 
| 924|0x00000000d9c00000, 0x00000000d9c00000, 0x00000000d9d00000|  0%| F|  |TAMS 0x00000000d9c00000| PB 0x00000000d9c00000| Untracked 
| 925|0x00000000d9d00000, 0x00000000d9d00000, 0x00000000d9e00000|  0%| F|  |TAMS 0x00000000d9d00000| PB 0x00000000d9d00000| Untracked 
| 926|0x00000000d9e00000, 0x00000000d9e00000, 0x00000000d9f00000|  0%| F|  |TAMS 0x00000000d9e00000| PB 0x00000000d9e00000| Untracked 
| 927|0x00000000d9f00000, 0x00000000d9f00000, 0x00000000da000000|  0%| F|  |TAMS 0x00000000d9f00000| PB 0x00000000d9f00000| Untracked 
| 928|0x00000000da000000, 0x00000000da000000, 0x00000000da100000|  0%| F|  |TAMS 0x00000000da000000| PB 0x00000000da000000| Untracked 
| 929|0x00000000da100000, 0x00000000da100000, 0x00000000da200000|  0%| F|  |TAMS 0x00000000da100000| PB 0x00000000da100000| Untracked 
| 930|0x00000000da200000, 0x00000000da200000, 0x00000000da300000|  0%| F|  |TAMS 0x00000000da200000| PB 0x00000000da200000| Untracked 
| 931|0x00000000da300000, 0x00000000da400000, 0x00000000da400000|100%| O|  |TAMS 0x00000000da400000| PB 0x00000000da400000| Updating 
| 932|0x00000000da400000, 0x00000000da400000, 0x00000000da500000|  0%| F|  |TAMS 0x00000000da400000| PB 0x00000000da400000| Untracked 
| 933|0x00000000da500000, 0x00000000da600000, 0x00000000da600000|100%| O|  |TAMS 0x00000000da600000| PB 0x00000000da600000| Updating 
| 934|0x00000000da600000, 0x00000000da700000, 0x00000000da700000|100%| O|  |TAMS 0x00000000da700000| PB 0x00000000da700000| Updating 
| 935|0x00000000da700000, 0x00000000da700000, 0x00000000da800000|  0%| F|  |TAMS 0x00000000da700000| PB 0x00000000da700000| Untracked 
| 936|0x00000000da800000, 0x00000000da800000, 0x00000000da900000|  0%| F|  |TAMS 0x00000000da800000| PB 0x00000000da800000| Untracked 
| 937|0x00000000da900000, 0x00000000da900000, 0x00000000daa00000|  0%| F|  |TAMS 0x00000000da900000| PB 0x00000000da900000| Untracked 
| 938|0x00000000daa00000, 0x00000000daa00000, 0x00000000dab00000|  0%| F|  |TAMS 0x00000000daa00000| PB 0x00000000daa00000| Untracked 
| 939|0x00000000dab00000, 0x00000000dab00000, 0x00000000dac00000|  0%| F|  |TAMS 0x00000000dab00000| PB 0x00000000dab00000| Untracked 
| 940|0x00000000dac00000, 0x00000000dac00000, 0x00000000dad00000|  0%| F|  |TAMS 0x00000000dac00000| PB 0x00000000dac00000| Untracked 
| 941|0x00000000dad00000, 0x00000000dae00000, 0x00000000dae00000|100%| O|  |TAMS 0x00000000dae00000| PB 0x00000000dae00000| Untracked 
| 942|0x00000000dae00000, 0x00000000daf00000, 0x00000000daf00000|100%| O|  |TAMS 0x00000000daf00000| PB 0x00000000daf00000| Untracked 
| 943|0x00000000daf00000, 0x00000000db000000, 0x00000000db000000|100%| O|  |TAMS 0x00000000daf00000| PB 0x00000000daf00000| Untracked 
| 944|0x00000000db000000, 0x00000000db000000, 0x00000000db100000|  0%| F|  |TAMS 0x00000000db000000| PB 0x00000000db000000| Untracked 
| 945|0x00000000db100000, 0x00000000db200000, 0x00000000db200000|100%| O|  |TAMS 0x00000000db200000| PB 0x00000000db200000| Untracked 
| 946|0x00000000db200000, 0x00000000db300000, 0x00000000db300000|100%| O|  |TAMS 0x00000000db300000| PB 0x00000000db300000| Untracked 
| 947|0x00000000db300000, 0x00000000db400000, 0x00000000db400000|100%| O|  |TAMS 0x00000000db400000| PB 0x00000000db400000| Untracked 
| 948|0x00000000db400000, 0x00000000db500000, 0x00000000db500000|100%| O|  |TAMS 0x00000000db500000| PB 0x00000000db500000| Untracked 
| 949|0x00000000db500000, 0x00000000db600000, 0x00000000db600000|100%| O|  |TAMS 0x00000000db600000| PB 0x00000000db600000| Untracked 
| 950|0x00000000db600000, 0x00000000db700000, 0x00000000db700000|100%| O|  |TAMS 0x00000000db700000| PB 0x00000000db700000| Updating 
| 951|0x00000000db700000, 0x00000000db800000, 0x00000000db800000|100%| O|  |TAMS 0x00000000db800000| PB 0x00000000db800000| Untracked 
| 952|0x00000000db800000, 0x00000000db900000, 0x00000000db900000|100%| O|  |TAMS 0x00000000db900000| PB 0x00000000db900000| Untracked 
| 953|0x00000000db900000, 0x00000000dba00000, 0x00000000dba00000|100%| O|  |TAMS 0x00000000dba00000| PB 0x00000000dba00000| Updating 
| 954|0x00000000dba00000, 0x00000000dbb00000, 0x00000000dbb00000|100%| O|  |TAMS 0x00000000dbb00000| PB 0x00000000dbb00000| Untracked 
| 955|0x00000000dbb00000, 0x00000000dbc00000, 0x00000000dbc00000|100%| O|  |TAMS 0x00000000dbc00000| PB 0x00000000dbc00000| Untracked 
| 956|0x00000000dbc00000, 0x00000000dbd00000, 0x00000000dbd00000|100%| O|  |TAMS 0x00000000dbd00000| PB 0x00000000dbd00000| Untracked 
| 957|0x00000000dbd00000, 0x00000000dbe00000, 0x00000000dbe00000|100%| O|  |TAMS 0x00000000dbe00000| PB 0x00000000dbe00000| Untracked 
| 958|0x00000000dbe00000, 0x00000000dbf00000, 0x00000000dbf00000|100%| O|  |TAMS 0x00000000dbf00000| PB 0x00000000dbf00000| Untracked 
| 959|0x00000000dbf00000, 0x00000000dc000000, 0x00000000dc000000|100%| O|  |TAMS 0x00000000dc000000| PB 0x00000000dc000000| Untracked 
| 960|0x00000000dc000000, 0x00000000dc100000, 0x00000000dc100000|100%| O|  |TAMS 0x00000000dc100000| PB 0x00000000dc100000| Untracked 
| 961|0x00000000dc100000, 0x00000000dc200000, 0x00000000dc200000|100%| O|  |TAMS 0x00000000dc200000| PB 0x00000000dc200000| Untracked 
| 962|0x00000000dc200000, 0x00000000dc300000, 0x00000000dc300000|100%| O|  |TAMS 0x00000000dc300000| PB 0x00000000dc300000| Untracked 
| 963|0x00000000dc300000, 0x00000000dc400000, 0x00000000dc400000|100%| O|  |TAMS 0x00000000dc400000| PB 0x00000000dc400000| Untracked 
| 964|0x00000000dc400000, 0x00000000dc500000, 0x00000000dc500000|100%| O|  |TAMS 0x00000000dc500000| PB 0x00000000dc500000| Updating 
| 965|0x00000000dc500000, 0x00000000dc600000, 0x00000000dc600000|100%| O|  |TAMS 0x00000000dc600000| PB 0x00000000dc600000| Updating 
| 966|0x00000000dc600000, 0x00000000dc700000, 0x00000000dc700000|100%| O|  |TAMS 0x00000000dc700000| PB 0x00000000dc700000| Untracked 
| 967|0x00000000dc700000, 0x00000000dc800000, 0x00000000dc800000|100%| O|  |TAMS 0x00000000dc800000| PB 0x00000000dc800000| Untracked 
| 968|0x00000000dc800000, 0x00000000dc900000, 0x00000000dc900000|100%| O|  |TAMS 0x00000000dc900000| PB 0x00000000dc900000| Untracked 
| 969|0x00000000dc900000, 0x00000000dca00000, 0x00000000dca00000|100%| O|  |TAMS 0x00000000dca00000| PB 0x00000000dca00000| Untracked 
| 970|0x00000000dca00000, 0x00000000dcb00000, 0x00000000dcb00000|100%| O|  |TAMS 0x00000000dcb00000| PB 0x00000000dcb00000| Untracked 
| 971|0x00000000dcb00000, 0x00000000dcc00000, 0x00000000dcc00000|100%| O|  |TAMS 0x00000000dcc00000| PB 0x00000000dcc00000| Untracked 
| 972|0x00000000dcc00000, 0x00000000dcc00000, 0x00000000dcd00000|  0%| F|  |TAMS 0x00000000dcc00000| PB 0x00000000dcc00000| Untracked 
| 973|0x00000000dcd00000, 0x00000000dcd00000, 0x00000000dce00000|  0%| F|  |TAMS 0x00000000dcd00000| PB 0x00000000dcd00000| Untracked 
| 974|0x00000000dce00000, 0x00000000dcf00000, 0x00000000dcf00000|100%| O|  |TAMS 0x00000000dcf00000| PB 0x00000000dcf00000| Untracked 
| 975|0x00000000dcf00000, 0x00000000dd000000, 0x00000000dd000000|100%| O|  |TAMS 0x00000000dd000000| PB 0x00000000dd000000| Untracked 
| 976|0x00000000dd000000, 0x00000000dd100000, 0x00000000dd100000|100%| O|  |TAMS 0x00000000dd100000| PB 0x00000000dd100000| Untracked 
| 977|0x00000000dd100000, 0x00000000dd200000, 0x00000000dd200000|100%| O|  |TAMS 0x00000000dd200000| PB 0x00000000dd200000| Untracked 
| 978|0x00000000dd200000, 0x00000000dd300000, 0x00000000dd300000|100%| O|  |TAMS 0x00000000dd300000| PB 0x00000000dd300000| Untracked 
| 979|0x00000000dd300000, 0x00000000dd400000, 0x00000000dd400000|100%| O|  |TAMS 0x00000000dd400000| PB 0x00000000dd400000| Untracked 
| 980|0x00000000dd400000, 0x00000000dd500000, 0x00000000dd500000|100%| O|  |TAMS 0x00000000dd500000| PB 0x00000000dd500000| Untracked 
| 981|0x00000000dd500000, 0x00000000dd600000, 0x00000000dd600000|100%| O|  |TAMS 0x00000000dd600000| PB 0x00000000dd600000| Untracked 
| 982|0x00000000dd600000, 0x00000000dd700000, 0x00000000dd700000|100%| O|  |TAMS 0x00000000dd700000| PB 0x00000000dd700000| Untracked 
| 983|0x00000000dd700000, 0x00000000dd800000, 0x00000000dd800000|100%| O|  |TAMS 0x00000000dd800000| PB 0x00000000dd800000| Untracked 
| 984|0x00000000dd800000, 0x00000000dd900000, 0x00000000dd900000|100%| O|  |TAMS 0x00000000dd900000| PB 0x00000000dd900000| Untracked 
| 985|0x00000000dd900000, 0x00000000dda00000, 0x00000000dda00000|100%| O|  |TAMS 0x00000000dda00000| PB 0x00000000dda00000| Untracked 
| 986|0x00000000dda00000, 0x00000000ddb00000, 0x00000000ddb00000|100%| O|  |TAMS 0x00000000ddb00000| PB 0x00000000ddb00000| Untracked 
| 987|0x00000000ddb00000, 0x00000000ddc00000, 0x00000000ddc00000|100%| O|  |TAMS 0x00000000ddc00000| PB 0x00000000ddc00000| Untracked 
| 988|0x00000000ddc00000, 0x00000000ddd00000, 0x00000000ddd00000|100%| O|  |TAMS 0x00000000ddd00000| PB 0x00000000ddd00000| Untracked 
| 989|0x00000000ddd00000, 0x00000000dde00000, 0x00000000dde00000|100%| O|  |TAMS 0x00000000dde00000| PB 0x00000000dde00000| Untracked 
| 990|0x00000000dde00000, 0x00000000ddf00000, 0x00000000ddf00000|100%| O|  |TAMS 0x00000000ddf00000| PB 0x00000000ddf00000| Untracked 
| 991|0x00000000ddf00000, 0x00000000de000000, 0x00000000de000000|100%| O|  |TAMS 0x00000000de000000| PB 0x00000000de000000| Untracked 
| 992|0x00000000de000000, 0x00000000de100000, 0x00000000de100000|100%| O|  |TAMS 0x00000000de100000| PB 0x00000000de100000| Untracked 
| 993|0x00000000de100000, 0x00000000de200000, 0x00000000de200000|100%| O|  |TAMS 0x00000000de200000| PB 0x00000000de200000| Untracked 
| 994|0x00000000de200000, 0x00000000de300000, 0x00000000de300000|100%| O|  |TAMS 0x00000000de300000| PB 0x00000000de300000| Untracked 
| 995|0x00000000de300000, 0x00000000de400000, 0x00000000de400000|100%| O|  |TAMS 0x00000000de400000| PB 0x00000000de400000| Untracked 
| 996|0x00000000de400000, 0x00000000de500000, 0x00000000de500000|100%| O|  |TAMS 0x00000000de500000| PB 0x00000000de500000| Untracked 
| 997|0x00000000de500000, 0x00000000de600000, 0x00000000de600000|100%| O|  |TAMS 0x00000000de600000| PB 0x00000000de600000| Untracked 
| 998|0x00000000de600000, 0x00000000de700000, 0x00000000de700000|100%| O|  |TAMS 0x00000000de700000| PB 0x00000000de700000| Untracked 
| 999|0x00000000de700000, 0x00000000de800000, 0x00000000de800000|100%| O|  |TAMS 0x00000000de800000| PB 0x00000000de800000| Untracked 
|1000|0x00000000de800000, 0x00000000de900000, 0x00000000de900000|100%| O|  |TAMS 0x00000000de900000| PB 0x00000000de900000| Untracked 
|1001|0x00000000de900000, 0x00000000dea00000, 0x00000000dea00000|100%| O|  |TAMS 0x00000000dea00000| PB 0x00000000dea00000| Untracked 
|1002|0x00000000dea00000, 0x00000000deb00000, 0x00000000deb00000|100%| O|  |TAMS 0x00000000deb00000| PB 0x00000000deb00000| Untracked 
|1003|0x00000000deb00000, 0x00000000dec00000, 0x00000000dec00000|100%| O|  |TAMS 0x00000000dec00000| PB 0x00000000dec00000| Untracked 
|1004|0x00000000dec00000, 0x00000000ded00000, 0x00000000ded00000|100%| O|  |TAMS 0x00000000ded00000| PB 0x00000000ded00000| Untracked 
|1005|0x00000000ded00000, 0x00000000dee00000, 0x00000000dee00000|100%| O|  |TAMS 0x00000000dee00000| PB 0x00000000dee00000| Untracked 
|1006|0x00000000dee00000, 0x00000000def00000, 0x00000000def00000|100%| O|  |TAMS 0x00000000def00000| PB 0x00000000def00000| Untracked 
|1007|0x00000000def00000, 0x00000000df000000, 0x00000000df000000|100%| O|  |TAMS 0x00000000df000000| PB 0x00000000df000000| Untracked 
|1008|0x00000000df000000, 0x00000000df100000, 0x00000000df100000|100%| O|  |TAMS 0x00000000df100000| PB 0x00000000df100000| Untracked 
|1009|0x00000000df100000, 0x00000000df200000, 0x00000000df200000|100%| O|  |TAMS 0x00000000df200000| PB 0x00000000df200000| Untracked 
|1010|0x00000000df200000, 0x00000000df300000, 0x00000000df300000|100%| O|  |TAMS 0x00000000df300000| PB 0x00000000df300000| Untracked 
|1011|0x00000000df300000, 0x00000000df400000, 0x00000000df400000|100%| O|  |TAMS 0x00000000df400000| PB 0x00000000df400000| Untracked 
|1012|0x00000000df400000, 0x00000000df500000, 0x00000000df500000|100%| O|  |TAMS 0x00000000df500000| PB 0x00000000df500000| Untracked 
|1013|0x00000000df500000, 0x00000000df600000, 0x00000000df600000|100%| O|  |TAMS 0x00000000df600000| PB 0x00000000df600000| Untracked 
|1014|0x00000000df600000, 0x00000000df700000, 0x00000000df700000|100%| O|  |TAMS 0x00000000df700000| PB 0x00000000df700000| Untracked 
|1015|0x00000000df700000, 0x00000000df800000, 0x00000000df800000|100%| O|  |TAMS 0x00000000df800000| PB 0x00000000df800000| Untracked 
|1016|0x00000000df800000, 0x00000000df900000, 0x00000000df900000|100%| O|  |TAMS 0x00000000df900000| PB 0x00000000df900000| Untracked 
|1017|0x00000000df900000, 0x00000000dfa00000, 0x00000000dfa00000|100%| O|  |TAMS 0x00000000dfa00000| PB 0x00000000dfa00000| Untracked 
|1018|0x00000000dfa00000, 0x00000000dfb00000, 0x00000000dfb00000|100%| O|  |TAMS 0x00000000dfb00000| PB 0x00000000dfb00000| Updating 
|1019|0x00000000dfb00000, 0x00000000dfc00000, 0x00000000dfc00000|100%|HS|  |TAMS 0x00000000dfc00000| PB 0x00000000dfb00000| Complete 
|1020|0x00000000dfc00000, 0x00000000dfd00000, 0x00000000dfd00000|100%|HC|  |TAMS 0x00000000dfd00000| PB 0x00000000dfc00000| Complete 
|1021|0x00000000dfd00000, 0x00000000dfe00000, 0x00000000dfe00000|100%|HC|  |TAMS 0x00000000dfe00000| PB 0x00000000dfd00000| Complete 
|1022|0x00000000dfe00000, 0x00000000dff00000, 0x00000000dff00000|100%|HC|  |TAMS 0x00000000dff00000| PB 0x00000000dfe00000| Complete 
|1023|0x00000000dff00000, 0x00000000e0000000, 0x00000000e0000000|100%| O|  |TAMS 0x00000000e0000000| PB 0x00000000e0000000| Untracked 
|1024|0x00000000e0000000, 0x00000000e0100000, 0x00000000e0100000|100%| O|  |TAMS 0x00000000e0100000| PB 0x00000000e0100000| Untracked 
|1025|0x00000000e0100000, 0x00000000e0200000, 0x00000000e0200000|100%| O|  |TAMS 0x00000000e0200000| PB 0x00000000e0200000| Untracked 
|1026|0x00000000e0200000, 0x00000000e0300000, 0x00000000e0300000|100%| O|  |TAMS 0x00000000e0300000| PB 0x00000000e0300000| Untracked 
|1027|0x00000000e0300000, 0x00000000e0400000, 0x00000000e0400000|100%| O|  |TAMS 0x00000000e0400000| PB 0x00000000e0400000| Untracked 
|1028|0x00000000e0400000, 0x00000000e0500000, 0x00000000e0500000|100%| O|  |TAMS 0x00000000e0500000| PB 0x00000000e0500000| Untracked 
|1029|0x00000000e0500000, 0x00000000e0600000, 0x00000000e0600000|100%| O|  |TAMS 0x00000000e0600000| PB 0x00000000e0600000| Untracked 
|1030|0x00000000e0600000, 0x00000000e0700000, 0x00000000e0700000|100%| O|  |TAMS 0x00000000e0700000| PB 0x00000000e0700000| Untracked 
|1031|0x00000000e0700000, 0x00000000e0800000, 0x00000000e0800000|100%| O|  |TAMS 0x00000000e0800000| PB 0x00000000e0800000| Untracked 
|1032|0x00000000e0800000, 0x00000000e0900000, 0x00000000e0900000|100%| O|  |TAMS 0x00000000e0900000| PB 0x00000000e0900000| Untracked 
|1033|0x00000000e0900000, 0x00000000e0a00000, 0x00000000e0a00000|100%| O|  |TAMS 0x00000000e0a00000| PB 0x00000000e0a00000| Untracked 
|1034|0x00000000e0a00000, 0x00000000e0b00000, 0x00000000e0b00000|100%| O|  |TAMS 0x00000000e0b00000| PB 0x00000000e0b00000| Untracked 
|1035|0x00000000e0b00000, 0x00000000e0c00000, 0x00000000e0c00000|100%| O|  |TAMS 0x00000000e0c00000| PB 0x00000000e0c00000| Untracked 
|1036|0x00000000e0c00000, 0x00000000e0d00000, 0x00000000e0d00000|100%| O|  |TAMS 0x00000000e0d00000| PB 0x00000000e0d00000| Untracked 
|1037|0x00000000e0d00000, 0x00000000e0e00000, 0x00000000e0e00000|100%| O|  |TAMS 0x00000000e0e00000| PB 0x00000000e0e00000| Untracked 
|1038|0x00000000e0e00000, 0x00000000e0f00000, 0x00000000e0f00000|100%| O|  |TAMS 0x00000000e0f00000| PB 0x00000000e0f00000| Untracked 
|1039|0x00000000e0f00000, 0x00000000e1000000, 0x00000000e1000000|100%| O|  |TAMS 0x00000000e1000000| PB 0x00000000e1000000| Untracked 
|1040|0x00000000e1000000, 0x00000000e1100000, 0x00000000e1100000|100%| O|  |TAMS 0x00000000e1100000| PB 0x00000000e1100000| Untracked 
|1041|0x00000000e1100000, 0x00000000e1200000, 0x00000000e1200000|100%| O|  |TAMS 0x00000000e1200000| PB 0x00000000e1200000| Untracked 
|1042|0x00000000e1200000, 0x00000000e1300000, 0x00000000e1300000|100%| O|  |TAMS 0x00000000e1300000| PB 0x00000000e1300000| Untracked 
|1043|0x00000000e1300000, 0x00000000e1400000, 0x00000000e1400000|100%| O|  |TAMS 0x00000000e1400000| PB 0x00000000e1400000| Untracked 
|1044|0x00000000e1400000, 0x00000000e1500000, 0x00000000e1500000|100%| O|  |TAMS 0x00000000e1500000| PB 0x00000000e1500000| Untracked 
|1045|0x00000000e1500000, 0x00000000e1600000, 0x00000000e1600000|100%| O|  |TAMS 0x00000000e1600000| PB 0x00000000e1600000| Untracked 
|1046|0x00000000e1600000, 0x00000000e1700000, 0x00000000e1700000|100%| O|  |TAMS 0x00000000e1700000| PB 0x00000000e1700000| Untracked 
|1047|0x00000000e1700000, 0x00000000e1800000, 0x00000000e1800000|100%| O|  |TAMS 0x00000000e1800000| PB 0x00000000e1800000| Updating 
|1048|0x00000000e1800000, 0x00000000e1900000, 0x00000000e1900000|100%| O|  |TAMS 0x00000000e1900000| PB 0x00000000e1900000| Untracked 
|1049|0x00000000e1900000, 0x00000000e1a00000, 0x00000000e1a00000|100%| O|  |TAMS 0x00000000e1a00000| PB 0x00000000e1a00000| Untracked 
|1050|0x00000000e1a00000, 0x00000000e1b00000, 0x00000000e1b00000|100%| O|  |TAMS 0x00000000e1b00000| PB 0x00000000e1b00000| Untracked 
|1051|0x00000000e1b00000, 0x00000000e1c00000, 0x00000000e1c00000|100%| O|  |TAMS 0x00000000e1c00000| PB 0x00000000e1c00000| Untracked 
|1052|0x00000000e1c00000, 0x00000000e1d00000, 0x00000000e1d00000|100%| O|  |TAMS 0x00000000e1d00000| PB 0x00000000e1d00000| Untracked 
|1053|0x00000000e1d00000, 0x00000000e1e00000, 0x00000000e1e00000|100%| O|  |TAMS 0x00000000e1e00000| PB 0x00000000e1e00000| Untracked 
|1054|0x00000000e1e00000, 0x00000000e1f00000, 0x00000000e1f00000|100%| O|  |TAMS 0x00000000e1f00000| PB 0x00000000e1f00000| Untracked 
|1055|0x00000000e1f00000, 0x00000000e2000000, 0x00000000e2000000|100%| O|  |TAMS 0x00000000e2000000| PB 0x00000000e2000000| Updating 
|1056|0x00000000e2000000, 0x00000000e2100000, 0x00000000e2100000|100%|HS|  |TAMS 0x00000000e2000000| PB 0x00000000e2000000| Complete 
|1057|0x00000000e2100000, 0x00000000e2200000, 0x00000000e2200000|100%|HC|  |TAMS 0x00000000e2100000| PB 0x00000000e2100000| Complete 
|1058|0x00000000e2200000, 0x00000000e2300000, 0x00000000e2300000|100%|HC|  |TAMS 0x00000000e2200000| PB 0x00000000e2200000| Complete 
|1059|0x00000000e2300000, 0x00000000e2400000, 0x00000000e2400000|100%|HC|  |TAMS 0x00000000e2300000| PB 0x00000000e2300000| Complete 
|1060|0x00000000e2400000, 0x00000000e2500000, 0x00000000e2500000|100%|HC|  |TAMS 0x00000000e2400000| PB 0x00000000e2400000| Complete 
|1061|0x00000000e2500000, 0x00000000e2600000, 0x00000000e2600000|100%|HC|  |TAMS 0x00000000e2500000| PB 0x00000000e2500000| Complete 
|1062|0x00000000e2600000, 0x00000000e2700000, 0x00000000e2700000|100%|HC|  |TAMS 0x00000000e2600000| PB 0x00000000e2600000| Complete 
|1063|0x00000000e2700000, 0x00000000e2800000, 0x00000000e2800000|100%| O|  |TAMS 0x00000000e2700000| PB 0x00000000e2700000| Untracked 
|1064|0x00000000e2800000, 0x00000000e2900000, 0x00000000e2900000|100%| O|  |TAMS 0x00000000e2800000| PB 0x00000000e2800000| Untracked 
|1065|0x00000000e2900000, 0x00000000e2a00000, 0x00000000e2a00000|100%| O|  |TAMS 0x00000000e2900000| PB 0x00000000e2900000| Untracked 
|1066|0x00000000e2a00000, 0x00000000e2b00000, 0x00000000e2b00000|100%| O|  |TAMS 0x00000000e2a00000| PB 0x00000000e2a00000| Untracked 
|1067|0x00000000e2b00000, 0x00000000e2c00000, 0x00000000e2c00000|100%| O|  |TAMS 0x00000000e2b00000| PB 0x00000000e2b00000| Untracked 
|1068|0x00000000e2c00000, 0x00000000e2d00000, 0x00000000e2d00000|100%| O|  |TAMS 0x00000000e2c00000| PB 0x00000000e2c00000| Untracked 
|1069|0x00000000e2d00000, 0x00000000e2e00000, 0x00000000e2e00000|100%| O|  |TAMS 0x00000000e2d00000| PB 0x00000000e2d00000| Untracked 
|1070|0x00000000e2e00000, 0x00000000e2f00000, 0x00000000e2f00000|100%| O|  |TAMS 0x00000000e2e00000| PB 0x00000000e2e00000| Untracked 
|1071|0x00000000e2f00000, 0x00000000e3000000, 0x00000000e3000000|100%| O|  |TAMS 0x00000000e2f00000| PB 0x00000000e2f00000| Untracked 
|1072|0x00000000e3000000, 0x00000000e3100000, 0x00000000e3100000|100%| O|  |TAMS 0x00000000e3000000| PB 0x00000000e3000000| Untracked 
|1073|0x00000000e3100000, 0x00000000e3200000, 0x00000000e3200000|100%|HS|  |TAMS 0x00000000e3100000| PB 0x00000000e3100000| Complete 
|1074|0x00000000e3200000, 0x00000000e3300000, 0x00000000e3300000|100%|HC|  |TAMS 0x00000000e3200000| PB 0x00000000e3200000| Complete 
|1075|0x00000000e3300000, 0x00000000e3400000, 0x00000000e3400000|100%|HC|  |TAMS 0x00000000e3300000| PB 0x00000000e3300000| Complete 
|1076|0x00000000e3400000, 0x00000000e3500000, 0x00000000e3500000|100%|HC|  |TAMS 0x00000000e3400000| PB 0x00000000e3400000| Complete 
|1077|0x00000000e3500000, 0x00000000e3600000, 0x00000000e3600000|100%|HC|  |TAMS 0x00000000e3500000| PB 0x00000000e3500000| Complete 
|1078|0x00000000e3600000, 0x00000000e3700000, 0x00000000e3700000|100%|HC|  |TAMS 0x00000000e3600000| PB 0x00000000e3600000| Complete 
|1079|0x00000000e3700000, 0x00000000e3800000, 0x00000000e3800000|100%|HC|  |TAMS 0x00000000e3700000| PB 0x00000000e3700000| Complete 
|1080|0x00000000e3800000, 0x00000000e3900000, 0x00000000e3900000|100%| O|  |TAMS 0x00000000e3800000| PB 0x00000000e3800000| Untracked 
|1081|0x00000000e3900000, 0x00000000e3a00000, 0x00000000e3a00000|100%| O|  |TAMS 0x00000000e3900000| PB 0x00000000e3900000| Untracked 
|1082|0x00000000e3a00000, 0x00000000e3b00000, 0x00000000e3b00000|100%| O|  |TAMS 0x00000000e3a00000| PB 0x00000000e3a00000| Untracked 
|1083|0x00000000e3b00000, 0x00000000e3c00000, 0x00000000e3c00000|100%| O|  |TAMS 0x00000000e3b00000| PB 0x00000000e3b00000| Untracked 
|1084|0x00000000e3c00000, 0x00000000e3d00000, 0x00000000e3d00000|100%| O|  |TAMS 0x00000000e3c00000| PB 0x00000000e3c00000| Untracked 
|1085|0x00000000e3d00000, 0x00000000e3e00000, 0x00000000e3e00000|100%| O|  |TAMS 0x00000000e3d00000| PB 0x00000000e3d00000| Untracked 
|1086|0x00000000e3e00000, 0x00000000e3f00000, 0x00000000e3f00000|100%| O|  |TAMS 0x00000000e3e00000| PB 0x00000000e3e00000| Untracked 
|1087|0x00000000e3f00000, 0x00000000e4000000, 0x00000000e4000000|100%| O|  |TAMS 0x00000000e3f00000| PB 0x00000000e3f00000| Untracked 
|1088|0x00000000e4000000, 0x00000000e4100000, 0x00000000e4100000|100%| O|  |TAMS 0x00000000e4000000| PB 0x00000000e4000000| Untracked 
|1089|0x00000000e4100000, 0x00000000e4200000, 0x00000000e4200000|100%| O|  |TAMS 0x00000000e4100000| PB 0x00000000e4100000| Untracked 
|1090|0x00000000e4200000, 0x00000000e4300000, 0x00000000e4300000|100%| O|  |TAMS 0x00000000e4200000| PB 0x00000000e4200000| Untracked 
|1091|0x00000000e4300000, 0x00000000e4400000, 0x00000000e4400000|100%| O|  |TAMS 0x00000000e4300000| PB 0x00000000e4300000| Untracked 
|1092|0x00000000e4400000, 0x00000000e4500000, 0x00000000e4500000|100%| O|  |TAMS 0x00000000e4400000| PB 0x00000000e4400000| Untracked 
|1093|0x00000000e4500000, 0x00000000e4600000, 0x00000000e4600000|100%| O|  |TAMS 0x00000000e4500000| PB 0x00000000e4500000| Untracked 
|1094|0x00000000e4600000, 0x00000000e4700000, 0x00000000e4700000|100%| O|  |TAMS 0x00000000e4600000| PB 0x00000000e4600000| Untracked 
|1095|0x00000000e4700000, 0x00000000e4800000, 0x00000000e4800000|100%| O|  |TAMS 0x00000000e4700000| PB 0x00000000e4700000| Untracked 
|1096|0x00000000e4800000, 0x00000000e4900000, 0x00000000e4900000|100%| O|  |TAMS 0x00000000e4800000| PB 0x00000000e4800000| Untracked 
|1097|0x00000000e4900000, 0x00000000e4a00000, 0x00000000e4a00000|100%| O|  |TAMS 0x00000000e4900000| PB 0x00000000e4900000| Untracked 
|1098|0x00000000e4a00000, 0x00000000e4b00000, 0x00000000e4b00000|100%| O|  |TAMS 0x00000000e4a00000| PB 0x00000000e4a00000| Untracked 
|1099|0x00000000e4b00000, 0x00000000e4c00000, 0x00000000e4c00000|100%| O|  |TAMS 0x00000000e4b00000| PB 0x00000000e4b00000| Untracked 
|1100|0x00000000e4c00000, 0x00000000e4d00000, 0x00000000e4d00000|100%| O|  |TAMS 0x00000000e4c00000| PB 0x00000000e4c00000| Untracked 
|1101|0x00000000e4d00000, 0x00000000e4e00000, 0x00000000e4e00000|100%| O|  |TAMS 0x00000000e4d00000| PB 0x00000000e4d00000| Untracked 
|1102|0x00000000e4e00000, 0x00000000e4f00000, 0x00000000e4f00000|100%| O|  |TAMS 0x00000000e4e00000| PB 0x00000000e4e00000| Untracked 
|1103|0x00000000e4f00000, 0x00000000e5000000, 0x00000000e5000000|100%| O|  |TAMS 0x00000000e4f00000| PB 0x00000000e4f00000| Untracked 
|1104|0x00000000e5000000, 0x00000000e5100000, 0x00000000e5100000|100%| O|  |TAMS 0x00000000e5000000| PB 0x00000000e5000000| Untracked 
|1105|0x00000000e5100000, 0x00000000e5200000, 0x00000000e5200000|100%| O|  |TAMS 0x00000000e5100000| PB 0x00000000e5100000| Untracked 
|1106|0x00000000e5200000, 0x00000000e5300000, 0x00000000e5300000|100%| O|  |TAMS 0x00000000e5200000| PB 0x00000000e5200000| Untracked 
|1107|0x00000000e5300000, 0x00000000e5400000, 0x00000000e5400000|100%| O|  |TAMS 0x00000000e5300000| PB 0x00000000e5300000| Untracked 
|1108|0x00000000e5400000, 0x00000000e5500000, 0x00000000e5500000|100%| O|  |TAMS 0x00000000e5400000| PB 0x00000000e5400000| Untracked 
|1109|0x00000000e5500000, 0x00000000e5600000, 0x00000000e5600000|100%| O|  |TAMS 0x00000000e5500000| PB 0x00000000e5500000| Untracked 
|1110|0x00000000e5600000, 0x00000000e5700000, 0x00000000e5700000|100%| O|  |TAMS 0x00000000e5600000| PB 0x00000000e5600000| Untracked 
|1111|0x00000000e5700000, 0x00000000e5800000, 0x00000000e5800000|100%| O|  |TAMS 0x00000000e5700000| PB 0x00000000e5700000| Untracked 
|1112|0x00000000e5800000, 0x00000000e5900000, 0x00000000e5900000|100%| O|  |TAMS 0x00000000e5800000| PB 0x00000000e5800000| Untracked 
|1113|0x00000000e5900000, 0x00000000e5a00000, 0x00000000e5a00000|100%| O|  |TAMS 0x00000000e5900000| PB 0x00000000e5900000| Untracked 
|1114|0x00000000e5a00000, 0x00000000e5b00000, 0x00000000e5b00000|100%| O|  |TAMS 0x00000000e5a00000| PB 0x00000000e5a00000| Updating 
|1115|0x00000000e5b00000, 0x00000000e5b00000, 0x00000000e5c00000|  0%| F|  |TAMS 0x00000000e5b00000| PB 0x00000000e5b00000| Untracked 
|1116|0x00000000e5c00000, 0x00000000e5c00000, 0x00000000e5d00000|  0%| F|  |TAMS 0x00000000e5c00000| PB 0x00000000e5c00000| Untracked 
|1117|0x00000000e5d00000, 0x00000000e5d00000, 0x00000000e5e00000|  0%| F|  |TAMS 0x00000000e5d00000| PB 0x00000000e5d00000| Untracked 
|1118|0x00000000e5e00000, 0x00000000e5e00000, 0x00000000e5f00000|  0%| F|  |TAMS 0x00000000e5e00000| PB 0x00000000e5e00000| Untracked 
|1119|0x00000000e5f00000, 0x00000000e5f00000, 0x00000000e6000000|  0%| F|  |TAMS 0x00000000e5f00000| PB 0x00000000e5f00000| Untracked 
|1120|0x00000000e6000000, 0x00000000e6000000, 0x00000000e6100000|  0%| F|  |TAMS 0x00000000e6000000| PB 0x00000000e6000000| Untracked 
|1121|0x00000000e6100000, 0x00000000e6100000, 0x00000000e6200000|  0%| F|  |TAMS 0x00000000e6100000| PB 0x00000000e6100000| Untracked 
|1122|0x00000000e6200000, 0x00000000e6200000, 0x00000000e6300000|  0%| F|  |TAMS 0x00000000e6200000| PB 0x00000000e6200000| Untracked 
|1123|0x00000000e6300000, 0x00000000e6300000, 0x00000000e6400000|  0%| F|  |TAMS 0x00000000e6300000| PB 0x00000000e6300000| Untracked 
|1124|0x00000000e6400000, 0x00000000e6400000, 0x00000000e6500000|  0%| F|  |TAMS 0x00000000e6400000| PB 0x00000000e6400000| Untracked 
|1125|0x00000000e6500000, 0x00000000e6500000, 0x00000000e6600000|  0%| F|  |TAMS 0x00000000e6500000| PB 0x00000000e6500000| Untracked 
|1126|0x00000000e6600000, 0x00000000e6600000, 0x00000000e6700000|  0%| F|  |TAMS 0x00000000e6600000| PB 0x00000000e6600000| Untracked 
|1127|0x00000000e6700000, 0x00000000e6700000, 0x00000000e6800000|  0%| F|  |TAMS 0x00000000e6700000| PB 0x00000000e6700000| Untracked 
|1128|0x00000000e6800000, 0x00000000e6800000, 0x00000000e6900000|  0%| F|  |TAMS 0x00000000e6800000| PB 0x00000000e6800000| Untracked 
|1129|0x00000000e6900000, 0x00000000e6900000, 0x00000000e6a00000|  0%| F|  |TAMS 0x00000000e6900000| PB 0x00000000e6900000| Untracked 
|1130|0x00000000e6a00000, 0x00000000e6a00000, 0x00000000e6b00000|  0%| F|  |TAMS 0x00000000e6a00000| PB 0x00000000e6a00000| Untracked 
|1131|0x00000000e6b00000, 0x00000000e6b00000, 0x00000000e6c00000|  0%| F|  |TAMS 0x00000000e6b00000| PB 0x00000000e6b00000| Untracked 
|1132|0x00000000e6c00000, 0x00000000e6c00000, 0x00000000e6d00000|  0%| F|  |TAMS 0x00000000e6c00000| PB 0x00000000e6c00000| Untracked 
|1133|0x00000000e6d00000, 0x00000000e6d00000, 0x00000000e6e00000|  0%| F|  |TAMS 0x00000000e6d00000| PB 0x00000000e6d00000| Untracked 
|1134|0x00000000e6e00000, 0x00000000e6e00000, 0x00000000e6f00000|  0%| F|  |TAMS 0x00000000e6e00000| PB 0x00000000e6e00000| Untracked 
|1135|0x00000000e6f00000, 0x00000000e6f00000, 0x00000000e7000000|  0%| F|  |TAMS 0x00000000e6f00000| PB 0x00000000e6f00000| Untracked 
|1136|0x00000000e7000000, 0x00000000e7000000, 0x00000000e7100000|  0%| F|  |TAMS 0x00000000e7000000| PB 0x00000000e7000000| Untracked 
|1137|0x00000000e7100000, 0x00000000e7100000, 0x00000000e7200000|  0%| F|  |TAMS 0x00000000e7100000| PB 0x00000000e7100000| Untracked 
|1138|0x00000000e7200000, 0x00000000e7200000, 0x00000000e7300000|  0%| F|  |TAMS 0x00000000e7200000| PB 0x00000000e7200000| Untracked 
|1139|0x00000000e7300000, 0x00000000e7300000, 0x00000000e7400000|  0%| F|  |TAMS 0x00000000e7300000| PB 0x00000000e7300000| Untracked 
|1140|0x00000000e7400000, 0x00000000e7400000, 0x00000000e7500000|  0%| F|  |TAMS 0x00000000e7400000| PB 0x00000000e7400000| Untracked 
|1141|0x00000000e7500000, 0x00000000e7500000, 0x00000000e7600000|  0%| F|  |TAMS 0x00000000e7500000| PB 0x00000000e7500000| Untracked 
|1142|0x00000000e7600000, 0x00000000e7600000, 0x00000000e7700000|  0%| F|  |TAMS 0x00000000e7600000| PB 0x00000000e7600000| Untracked 
|1143|0x00000000e7700000, 0x00000000e7700000, 0x00000000e7800000|  0%| F|  |TAMS 0x00000000e7700000| PB 0x00000000e7700000| Untracked 
|1144|0x00000000e7800000, 0x00000000e7800000, 0x00000000e7900000|  0%| F|  |TAMS 0x00000000e7800000| PB 0x00000000e7800000| Untracked 
|1145|0x00000000e7900000, 0x00000000e7900000, 0x00000000e7a00000|  0%| F|  |TAMS 0x00000000e7900000| PB 0x00000000e7900000| Untracked 
|1146|0x00000000e7a00000, 0x00000000e7a00000, 0x00000000e7b00000|  0%| F|  |TAMS 0x00000000e7a00000| PB 0x00000000e7a00000| Untracked 
|1147|0x00000000e7b00000, 0x00000000e7b00000, 0x00000000e7c00000|  0%| F|  |TAMS 0x00000000e7b00000| PB 0x00000000e7b00000| Untracked 
|1148|0x00000000e7c00000, 0x00000000e7c00000, 0x00000000e7d00000|  0%| F|  |TAMS 0x00000000e7c00000| PB 0x00000000e7c00000| Untracked 
|1149|0x00000000e7d00000, 0x00000000e7d00000, 0x00000000e7e00000|  0%| F|  |TAMS 0x00000000e7d00000| PB 0x00000000e7d00000| Untracked 
|1150|0x00000000e7e00000, 0x00000000e7e00000, 0x00000000e7f00000|  0%| F|  |TAMS 0x00000000e7e00000| PB 0x00000000e7e00000| Untracked 
|1151|0x00000000e7f00000, 0x00000000e7f00000, 0x00000000e8000000|  0%| F|  |TAMS 0x00000000e7f00000| PB 0x00000000e7f00000| Untracked 
|1152|0x00000000e8000000, 0x00000000e8000000, 0x00000000e8100000|  0%| F|  |TAMS 0x00000000e8000000| PB 0x00000000e8000000| Untracked 
|1153|0x00000000e8100000, 0x00000000e8100000, 0x00000000e8200000|  0%| F|  |TAMS 0x00000000e8100000| PB 0x00000000e8100000| Untracked 
|1154|0x00000000e8200000, 0x00000000e8200000, 0x00000000e8300000|  0%| F|  |TAMS 0x00000000e8200000| PB 0x00000000e8200000| Untracked 
|1155|0x00000000e8300000, 0x00000000e8300000, 0x00000000e8400000|  0%| F|  |TAMS 0x00000000e8300000| PB 0x00000000e8300000| Untracked 
|1156|0x00000000e8400000, 0x00000000e8400000, 0x00000000e8500000|  0%| F|  |TAMS 0x00000000e8400000| PB 0x00000000e8400000| Untracked 
|1157|0x00000000e8500000, 0x00000000e8500000, 0x00000000e8600000|  0%| F|  |TAMS 0x00000000e8500000| PB 0x00000000e8500000| Untracked 
|1158|0x00000000e8600000, 0x00000000e8600000, 0x00000000e8700000|  0%| F|  |TAMS 0x00000000e8600000| PB 0x00000000e8600000| Untracked 
|1159|0x00000000e8700000, 0x00000000e8700000, 0x00000000e8800000|  0%| F|  |TAMS 0x00000000e8700000| PB 0x00000000e8700000| Untracked 
|1160|0x00000000e8800000, 0x00000000e8800000, 0x00000000e8900000|  0%| F|  |TAMS 0x00000000e8800000| PB 0x00000000e8800000| Untracked 
|1161|0x00000000e8900000, 0x00000000e8900000, 0x00000000e8a00000|  0%| F|  |TAMS 0x00000000e8900000| PB 0x00000000e8900000| Untracked 
|1162|0x00000000e8a00000, 0x00000000e8a00000, 0x00000000e8b00000|  0%| F|  |TAMS 0x00000000e8a00000| PB 0x00000000e8a00000| Untracked 
|1163|0x00000000e8b00000, 0x00000000e8b00000, 0x00000000e8c00000|  0%| F|  |TAMS 0x00000000e8b00000| PB 0x00000000e8b00000| Untracked 
|1164|0x00000000e8c00000, 0x00000000e8c00000, 0x00000000e8d00000|  0%| F|  |TAMS 0x00000000e8c00000| PB 0x00000000e8c00000| Untracked 
|1165|0x00000000e8d00000, 0x00000000e8d00000, 0x00000000e8e00000|  0%| F|  |TAMS 0x00000000e8d00000| PB 0x00000000e8d00000| Untracked 
|1166|0x00000000e8e00000, 0x00000000e8e00000, 0x00000000e8f00000|  0%| F|  |TAMS 0x00000000e8e00000| PB 0x00000000e8e00000| Untracked 
|1167|0x00000000e8f00000, 0x00000000e8f00000, 0x00000000e9000000|  0%| F|  |TAMS 0x00000000e8f00000| PB 0x00000000e8f00000| Untracked 
|1168|0x00000000e9000000, 0x00000000e9000000, 0x00000000e9100000|  0%| F|  |TAMS 0x00000000e9000000| PB 0x00000000e9000000| Untracked 
|1169|0x00000000e9100000, 0x00000000e9100000, 0x00000000e9200000|  0%| F|  |TAMS 0x00000000e9100000| PB 0x00000000e9100000| Untracked 
|1170|0x00000000e9200000, 0x00000000e9200000, 0x00000000e9300000|  0%| F|  |TAMS 0x00000000e9200000| PB 0x00000000e9200000| Untracked 
|1171|0x00000000e9300000, 0x00000000e9300000, 0x00000000e9400000|  0%| F|  |TAMS 0x00000000e9300000| PB 0x00000000e9300000| Untracked 
|1172|0x00000000e9400000, 0x00000000e9400000, 0x00000000e9500000|  0%| F|  |TAMS 0x00000000e9400000| PB 0x00000000e9400000| Untracked 
|1173|0x00000000e9500000, 0x00000000e9500000, 0x00000000e9600000|  0%| F|  |TAMS 0x00000000e9500000| PB 0x00000000e9500000| Untracked 
|1174|0x00000000e9600000, 0x00000000e9600000, 0x00000000e9700000|  0%| F|  |TAMS 0x00000000e9600000| PB 0x00000000e9600000| Untracked 
|1175|0x00000000e9700000, 0x00000000e9700000, 0x00000000e9800000|  0%| F|  |TAMS 0x00000000e9700000| PB 0x00000000e9700000| Untracked 
|1176|0x00000000e9800000, 0x00000000e9800000, 0x00000000e9900000|  0%| F|  |TAMS 0x00000000e9800000| PB 0x00000000e9800000| Untracked 
|1177|0x00000000e9900000, 0x00000000e9900000, 0x00000000e9a00000|  0%| F|  |TAMS 0x00000000e9900000| PB 0x00000000e9900000| Untracked 
|1178|0x00000000e9a00000, 0x00000000e9a00000, 0x00000000e9b00000|  0%| F|  |TAMS 0x00000000e9a00000| PB 0x00000000e9a00000| Untracked 
|1179|0x00000000e9b00000, 0x00000000e9b00000, 0x00000000e9c00000|  0%| F|  |TAMS 0x00000000e9b00000| PB 0x00000000e9b00000| Untracked 
|1180|0x00000000e9c00000, 0x00000000e9c00000, 0x00000000e9d00000|  0%| F|  |TAMS 0x00000000e9c00000| PB 0x00000000e9c00000| Untracked 
|1181|0x00000000e9d00000, 0x00000000e9d00000, 0x00000000e9e00000|  0%| F|  |TAMS 0x00000000e9d00000| PB 0x00000000e9d00000| Untracked 
|1182|0x00000000e9e00000, 0x00000000e9e00000, 0x00000000e9f00000|  0%| F|  |TAMS 0x00000000e9e00000| PB 0x00000000e9e00000| Untracked 
|1183|0x00000000e9f00000, 0x00000000e9f00000, 0x00000000ea000000|  0%| F|  |TAMS 0x00000000e9f00000| PB 0x00000000e9f00000| Untracked 
|1184|0x00000000ea000000, 0x00000000ea000000, 0x00000000ea100000|  0%| F|  |TAMS 0x00000000ea000000| PB 0x00000000ea000000| Untracked 
|1185|0x00000000ea100000, 0x00000000ea100000, 0x00000000ea200000|  0%| F|  |TAMS 0x00000000ea100000| PB 0x00000000ea100000| Untracked 
|1186|0x00000000ea200000, 0x00000000ea200000, 0x00000000ea300000|  0%| F|  |TAMS 0x00000000ea200000| PB 0x00000000ea200000| Untracked 
|1187|0x00000000ea300000, 0x00000000ea300000, 0x00000000ea400000|  0%| F|  |TAMS 0x00000000ea300000| PB 0x00000000ea300000| Untracked 
|1188|0x00000000ea400000, 0x00000000ea400000, 0x00000000ea500000|  0%| F|  |TAMS 0x00000000ea400000| PB 0x00000000ea400000| Untracked 
|1189|0x00000000ea500000, 0x00000000ea500000, 0x00000000ea600000|  0%| F|  |TAMS 0x00000000ea500000| PB 0x00000000ea500000| Untracked 
|1190|0x00000000ea600000, 0x00000000ea600000, 0x00000000ea700000|  0%| F|  |TAMS 0x00000000ea600000| PB 0x00000000ea600000| Untracked 
|1191|0x00000000ea700000, 0x00000000ea700000, 0x00000000ea800000|  0%| F|  |TAMS 0x00000000ea700000| PB 0x00000000ea700000| Untracked 
|1192|0x00000000ea800000, 0x00000000ea800000, 0x00000000ea900000|  0%| F|  |TAMS 0x00000000ea800000| PB 0x00000000ea800000| Untracked 
|1193|0x00000000ea900000, 0x00000000ea900000, 0x00000000eaa00000|  0%| F|  |TAMS 0x00000000ea900000| PB 0x00000000ea900000| Untracked 
|1194|0x00000000eaa00000, 0x00000000eaa00000, 0x00000000eab00000|  0%| F|  |TAMS 0x00000000eaa00000| PB 0x00000000eaa00000| Untracked 
|1195|0x00000000eab00000, 0x00000000eab00000, 0x00000000eac00000|  0%| F|  |TAMS 0x00000000eab00000| PB 0x00000000eab00000| Untracked 
|1196|0x00000000eac00000, 0x00000000eac00000, 0x00000000ead00000|  0%| F|  |TAMS 0x00000000eac00000| PB 0x00000000eac00000| Untracked 
|1197|0x00000000ead00000, 0x00000000ead00000, 0x00000000eae00000|  0%| F|  |TAMS 0x00000000ead00000| PB 0x00000000ead00000| Untracked 
|1198|0x00000000eae00000, 0x00000000eae00000, 0x00000000eaf00000|  0%| F|  |TAMS 0x00000000eae00000| PB 0x00000000eae00000| Untracked 
|1199|0x00000000eaf00000, 0x00000000eaf00000, 0x00000000eb000000|  0%| F|  |TAMS 0x00000000eaf00000| PB 0x00000000eaf00000| Untracked 
|1200|0x00000000eb000000, 0x00000000eb000000, 0x00000000eb100000|  0%| F|  |TAMS 0x00000000eb000000| PB 0x00000000eb000000| Untracked 
|1201|0x00000000eb100000, 0x00000000eb100000, 0x00000000eb200000|  0%| F|  |TAMS 0x00000000eb100000| PB 0x00000000eb100000| Untracked 
|1202|0x00000000eb200000, 0x00000000eb200000, 0x00000000eb300000|  0%| F|  |TAMS 0x00000000eb200000| PB 0x00000000eb200000| Untracked 
|1203|0x00000000eb300000, 0x00000000eb300000, 0x00000000eb400000|  0%| F|  |TAMS 0x00000000eb300000| PB 0x00000000eb300000| Untracked 
|1204|0x00000000eb400000, 0x00000000eb400000, 0x00000000eb500000|  0%| F|  |TAMS 0x00000000eb400000| PB 0x00000000eb400000| Untracked 
|1205|0x00000000eb500000, 0x00000000eb500000, 0x00000000eb600000|  0%| F|  |TAMS 0x00000000eb500000| PB 0x00000000eb500000| Untracked 
|1206|0x00000000eb600000, 0x00000000eb600000, 0x00000000eb700000|  0%| F|  |TAMS 0x00000000eb600000| PB 0x00000000eb600000| Untracked 
|1207|0x00000000eb700000, 0x00000000eb700000, 0x00000000eb800000|  0%| F|  |TAMS 0x00000000eb700000| PB 0x00000000eb700000| Untracked 
|1208|0x00000000eb800000, 0x00000000eb800000, 0x00000000eb900000|  0%| F|  |TAMS 0x00000000eb800000| PB 0x00000000eb800000| Untracked 
|1209|0x00000000eb900000, 0x00000000eb900000, 0x00000000eba00000|  0%| F|  |TAMS 0x00000000eb900000| PB 0x00000000eb900000| Untracked 
|1210|0x00000000eba00000, 0x00000000eba00000, 0x00000000ebb00000|  0%| F|  |TAMS 0x00000000eba00000| PB 0x00000000eba00000| Untracked 
|1211|0x00000000ebb00000, 0x00000000ebb00000, 0x00000000ebc00000|  0%| F|  |TAMS 0x00000000ebb00000| PB 0x00000000ebb00000| Untracked 
|1212|0x00000000ebc00000, 0x00000000ebc00000, 0x00000000ebd00000|  0%| F|  |TAMS 0x00000000ebc00000| PB 0x00000000ebc00000| Untracked 
|1213|0x00000000ebd00000, 0x00000000ebd00000, 0x00000000ebe00000|  0%| F|  |TAMS 0x00000000ebd00000| PB 0x00000000ebd00000| Untracked 
|1214|0x00000000ebe00000, 0x00000000ebe00000, 0x00000000ebf00000|  0%| F|  |TAMS 0x00000000ebe00000| PB 0x00000000ebe00000| Untracked 
|1215|0x00000000ebf00000, 0x00000000ebf00000, 0x00000000ec000000|  0%| F|  |TAMS 0x00000000ebf00000| PB 0x00000000ebf00000| Untracked 
|1216|0x00000000ec000000, 0x00000000ec000000, 0x00000000ec100000|  0%| F|  |TAMS 0x00000000ec000000| PB 0x00000000ec000000| Untracked 
|1217|0x00000000ec100000, 0x00000000ec100000, 0x00000000ec200000|  0%| F|  |TAMS 0x00000000ec100000| PB 0x00000000ec100000| Untracked 
|1218|0x00000000ec200000, 0x00000000ec200000, 0x00000000ec300000|  0%| F|  |TAMS 0x00000000ec200000| PB 0x00000000ec200000| Untracked 
|1219|0x00000000ec300000, 0x00000000ec300000, 0x00000000ec400000|  0%| F|  |TAMS 0x00000000ec300000| PB 0x00000000ec300000| Untracked 
|1220|0x00000000ec400000, 0x00000000ec400000, 0x00000000ec500000|  0%| F|  |TAMS 0x00000000ec400000| PB 0x00000000ec400000| Untracked 
|1221|0x00000000ec500000, 0x00000000ec500000, 0x00000000ec600000|  0%| F|  |TAMS 0x00000000ec500000| PB 0x00000000ec500000| Untracked 
|1222|0x00000000ec600000, 0x00000000ec600000, 0x00000000ec700000|  0%| F|  |TAMS 0x00000000ec600000| PB 0x00000000ec600000| Untracked 
|1223|0x00000000ec700000, 0x00000000ec700000, 0x00000000ec800000|  0%| F|  |TAMS 0x00000000ec700000| PB 0x00000000ec700000| Untracked 
|1224|0x00000000ec800000, 0x00000000ec800000, 0x00000000ec900000|  0%| F|  |TAMS 0x00000000ec800000| PB 0x00000000ec800000| Untracked 
|1225|0x00000000ec900000, 0x00000000ec900000, 0x00000000eca00000|  0%| F|  |TAMS 0x00000000ec900000| PB 0x00000000ec900000| Untracked 
|1226|0x00000000eca00000, 0x00000000eca00000, 0x00000000ecb00000|  0%| F|  |TAMS 0x00000000eca00000| PB 0x00000000eca00000| Untracked 
|1227|0x00000000ecb00000, 0x00000000ecb00000, 0x00000000ecc00000|  0%| F|  |TAMS 0x00000000ecb00000| PB 0x00000000ecb00000| Untracked 
|1228|0x00000000ecc00000, 0x00000000ecc00000, 0x00000000ecd00000|  0%| F|  |TAMS 0x00000000ecc00000| PB 0x00000000ecc00000| Untracked 
|1229|0x00000000ecd00000, 0x00000000ecd00000, 0x00000000ece00000|  0%| F|  |TAMS 0x00000000ecd00000| PB 0x00000000ecd00000| Untracked 
|1230|0x00000000ece00000, 0x00000000ece00000, 0x00000000ecf00000|  0%| F|  |TAMS 0x00000000ece00000| PB 0x00000000ece00000| Untracked 
|1231|0x00000000ecf00000, 0x00000000ecf00000, 0x00000000ed000000|  0%| F|  |TAMS 0x00000000ecf00000| PB 0x00000000ecf00000| Untracked 
|1232|0x00000000ed000000, 0x00000000ed000000, 0x00000000ed100000|  0%| F|  |TAMS 0x00000000ed000000| PB 0x00000000ed000000| Untracked 
|1233|0x00000000ed100000, 0x00000000ed100000, 0x00000000ed200000|  0%| F|  |TAMS 0x00000000ed100000| PB 0x00000000ed100000| Untracked 
|1234|0x00000000ed200000, 0x00000000ed200000, 0x00000000ed300000|  0%| F|  |TAMS 0x00000000ed200000| PB 0x00000000ed200000| Untracked 
|1235|0x00000000ed300000, 0x00000000ed300000, 0x00000000ed400000|  0%| F|  |TAMS 0x00000000ed300000| PB 0x00000000ed300000| Untracked 
|1236|0x00000000ed400000, 0x00000000ed400000, 0x00000000ed500000|  0%| F|  |TAMS 0x00000000ed400000| PB 0x00000000ed400000| Untracked 
|1237|0x00000000ed500000, 0x00000000ed500000, 0x00000000ed600000|  0%| F|  |TAMS 0x00000000ed500000| PB 0x00000000ed500000| Untracked 
|1238|0x00000000ed600000, 0x00000000ed600000, 0x00000000ed700000|  0%| F|  |TAMS 0x00000000ed600000| PB 0x00000000ed600000| Untracked 
|1239|0x00000000ed700000, 0x00000000ed700000, 0x00000000ed800000|  0%| F|  |TAMS 0x00000000ed700000| PB 0x00000000ed700000| Untracked 
|1240|0x00000000ed800000, 0x00000000ed800000, 0x00000000ed900000|  0%| F|  |TAMS 0x00000000ed800000| PB 0x00000000ed800000| Untracked 
|1241|0x00000000ed900000, 0x00000000ed900000, 0x00000000eda00000|  0%| F|  |TAMS 0x00000000ed900000| PB 0x00000000ed900000| Untracked 
|1242|0x00000000eda00000, 0x00000000eda00000, 0x00000000edb00000|  0%| F|  |TAMS 0x00000000eda00000| PB 0x00000000eda00000| Untracked 
|1243|0x00000000edb00000, 0x00000000edb00000, 0x00000000edc00000|  0%| F|  |TAMS 0x00000000edb00000| PB 0x00000000edb00000| Untracked 
|1244|0x00000000edc00000, 0x00000000edc00000, 0x00000000edd00000|  0%| F|  |TAMS 0x00000000edc00000| PB 0x00000000edc00000| Untracked 
|1245|0x00000000edd00000, 0x00000000edd00000, 0x00000000ede00000|  0%| F|  |TAMS 0x00000000edd00000| PB 0x00000000edd00000| Untracked 
|1246|0x00000000ede00000, 0x00000000ede00000, 0x00000000edf00000|  0%| F|  |TAMS 0x00000000ede00000| PB 0x00000000ede00000| Untracked 
|1247|0x00000000edf00000, 0x00000000edf00000, 0x00000000ee000000|  0%| F|  |TAMS 0x00000000edf00000| PB 0x00000000edf00000| Untracked 
|1248|0x00000000ee000000, 0x00000000ee000000, 0x00000000ee100000|  0%| F|  |TAMS 0x00000000ee000000| PB 0x00000000ee000000| Untracked 
|1249|0x00000000ee100000, 0x00000000ee100000, 0x00000000ee200000|  0%| F|  |TAMS 0x00000000ee100000| PB 0x00000000ee100000| Untracked 
|1250|0x00000000ee200000, 0x00000000ee200000, 0x00000000ee300000|  0%| F|  |TAMS 0x00000000ee200000| PB 0x00000000ee200000| Untracked 
|1251|0x00000000ee300000, 0x00000000ee300000, 0x00000000ee400000|  0%| F|  |TAMS 0x00000000ee300000| PB 0x00000000ee300000| Untracked 
|1252|0x00000000ee400000, 0x00000000ee400000, 0x00000000ee500000|  0%| F|  |TAMS 0x00000000ee400000| PB 0x00000000ee400000| Untracked 
|1253|0x00000000ee500000, 0x00000000ee500000, 0x00000000ee600000|  0%| F|  |TAMS 0x00000000ee500000| PB 0x00000000ee500000| Untracked 
|1254|0x00000000ee600000, 0x00000000ee600000, 0x00000000ee700000|  0%| F|  |TAMS 0x00000000ee600000| PB 0x00000000ee600000| Untracked 
|1255|0x00000000ee700000, 0x00000000ee700000, 0x00000000ee800000|  0%| F|  |TAMS 0x00000000ee700000| PB 0x00000000ee700000| Untracked 
|1256|0x00000000ee800000, 0x00000000ee800000, 0x00000000ee900000|  0%| F|  |TAMS 0x00000000ee800000| PB 0x00000000ee800000| Untracked 
|1257|0x00000000ee900000, 0x00000000ee900000, 0x00000000eea00000|  0%| F|  |TAMS 0x00000000ee900000| PB 0x00000000ee900000| Untracked 
|1258|0x00000000eea00000, 0x00000000eea00000, 0x00000000eeb00000|  0%| F|  |TAMS 0x00000000eea00000| PB 0x00000000eea00000| Untracked 
|1259|0x00000000eeb00000, 0x00000000eeb00000, 0x00000000eec00000|  0%| F|  |TAMS 0x00000000eeb00000| PB 0x00000000eeb00000| Untracked 
|1260|0x00000000eec00000, 0x00000000eec00000, 0x00000000eed00000|  0%| F|  |TAMS 0x00000000eec00000| PB 0x00000000eec00000| Untracked 
|1261|0x00000000eed00000, 0x00000000eed00000, 0x00000000eee00000|  0%| F|  |TAMS 0x00000000eed00000| PB 0x00000000eed00000| Untracked 
|1262|0x00000000eee00000, 0x00000000eee00000, 0x00000000eef00000|  0%| F|  |TAMS 0x00000000eee00000| PB 0x00000000eee00000| Untracked 
|1263|0x00000000eef00000, 0x00000000eef00000, 0x00000000ef000000|  0%| F|  |TAMS 0x00000000eef00000| PB 0x00000000eef00000| Untracked 
|1264|0x00000000ef000000, 0x00000000ef000000, 0x00000000ef100000|  0%| F|  |TAMS 0x00000000ef000000| PB 0x00000000ef000000| Untracked 
|1265|0x00000000ef100000, 0x00000000ef100000, 0x00000000ef200000|  0%| F|  |TAMS 0x00000000ef100000| PB 0x00000000ef100000| Untracked 
|1266|0x00000000ef200000, 0x00000000ef200000, 0x00000000ef300000|  0%| F|  |TAMS 0x00000000ef200000| PB 0x00000000ef200000| Untracked 
|1267|0x00000000ef300000, 0x00000000ef300000, 0x00000000ef400000|  0%| F|  |TAMS 0x00000000ef300000| PB 0x00000000ef300000| Untracked 
|1268|0x00000000ef400000, 0x00000000ef400000, 0x00000000ef500000|  0%| F|  |TAMS 0x00000000ef400000| PB 0x00000000ef400000| Untracked 
|1269|0x00000000ef500000, 0x00000000ef500000, 0x00000000ef600000|  0%| F|  |TAMS 0x00000000ef500000| PB 0x00000000ef500000| Untracked 
|1270|0x00000000ef600000, 0x00000000ef600000, 0x00000000ef700000|  0%| F|  |TAMS 0x00000000ef600000| PB 0x00000000ef600000| Untracked 
|1271|0x00000000ef700000, 0x00000000ef700000, 0x00000000ef800000|  0%| F|  |TAMS 0x00000000ef700000| PB 0x00000000ef700000| Untracked 
|1272|0x00000000ef800000, 0x00000000ef800000, 0x00000000ef900000|  0%| F|  |TAMS 0x00000000ef800000| PB 0x00000000ef800000| Untracked 
|1273|0x00000000ef900000, 0x00000000ef900000, 0x00000000efa00000|  0%| F|  |TAMS 0x00000000ef900000| PB 0x00000000ef900000| Untracked 
|1274|0x00000000efa00000, 0x00000000efa00000, 0x00000000efb00000|  0%| F|  |TAMS 0x00000000efa00000| PB 0x00000000efa00000| Untracked 
|1275|0x00000000efb00000, 0x00000000efb00000, 0x00000000efc00000|  0%| F|  |TAMS 0x00000000efb00000| PB 0x00000000efb00000| Untracked 
|1276|0x00000000efc00000, 0x00000000efc00000, 0x00000000efd00000|  0%| F|  |TAMS 0x00000000efc00000| PB 0x00000000efc00000| Untracked 
|1277|0x00000000efd00000, 0x00000000efd00000, 0x00000000efe00000|  0%| F|  |TAMS 0x00000000efd00000| PB 0x00000000efd00000| Untracked 
|1278|0x00000000efe00000, 0x00000000efe00000, 0x00000000eff00000|  0%| F|  |TAMS 0x00000000efe00000| PB 0x00000000efe00000| Untracked 
|1279|0x00000000eff00000, 0x00000000eff00000, 0x00000000f0000000|  0%| F|  |TAMS 0x00000000eff00000| PB 0x00000000eff00000| Untracked 
|1280|0x00000000f0000000, 0x00000000f0000000, 0x00000000f0100000|  0%| F|  |TAMS 0x00000000f0000000| PB 0x00000000f0000000| Untracked 
|1281|0x00000000f0100000, 0x00000000f0100000, 0x00000000f0200000|  0%| F|  |TAMS 0x00000000f0100000| PB 0x00000000f0100000| Untracked 
|1282|0x00000000f0200000, 0x00000000f0200000, 0x00000000f0300000|  0%| F|  |TAMS 0x00000000f0200000| PB 0x00000000f0200000| Untracked 
|1283|0x00000000f0300000, 0x00000000f0300000, 0x00000000f0400000|  0%| F|  |TAMS 0x00000000f0300000| PB 0x00000000f0300000| Untracked 
|1284|0x00000000f0400000, 0x00000000f0400000, 0x00000000f0500000|  0%| F|  |TAMS 0x00000000f0400000| PB 0x00000000f0400000| Untracked 
|1285|0x00000000f0500000, 0x00000000f0500000, 0x00000000f0600000|  0%| F|  |TAMS 0x00000000f0500000| PB 0x00000000f0500000| Untracked 
|1286|0x00000000f0600000, 0x00000000f0600000, 0x00000000f0700000|  0%| F|  |TAMS 0x00000000f0600000| PB 0x00000000f0600000| Untracked 
|1287|0x00000000f0700000, 0x00000000f0700000, 0x00000000f0800000|  0%| F|  |TAMS 0x00000000f0700000| PB 0x00000000f0700000| Untracked 
|1288|0x00000000f0800000, 0x00000000f0800000, 0x00000000f0900000|  0%| F|  |TAMS 0x00000000f0800000| PB 0x00000000f0800000| Untracked 
|1289|0x00000000f0900000, 0x00000000f0900000, 0x00000000f0a00000|  0%| F|  |TAMS 0x00000000f0900000| PB 0x00000000f0900000| Untracked 
|1290|0x00000000f0a00000, 0x00000000f0a00000, 0x00000000f0b00000|  0%| F|  |TAMS 0x00000000f0a00000| PB 0x00000000f0a00000| Untracked 
|1291|0x00000000f0b00000, 0x00000000f0b00000, 0x00000000f0c00000|  0%| F|  |TAMS 0x00000000f0b00000| PB 0x00000000f0b00000| Untracked 
|1292|0x00000000f0c00000, 0x00000000f0c00000, 0x00000000f0d00000|  0%| F|  |TAMS 0x00000000f0c00000| PB 0x00000000f0c00000| Untracked 
|1293|0x00000000f0d00000, 0x00000000f0d00000, 0x00000000f0e00000|  0%| F|  |TAMS 0x00000000f0d00000| PB 0x00000000f0d00000| Untracked 
|1294|0x00000000f0e00000, 0x00000000f0e00000, 0x00000000f0f00000|  0%| F|  |TAMS 0x00000000f0e00000| PB 0x00000000f0e00000| Untracked 
|1295|0x00000000f0f00000, 0x00000000f0f00000, 0x00000000f1000000|  0%| F|  |TAMS 0x00000000f0f00000| PB 0x00000000f0f00000| Untracked 
|1296|0x00000000f1000000, 0x00000000f1000000, 0x00000000f1100000|  0%| F|  |TAMS 0x00000000f1000000| PB 0x00000000f1000000| Untracked 
|1297|0x00000000f1100000, 0x00000000f1100000, 0x00000000f1200000|  0%| F|  |TAMS 0x00000000f1100000| PB 0x00000000f1100000| Untracked 
|1298|0x00000000f1200000, 0x00000000f1200000, 0x00000000f1300000|  0%| F|  |TAMS 0x00000000f1200000| PB 0x00000000f1200000| Untracked 
|1299|0x00000000f1300000, 0x00000000f1300000, 0x00000000f1400000|  0%| F|  |TAMS 0x00000000f1300000| PB 0x00000000f1300000| Untracked 
|1300|0x00000000f1400000, 0x00000000f1400000, 0x00000000f1500000|  0%| F|  |TAMS 0x00000000f1400000| PB 0x00000000f1400000| Untracked 
|1301|0x00000000f1500000, 0x00000000f1500000, 0x00000000f1600000|  0%| F|  |TAMS 0x00000000f1500000| PB 0x00000000f1500000| Untracked 
|1302|0x00000000f1600000, 0x00000000f1600000, 0x00000000f1700000|  0%| F|  |TAMS 0x00000000f1600000| PB 0x00000000f1600000| Untracked 
|1303|0x00000000f1700000, 0x00000000f1700000, 0x00000000f1800000|  0%| F|  |TAMS 0x00000000f1700000| PB 0x00000000f1700000| Untracked 
|1304|0x00000000f1800000, 0x00000000f1800000, 0x00000000f1900000|  0%| F|  |TAMS 0x00000000f1800000| PB 0x00000000f1800000| Untracked 
|1305|0x00000000f1900000, 0x00000000f1900000, 0x00000000f1a00000|  0%| F|  |TAMS 0x00000000f1900000| PB 0x00000000f1900000| Untracked 
|1306|0x00000000f1a00000, 0x00000000f1a00000, 0x00000000f1b00000|  0%| F|  |TAMS 0x00000000f1a00000| PB 0x00000000f1a00000| Untracked 
|1307|0x00000000f1b00000, 0x00000000f1b00000, 0x00000000f1c00000|  0%| F|  |TAMS 0x00000000f1b00000| PB 0x00000000f1b00000| Untracked 
|1308|0x00000000f1c00000, 0x00000000f1c00000, 0x00000000f1d00000|  0%| F|  |TAMS 0x00000000f1c00000| PB 0x00000000f1c00000| Untracked 
|1309|0x00000000f1d00000, 0x00000000f1d00000, 0x00000000f1e00000|  0%| F|  |TAMS 0x00000000f1d00000| PB 0x00000000f1d00000| Untracked 
|1310|0x00000000f1e00000, 0x00000000f1e00000, 0x00000000f1f00000|  0%| F|  |TAMS 0x00000000f1e00000| PB 0x00000000f1e00000| Untracked 
|1311|0x00000000f1f00000, 0x00000000f1f00000, 0x00000000f2000000|  0%| F|  |TAMS 0x00000000f1f00000| PB 0x00000000f1f00000| Untracked 
|1312|0x00000000f2000000, 0x00000000f2000000, 0x00000000f2100000|  0%| F|  |TAMS 0x00000000f2000000| PB 0x00000000f2000000| Untracked 
|1313|0x00000000f2100000, 0x00000000f2100000, 0x00000000f2200000|  0%| F|  |TAMS 0x00000000f2100000| PB 0x00000000f2100000| Untracked 
|1314|0x00000000f2200000, 0x00000000f2200000, 0x00000000f2300000|  0%| F|  |TAMS 0x00000000f2200000| PB 0x00000000f2200000| Untracked 
|1315|0x00000000f2300000, 0x00000000f2300000, 0x00000000f2400000|  0%| F|  |TAMS 0x00000000f2300000| PB 0x00000000f2300000| Untracked 
|1316|0x00000000f2400000, 0x00000000f2400000, 0x00000000f2500000|  0%| F|  |TAMS 0x00000000f2400000| PB 0x00000000f2400000| Untracked 
|1317|0x00000000f2500000, 0x00000000f2500000, 0x00000000f2600000|  0%| F|  |TAMS 0x00000000f2500000| PB 0x00000000f2500000| Untracked 
|1318|0x00000000f2600000, 0x00000000f2600000, 0x00000000f2700000|  0%| F|  |TAMS 0x00000000f2600000| PB 0x00000000f2600000| Untracked 
|1319|0x00000000f2700000, 0x00000000f2700000, 0x00000000f2800000|  0%| F|  |TAMS 0x00000000f2700000| PB 0x00000000f2700000| Untracked 
|1320|0x00000000f2800000, 0x00000000f2800000, 0x00000000f2900000|  0%| F|  |TAMS 0x00000000f2800000| PB 0x00000000f2800000| Untracked 
|1321|0x00000000f2900000, 0x00000000f2900000, 0x00000000f2a00000|  0%| F|  |TAMS 0x00000000f2900000| PB 0x00000000f2900000| Untracked 
|1322|0x00000000f2a00000, 0x00000000f2a00000, 0x00000000f2b00000|  0%| F|  |TAMS 0x00000000f2a00000| PB 0x00000000f2a00000| Untracked 
|1323|0x00000000f2b00000, 0x00000000f2b00000, 0x00000000f2c00000|  0%| F|  |TAMS 0x00000000f2b00000| PB 0x00000000f2b00000| Untracked 
|1324|0x00000000f2c00000, 0x00000000f2c00000, 0x00000000f2d00000|  0%| F|  |TAMS 0x00000000f2c00000| PB 0x00000000f2c00000| Untracked 
|1325|0x00000000f2d00000, 0x00000000f2d00000, 0x00000000f2e00000|  0%| F|  |TAMS 0x00000000f2d00000| PB 0x00000000f2d00000| Untracked 
|1326|0x00000000f2e00000, 0x00000000f2e00000, 0x00000000f2f00000|  0%| F|  |TAMS 0x00000000f2e00000| PB 0x00000000f2e00000| Untracked 
|1327|0x00000000f2f00000, 0x00000000f2f00000, 0x00000000f3000000|  0%| F|  |TAMS 0x00000000f2f00000| PB 0x00000000f2f00000| Untracked 
|1328|0x00000000f3000000, 0x00000000f3000000, 0x00000000f3100000|  0%| F|  |TAMS 0x00000000f3000000| PB 0x00000000f3000000| Untracked 
|1329|0x00000000f3100000, 0x00000000f3100000, 0x00000000f3200000|  0%| F|  |TAMS 0x00000000f3100000| PB 0x00000000f3100000| Untracked 
|1330|0x00000000f3200000, 0x00000000f3200000, 0x00000000f3300000|  0%| F|  |TAMS 0x00000000f3200000| PB 0x00000000f3200000| Untracked 
|1331|0x00000000f3300000, 0x00000000f3300000, 0x00000000f3400000|  0%| F|  |TAMS 0x00000000f3300000| PB 0x00000000f3300000| Untracked 
|1332|0x00000000f3400000, 0x00000000f3400000, 0x00000000f3500000|  0%| F|  |TAMS 0x00000000f3400000| PB 0x00000000f3400000| Untracked 
|1333|0x00000000f3500000, 0x00000000f3500000, 0x00000000f3600000|  0%| F|  |TAMS 0x00000000f3500000| PB 0x00000000f3500000| Untracked 
|1334|0x00000000f3600000, 0x00000000f3600000, 0x00000000f3700000|  0%| F|  |TAMS 0x00000000f3600000| PB 0x00000000f3600000| Untracked 
|1335|0x00000000f3700000, 0x00000000f3700000, 0x00000000f3800000|  0%| F|  |TAMS 0x00000000f3700000| PB 0x00000000f3700000| Untracked 
|1336|0x00000000f3800000, 0x00000000f3800000, 0x00000000f3900000|  0%| F|  |TAMS 0x00000000f3800000| PB 0x00000000f3800000| Untracked 
|1337|0x00000000f3900000, 0x00000000f3900000, 0x00000000f3a00000|  0%| F|  |TAMS 0x00000000f3900000| PB 0x00000000f3900000| Untracked 
|1338|0x00000000f3a00000, 0x00000000f3a00000, 0x00000000f3b00000|  0%| F|  |TAMS 0x00000000f3a00000| PB 0x00000000f3a00000| Untracked 
|1339|0x00000000f3b00000, 0x00000000f3b00000, 0x00000000f3c00000|  0%| F|  |TAMS 0x00000000f3b00000| PB 0x00000000f3b00000| Untracked 
|1340|0x00000000f3c00000, 0x00000000f3c00000, 0x00000000f3d00000|  0%| F|  |TAMS 0x00000000f3c00000| PB 0x00000000f3c00000| Untracked 
|1341|0x00000000f3d00000, 0x00000000f3d00000, 0x00000000f3e00000|  0%| F|  |TAMS 0x00000000f3d00000| PB 0x00000000f3d00000| Untracked 
|1342|0x00000000f3e00000, 0x00000000f3e00000, 0x00000000f3f00000|  0%| F|  |TAMS 0x00000000f3e00000| PB 0x00000000f3e00000| Untracked 
|1343|0x00000000f3f00000, 0x00000000f3f00000, 0x00000000f4000000|  0%| F|  |TAMS 0x00000000f3f00000| PB 0x00000000f3f00000| Untracked 
|1344|0x00000000f4000000, 0x00000000f4000000, 0x00000000f4100000|  0%| F|  |TAMS 0x00000000f4000000| PB 0x00000000f4000000| Untracked 
|1345|0x00000000f4100000, 0x00000000f4100000, 0x00000000f4200000|  0%| F|  |TAMS 0x00000000f4100000| PB 0x00000000f4100000| Untracked 
|1346|0x00000000f4200000, 0x00000000f4200000, 0x00000000f4300000|  0%| F|  |TAMS 0x00000000f4200000| PB 0x00000000f4200000| Untracked 
|1347|0x00000000f4300000, 0x00000000f4300000, 0x00000000f4400000|  0%| F|  |TAMS 0x00000000f4300000| PB 0x00000000f4300000| Untracked 
|1348|0x00000000f4400000, 0x00000000f4400000, 0x00000000f4500000|  0%| F|  |TAMS 0x00000000f4400000| PB 0x00000000f4400000| Untracked 
|1349|0x00000000f4500000, 0x00000000f4500000, 0x00000000f4600000|  0%| F|  |TAMS 0x00000000f4500000| PB 0x00000000f4500000| Untracked 
|1350|0x00000000f4600000, 0x00000000f4600000, 0x00000000f4700000|  0%| F|  |TAMS 0x00000000f4600000| PB 0x00000000f4600000| Untracked 
|1351|0x00000000f4700000, 0x00000000f4700000, 0x00000000f4800000|  0%| F|  |TAMS 0x00000000f4700000| PB 0x00000000f4700000| Untracked 
|1352|0x00000000f4800000, 0x00000000f4800000, 0x00000000f4900000|  0%| F|  |TAMS 0x00000000f4800000| PB 0x00000000f4800000| Untracked 
|1353|0x00000000f4900000, 0x00000000f4900000, 0x00000000f4a00000|  0%| F|  |TAMS 0x00000000f4900000| PB 0x00000000f4900000| Untracked 
|1354|0x00000000f4a00000, 0x00000000f4a00000, 0x00000000f4b00000|  0%| F|  |TAMS 0x00000000f4a00000| PB 0x00000000f4a00000| Untracked 
|1355|0x00000000f4b00000, 0x00000000f4b00000, 0x00000000f4c00000|  0%| F|  |TAMS 0x00000000f4b00000| PB 0x00000000f4b00000| Untracked 
|1356|0x00000000f4c00000, 0x00000000f4c00000, 0x00000000f4d00000|  0%| F|  |TAMS 0x00000000f4c00000| PB 0x00000000f4c00000| Untracked 
|1357|0x00000000f4d00000, 0x00000000f4d00000, 0x00000000f4e00000|  0%| F|  |TAMS 0x00000000f4d00000| PB 0x00000000f4d00000| Untracked 
|1358|0x00000000f4e00000, 0x00000000f4e00000, 0x00000000f4f00000|  0%| F|  |TAMS 0x00000000f4e00000| PB 0x00000000f4e00000| Untracked 
|1359|0x00000000f4f00000, 0x00000000f4f00000, 0x00000000f5000000|  0%| F|  |TAMS 0x00000000f4f00000| PB 0x00000000f4f00000| Untracked 
|1360|0x00000000f5000000, 0x00000000f5000000, 0x00000000f5100000|  0%| F|  |TAMS 0x00000000f5000000| PB 0x00000000f5000000| Untracked 
|1361|0x00000000f5100000, 0x00000000f5100000, 0x00000000f5200000|  0%| F|  |TAMS 0x00000000f5100000| PB 0x00000000f5100000| Untracked 
|1362|0x00000000f5200000, 0x00000000f5200000, 0x00000000f5300000|  0%| F|  |TAMS 0x00000000f5200000| PB 0x00000000f5200000| Untracked 
|1363|0x00000000f5300000, 0x00000000f5300000, 0x00000000f5400000|  0%| F|  |TAMS 0x00000000f5300000| PB 0x00000000f5300000| Untracked 
|1364|0x00000000f5400000, 0x00000000f5400000, 0x00000000f5500000|  0%| F|  |TAMS 0x00000000f5400000| PB 0x00000000f5400000| Untracked 
|1365|0x00000000f5500000, 0x00000000f5500000, 0x00000000f5600000|  0%| F|  |TAMS 0x00000000f5500000| PB 0x00000000f5500000| Untracked 
|1366|0x00000000f5600000, 0x00000000f5600000, 0x00000000f5700000|  0%| F|  |TAMS 0x00000000f5600000| PB 0x00000000f5600000| Untracked 
|1367|0x00000000f5700000, 0x00000000f5700000, 0x00000000f5800000|  0%| F|  |TAMS 0x00000000f5700000| PB 0x00000000f5700000| Untracked 
|1368|0x00000000f5800000, 0x00000000f5800000, 0x00000000f5900000|  0%| F|  |TAMS 0x00000000f5800000| PB 0x00000000f5800000| Untracked 
|1369|0x00000000f5900000, 0x00000000f5900000, 0x00000000f5a00000|  0%| F|  |TAMS 0x00000000f5900000| PB 0x00000000f5900000| Untracked 
|1370|0x00000000f5a00000, 0x00000000f5a00000, 0x00000000f5b00000|  0%| F|  |TAMS 0x00000000f5a00000| PB 0x00000000f5a00000| Untracked 
|1371|0x00000000f5b00000, 0x00000000f5b00000, 0x00000000f5c00000|  0%| F|  |TAMS 0x00000000f5b00000| PB 0x00000000f5b00000| Untracked 
|1372|0x00000000f5c00000, 0x00000000f5c00000, 0x00000000f5d00000|  0%| F|  |TAMS 0x00000000f5c00000| PB 0x00000000f5c00000| Untracked 
|1373|0x00000000f5d00000, 0x00000000f5d00000, 0x00000000f5e00000|  0%| F|  |TAMS 0x00000000f5d00000| PB 0x00000000f5d00000| Untracked 
|1374|0x00000000f5e00000, 0x00000000f5e00000, 0x00000000f5f00000|  0%| F|  |TAMS 0x00000000f5e00000| PB 0x00000000f5e00000| Untracked 
|1375|0x00000000f5f00000, 0x00000000f5f00000, 0x00000000f6000000|  0%| F|  |TAMS 0x00000000f5f00000| PB 0x00000000f5f00000| Untracked 
|1376|0x00000000f6000000, 0x00000000f6000000, 0x00000000f6100000|  0%| F|  |TAMS 0x00000000f6000000| PB 0x00000000f6000000| Untracked 
|1377|0x00000000f6100000, 0x00000000f6100000, 0x00000000f6200000|  0%| F|  |TAMS 0x00000000f6100000| PB 0x00000000f6100000| Untracked 
|1378|0x00000000f6200000, 0x00000000f6200000, 0x00000000f6300000|  0%| F|  |TAMS 0x00000000f6200000| PB 0x00000000f6200000| Untracked 
|1379|0x00000000f6300000, 0x00000000f6300000, 0x00000000f6400000|  0%| F|  |TAMS 0x00000000f6300000| PB 0x00000000f6300000| Untracked 
|1380|0x00000000f6400000, 0x00000000f6400000, 0x00000000f6500000|  0%| F|  |TAMS 0x00000000f6400000| PB 0x00000000f6400000| Untracked 
|1381|0x00000000f6500000, 0x00000000f6500000, 0x00000000f6600000|  0%| F|  |TAMS 0x00000000f6500000| PB 0x00000000f6500000| Untracked 
|1382|0x00000000f6600000, 0x00000000f6600000, 0x00000000f6700000|  0%| F|  |TAMS 0x00000000f6600000| PB 0x00000000f6600000| Untracked 
|1383|0x00000000f6700000, 0x00000000f6700000, 0x00000000f6800000|  0%| F|  |TAMS 0x00000000f6700000| PB 0x00000000f6700000| Untracked 
|1384|0x00000000f6800000, 0x00000000f6800000, 0x00000000f6900000|  0%| F|  |TAMS 0x00000000f6800000| PB 0x00000000f6800000| Untracked 
|1385|0x00000000f6900000, 0x00000000f6900000, 0x00000000f6a00000|  0%| F|  |TAMS 0x00000000f6900000| PB 0x00000000f6900000| Untracked 
|1386|0x00000000f6a00000, 0x00000000f6a00000, 0x00000000f6b00000|  0%| F|  |TAMS 0x00000000f6a00000| PB 0x00000000f6a00000| Untracked 
|1387|0x00000000f6b00000, 0x00000000f6b00000, 0x00000000f6c00000|  0%| F|  |TAMS 0x00000000f6b00000| PB 0x00000000f6b00000| Untracked 
|1388|0x00000000f6c00000, 0x00000000f6c00000, 0x00000000f6d00000|  0%| F|  |TAMS 0x00000000f6c00000| PB 0x00000000f6c00000| Untracked 
|1389|0x00000000f6d00000, 0x00000000f6d00000, 0x00000000f6e00000|  0%| F|  |TAMS 0x00000000f6d00000| PB 0x00000000f6d00000| Untracked 
|1390|0x00000000f6e00000, 0x00000000f6e00000, 0x00000000f6f00000|  0%| F|  |TAMS 0x00000000f6e00000| PB 0x00000000f6e00000| Untracked 
|1391|0x00000000f6f00000, 0x00000000f6f00000, 0x00000000f7000000|  0%| F|  |TAMS 0x00000000f6f00000| PB 0x00000000f6f00000| Untracked 
|1392|0x00000000f7000000, 0x00000000f7000000, 0x00000000f7100000|  0%| F|  |TAMS 0x00000000f7000000| PB 0x00000000f7000000| Untracked 
|1393|0x00000000f7100000, 0x00000000f7100000, 0x00000000f7200000|  0%| F|  |TAMS 0x00000000f7100000| PB 0x00000000f7100000| Untracked 
|1394|0x00000000f7200000, 0x00000000f7200000, 0x00000000f7300000|  0%| F|  |TAMS 0x00000000f7200000| PB 0x00000000f7200000| Untracked 
|1395|0x00000000f7300000, 0x00000000f7300000, 0x00000000f7400000|  0%| F|  |TAMS 0x00000000f7300000| PB 0x00000000f7300000| Untracked 
|1396|0x00000000f7400000, 0x00000000f7400000, 0x00000000f7500000|  0%| F|  |TAMS 0x00000000f7400000| PB 0x00000000f7400000| Untracked 
|1397|0x00000000f7500000, 0x00000000f7500000, 0x00000000f7600000|  0%| F|  |TAMS 0x00000000f7500000| PB 0x00000000f7500000| Untracked 
|1398|0x00000000f7600000, 0x00000000f7600000, 0x00000000f7700000|  0%| F|  |TAMS 0x00000000f7600000| PB 0x00000000f7600000| Untracked 
|1399|0x00000000f7700000, 0x00000000f7700000, 0x00000000f7800000|  0%| F|  |TAMS 0x00000000f7700000| PB 0x00000000f7700000| Untracked 
|1400|0x00000000f7800000, 0x00000000f7800000, 0x00000000f7900000|  0%| F|  |TAMS 0x00000000f7800000| PB 0x00000000f7800000| Untracked 
|1401|0x00000000f7900000, 0x00000000f7900000, 0x00000000f7a00000|  0%| F|  |TAMS 0x00000000f7900000| PB 0x00000000f7900000| Untracked 
|1402|0x00000000f7a00000, 0x00000000f7a00000, 0x00000000f7b00000|  0%| F|  |TAMS 0x00000000f7a00000| PB 0x00000000f7a00000| Untracked 
|1403|0x00000000f7b00000, 0x00000000f7b00000, 0x00000000f7c00000|  0%| F|  |TAMS 0x00000000f7b00000| PB 0x00000000f7b00000| Untracked 
|1404|0x00000000f7c00000, 0x00000000f7c00000, 0x00000000f7d00000|  0%| F|  |TAMS 0x00000000f7c00000| PB 0x00000000f7c00000| Untracked 
|1405|0x00000000f7d00000, 0x00000000f7d00000, 0x00000000f7e00000|  0%| F|  |TAMS 0x00000000f7d00000| PB 0x00000000f7d00000| Untracked 
|1406|0x00000000f7e00000, 0x00000000f7e00000, 0x00000000f7f00000|  0%| F|  |TAMS 0x00000000f7e00000| PB 0x00000000f7e00000| Untracked 
|1407|0x00000000f7f00000, 0x00000000f7f00000, 0x00000000f8000000|  0%| F|  |TAMS 0x00000000f7f00000| PB 0x00000000f7f00000| Untracked 
|1408|0x00000000f8000000, 0x00000000f8000000, 0x00000000f8100000|  0%| F|  |TAMS 0x00000000f8000000| PB 0x00000000f8000000| Untracked 
|1409|0x00000000f8100000, 0x00000000f8100000, 0x00000000f8200000|  0%| F|  |TAMS 0x00000000f8100000| PB 0x00000000f8100000| Untracked 
|1410|0x00000000f8200000, 0x00000000f8200000, 0x00000000f8300000|  0%| F|  |TAMS 0x00000000f8200000| PB 0x00000000f8200000| Untracked 
|1411|0x00000000f8300000, 0x00000000f8300000, 0x00000000f8400000|  0%| F|  |TAMS 0x00000000f8300000| PB 0x00000000f8300000| Untracked 
|1412|0x00000000f8400000, 0x00000000f8400000, 0x00000000f8500000|  0%| F|  |TAMS 0x00000000f8400000| PB 0x00000000f8400000| Untracked 
|1413|0x00000000f8500000, 0x00000000f8500000, 0x00000000f8600000|  0%| F|  |TAMS 0x00000000f8500000| PB 0x00000000f8500000| Untracked 
|1414|0x00000000f8600000, 0x00000000f8600000, 0x00000000f8700000|  0%| F|  |TAMS 0x00000000f8600000| PB 0x00000000f8600000| Untracked 
|1415|0x00000000f8700000, 0x00000000f8700000, 0x00000000f8800000|  0%| F|  |TAMS 0x00000000f8700000| PB 0x00000000f8700000| Untracked 
|1416|0x00000000f8800000, 0x00000000f8800000, 0x00000000f8900000|  0%| F|  |TAMS 0x00000000f8800000| PB 0x00000000f8800000| Untracked 
|1417|0x00000000f8900000, 0x00000000f8900000, 0x00000000f8a00000|  0%| F|  |TAMS 0x00000000f8900000| PB 0x00000000f8900000| Untracked 
|1418|0x00000000f8a00000, 0x00000000f8a00000, 0x00000000f8b00000|  0%| F|  |TAMS 0x00000000f8a00000| PB 0x00000000f8a00000| Untracked 
|1419|0x00000000f8b00000, 0x00000000f8b00000, 0x00000000f8c00000|  0%| F|  |TAMS 0x00000000f8b00000| PB 0x00000000f8b00000| Untracked 
|1420|0x00000000f8c00000, 0x00000000f8c00000, 0x00000000f8d00000|  0%| F|  |TAMS 0x00000000f8c00000| PB 0x00000000f8c00000| Untracked 
|1421|0x00000000f8d00000, 0x00000000f8d00000, 0x00000000f8e00000|  0%| F|  |TAMS 0x00000000f8d00000| PB 0x00000000f8d00000| Untracked 
|1422|0x00000000f8e00000, 0x00000000f8e00000, 0x00000000f8f00000|  0%| F|  |TAMS 0x00000000f8e00000| PB 0x00000000f8e00000| Untracked 
|1423|0x00000000f8f00000, 0x00000000f8f00000, 0x00000000f9000000|  0%| F|  |TAMS 0x00000000f8f00000| PB 0x00000000f8f00000| Untracked 
|1424|0x00000000f9000000, 0x00000000f9000000, 0x00000000f9100000|  0%| F|  |TAMS 0x00000000f9000000| PB 0x00000000f9000000| Untracked 
|1425|0x00000000f9100000, 0x00000000f9100000, 0x00000000f9200000|  0%| F|  |TAMS 0x00000000f9100000| PB 0x00000000f9100000| Untracked 
|1426|0x00000000f9200000, 0x00000000f9200000, 0x00000000f9300000|  0%| F|  |TAMS 0x00000000f9200000| PB 0x00000000f9200000| Untracked 
|1427|0x00000000f9300000, 0x00000000f9300000, 0x00000000f9400000|  0%| F|  |TAMS 0x00000000f9300000| PB 0x00000000f9300000| Untracked 
|1428|0x00000000f9400000, 0x00000000f9400000, 0x00000000f9500000|  0%| F|  |TAMS 0x00000000f9400000| PB 0x00000000f9400000| Untracked 
|1429|0x00000000f9500000, 0x00000000f9500000, 0x00000000f9600000|  0%| F|  |TAMS 0x00000000f9500000| PB 0x00000000f9500000| Untracked 
|1430|0x00000000f9600000, 0x00000000f9600000, 0x00000000f9700000|  0%| F|  |TAMS 0x00000000f9600000| PB 0x00000000f9600000| Untracked 
|1431|0x00000000f9700000, 0x00000000f9700000, 0x00000000f9800000|  0%| F|  |TAMS 0x00000000f9700000| PB 0x00000000f9700000| Untracked 
|1432|0x00000000f9800000, 0x00000000f9800000, 0x00000000f9900000|  0%| F|  |TAMS 0x00000000f9800000| PB 0x00000000f9800000| Untracked 
|1433|0x00000000f9900000, 0x00000000f9900000, 0x00000000f9a00000|  0%| F|  |TAMS 0x00000000f9900000| PB 0x00000000f9900000| Untracked 
|1434|0x00000000f9a00000, 0x00000000f9a00000, 0x00000000f9b00000|  0%| F|  |TAMS 0x00000000f9a00000| PB 0x00000000f9a00000| Untracked 
|1435|0x00000000f9b00000, 0x00000000f9b00000, 0x00000000f9c00000|  0%| F|  |TAMS 0x00000000f9b00000| PB 0x00000000f9b00000| Untracked 
|1436|0x00000000f9c00000, 0x00000000f9c00000, 0x00000000f9d00000|  0%| F|  |TAMS 0x00000000f9c00000| PB 0x00000000f9c00000| Untracked 
|1437|0x00000000f9d00000, 0x00000000f9d00000, 0x00000000f9e00000|  0%| F|  |TAMS 0x00000000f9d00000| PB 0x00000000f9d00000| Untracked 
|1438|0x00000000f9e00000, 0x00000000f9e00000, 0x00000000f9f00000|  0%| F|  |TAMS 0x00000000f9e00000| PB 0x00000000f9e00000| Untracked 
|1439|0x00000000f9f00000, 0x00000000f9f00000, 0x00000000fa000000|  0%| F|  |TAMS 0x00000000f9f00000| PB 0x00000000f9f00000| Untracked 
|1440|0x00000000fa000000, 0x00000000fa000000, 0x00000000fa100000|  0%| F|  |TAMS 0x00000000fa000000| PB 0x00000000fa000000| Untracked 
|1441|0x00000000fa100000, 0x00000000fa100000, 0x00000000fa200000|  0%| F|  |TAMS 0x00000000fa100000| PB 0x00000000fa100000| Untracked 
|1442|0x00000000fa200000, 0x00000000fa200000, 0x00000000fa300000|  0%| F|  |TAMS 0x00000000fa200000| PB 0x00000000fa200000| Untracked 
|1443|0x00000000fa300000, 0x00000000fa300000, 0x00000000fa400000|  0%| F|  |TAMS 0x00000000fa300000| PB 0x00000000fa300000| Untracked 
|1444|0x00000000fa400000, 0x00000000fa400000, 0x00000000fa500000|  0%| F|  |TAMS 0x00000000fa400000| PB 0x00000000fa400000| Untracked 
|1445|0x00000000fa500000, 0x00000000fa500000, 0x00000000fa600000|  0%| F|  |TAMS 0x00000000fa500000| PB 0x00000000fa500000| Untracked 
|1446|0x00000000fa600000, 0x00000000fa600000, 0x00000000fa700000|  0%| F|  |TAMS 0x00000000fa600000| PB 0x00000000fa600000| Untracked 
|1447|0x00000000fa700000, 0x00000000fa700000, 0x00000000fa800000|  0%| F|  |TAMS 0x00000000fa700000| PB 0x00000000fa700000| Untracked 
|1448|0x00000000fa800000, 0x00000000fa800000, 0x00000000fa900000|  0%| F|  |TAMS 0x00000000fa800000| PB 0x00000000fa800000| Untracked 
|1449|0x00000000fa900000, 0x00000000fa900000, 0x00000000faa00000|  0%| F|  |TAMS 0x00000000fa900000| PB 0x00000000fa900000| Untracked 
|1450|0x00000000faa00000, 0x00000000faa00000, 0x00000000fab00000|  0%| F|  |TAMS 0x00000000faa00000| PB 0x00000000faa00000| Untracked 
|1451|0x00000000fab00000, 0x00000000fab00000, 0x00000000fac00000|  0%| F|  |TAMS 0x00000000fab00000| PB 0x00000000fab00000| Untracked 
|1452|0x00000000fac00000, 0x00000000fac00000, 0x00000000fad00000|  0%| F|  |TAMS 0x00000000fac00000| PB 0x00000000fac00000| Untracked 
|1453|0x00000000fad00000, 0x00000000fad00000, 0x00000000fae00000|  0%| F|  |TAMS 0x00000000fad00000| PB 0x00000000fad00000| Untracked 
|1454|0x00000000fae00000, 0x00000000fae00000, 0x00000000faf00000|  0%| F|  |TAMS 0x00000000fae00000| PB 0x00000000fae00000| Untracked 
|1455|0x00000000faf00000, 0x00000000faf00000, 0x00000000fb000000|  0%| F|  |TAMS 0x00000000faf00000| PB 0x00000000faf00000| Untracked 
|1456|0x00000000fb000000, 0x00000000fb000000, 0x00000000fb100000|  0%| F|  |TAMS 0x00000000fb000000| PB 0x00000000fb000000| Untracked 
|1457|0x00000000fb100000, 0x00000000fb100000, 0x00000000fb200000|  0%| F|  |TAMS 0x00000000fb100000| PB 0x00000000fb100000| Untracked 
|1458|0x00000000fb200000, 0x00000000fb200000, 0x00000000fb300000|  0%| F|  |TAMS 0x00000000fb200000| PB 0x00000000fb200000| Untracked 
|1459|0x00000000fb300000, 0x00000000fb300000, 0x00000000fb400000|  0%| F|  |TAMS 0x00000000fb300000| PB 0x00000000fb300000| Untracked 
|1460|0x00000000fb400000, 0x00000000fb4c4ef0, 0x00000000fb500000| 76%| S|CS|TAMS 0x00000000fb400000| PB 0x00000000fb400000| Complete 
|1461|0x00000000fb500000, 0x00000000fb500000, 0x00000000fb600000|  0%| F|  |TAMS 0x00000000fb500000| PB 0x00000000fb500000| Untracked 
|1462|0x00000000fb600000, 0x00000000fb600000, 0x00000000fb700000|  0%| F|  |TAMS 0x00000000fb600000| PB 0x00000000fb600000| Untracked 
|1463|0x00000000fb700000, 0x00000000fb700000, 0x00000000fb800000|  0%| F|  |TAMS 0x00000000fb700000| PB 0x00000000fb700000| Untracked 
|1464|0x00000000fb800000, 0x00000000fb800000, 0x00000000fb900000|  0%| F|  |TAMS 0x00000000fb800000| PB 0x00000000fb800000| Untracked 
|1465|0x00000000fb900000, 0x00000000fb900000, 0x00000000fba00000|  0%| F|  |TAMS 0x00000000fb900000| PB 0x00000000fb900000| Untracked 
|1466|0x00000000fba00000, 0x00000000fba00000, 0x00000000fbb00000|  0%| F|  |TAMS 0x00000000fba00000| PB 0x00000000fba00000| Untracked 
|1467|0x00000000fbb00000, 0x00000000fbb00000, 0x00000000fbc00000|  0%| F|  |TAMS 0x00000000fbb00000| PB 0x00000000fbb00000| Untracked 
|1468|0x00000000fbc00000, 0x00000000fbc00000, 0x00000000fbd00000|  0%| F|  |TAMS 0x00000000fbc00000| PB 0x00000000fbc00000| Untracked 
|1469|0x00000000fbd00000, 0x00000000fbd00000, 0x00000000fbe00000|  0%| F|  |TAMS 0x00000000fbd00000| PB 0x00000000fbd00000| Untracked 
|1470|0x00000000fbe00000, 0x00000000fbe00000, 0x00000000fbf00000|  0%| F|  |TAMS 0x00000000fbe00000| PB 0x00000000fbe00000| Untracked 
|1471|0x00000000fbf00000, 0x00000000fbf00000, 0x00000000fc000000|  0%| F|  |TAMS 0x00000000fbf00000| PB 0x00000000fbf00000| Untracked 
|1472|0x00000000fc000000, 0x00000000fc000000, 0x00000000fc100000|  0%| F|  |TAMS 0x00000000fc000000| PB 0x00000000fc000000| Untracked 
|1473|0x00000000fc100000, 0x00000000fc100000, 0x00000000fc200000|  0%| F|  |TAMS 0x00000000fc100000| PB 0x00000000fc100000| Untracked 
|1474|0x00000000fc200000, 0x00000000fc200000, 0x00000000fc300000|  0%| F|  |TAMS 0x00000000fc200000| PB 0x00000000fc200000| Untracked 
|1475|0x00000000fc300000, 0x00000000fc300000, 0x00000000fc400000|  0%| F|  |TAMS 0x00000000fc300000| PB 0x00000000fc300000| Untracked 
|1476|0x00000000fc400000, 0x00000000fc400000, 0x00000000fc500000|  0%| F|  |TAMS 0x00000000fc400000| PB 0x00000000fc400000| Untracked 
|1477|0x00000000fc500000, 0x00000000fc500000, 0x00000000fc600000|  0%| F|  |TAMS 0x00000000fc500000| PB 0x00000000fc500000| Untracked 
|1478|0x00000000fc600000, 0x00000000fc600000, 0x00000000fc700000|  0%| F|  |TAMS 0x00000000fc600000| PB 0x00000000fc600000| Untracked 
|1479|0x00000000fc700000, 0x00000000fc700000, 0x00000000fc800000|  0%| F|  |TAMS 0x00000000fc700000| PB 0x00000000fc700000| Untracked 
|1480|0x00000000fc800000, 0x00000000fc800000, 0x00000000fc900000|  0%| F|  |TAMS 0x00000000fc800000| PB 0x00000000fc800000| Untracked 
|1481|0x00000000fc900000, 0x00000000fc900000, 0x00000000fca00000|  0%| F|  |TAMS 0x00000000fc900000| PB 0x00000000fc900000| Untracked 
|1482|0x00000000fca00000, 0x00000000fca00000, 0x00000000fcb00000|  0%| F|  |TAMS 0x00000000fca00000| PB 0x00000000fca00000| Untracked 
|1483|0x00000000fcb00000, 0x00000000fcb00000, 0x00000000fcc00000|  0%| F|  |TAMS 0x00000000fcb00000| PB 0x00000000fcb00000| Untracked 
|1484|0x00000000fcc00000, 0x00000000fcc00000, 0x00000000fcd00000|  0%| F|  |TAMS 0x00000000fcc00000| PB 0x00000000fcc00000| Untracked 
|1485|0x00000000fcd00000, 0x00000000fcd00000, 0x00000000fce00000|  0%| F|  |TAMS 0x00000000fcd00000| PB 0x00000000fcd00000| Untracked 
|1486|0x00000000fce00000, 0x00000000fce00000, 0x00000000fcf00000|  0%| F|  |TAMS 0x00000000fce00000| PB 0x00000000fce00000| Untracked 
|1487|0x00000000fcf00000, 0x00000000fcf00000, 0x00000000fd000000|  0%| F|  |TAMS 0x00000000fcf00000| PB 0x00000000fcf00000| Untracked 
|1488|0x00000000fd000000, 0x00000000fd000000, 0x00000000fd100000|  0%| F|  |TAMS 0x00000000fd000000| PB 0x00000000fd000000| Untracked 
|1489|0x00000000fd100000, 0x00000000fd100000, 0x00000000fd200000|  0%| F|  |TAMS 0x00000000fd100000| PB 0x00000000fd100000| Untracked 
|1490|0x00000000fd200000, 0x00000000fd200000, 0x00000000fd300000|  0%| F|  |TAMS 0x00000000fd200000| PB 0x00000000fd200000| Untracked 
|1491|0x00000000fd300000, 0x00000000fd300000, 0x00000000fd400000|  0%| F|  |TAMS 0x00000000fd300000| PB 0x00000000fd300000| Untracked 
|1492|0x00000000fd400000, 0x00000000fd400000, 0x00000000fd500000|  0%| F|  |TAMS 0x00000000fd400000| PB 0x00000000fd400000| Untracked 
|1493|0x00000000fd500000, 0x00000000fd500000, 0x00000000fd600000|  0%| F|  |TAMS 0x00000000fd500000| PB 0x00000000fd500000| Untracked 
|1494|0x00000000fd600000, 0x00000000fd600000, 0x00000000fd700000|  0%| F|  |TAMS 0x00000000fd600000| PB 0x00000000fd600000| Untracked 
|1495|0x00000000fd700000, 0x00000000fd700000, 0x00000000fd800000|  0%| F|  |TAMS 0x00000000fd700000| PB 0x00000000fd700000| Untracked 
|1496|0x00000000fd800000, 0x00000000fd800000, 0x00000000fd900000|  0%| F|  |TAMS 0x00000000fd800000| PB 0x00000000fd800000| Untracked 
|1497|0x00000000fd900000, 0x00000000fd900000, 0x00000000fda00000|  0%| F|  |TAMS 0x00000000fd900000| PB 0x00000000fd900000| Untracked 
|1498|0x00000000fda00000, 0x00000000fda00000, 0x00000000fdb00000|  0%| F|  |TAMS 0x00000000fda00000| PB 0x00000000fda00000| Untracked 
|1499|0x00000000fdb00000, 0x00000000fdb00000, 0x00000000fdc00000|  0%| F|  |TAMS 0x00000000fdb00000| PB 0x00000000fdb00000| Untracked 
|1500|0x00000000fdc00000, 0x00000000fdc00000, 0x00000000fdd00000|  0%| F|  |TAMS 0x00000000fdc00000| PB 0x00000000fdc00000| Untracked 
|1501|0x00000000fdd00000, 0x00000000fde00000, 0x00000000fde00000|100%| E|  |TAMS 0x00000000fdd00000| PB 0x00000000fdd00000| Complete 
|1502|0x00000000fde00000, 0x00000000fdf00000, 0x00000000fdf00000|100%| E|CS|TAMS 0x00000000fde00000| PB 0x00000000fde00000| Complete 
|1503|0x00000000fdf00000, 0x00000000fe000000, 0x00000000fe000000|100%| E|CS|TAMS 0x00000000fdf00000| PB 0x00000000fdf00000| Complete 
|1504|0x00000000fe000000, 0x00000000fe100000, 0x00000000fe100000|100%| E|CS|TAMS 0x00000000fe000000| PB 0x00000000fe000000| Complete 
|1505|0x00000000fe100000, 0x00000000fe200000, 0x00000000fe200000|100%| E|CS|TAMS 0x00000000fe100000| PB 0x00000000fe100000| Complete 
|1506|0x00000000fe200000, 0x00000000fe300000, 0x00000000fe300000|100%| E|CS|TAMS 0x00000000fe200000| PB 0x00000000fe200000| Complete 
|1507|0x00000000fe300000, 0x00000000fe400000, 0x00000000fe400000|100%| E|CS|TAMS 0x00000000fe300000| PB 0x00000000fe300000| Complete 
|1508|0x00000000fe400000, 0x00000000fe500000, 0x00000000fe500000|100%| E|CS|TAMS 0x00000000fe400000| PB 0x00000000fe400000| Complete 
|1509|0x00000000fe500000, 0x00000000fe600000, 0x00000000fe600000|100%| E|CS|TAMS 0x00000000fe500000| PB 0x00000000fe500000| Complete 
|1510|0x00000000fe600000, 0x00000000fe700000, 0x00000000fe700000|100%| E|CS|TAMS 0x00000000fe600000| PB 0x00000000fe600000| Complete 
|1511|0x00000000fe700000, 0x00000000fe800000, 0x00000000fe800000|100%| E|CS|TAMS 0x00000000fe700000| PB 0x00000000fe700000| Complete 
|1512|0x00000000fe800000, 0x00000000fe900000, 0x00000000fe900000|100%| E|CS|TAMS 0x00000000fe800000| PB 0x00000000fe800000| Complete 
|1513|0x00000000fe900000, 0x00000000fea00000, 0x00000000fea00000|100%| E|CS|TAMS 0x00000000fe900000| PB 0x00000000fe900000| Complete 
|1514|0x00000000fea00000, 0x00000000feb00000, 0x00000000feb00000|100%| E|CS|TAMS 0x00000000fea00000| PB 0x00000000fea00000| Complete 
|1515|0x00000000feb00000, 0x00000000fec00000, 0x00000000fec00000|100%| E|CS|TAMS 0x00000000feb00000| PB 0x00000000feb00000| Complete 
|1516|0x00000000fec00000, 0x00000000fed00000, 0x00000000fed00000|100%| E|CS|TAMS 0x00000000fec00000| PB 0x00000000fec00000| Complete 
|1517|0x00000000fed00000, 0x00000000fee00000, 0x00000000fee00000|100%| E|CS|TAMS 0x00000000fed00000| PB 0x00000000fed00000| Complete 
|1518|0x00000000fee00000, 0x00000000fef00000, 0x00000000fef00000|100%| E|CS|TAMS 0x00000000fee00000| PB 0x00000000fee00000| Complete 
|1519|0x00000000fef00000, 0x00000000ff000000, 0x00000000ff000000|100%| E|CS|TAMS 0x00000000fef00000| PB 0x00000000fef00000| Complete 
|1520|0x00000000ff000000, 0x00000000ff100000, 0x00000000ff100000|100%| E|CS|TAMS 0x00000000ff000000| PB 0x00000000ff000000| Complete 
|1521|0x00000000ff100000, 0x00000000ff200000, 0x00000000ff200000|100%| E|CS|TAMS 0x00000000ff100000| PB 0x00000000ff100000| Complete 
|1522|0x00000000ff200000, 0x00000000ff300000, 0x00000000ff300000|100%| E|CS|TAMS 0x00000000ff200000| PB 0x00000000ff200000| Complete 
|1523|0x00000000ff300000, 0x00000000ff400000, 0x00000000ff400000|100%| E|CS|TAMS 0x00000000ff300000| PB 0x00000000ff300000| Complete 
|1524|0x00000000ff400000, 0x00000000ff500000, 0x00000000ff500000|100%| E|CS|TAMS 0x00000000ff400000| PB 0x00000000ff400000| Complete 
|1525|0x00000000ff500000, 0x00000000ff600000, 0x00000000ff600000|100%| E|CS|TAMS 0x00000000ff500000| PB 0x00000000ff500000| Complete 
|1526|0x00000000ff600000, 0x00000000ff700000, 0x00000000ff700000|100%| E|CS|TAMS 0x00000000ff600000| PB 0x00000000ff600000| Complete 
|1527|0x00000000ff700000, 0x00000000ff800000, 0x00000000ff800000|100%| E|CS|TAMS 0x00000000ff700000| PB 0x00000000ff700000| Complete 
|1528|0x00000000ff800000, 0x00000000ff900000, 0x00000000ff900000|100%| E|CS|TAMS 0x00000000ff800000| PB 0x00000000ff800000| Complete 
|1529|0x00000000ff900000, 0x00000000ffa00000, 0x00000000ffa00000|100%| E|CS|TAMS 0x00000000ff900000| PB 0x00000000ff900000| Complete 
|1530|0x00000000ffa00000, 0x00000000ffb00000, 0x00000000ffb00000|100%| E|CS|TAMS 0x00000000ffa00000| PB 0x00000000ffa00000| Complete 
|1531|0x00000000ffb00000, 0x00000000ffc00000, 0x00000000ffc00000|100%| E|CS|TAMS 0x00000000ffb00000| PB 0x00000000ffb00000| Complete 
|1532|0x00000000ffc00000, 0x00000000ffd00000, 0x00000000ffd00000|100%| E|CS|TAMS 0x00000000ffc00000| PB 0x00000000ffc00000| Complete 
|1533|0x00000000ffd00000, 0x00000000ffe00000, 0x00000000ffe00000|100%| E|CS|TAMS 0x00000000ffd00000| PB 0x00000000ffd00000| Complete 
|1534|0x00000000ffe00000, 0x00000000fff00000, 0x00000000fff00000|100%| E|CS|TAMS 0x00000000ffe00000| PB 0x00000000ffe00000| Complete 
|1535|0x00000000fff00000, 0x0000000100000000, 0x0000000100000000|100%| E|CS|TAMS 0x00000000fff00000| PB 0x00000000fff00000| Complete 

Card table byte_map: [0x0000019221100000,0x0000019221400000] _byte_map_base: 0x0000019220c00000

Marking Bits: (CMBitMap*) 0x000001920efecb20
 Bits: [0x0000019221400000, 0x0000019222c00000)

Polling page: 0x000001920cd90000

Metaspace:

Usage:
  Non-class:    301.45 MB used.
      Class:     42.16 MB used.
       Both:    343.61 MB used.

Virtual space:
  Non-class space:      320.00 MB reserved,     302.94 MB ( 95%) committed,  5 nodes.
      Class space:        1.00 GB reserved,      43.38 MB (  4%) committed,  1 nodes.
             Both:        1.31 GB reserved,     346.31 MB ( 26%) committed. 

Chunk freelists:
   Non-Class:  17.75 MB
       Class:  5.12 MB
        Both:  22.87 MB

MaxMetaspaceSize: unlimited
CompressedClassSpaceSize: 1.00 GB
Initial GC threshold: 21.00 MB
Current GC threshold: 581.88 MB
CDS: off
 - commit_granule_bytes: 65536.
 - commit_granule_words: 8192.
 - virtual_space_node_default_size: 8388608.
 - enlarge_chunks_in_place: 1.
 - use_allocation_guard: 0.


Internal statistics:

num_allocs_failed_limit: 9.
num_arena_births: 12516.
num_arena_deaths: 10046.
num_vsnodes_births: 6.
num_vsnodes_deaths: 0.
num_space_committed: 5598.
num_space_uncommitted: 40.
num_chunks_returned_to_freelist: 12800.
num_chunks_taken_from_freelist: 30646.
num_chunk_merges: 4541.
num_chunk_splits: 18920.
num_chunks_enlarged: 12823.
num_inconsistent_stats: 0.

CodeHeap 'non-profiled nmethods': size=120064Kb used=42478Kb max_used=42576Kb free=77585Kb
 bounds [0x0000019219bc0000, 0x000001921c560000, 0x0000019221100000]
CodeHeap 'profiled nmethods': size=120000Kb used=14665Kb max_used=79364Kb free=105334Kb
 bounds [0x0000019212100000, 0x0000019216e90000, 0x0000019219630000]
CodeHeap 'non-nmethods': size=5696Kb used=2461Kb max_used=2550Kb free=3234Kb
 bounds [0x0000019219630000, 0x00000192198d0000, 0x0000019219bc0000]
CodeCache: size=245760Kb, used=59604Kb, max_used=124490Kb, free=186153Kb
 total_blobs=17224, nmethods=15941, adapters=1184, full_count=0
Compilation: enabled, stopped_count=0, restarted_count=0

Compilation events (20 events):
Event: 19197.293 Thread 0x00000192251bc8a0 185129       2       com.sun.org.apache.xerces.internal.utils.XMLSecurityManager::<init> (149 bytes)
Event: 19197.313 Thread 0x00000192251bc8a0 nmethod 185129 0x000001921266d890 code [0x000001921266dae0, 0x000001921266e3f0]
Event: 19197.313 Thread 0x00000192251bc8a0 185130       2       com.sun.org.apache.xerces.internal.impl.XMLDocumentFragmentScannerImpl$ElementStack::<init> (57 bytes)
Event: 19197.314 Thread 0x00000192251bc8a0 nmethod 185130 0x0000019216349b90 code [0x0000019216349d60, 0x000001921634a228]
Event: 19197.314 Thread 0x00000192251bc8a0 185126   !   3       java.util.ServiceLoader$LazyClassPathLookupIterator::hasNextService (144 bytes)
Event: 19197.343 Thread 0x00000192251bc8a0 nmethod 185126 0x000001921266b590 code [0x000001921266b940, 0x000001921266cd78]
Event: 19197.343 Thread 0x00000192251bc8a0 185127   !   3       java.util.ServiceLoader$LazyClassPathLookupIterator::nextProviderClass (248 bytes)
Event: 19197.386 Thread 0x00000192251bc8a0 nmethod 185127 0x000001921227d310 code [0x000001921227d8c0, 0x00000192122800a8]
Event: 19197.386 Thread 0x00000192251bc8a0 185132       2       com.sun.org.apache.xerces.internal.utils.XMLSecurityManager::isNoLimit (10 bytes)
Event: 19197.386 Thread 0x00000192251bc8a0 nmethod 185132 0x0000019212332b10 code [0x0000019212332ca0, 0x0000019212332db8]
Event: 19197.386 Thread 0x00000192251bc8a0 185125       3       jdk.internal.module.ServicesCatalog::getServicesCatalog (39 bytes)
Event: 19197.387 Thread 0x00000192251bc8a0 nmethod 185125 0x000001921671a990 code [0x000001921671ac40, 0x000001921671b9c0]
Event: 19197.387 Thread 0x00000192251bc8a0 185133       3       com.sun.org.apache.xerces.internal.util.NamespaceSupport::reset (100 bytes)
Event: 19197.398 Thread 0x00000192251bc8a0 nmethod 185133 0x0000019216719e10 code [0x000001921671a000, 0x000001921671a798]
Event: 19197.399 Thread 0x00000192251bc8a0 185134       3       com.sun.xml.internal.stream.Entity::<init> (9 bytes)
Event: 19197.399 Thread 0x00000192251bc8a0 nmethod 185134 0x0000019216861d90 code [0x0000019216861f40, 0x0000019216862160]
Event: 19197.399 Thread 0x00000192251bc8a0 185136       3       com.sun.xml.internal.stream.util.BufferAllocator::getCharBuffer (59 bytes)
Event: 19197.399 Thread 0x00000192251bc8a0 nmethod 185136 0x0000019216719910 code [0x0000019216719ae0, 0x0000019216719da0]
Event: 19197.456 Thread 0x00000192251bc8a0 185138       2       jdk.xml.internal.JdkXmlUtils::getValue (56 bytes)
Event: 19197.518 Thread 0x00000192251bc8a0 nmethod 185138 0x0000019216719110 code [0x0000019216719320, 0x0000019216719710]

GC Heap History (20 events):
Event: 19142.137 GC heap before
{Heap before GC invocations=1490 (full 1):
 garbage-first heap   total 1572864K, used 1145042K [0x00000000a0000000, 0x0000000100000000)
  region size 1024K, 76 young (77824K), 10 survivors (10240K)
 Metaspace       used 351853K, committed 354624K, reserved 1376256K
  class space    used 43172K, committed 44416K, reserved 1048576K
}
Event: 19143.004 GC heap after
{Heap after GC invocations=1491 (full 1):
 garbage-first heap   total 1572864K, used 1078482K [0x00000000a0000000, 0x0000000100000000)
  region size 1024K, 3 young (3072K), 3 survivors (3072K)
 Metaspace       used 351853K, committed 354624K, reserved 1376256K
  class space    used 43172K, committed 44416K, reserved 1048576K
}
Event: 19143.240 GC heap before
{Heap before GC invocations=1491 (full 1):
 garbage-first heap   total 1572864K, used 1153234K [0x00000000a0000000, 0x0000000100000000)
  region size 1024K, 76 young (77824K), 3 survivors (3072K)
 Metaspace       used 351853K, committed 354624K, reserved 1376256K
  class space    used 43172K, committed 44416K, reserved 1048576K
}
Event: 19143.868 GC heap after
{Heap after GC invocations=1492 (full 1):
 garbage-first heap   total 1572864K, used 1080786K [0x00000000a0000000, 0x0000000100000000)
  region size 1024K, 6 young (6144K), 6 survivors (6144K)
 Metaspace       used 351853K, committed 354624K, reserved 1376256K
  class space    used 43172K, committed 44416K, reserved 1048576K
}
Event: 19144.945 GC heap before
{Heap before GC invocations=1492 (full 1):
 garbage-first heap   total 1572864K, used 1152466K [0x00000000a0000000, 0x0000000100000000)
  region size 1024K, 76 young (77824K), 6 survivors (6144K)
 Metaspace       used 351853K, committed 354624K, reserved 1376256K
  class space    used 43172K, committed 44416K, reserved 1048576K
}
Event: 19146.069 GC heap after
{Heap after GC invocations=1493 (full 1):
 garbage-first heap   total 1572864K, used 1079762K [0x00000000a0000000, 0x0000000100000000)
  region size 1024K, 7 young (7168K), 7 survivors (7168K)
 Metaspace       used 351853K, committed 354624K, reserved 1376256K
  class space    used 43172K, committed 44416K, reserved 1048576K
}
Event: 19146.209 GC heap before
{Heap before GC invocations=1493 (full 1):
 garbage-first heap   total 1572864K, used 1150418K [0x00000000a0000000, 0x0000000100000000)
  region size 1024K, 76 young (77824K), 7 survivors (7168K)
 Metaspace       used 351853K, committed 354624K, reserved 1376256K
  class space    used 43172K, committed 44416K, reserved 1048576K
}
Event: 19146.533 GC heap after
{Heap after GC invocations=1494 (full 1):
 garbage-first heap   total 1572864K, used 1079878K [0x00000000a0000000, 0x0000000100000000)
  region size 1024K, 6 young (6144K), 6 survivors (6144K)
 Metaspace       used 351853K, committed 354624K, reserved 1376256K
  class space    used 43172K, committed 44416K, reserved 1048576K
}
Event: 19146.763 GC heap before
{Heap before GC invocations=1494 (full 1):
 garbage-first heap   total 1572864K, used 1151558K [0x00000000a0000000, 0x0000000100000000)
  region size 1024K, 76 young (77824K), 6 survivors (6144K)
 Metaspace       used 351853K, committed 354624K, reserved 1376256K
  class space    used 43172K, committed 44416K, reserved 1048576K
}
Event: 19147.274 GC heap after
{Heap after GC invocations=1495 (full 1):
 garbage-first heap   total 1572864K, used 1081554K [0x00000000a0000000, 0x0000000100000000)
  region size 1024K, 5 young (5120K), 5 survivors (5120K)
 Metaspace       used 351853K, committed 354624K, reserved 1376256K
  class space    used 43172K, committed 44416K, reserved 1048576K
}
Event: 19147.296 GC heap before
{Heap before GC invocations=1495 (full 1):
 garbage-first heap   total 1572864K, used 1092818K [0x00000000a0000000, 0x0000000100000000)
  region size 1024K, 17 young (17408K), 5 survivors (5120K)
 Metaspace       used 351853K, committed 354624K, reserved 1376256K
  class space    used 43172K, committed 44416K, reserved 1048576K
}
Event: 19147.381 GC heap after
{Heap after GC invocations=1496 (full 1):
 garbage-first heap   total 1572864K, used 1082066K [0x00000000a0000000, 0x0000000100000000)
  region size 1024K, 6 young (6144K), 6 survivors (6144K)
 Metaspace       used 351853K, committed 354624K, reserved 1376256K
  class space    used 43172K, committed 44416K, reserved 1048576K
}
Event: 19164.008 GC heap before
{Heap before GC invocations=1496 (full 1):
 garbage-first heap   total 1572864K, used 1180370K [0x00000000a0000000, 0x0000000100000000)
  region size 1024K, 76 young (77824K), 6 survivors (6144K)
 Metaspace       used 351855K, committed 354624K, reserved 1376256K
  class space    used 43172K, committed 44416K, reserved 1048576K
}
Event: 19165.647 GC heap after
{Heap after GC invocations=1497 (full 1):
 garbage-first heap   total 1572864K, used 1127634K [0x00000000a0000000, 0x0000000100000000)
  region size 1024K, 10 young (10240K), 10 survivors (10240K)
 Metaspace       used 351855K, committed 354624K, reserved 1376256K
  class space    used 43172K, committed 44416K, reserved 1048576K
}
Event: 19171.331 GC heap before
{Heap before GC invocations=1497 (full 1):
 garbage-first heap   total 1572864K, used 1194194K [0x00000000a0000000, 0x0000000100000000)
  region size 1024K, 76 young (77824K), 10 survivors (10240K)
 Metaspace       used 351856K, committed 354624K, reserved 1376256K
  class space    used 43172K, committed 44416K, reserved 1048576K
}
Event: 19171.767 GC heap after
{Heap after GC invocations=1498 (full 1):
 garbage-first heap   total 1572864K, used 1151186K [0x00000000a0000000, 0x0000000100000000)
  region size 1024K, 10 young (10240K), 10 survivors (10240K)
 Metaspace       used 351856K, committed 354624K, reserved 1376256K
  class space    used 43172K, committed 44416K, reserved 1048576K
}
Event: 19184.187 GC heap before
{Heap before GC invocations=1498 (full 1):
 garbage-first heap   total 1572864K, used 814290K [0x00000000a0000000, 0x0000000100000000)
  region size 1024K, 76 young (77824K), 10 survivors (10240K)
 Metaspace       used 351856K, committed 354624K, reserved 1376256K
  class space    used 43172K, committed 44416K, reserved 1048576K
}
Event: 19187.817 GC heap after
{Heap after GC invocations=1499 (full 1):
 garbage-first heap   total 1572864K, used 748242K [0x00000000a0000000, 0x0000000100000000)
  region size 1024K, 1 young (1024K), 1 survivors (1024K)
 Metaspace       used 351856K, committed 354624K, reserved 1376256K
  class space    used 43172K, committed 44416K, reserved 1048576K
}
Event: 19188.970 GC heap before
{Heap before GC invocations=1499 (full 1):
 garbage-first heap   total 1572864K, used 825042K [0x00000000a0000000, 0x0000000100000000)
  region size 1024K, 76 young (77824K), 1 survivors (1024K)
 Metaspace       used 351856K, committed 354624K, reserved 1376256K
  class space    used 43172K, committed 44416K, reserved 1048576K
}
Event: 19188.985 GC heap after
{Heap after GC invocations=1500 (full 1):
 garbage-first heap   total 1572864K, used 748006K [0x00000000a0000000, 0x0000000100000000)
  region size 1024K, 1 young (1024K), 1 survivors (1024K)
 Metaspace       used 351856K, committed 354624K, reserved 1376256K
  class space    used 43172K, committed 44416K, reserved 1048576K
}

Dll operation events (3 events):
Event: 0.020 Loaded shared library C:\Program Files\Android\Android Studio\jbr\bin\java.dll
Event: 0.028 Loaded shared library C:\Program Files\Android\Android Studio\jbr\bin\zip.dll
Event: 1.869 Loaded shared library C:\Program Files\Android\Android Studio\jbr\bin\verify.dll

Deoptimization events (20 events):
Event: 19104.006 Thread 0x000001924c8d6160 DEOPT PACKING pc=0x0000019213f199c5 sp=0x00000087ca3fe2c0
Event: 19104.006 Thread 0x000001924c8d6160 DEOPT UNPACKING pc=0x0000019219684a23 sp=0x00000087ca3fd7b8 mode 0
Event: 19118.764 Thread 0x00000192532c97d0 Uncommon trap: trap_request=0xffffffd6 fr.pc=0x000001921bd6aa78 relative=0x0000000000001eb8
Event: 19118.764 Thread 0x00000192532c97d0 Uncommon trap: reason=array_check action=maybe_recompile pc=0x000001921bd6aa78 method=java.util.TimSort.mergeHi(IIII)V @ 524 c2
Event: 19118.764 Thread 0x00000192532c97d0 DEOPT PACKING pc=0x000001921bd6aa78 sp=0x00000087c9ff9310
Event: 19118.764 Thread 0x00000192532c97d0 DEOPT UNPACKING pc=0x000001921968429c sp=0x00000087c9ff92f8 mode 2
Event: 19119.926 Thread 0x000001924c8d6160 DEOPT PACKING pc=0x0000019212749af8 sp=0x00000087ca3fd720
Event: 19119.934 Thread 0x000001924c8d6160 DEOPT UNPACKING pc=0x0000019219684a23 sp=0x00000087ca3fcbe0 mode 0
Event: 19129.565 Thread 0x000001924c8d6160 DEOPT PACKING pc=0x000001921676ac43 sp=0x00000087ca3fde80
Event: 19129.566 Thread 0x000001924c8d6160 DEOPT UNPACKING pc=0x0000019219684a23 sp=0x00000087ca3fd2f8 mode 0
Event: 19132.733 Thread 0x000001924c8d6160 DEOPT PACKING pc=0x00000192121cc047 sp=0x00000087ca3fe310
Event: 19132.733 Thread 0x000001924c8d6160 DEOPT UNPACKING pc=0x0000019219684a23 sp=0x00000087ca3fd800 mode 0
Event: 19141.837 Thread 0x000001924c8d6160 DEOPT PACKING pc=0x00000192121be0d8 sp=0x00000087ca3fe3a0
Event: 19141.838 Thread 0x000001924c8d6160 DEOPT UNPACKING pc=0x0000019219684a23 sp=0x00000087ca3fd8f0 mode 0
Event: 19166.868 Thread 0x00000192522b05c0 DEOPT PACKING pc=0x00000192164cc15d sp=0x00000087cb2fe780
Event: 19166.939 Thread 0x00000192522b05c0 DEOPT UNPACKING pc=0x0000019219684a23 sp=0x00000087cb2fdc68 mode 0
Event: 19167.760 Thread 0x000001924c8d6160 Uncommon trap: trap_request=0xffffff45 fr.pc=0x000001921bb3f77c relative=0x0000000000000fdc
Event: 19167.760 Thread 0x000001924c8d6160 Uncommon trap: reason=unstable_if action=reinterpret pc=0x000001921bb3f77c method=java.util.concurrent.ConcurrentHashMap.merge(Ljava/lang/Object;Ljava/lang/Object;Ljava/util/function/BiFunction;)Ljava/lang/Object; @ 184 c2
Event: 19167.761 Thread 0x000001924c8d6160 DEOPT PACKING pc=0x000001921bb3f77c sp=0x00000087ca3fdc70
Event: 19167.770 Thread 0x000001924c8d6160 DEOPT UNPACKING pc=0x000001921968429c sp=0x00000087ca3fdbf0 mode 2

Classes loaded (20 events):
Event: 15481.458 Loading class sun/security/pkcs/EncryptedPrivateKeyInfo
Event: 15481.458 Loading class sun/security/pkcs/EncryptedPrivateKeyInfo done
Event: 15481.529 Loading class java/security/KeyStore$PrivateKeyEntry
Event: 15481.530 Loading class java/security/KeyStore$Entry
Event: 15481.530 Loading class java/security/KeyStore$Entry done
Event: 15481.530 Loading class java/security/KeyStore$PrivateKeyEntry done
Event: 15481.788 Loading class java/security/cert/CertificateEncodingException
Event: 15481.789 Loading class java/security/cert/CertificateEncodingException done
Event: 15482.930 Loading class java/nio/BufferOverflowException
Event: 15482.931 Loading class java/nio/BufferOverflowException done
Event: 15482.947 Loading class java/security/DigestException
Event: 15482.948 Loading class java/security/DigestException done
Event: 15482.985 Loading class java/util/concurrent/ForkJoinTask$AdaptedInterruptibleRunnable
Event: 15482.987 Loading class java/util/concurrent/ForkJoinTask$AdaptedInterruptibleRunnable done
Event: 15483.158 Loading class sun/security/rsa/RSACore$BlindingParameters
Event: 15483.159 Loading class sun/security/rsa/RSACore$BlindingParameters done
Event: 15483.172 Loading class sun/security/rsa/RSACore$BlindingRandomPair
Event: 15483.174 Loading class sun/security/rsa/RSACore$BlindingRandomPair done
Event: 15487.743 Loading class java/util/AbstractMap$1$1
Event: 15487.747 Loading class java/util/AbstractMap$1$1 done

Classes unloaded (20 events):
Event: 17272.584 Thread 0x0000019224f85a80 Unloading class 0x0000000102bb2800 'java/lang/invoke/LambdaForm$MH+0x0000000102bb2800'
Event: 17272.585 Thread 0x0000019224f85a80 Unloading class 0x00000001003cf400 'jdk/internal/reflect/GeneratedSerializationConstructorAccessor391'
Event: 17272.586 Thread 0x0000019224f85a80 Unloading class 0x0000000102b8cc00 'java/lang/invoke/LambdaForm$MH+0x0000000102b8cc00'
Event: 17272.587 Thread 0x0000019224f85a80 Unloading class 0x0000000102b82800 'java/lang/invoke/LambdaForm$MH+0x0000000102b82800'
Event: 17272.588 Thread 0x0000019224f85a80 Unloading class 0x0000000102b7dc00 'java/lang/invoke/LambdaForm$DMH+0x0000000102b7dc00'
Event: 17272.589 Thread 0x0000019224f85a80 Unloading class 0x0000000102b79c00 'java/lang/invoke/LambdaForm$MH+0x0000000102b79c00'
Event: 17272.589 Thread 0x0000019224f85a80 Unloading class 0x0000000102b79800 'java/lang/invoke/LambdaForm$MH+0x0000000102b79800'
Event: 17272.590 Thread 0x0000019224f85a80 Unloading class 0x0000000102b75000 'java/lang/invoke/LambdaForm$MH+0x0000000102b75000'
Event: 17272.590 Thread 0x0000019224f85a80 Unloading class 0x0000000102b74c00 'java/lang/invoke/LambdaForm$MH+0x0000000102b74c00'
Event: 17272.590 Thread 0x0000019224f85a80 Unloading class 0x0000000102b60400 'java/lang/invoke/LambdaForm$MH+0x0000000102b60400'
Event: 17272.590 Thread 0x0000019224f85a80 Unloading class 0x0000000102b5a800 'java/lang/invoke/LambdaForm$DMH+0x0000000102b5a800'
Event: 17272.591 Thread 0x0000019224f85a80 Unloading class 0x0000000102b58000 'java/lang/invoke/LambdaForm$MH+0x0000000102b58000'
Event: 17272.591 Thread 0x0000019224f85a80 Unloading class 0x00000001029d2000 'jdk/internal/reflect/GeneratedSerializationConstructorAccessor327'
Event: 17272.592 Thread 0x0000019224f85a80 Unloading class 0x00000001029c8000 'java/lang/invoke/LambdaForm$MH+0x00000001029c8000'
Event: 17272.593 Thread 0x0000019224f85a80 Unloading class 0x00000001029c0c00 'java/lang/invoke/LambdaForm$MH+0x00000001029c0c00'
Event: 17272.593 Thread 0x0000019224f85a80 Unloading class 0x00000001029c0800 'java/lang/invoke/LambdaForm$MH+0x00000001029c0800'
Event: 17272.593 Thread 0x0000019224f85a80 Unloading class 0x00000001029c0400 'java/lang/invoke/LambdaForm$MH+0x00000001029c0400'
Event: 17272.596 Thread 0x0000019224f85a80 Unloading class 0x00000001029c0000 'java/lang/invoke/LambdaForm$MH+0x00000001029c0000'
Event: 17272.596 Thread 0x0000019224f85a80 Unloading class 0x00000001029bdc00 'java/lang/invoke/LambdaForm$MH+0x00000001029bdc00'
Event: 17272.596 Thread 0x0000019224f85a80 Unloading class 0x00000001029bc000 'java/lang/invoke/LambdaForm$MH+0x00000001029bc000'

Classes redefined (0 events):
No events

Internal exceptions (20 events):
Event: 19128.753 Thread 0x00000192532c97d0 Exception <a 'sun/nio/fs/WindowsException'{0x00000000fd756568}> (0x00000000fd756568) 
thrown [s\src\hotspot\share\prims\jni.cpp, line 537]
Event: 19128.753 Thread 0x00000192532c97d0 Exception <a 'sun/nio/fs/WindowsException'{0x00000000fd757660}> (0x00000000fd757660) 
thrown [s\src\hotspot\share\prims\jni.cpp, line 537]
Event: 19129.399 Thread 0x00000192532c97d0 Exception <a 'sun/nio/fs/WindowsException'{0x00000000fd7f3788}> (0x00000000fd7f3788) 
thrown [s\src\hotspot\share\prims\jni.cpp, line 537]
Event: 19129.426 Thread 0x00000192532c97d0 Exception <a 'sun/nio/fs/WindowsException'{0x00000000fd607fa0}> (0x00000000fd607fa0) 
thrown [s\src\hotspot\share\prims\jni.cpp, line 537]
Event: 19129.429 Thread 0x00000192532c97d0 Exception <a 'sun/nio/fs/WindowsException'{0x00000000fd609778}> (0x00000000fd609778) 
thrown [s\src\hotspot\share\prims\jni.cpp, line 537]
Event: 19129.434 Thread 0x00000192532c97d0 Exception <a 'sun/nio/fs/WindowsException'{0x00000000fd60af38}> (0x00000000fd60af38) 
thrown [s\src\hotspot\share\prims\jni.cpp, line 537]
Event: 19136.900 Thread 0x00000192251738f0 Exception <a 'sun/nio/fs/WindowsException'{0x00000000fff8d4b8}> (0x00000000fff8d4b8) 
thrown [s\src\hotspot\share\prims\jni.cpp, line 537]
Event: 19137.165 Thread 0x00000192251738f0 Exception <a 'sun/nio/fs/WindowsException'{0x00000000fff9de80}> (0x00000000fff9de80) 
thrown [s\src\hotspot\share\prims\jni.cpp, line 537]
Event: 19146.080 Thread 0x00000192251738f0 Exception <a 'sun/nio/fs/WindowsException'{0x00000000ffc00180}> (0x00000000ffc00180) 
thrown [s\src\hotspot\share\prims\jni.cpp, line 537]
Event: 19146.097 Thread 0x00000192251738f0 Exception <a 'sun/nio/fs/WindowsException'{0x00000000ff704ab8}> (0x00000000ff704ab8) 
thrown [s\src\hotspot\share\prims\jni.cpp, line 537]
Event: 19156.306 Thread 0x00000192251738f0 Exception <a 'sun/nio/fs/WindowsException'{0x00000000fd006270}> (0x00000000fd006270) 
thrown [s\src\hotspot\share\prims\jni.cpp, line 537]
Event: 19157.388 Thread 0x00000192251738f0 Exception <a 'sun/nio/fs/WindowsException'{0x00000000fd01a0a0}> (0x00000000fd01a0a0) 
thrown [s\src\hotspot\share\prims\jni.cpp, line 537]
Event: 19166.125 Thread 0x00000192251738f0 Exception <a 'sun/nio/fs/WindowsException'{0x00000000ffce63d8}> (0x00000000ffce63d8) 
thrown [s\src\hotspot\share\prims\jni.cpp, line 537]
Event: 19166.259 Thread 0x00000192251738f0 Exception <a 'sun/nio/fs/WindowsException'{0x00000000ffbee868}> (0x00000000ffbee868) 
thrown [s\src\hotspot\share\prims\jni.cpp, line 537]
Event: 19183.867 Thread 0x00000192251738f0 Exception <a 'sun/nio/fs/WindowsException'{0x00000000fc624d20}> (0x00000000fc624d20) 
thrown [s\src\hotspot\share\prims\jni.cpp, line 537]
Event: 19184.064 Thread 0x00000192251738f0 Exception <a 'sun/nio/fs/WindowsException'{0x00000000fc08bb88}> (0x00000000fc08bb88) 
thrown [s\src\hotspot\share\prims\jni.cpp, line 537]
Event: 19188.387 Thread 0x00000192251738f0 Exception <a 'sun/nio/fs/WindowsException'{0x00000000fff95ae0}> (0x00000000fff95ae0) 
thrown [s\src\hotspot\share\prims\jni.cpp, line 537]
Event: 19188.436 Thread 0x00000192251738f0 Exception <a 'sun/nio/fs/WindowsException'{0x00000000fc003390}> (0x00000000fc003390) 
thrown [s\src\hotspot\share\prims\jni.cpp, line 537]
Event: 19196.096 Thread 0x00000192251738f0 Exception <a 'sun/nio/fs/WindowsException'{0x00000000fdf8b518}> (0x00000000fdf8b518) 
thrown [s\src\hotspot\share\prims\jni.cpp, line 537]
Event: 19196.147 Thread 0x00000192251738f0 Exception <a 'sun/nio/fs/WindowsException'{0x00000000fdf9cd58}> (0x00000000fdf9cd58) 
thrown [s\src\hotspot\share\prims\jni.cpp, line 537]

ZGC Phase Switch (0 events):
No events

VM Operations (20 events):
Event: 19172.788 Executing safepoint VM operation: Cleanup
Event: 19172.850 Executing safepoint VM operation: Cleanup done
Event: 19173.492 Executing safepoint VM operation: G1PauseRemark
Event: 19183.659 Executing safepoint VM operation: G1PauseRemark done
Event: 19184.111 Executing safepoint VM operation: G1CollectForAllocation (G1 Evacuation Pause)
Event: 19187.818 Executing safepoint VM operation: G1CollectForAllocation (G1 Evacuation Pause) done
Event: 19188.884 Executing safepoint VM operation: Cleanup
Event: 19188.905 Executing safepoint VM operation: Cleanup done
Event: 19188.961 Executing safepoint VM operation: G1CollectForAllocation (G1 Evacuation Pause)
Event: 19188.985 Executing safepoint VM operation: G1CollectForAllocation (G1 Evacuation Pause) done
Event: 19190.997 Executing safepoint VM operation: Cleanup
Event: 19191.015 Executing safepoint VM operation: Cleanup done
Event: 19192.018 Executing safepoint VM operation: Cleanup
Event: 19192.065 Executing safepoint VM operation: Cleanup done
Event: 19193.077 Executing safepoint VM operation: Cleanup
Event: 19193.124 Executing safepoint VM operation: Cleanup done
Event: 19196.155 Executing safepoint VM operation: Cleanup
Event: 19196.161 Executing safepoint VM operation: Cleanup done
Event: 19197.171 Executing safepoint VM operation: Cleanup
Event: 19197.189 Executing safepoint VM operation: Cleanup done

Memory protections (0 events):
No events

Nmethod flushes (20 events):
Event: 19182.761 Thread 0x0000019224f85a80 flushing  nmethod 0x0000019216352590
Event: 19182.761 Thread 0x0000019224f85a80 flushing  nmethod 0x0000019216456210
Event: 19182.761 Thread 0x0000019224f85a80 flushing  nmethod 0x0000019216466890
Event: 19182.761 Thread 0x0000019224f85a80 flushing  nmethod 0x00000192165a6890
Event: 19182.761 Thread 0x0000019224f85a80 flushing  nmethod 0x0000019216643b90
Event: 19182.817 Thread 0x0000019224f85a80 flushing  nmethod 0x0000019216718410
Event: 19182.818 Thread 0x0000019224f85a80 flushing  nmethod 0x000001921671e910
Event: 19182.818 Thread 0x0000019224f85a80 flushing  nmethod 0x000001921671ec90
Event: 19182.818 Thread 0x0000019224f85a80 flushing  nmethod 0x000001921671f090
Event: 19182.818 Thread 0x0000019224f85a80 flushing osr nmethod 0x0000019216727a90
Event: 19182.818 Thread 0x0000019224f85a80 flushing  nmethod 0x000001921672fb10
Event: 19182.819 Thread 0x0000019224f85a80 flushing  nmethod 0x0000019216731e90
Event: 19182.819 Thread 0x0000019224f85a80 flushing  nmethod 0x0000019216733310
Event: 19182.819 Thread 0x0000019224f85a80 flushing  nmethod 0x0000019216733790
Event: 19182.819 Thread 0x0000019224f85a80 flushing  nmethod 0x0000019216777b10
Event: 19182.819 Thread 0x0000019224f85a80 flushing  nmethod 0x00000192167bde10
Event: 19182.826 Thread 0x0000019224f85a80 flushing osr nmethod 0x000001921683f690
Event: 19182.826 Thread 0x0000019224f85a80 flushing  nmethod 0x0000019216861d90
Event: 19182.826 Thread 0x0000019224f85a80 flushing  nmethod 0x0000019216929a10
Event: 19182.830 Thread 0x0000019224f85a80 flushing  nmethod 0x0000019216e70b90

Events (20 events):
Event: 17789.530 Thread 0x000001924c904060 Thread exited: 0x000001924c904060
Event: 18016.094 Thread 0x0000019235282340 Thread added: 0x000001924c8e95d0
Event: 18095.268 Thread 0x000001924c8e95d0 Thread exited: 0x000001924c8e95d0
Event: 18315.411 Thread 0x0000019235282340 Thread added: 0x0000019254e88eb0
Event: 18390.644 Thread 0x0000019254e88eb0 Thread exited: 0x0000019254e88eb0
Event: 18616.849 Thread 0x0000019235282340 Thread added: 0x00000192532c8420
Event: 18624.194 Thread 0x000001924c8e4710 Thread exited: 0x000001924c8e4710
Event: 18628.431 Thread 0x00000192532fe660 Thread added: 0x00000192532e5ca0
Event: 18696.811 Thread 0x00000192532c8420 Thread exited: 0x00000192532c8420
Event: 18891.060 Thread 0x00000192532e5ca0 Thread exited: 0x00000192532e5ca0
Event: 18923.271 Thread 0x00000192532fe660 Thread exited: 0x00000192532fe660
Event: 18932.514 Thread 0x0000019235282340 Thread added: 0x00000192532fd2b0
Event: 19018.650 Thread 0x00000192532fd2b0 Thread exited: 0x00000192532fd2b0
Event: 19058.861 Thread 0x000001924c8d6160 Thread added: 0x00000192532ff380
Event: 19084.982 Thread 0x00000192532ff380 Thread exited: 0x00000192532ff380
Event: 19120.085 Thread 0x000001924c8d6160 Thread added: 0x00000192522b2000
Event: 19120.177 Thread 0x000001924c8d6160 Thread added: 0x00000192522aeb80
Event: 19120.177 Thread 0x000001924c8d6160 Thread added: 0x00000192522aff30
Event: 19156.403 Thread 0x000001924c8d6160 Thread added: 0x00000192522b05c0
Event: 19167.792 Thread 0x00000192522b05c0 Thread exited: 0x00000192522b05c0


Dynamic libraries:
0x00007ff7c3de0000 - 0x00007ff7c3dea000 	C:\Program Files\Android\Android Studio\jbr\bin\java.exe
0x00007ffba7680000 - 0x00007ffba78e7000 	C:\WINDOWS\SYSTEM32\ntdll.dll
0x00007ffba74a0000 - 0x00007ffba756b000 	C:\WINDOWS\System32\KERNEL32.DLL
0x00007ffba49c0000 - 0x00007ffba4dc2000 	C:\WINDOWS\System32\KERNELBASE.dll
0x00007ffba4ff0000 - 0x00007ffba513c000 	C:\WINDOWS\System32\ucrtbase.dll
0x00007ffb9f300000 - 0x00007ffb9f318000 	C:\Program Files\Android\Android Studio\jbr\bin\jli.dll
0x00007ffba6410000 - 0x00007ffba65df000 	C:\WINDOWS\System32\USER32.dll
0x00007ffba4fc0000 - 0x00007ffba4fe7000 	C:\WINDOWS\System32\win32u.dll
0x00007ffba7470000 - 0x00007ffba749b000 	C:\WINDOWS\System32\GDI32.dll
0x00007ffba4dd0000 - 0x00007ffba4ef9000 	C:\WINDOWS\System32\gdi32full.dll
0x00007ffba4880000 - 0x00007ffba4923000 	C:\WINDOWS\System32\msvcp_win.dll
0x00007ffb91ba0000 - 0x00007ffb91e30000 	C:\WINDOWS\WinSxS\amd64_microsoft.windows.common-controls_6595b64144ccf1df_6.0.26100.9278_none_3e0d1ba8e3303201\COMCTL32.dll
0x00007ffba6f20000 - 0x00007ffba6fc9000 	C:\WINDOWS\System32\msvcrt.dll
0x00007ffb9f2e0000 - 0x00007ffb9f2fb000 	C:\Program Files\Android\Android Studio\jbr\bin\VCRUNTIME140.dll
0x00007ffba5c70000 - 0x00007ffba5ca1000 	C:\WINDOWS\System32\IMM32.DLL
0x00007ffb8f1a0000 - 0x00007ffb8f292000 	C:\Program Files\Windhawk\Engine\1.6.1\64\windhawk.dll
0x00007ffba6040000 - 0x00007ffba60fc000 	C:\WINDOWS\System32\ADVAPI32.dll
0x00007ffba66f0000 - 0x00007ffba6799000 	C:\WINDOWS\System32\sechost.dll
0x00007ffba6a70000 - 0x00007ffba6b88000 	C:\WINDOWS\System32\RPCRT4.dll
0x00007ffb9f2d0000 - 0x00007ffb9f2dc000 	C:\Program Files\Android\Android Studio\jbr\bin\vcruntime140_1.dll
0x00007ffb3a770000 - 0x00007ffb3a7fd000 	C:\Program Files\Android\Android Studio\jbr\bin\msvcp140.dll
0x00007ffb03860000 - 0x00007ffb044f6000 	C:\Program Files\Android\Android Studio\jbr\bin\server\jvm.dll
0x00007ffba6110000 - 0x00007ffba6190000 	C:\WINDOWS\System32\WS2_32.dll
0x00007ffba4650000 - 0x00007ffba46ae000 	C:\WINDOWS\SYSTEM32\POWRPROF.dll
0x00007ffb919c0000 - 0x00007ffb919f6000 	C:\WINDOWS\SYSTEM32\WINMM.dll
0x00007ffb9e910000 - 0x00007ffb9e91b000 	C:\WINDOWS\SYSTEM32\VERSION.dll
0x00007ffba4630000 - 0x00007ffba4645000 	C:\WINDOWS\SYSTEM32\UMPDC.dll
0x00007ffba3480000 - 0x00007ffba349b000 	C:\WINDOWS\SYSTEM32\kernel.appcore.dll
0x00007ffb9f2c0000 - 0x00007ffb9f2ca000 	C:\Program Files\Android\Android Studio\jbr\bin\jimage.dll
0x00007ffb92040000 - 0x00007ffb9228c000 	C:\WINDOWS\SYSTEM32\DBGHELP.DLL
0x00007ffba6b90000 - 0x00007ffba6f15000 	C:\WINDOWS\System32\combase.dll
0x00007ffba67a0000 - 0x00007ffba6879000 	C:\WINDOWS\System32\OLEAUT32.dll
0x00007ffb92970000 - 0x00007ffb929ab000 	C:\WINDOWS\SYSTEM32\dbgcore.DLL
0x00007ffba4f00000 - 0x00007ffba4fac000 	C:\WINDOWS\System32\bcryptPrimitives.dll
0x00007ffb94950000 - 0x00007ffb9495e000 	C:\Program Files\Android\Android Studio\jbr\bin\instrument.dll
0x00007ffb9f2a0000 - 0x00007ffb9f2c0000 	C:\Program Files\Android\Android Studio\jbr\bin\java.dll
0x00007ffb9f280000 - 0x00007ffb9f298000 	C:\Program Files\Android\Android Studio\jbr\bin\zip.dll
0x00007ffba5410000 - 0x00007ffba5ba8000 	C:\WINDOWS\System32\SHELL32.dll
0x00007ffba2230000 - 0x00007ffba2ade000 	C:\WINDOWS\SYSTEM32\windows.storage.dll
0x00007ffba5d50000 - 0x00007ffba5e4b000 	C:\WINDOWS\System32\SHCORE.dll
0x00007ffba69e0000 - 0x00007ffba6a46000 	C:\WINDOWS\System32\shlwapi.dll
0x00007ffba47a0000 - 0x00007ffba47c9000 	C:\WINDOWS\SYSTEM32\profapi.dll
0x00007ffb9f270000 - 0x00007ffb9f280000 	C:\Program Files\Android\Android Studio\jbr\bin\net.dll
0x00007ffb98fc0000 - 0x00007ffb990ea000 	C:\WINDOWS\SYSTEM32\WINHTTP.dll
0x00007ffba3a20000 - 0x00007ffba3a8c000 	C:\WINDOWS\system32\mswsock.dll
0x00007ffb8eb90000 - 0x00007ffb8eba6000 	C:\Program Files\Android\Android Studio\jbr\bin\nio.dll
0x00007ffb9efc0000 - 0x00007ffb9efd0000 	C:\Program Files\Android\Android Studio\jbr\bin\verify.dll
0x00007ffb83960000 - 0x00007ffb83987000 	C:\Users\VINICIUS\.gradle\native\c067742578af261105cb4f569cf0c3c89f3d7b1fecec35dd04571415982c5e48\windows-amd64\native-platform.dll
0x00007ffb35e70000 - 0x00007ffb35fb4000 	C:\Users\VINICIUS\.gradle\native\100fb08df4bc3b14c8652ba06237920a3bd2aa13389f12d3474272988ae205f9\windows-amd64\native-platform-file-events.dll
0x00007ffb99110000 - 0x00007ffb99119000 	C:\Program Files\Android\Android Studio\jbr\bin\management.dll
0x00007ffb98e30000 - 0x00007ffb98e3b000 	C:\Program Files\Android\Android Studio\jbr\bin\management_ext.dll
0x00007ffba53a0000 - 0x00007ffba53a8000 	C:\WINDOWS\System32\PSAPI.DLL
0x00007ffba3e40000 - 0x00007ffba3e5b000 	C:\WINDOWS\SYSTEM32\CRYPTSP.dll
0x00007ffba33e0000 - 0x00007ffba3419000 	C:\WINDOWS\system32\rsaenh.dll
0x00007ffba3ad0000 - 0x00007ffba3b04000 	C:\WINDOWS\SYSTEM32\USERENV.dll
0x00007ffba4770000 - 0x00007ffba479a000 	C:\WINDOWS\SYSTEM32\bcrypt.dll
0x00007ffba3c80000 - 0x00007ffba3c8c000 	C:\WINDOWS\SYSTEM32\CRYPTBASE.dll
0x00007ffba2ee0000 - 0x00007ffba2f13000 	C:\WINDOWS\SYSTEM32\IPHLPAPI.DLL
0x00007ffba7460000 - 0x00007ffba746a000 	C:\WINDOWS\System32\NSI.dll
0x00007ffb965c0000 - 0x00007ffb965c9000 	C:\Program Files\Android\Android Studio\jbr\bin\extnet.dll
0x00007ffb94a10000 - 0x00007ffb94a18000 	C:\WINDOWS\system32\wshunix.dll
0x00007ffb8d230000 - 0x00007ffb8d248000 	C:\WINDOWS\system32\napinsp.dll
0x00007ffba2f20000 - 0x00007ffba3078000 	C:\WINDOWS\SYSTEM32\DNSAPI.dll
0x00007ffba3820000 - 0x00007ffba382d000 	C:\WINDOWS\SYSTEM32\DSPARSE.dll
0x00007ffb8d2a0000 - 0x00007ffb8d2b3000 	C:\WINDOWS\System32\winrnr.dll
0x00007ffb8cb40000 - 0x00007ffb8cb67000 	C:\WINDOWS\system32\nlansp_c.dll
0x00007ffb8c8d0000 - 0x00007ffb8c8e6000 	C:\WINDOWS\system32\wshbth.dll
0x00007ffb97470000 - 0x00007ffb9747b000 	C:\Windows\System32\rasadhlp.dll
0x00007ffb97e20000 - 0x00007ffb97ea6000 	C:\WINDOWS\System32\fwpuclnt.dll
0x00007ffb94a90000 - 0x00007ffb94aae000 	C:\Users\VINICIUS\AppData\Local\Temp\native-platform11227939189325509436dir\native-platform.dll
0x00007ffb9f540000 - 0x00007ffb9f547000 	C:\Program Files\Android\Android Studio\jbr\bin\rmi.dll
0x00007ffba35b0000 - 0x00007ffba35e6000 	C:\WINDOWS\SYSTEM32\ntmarta.dll

JVMTI agents:
C:\Users\VINICIUS\.gradle\wrapper\dists\gradle-8.9-bin\90cnw93cvbtalezasaz0blq0a\gradle-8.9\lib\agents\gradle-instrumentation-agent-8.9.jar path:C:\Program Files\Android\Android Studio\jbr\bin\instrument.dll, loaded, initialized, instrumentlib options:none

dbghelp: loaded successfully - version: 4.0.5 - missing functions: none
symbol engine: initialized successfully - sym options: 0x614 - pdb path: .;C:\Program Files\Android\Android Studio\jbr\bin;C:\WINDOWS\SYSTEM32;C:\WINDOWS\WinSxS\amd64_microsoft.windows.common-controls_6595b64144ccf1df_6.0.26100.9278_none_3e0d1ba8e3303201;C:\Program Files\Windhawk\Engine\1.6.1\64;C:\Program Files\Android\Android Studio\jbr\bin\server;C:\Users\VINICIUS\.gradle\native\c067742578af261105cb4f569cf0c3c89f3d7b1fecec35dd04571415982c5e48\windows-amd64;C:\Users\VINICIUS\.gradle\native\100fb08df4bc3b14c8652ba06237920a3bd2aa13389f12d3474272988ae205f9\windows-amd64;C:\Users\VINICIUS\AppData\Local\Temp\native-platform11227939189325509436dir

VM Arguments:
jvm_args: --add-opens=java.base/java.util=ALL-UNNAMED --add-opens=java.base/java.lang=ALL-UNNAMED --add-opens=java.base/java.lang.invoke=ALL-UNNAMED --add-opens=java.prefs/java.util.prefs=ALL-UNNAMED --add-exports=jdk.compiler/com.sun.tools.javac.api=ALL-UNNAMED --add-exports=jdk.compiler/com.sun.tools.javac.util=ALL-UNNAMED --add-opens=java.base/java.nio.charset=ALL-UNNAMED --add-opens=java.base/java.net=ALL-UNNAMED --add-opens=java.base/java.util.concurrent.atomic=ALL-UNNAMED -Xmx1536m -Dfile.encoding=UTF-8 -Duser.country=BR -Duser.language=pt -Duser.variant -javaagent:C:\Users\VINICIUS\.gradle\wrapper\dists\gradle-8.9-bin\90cnw93cvbtalezasaz0blq0a\gradle-8.9\lib\agents\gradle-instrumentation-agent-8.9.jar 
java_command: org.gradle.launcher.daemon.bootstrap.GradleDaemon 8.9
java_class_path (initial): C:\Users\VINICIUS\.gradle\wrapper\dists\gradle-8.9-bin\90cnw93cvbtalezasaz0blq0a\gradle-8.9\lib\gradle-daemon-main-8.9.jar
Launcher Type: SUN_STANDARD

[Global flags]
     intx CICompilerCount                          = 2                                         {product} {ergonomic}
     uint ConcGCThreads                            = 1                                         {product} {ergonomic}
     uint G1ConcRefinementThreads                  = 2                                         {product} {ergonomic}
   size_t G1HeapRegionSize                         = 1048576                                   {product} {ergonomic}
    uintx GCDrainStackTargetSize                   = 64                                        {product} {ergonomic}
   size_t InitialHeapSize                          = 65011712                                  {product} {ergonomic}
   size_t MarkStackSize                            = 4194304                                   {product} {ergonomic}
   size_t MaxHeapSize                              = 1610612736                                {product} {command line}
   size_t MaxNewSize                               = 965738496                                 {product} {ergonomic}
   size_t MinHeapDeltaBytes                        = 1048576                                   {product} {ergonomic}
   size_t MinHeapSize                              = 8388608                                   {product} {ergonomic}
    uintx NonNMethodCodeHeapSize                   = 5826188                                {pd product} {ergonomic}
    uintx NonProfiledCodeHeapSize                  = 122916026                              {pd product} {ergonomic}
    uintx ProfiledCodeHeapSize                     = 122916026                              {pd product} {ergonomic}
    uintx ReservedCodeCacheSize                    = 251658240                              {pd product} {ergonomic}
     bool SegmentedCodeCache                       = true                                      {product} {ergonomic}
   size_t SoftMaxHeapSize                          = 1610612736                             {manageable} {ergonomic}
     bool UseCompressedOops                        = true                           {product lp64_product} {ergonomic}
     bool UseG1GC                                  = true                                      {product} {ergonomic}
     bool UseLargePagesIndividualAllocation        = false                                  {pd product} {ergonomic}

Logging:
Log output configuration:
 #0: stdout all=warning uptime,level,tags foldmultilines=false
 #1: stderr all=off uptime,level,tags foldmultilines=false

Release file:
JAVA_VERSION="21.0.10" 
MODULES="java.base java.compiler java.datatransfer java.xml java.prefs java.desktop java.instrument java.logging java.management java.security.sasl java.naming java.rmi java.management.rmi java.net.http java.scripting java.security.jgss java.transaction.xa java.sql java.sql.rowset java.xml.crypto java.se java.smartcardio jdk.accessibility jdk.internal.jvmstat jdk.attach jdk.charsets jdk.internal.opt jdk.zipfs jdk.compiler jdk.crypto.ec jdk.crypto.cryptoki jdk.dynalink jdk.hotspot.agent jdk.httpserver jdk.internal.ed jdk.internal.le jdk.internal.vm.ci jdk.jartool jdk.javadoc jdk.jcmd jdk.jdeps jdk.jdwp.agent jdk.jdi jdk.jfr jdk.jlink jdk.jsobject jdk.localedata jdk.management jdk.management.agent jdk.management.jfr jdk.naming.dns jdk.naming.rmi jdk.net jdk.sctp jdk.security.auth jdk.security.jgss jdk.unsupported jdk.unsupported.desktop jdk.xml.dom" 
IMPLEMENTOR="JetBrains s.r.o." 
JAVA_RUNTIME_VERSION="21.0.10+-14961533-b1163.108" 
LIBC="default" 
OS_ARCH="x86_64" 
OS_NAME="Windows" 
SOURCE=".:git:1351622c2ff2" 

Environment Variables:
JAVA_HOME=C:\Program Files\Android\Android Studio\jbr
PATH=C:\WINDOWS\system32;C:\WINDOWS;C:\WINDOWS\System32\Wbem;C:\WINDOWS\System32\WindowsPowerShell\v1.0\;C:\WINDOWS\System32\OpenSSH\;C:\Program Files\dotnet\;C:\Program Files (x86)\HP\HP OCR\DB_Lib\;C:\Program Files\HP\Common\HPDestPlgIn\;C:\Program Files (x86)\HP\Common\HPDestPlgIn\;C:\Program Files\nodejs\;C:\Program Files\Git\cmd;C:\Users\VINICIUS\AppData\Local\Microsoft\WindowsApps;C:\Program Files\HP\Common\HPDestPlgIn\;C:\Program Files (x86)\HP\Common\HPDestPlgIn\;C:\Users\VINICIUS\AppData\Local\Programs\Ollama;C:\Users\VINICIUS\AppData\Local\Programs\Microsoft VS Code\bin;C:\Users\VINICIUS\AppData\Roaming\npm
USERNAME=VINICIUS
OS=Windows_NT
PROCESSOR_IDENTIFIER=Intel64 Family 6 Model 122 Stepping 1, GenuineIntel
TMP=C:\Users\VINICIUS\AppData\Local\Temp
TEMP=C:\Users\VINICIUS\AppData\Local\Temp




Periodic native trim disabled

JNI global refs:
JNI global refs: 26, weak refs: 0

JNI global refs memory usage: 835, weak refs: 265

Process memory usage:
Resident Set Size: 173484K (4% of 4026768K total physical memory with 22952K free physical memory)

OOME stack traces (most recent first):
Classloader memory used:
Loader org.gradle.internal.classloader.VisitableURLClassLoader                         : 109M
Loader org.gradle.internal.classloader.VisitableURLClassLoader$InstrumentingVisitableURLClassLoader: 92178K
Loader java.net.URLClassLoader                                                         : 86607K
Loader bootstrap                                                                       : 37116K
Loader org.gradle.initialization.MixInLegacyTypesClassLoader                           : 14338K
Loader jdk.internal.loader.ClassLoaders$AppClassLoader                                 : 7227K
Loader jdk.internal.loader.ClassLoaders$PlatformClassLoader                            : 1141K
Loader jdk.internal.jrtfs.JrtFileSystemProvider$JrtFsLoader                            : 1027K
Loader jdk.internal.reflect.DelegatingClassLoader                                      : 279K
Loader org.gradle.internal.classloader.VisitableURLClassLoader                         : 243K
Loader sun.reflect.misc.MethodUtil                                                     : 2984B

Classes loaded by more than one classloader:
Class Program                                                                         : loaded 8 times (x 72B)
Class jdk.internal.jrtfs.SystemImage$2                                                : loaded 4 times (x 76B)
Class jdk.internal.jrtfs.JrtFileSystemProvider                                        : loaded 4 times (x 101B)
Class jdk.internal.jimage.ImageLocation                                               : loaded 4 times (x 90B)
Class jdk.internal.jrtfs.JrtDirectoryStream$1                                         : loaded 4 times (x 83B)
Class jdk.internal.jimage.ImageBufferCache$1                                          : loaded 4 times (x 83B)
Class jdk.internal.jimage.ImageBufferCache$2                                          : loaded 4 times (x 91B)
Class jdk.internal.jimage.ImageHeader                                                 : loaded 4 times (x 71B)
Class jdk.internal.jrtfs.SystemImage                                                  : loaded 4 times (x 74B)
Class jdk.internal.jimage.ImageStringsReader                                          : loaded 4 times (x 80B)
Class jdk.internal.jimage.ImageReader                                                 : loaded 4 times (x 75B)
Class jdk.internal.jimage.ImageReader$SharedImageReader                               : loaded 4 times (x 95B)
Class jdk.internal.jimage.ImageReader$Node                                            : loaded 4 times (x 84B)
Class jdk.internal.jrtfs.JrtDirectoryStream                                           : loaded 4 times (x 89B)
Class jdk.internal.jimage.BasicImageReader$1                                          : loaded 4 times (x 77B)
Class jdk.internal.jimage.decompressor.Decompressor                                   : loaded 4 times (x 72B)
Class jdk.internal.jimage.ImageReader$Resource                                        : loaded 4 times (x 84B)
Class jdk.internal.jrtfs.JrtFileAttributes                                            : loaded 4 times (x 83B)
Class jdk.internal.jrtfs.SystemImage$1                                                : loaded 4 times (x 78B)
Class jdk.internal.jimage.ImageBufferCache                                            : loaded 4 times (x 71B)
Class jdk.internal.jrtfs.JrtPath                                                      : loaded 4 times (x 118B)
Class jdk.internal.jimage.ImageReader$SharedImageReader$LocationVisitor               : loaded 4 times (x 70B)
Class jdk.internal.jimage.ImageReader$Directory                                       : loaded 4 times (x 84B)
Class jdk.internal.jimage.ImageStrings                                                : loaded 4 times (x 70B)
Class jdk.internal.jrtfs.JrtFileSystem                                                : loaded 4 times (x 102B)
Class jdk.internal.jimage.BasicImageReader                                            : loaded 4 times (x 95B)
Class com.google.common.collect.Maps$BiMapConverter                                   : loaded 3 times (x 90B)
Class com.google.common.collect.ImmutableMapEntrySet$RegularEntrySet                  : loaded 3 times (x 151B)
Class org.jetbrains.kotlin.descriptors.SourceElement                                  : loaded 3 times (x 70B)
Class com.google.common.collect.CollectCollectors                                     : loaded 3 times (x 71B)
Class com.google.common.collect.Multimaps                                             : loaded 3 times (x 71B)
Class com.google.common.collect.RangeSet                                              : loaded 3 times (x 70B)
Class org.jetbrains.kotlin.metadata.jvm.deserialization.JvmMetadataVersion$Companion  : loaded 3 times (x 71B)
Class org.jetbrains.org.objectweb.asm.MethodWriter                                    : loaded 3 times (x 106B)
Class com.google.common.collect.RegularImmutableMap$KeySet                            : loaded 3 times (x 150B)
Class com.google.common.base.CharMatcher$NamedFastMatcher                             : loaded 3 times (x 112B)
Class com.google.common.base.CharMatcher$1                                            : loaded 3 times (x 113B)
Class org.jetbrains.kotlin.config.MavenComparableVersion$Item                         : loaded 3 times (x 70B)
Class org.objectweb.asm.MethodVisitor                                                 : loaded 3 times (x 105B)
Class com.google.common.collect.RangeGwtSerializationDependencies                     : loaded 3 times (x 71B)
Class com.google.common.base.Joiner$2                                                 : loaded 3 times (x 79B)
Class com.google.common.collect.Maps$IteratorBasedAbstractMap                         : loaded 3 times (x 125B)
Class com.google.common.collect.Table                                                 : loaded 3 times (x 70B)
Class com.google.common.io.ByteSource$AsCharSource                                    : loaded 3 times (x 86B)
Class com.google.common.base.CharMatcher                                              : loaded 3 times (x 111B)
Class org.objectweb.asm.Label                                                         : loaded 3 times (x 73B)
Class com.google.common.collect.PeekingIterator                                       : loaded 3 times (x 70B)
Class com.google.common.base.Joiner$1                                                 : loaded 3 times (x 80B)
Class com.google.common.base.Preconditions                                            : loaded 3 times (x 71B)
Class com.google.common.collect.Hashing                                               : loaded 3 times (x 71B)
Class org.jetbrains.kotlin.descriptors.SourceElement$1                                : loaded 3 times (x 74B)
Class com.google.common.base.PatternCompiler                                          : loaded 3 times (x 70B)
Class com.google.common.hash.PrimitiveSink                                            : loaded 3 times (x 70B)
Class com.google.common.base.CharMatcher$Is                                           : loaded 3 times (x 111B)
Class com.google.common.base.CharMatcher$Negated                                      : loaded 3 times (x 113B)
Class [Lorg.jetbrains.kotlin.config.ExplicitApiMode;                                  : loaded 3 times (x 69B)
Class com.google.common.collect.ImmutableMultimap$2                                   : loaded 3 times (x 81B)
Class com.google.common.collect.RegularImmutableBiMap                                 : loaded 3 times (x 148B)
Class org.jetbrains.kotlin.cli.common.CompilerSystemProperties$Companion              : loaded 3 times (x 71B)
Class com.google.common.collect.AbstractMapBasedMultimap$RandomAccessWrappedList      : loaded 3 times (x 205B)
Class com.google.common.collect.ImmutableMultimap$1                                   : loaded 3 times (x 82B)
Class jdk.internal.jimage.decompressor.CompressedResourceHeader                       : loaded 3 times (x 71B)
Class org.jetbrains.org.objectweb.asm.RecordComponentVisitor                          : loaded 3 times (x 77B)
Class com.google.common.collect.RegularImmutableMap$BucketOverflowException           : loaded 3 times (x 82B)
Class com.google.common.collect.SortedSetMultimap                                     : loaded 3 times (x 70B)
Class org.objectweb.asm.MethodWriter                                                  : loaded 3 times (x 106B)
Class org.jetbrains.kotlin.load.kotlin.FileBasedKotlinClass$InnerClassesInfo          : loaded 3 times (x 74B)
Class com.google.common.io.ByteStreams$LimitedInputStream                             : loaded 3 times (x 92B)
Class com.google.common.collect.SetMultimap                                           : loaded 3 times (x 70B)
Class com.google.common.base.CharMatcher$SingleWidth                                  : loaded 3 times (x 112B)
Class com.google.common.collect.ImmutableSet$RegularSetBuilderImpl                    : loaded 3 times (x 77B)
Class org.jetbrains.org.objectweb.asm.Label                                           : loaded 3 times (x 73B)
Class org.jetbrains.org.objectweb.asm.Attribute                                       : loaded 3 times (x 77B)
Class com.google.common.collect.ImmutableRangeSet$ComplementRanges                    : loaded 3 times (x 207B)
Class com.google.common.collect.ImmutableMapKeySet                                    : loaded 3 times (x 150B)
Class com.google.common.base.CharMatcher$Whitespace                                   : loaded 3 times (x 112B)
Class com.google.common.base.Splitter$1$1                                             : loaded 3 times (x 86B)
Class com.google.common.io.Files                                                      : loaded 3 times (x 71B)
Class com.google.common.collect.SortedMapDifference                                   : loaded 3 times (x 70B)
Class com.google.common.base.CharMatcher$JavaLowerCase                                : loaded 3 times (x 111B)
Class org.jetbrains.kotlin.load.kotlin.FileBasedKotlinClass$OuterAndInnerName         : loaded 3 times (x 72B)
Class com.google.common.base.CharMatcher$JavaIsoControl                               : loaded 3 times (x 112B)
Class com.google.common.collect.CollectPreconditions                                  : loaded 3 times (x 71B)
Class org.jetbrains.kotlin.metadata.deserialization.BinaryVersion                     : loaded 3 times (x 74B)
Class com.google.common.io.CharSource$EmptyCharSource                                 : loaded 3 times (x 86B)
Class com.google.common.collect.ImmutableSet$Builder                                  : loaded 3 times (x 85B)
Class com.google.common.base.CharMatcher$Digit                                        : loaded 3 times (x 112B)
Class com.google.common.base.AbstractIterator$1                                       : loaded 3 times (x 71B)
Class org.jetbrains.kotlin.config.LanguageVersion                                     : loaded 3 times (x 91B)
Class com.google.common.collect.ImmutableEntry                                        : loaded 3 times (x 82B)
Class [Lcom.google.common.collect.AbstractMapEntry;                                   : loaded 3 times (x 69B)
Class com.google.common.collect.ArrayListMultimap                                     : loaded 3 times (x 172B)
Class com.google.common.base.CharMatcher$NegatedFastMatcher                           : loaded 3 times (x 113B)
Class com.google.common.collect.AbstractRangeSet                                      : loaded 3 times (x 114B)
Class com.google.common.collect.ImmutableMap                                          : loaded 3 times (x 120B)
Class com.google.common.base.Predicate                                                : loaded 3 times (x 70B)
Class [Lorg.jetbrains.kotlin.load.kotlin.header.KotlinClassHeader$Kind;               : loaded 3 times (x 69B)
Class com.google.common.collect.Sets                                                  : loaded 3 times (x 71B)
Class com.google.common.base.CharMatcher$FastMatcher                                  : loaded 3 times (x 111B)
Class com.google.common.collect.HashBiMap                                             : loaded 3 times (x 143B)
Class com.google.common.base.Strings                                                  : loaded 3 times (x 71B)
Class jdk.internal.jimage.decompressor.ZipDecompressor                                : loaded 3 times (x 75B)
Class com.google.common.io.CharSource$AsByteSource                                    : loaded 3 times (x 85B)
Class [Lorg.jetbrains.kotlin.utils.DescriptionAware;                                  : loaded 3 times (x 69B)
Class org.objectweb.asm.Attribute                                                     : loaded 3 times (x 77B)
Class [Lorg.objectweb.asm.Label;                                                      : loaded 3 times (x 69B)
Class com.google.common.base.Supplier                                                 : loaded 3 times (x 70B)
Class com.google.common.base.CharMatcher$Or                                           : loaded 3 times (x 112B)
Class com.google.common.io.Closer$Suppressor                                          : loaded 3 times (x 70B)
Class org.jetbrains.kotlin.config.MavenComparableVersion$ListItem                     : loaded 3 times (x 218B)
Class org.jetbrains.kotlin.load.kotlin.header.KotlinClassHeader$Kind$Companion        : loaded 3 times (x 71B)
Class com.google.common.collect.ImmutableMultisetGwtSerializationDependencies         : loaded 3 times (x 125B)
Class com.google.common.collect.AbstractMapBasedMultimap$2                            : loaded 3 times (x 85B)
Class com.google.common.io.LineProcessor                                              : loaded 3 times (x 70B)
Class com.google.common.io.ByteSource$EmptyByteSource                                 : loaded 3 times (x 85B)
Class com.google.common.collect.ImmutableSet                                          : loaded 3 times (x 145B)
Class com.google.common.base.CharMatcher$Ascii                                        : loaded 3 times (x 112B)
Class com.google.common.base.CharMatcher$BitSetMatcher                                : loaded 3 times (x 112B)
Class com.google.common.io.Closer                                                     : loaded 3 times (x 78B)
Class org.jetbrains.kotlin.config.ApiVersion$Companion                                : loaded 3 times (x 71B)
Class com.google.common.collect.RegularImmutableMap$Values                            : loaded 3 times (x 207B)
Class [Lcom.google.common.base.AbstractIterator$State;                                : loaded 3 times (x 69B)
Class com.google.common.base.CharMatcher$IsEither                                     : loaded 3 times (x 111B)
Class com.google.common.base.AbstractIterator                                         : loaded 3 times (x 80B)
Class jdk.internal.jimage.decompressor.ZipDecompressorFactory                         : loaded 3 times (x 74B)
Class com.google.common.math.IntMath$1                                                : loaded 3 times (x 71B)
Class com.google.common.io.Files$FileByteSink                                         : loaded 3 times (x 77B)
Class org.jetbrains.kotlin.metadata.deserialization.BinaryVersion$Companion           : loaded 3 times (x 71B)
Class org.objectweb.asm.Type                                                          : loaded 3 times (x 72B)
Class com.google.common.graph.SuccessorsFunction                                      : loaded 3 times (x 70B)
Class com.google.common.collect.Sets$SetView                                          : loaded 3 times (x 138B)
Class com.google.common.base.CharMatcher$Invisible                                    : loaded 3 times (x 112B)
Class org.jetbrains.kotlin.utils.StringsKt                                            : loaded 3 times (x 71B)
Class com.google.common.collect.ImmutableRangeSet$Builder                             : loaded 3 times (x 77B)
Class [Lcom.google.common.collect.Iterators$EmptyModifiableIterator;                  : loaded 3 times (x 69B)
Class com.google.common.collect.Maps$8                                                : loaded 3 times (x 82B)
Class com.google.common.primitives.Ints$IntConverter                                  : loaded 3 times (x 90B)
Class com.google.common.collect.AbstractMapBasedMultimap$WrappedList                  : loaded 3 times (x 205B)
Class org.jetbrains.kotlin.load.kotlin.header.ReadKotlinClassHeaderAnnotationVisitor  : loaded 3 times (x 80B)
Class com.google.common.base.CharMatcher$InRange                                      : loaded 3 times (x 111B)
Class com.google.common.collect.AbstractMapBasedMultimap$AsMap                        : loaded 3 times (x 128B)
Class com.google.common.collect.Multimaps$Entries                                     : loaded 3 times (x 118B)
Class com.google.common.base.Platform                                                 : loaded 3 times (x 71B)
Class jdk.internal.jimage.decompressor.ResourceDecompressorRepository                 : loaded 3 times (x 71B)
Class org.jetbrains.kotlin.name.Name                                                  : loaded 3 times (x 75B)
Class [Lcom.google.common.collect.ImmutableEntry;                                     : loaded 3 times (x 69B)
Class com.google.common.io.ByteStreams$1                                              : loaded 3 times (x 85B)
Class com.google.common.collect.Maps                                                  : loaded 3 times (x 71B)
Class com.google.common.base.CharMatcher$JavaUpperCase                                : loaded 3 times (x 111B)
Class org.jetbrains.org.objectweb.asm.ModuleVisitor                                   : loaded 3 times (x 81B)
Class com.google.common.collect.AbstractMapBasedMultimap$WrappedSet                   : loaded 3 times (x 142B)
Class com.google.common.io.CharSource                                                 : loaded 3 times (x 85B)
Class com.google.common.base.Charsets                                                 : loaded 3 times (x 71B)
Class org.jetbrains.kotlin.load.kotlin.header.KotlinClassHeader$Kind                  : loaded 3 times (x 79B)
Class com.google.common.collect.AbstractMapBasedMultimap$WrappedCollection            : loaded 3 times (x 124B)
Class org.jetbrains.kotlin.load.kotlin.KotlinJvmBinaryClass$AnnotationArgumentVisitor : loaded 3 times (x 70B)
Class org.jetbrains.kotlin.metadata.jvm.deserialization.JvmMemberSignature            : loaded 3 times (x 74B)
Class com.google.common.collect.ImmutableBiMapFauxverideShim                          : loaded 3 times (x 120B)
Class org.jetbrains.kotlin.load.kotlin.FileBasedKotlinClass                           : loaded 3 times (x 88B)
Class org.jetbrains.org.objectweb.asm.Context                                         : loaded 3 times (x 72B)
Class com.google.common.io.ByteSource$SlicedByteSource                                : loaded 3 times (x 85B)
Class [Lorg.jetbrains.kotlin.cli.common.CompilerSystemProperties;                     : loaded 3 times (x 69B)
Class com.google.common.collect.ImmutableSet$EmptySetBuilderImpl                      : loaded 3 times (x 76B)
Class com.google.common.collect.IndexedImmutableSet$1                                 : loaded 3 times (x 212B)
Class com.google.common.base.Function                                                 : loaded 3 times (x 70B)
Class org.jetbrains.kotlin.name.FqName                                                : loaded 3 times (x 72B)
Class com.google.common.collect.ImmutableMapEntry$NonTerminalImmutableMapEntry        : loaded 3 times (x 85B)
Class org.jetbrains.org.objectweb.asm.Type                                            : loaded 3 times (x 72B)
Class com.google.common.collect.ImmutableMultimap                                     : loaded 3 times (x 147B)
Class com.google.common.base.CharMatcher$JavaDigit                                    : loaded 3 times (x 111B)
Class com.google.common.collect.ImmutableMapEntry                                     : loaded 3 times (x 85B)
Class com.google.common.collect.Iterators$10                                          : loaded 3 times (x 81B)
Class com.google.common.collect.ImmutableList$1                                       : loaded 3 times (x 97B)
Class [Lcom.google.common.collect.HashBiMap$BiEntry;                                  : loaded 3 times (x 69B)
Class com.google.common.math.IntMath                                                  : loaded 3 times (x 71B)
Class com.google.common.collect.RegularImmutableSortedSet                             : loaded 3 times (x 299B)
Class com.google.common.collect.AbstractMapBasedMultimap$KeySet                       : loaded 3 times (x 137B)
Class com.google.common.base.CommonPattern                                            : loaded 3 times (x 74B)
Class com.google.common.base.CharMatcher$IsNot                                        : loaded 3 times (x 111B)
Class com.google.common.base.CharMatcher$JavaLetter                                   : loaded 3 times (x 111B)
Class com.google.common.collect.ImmutableSortedSet                                    : loaded 3 times (x 299B)
Class com.google.common.collect.Maps$KeySet                                           : loaded 3 times (x 137B)
Class com.google.common.collect.Maps$EntryTransformer                                 : loaded 3 times (x 70B)
Class [Lorg.jetbrains.kotlin.config.LanguageVersion;                                  : loaded 3 times (x 69B)
Class org.jetbrains.kotlin.cli.common.CompilerSystemProperties$value$1                : loaded 3 times (x 125B)
Class com.google.common.collect.ImmutableMultimap$Builder                             : loaded 3 times (x 83B)
Class org.objectweb.asm.ClassReader                                                   : loaded 3 times (x 93B)
Class org.jetbrains.kotlin.config.ExplicitApiMode                                     : loaded 3 times (x 79B)
Class org.jetbrains.kotlin.config.LanguageFeature$State                               : loaded 3 times (x 82B)
Class com.google.common.collect.ImmutableMultiset                                     : loaded 3 times (x 163B)
Class com.google.common.collect.ImmutableAsList                                       : loaded 3 times (x 209B)
Class com.google.common.collect.AbstractMapBasedMultimap                              : loaded 3 times (x 139B)
Class com.google.common.collect.Iterators$9                                           : loaded 3 times (x 81B)
Class jdk.internal.jimage.BasicImageReader$2                                          : loaded 3 times (x 77B)
Class com.google.common.collect.Lists                                                 : loaded 3 times (x 71B)
Class com.google.common.collect.ImmutableEnumSet                                      : loaded 3 times (x 146B)
Class com.google.common.base.Converter                                                : loaded 3 times (x 90B)
Class com.google.common.base.CharMatcher$Any                                          : loaded 3 times (x 112B)
Class com.google.common.collect.ImmutableSet$CachingAsList                            : loaded 3 times (x 147B)
Class org.jetbrains.kotlin.load.kotlin.KotlinJvmBinaryClass$AnnotationVisitor         : loaded 3 times (x 70B)
Class com.google.common.collect.ImmutableList                                         : loaded 3 times (x 206B)
Class com.google.common.collect.ImmutableCollection                                   : loaded 3 times (x 125B)
Class com.google.common.base.CharMatcher$AnyOf                                        : loaded 3 times (x 112B)
Class com.google.common.io.ByteArrayDataOutput                                        : loaded 3 times (x 70B)
Class org.jetbrains.kotlin.config.AnalysisFlag                                        : loaded 3 times (x 72B)
Class com.google.common.collect.Maps$EntrySet                                         : loaded 3 times (x 136B)
Class com.google.common.base.CharMatcher$ForPredicate                                 : loaded 3 times (x 112B)
Class com.google.common.io.Closer$SuppressingSuppressor                               : loaded 3 times (x 75B)
Class org.jetbrains.kotlin.name.FqNameUnsafe                                          : loaded 3 times (x 72B)
Class com.google.common.collect.ImmutableMultimap$Values                              : loaded 3 times (x 126B)
Class [Lorg.jetbrains.org.objectweb.asm.Type;                                         : loaded 3 times (x 69B)
Class com.google.common.base.Splitter$SplittingIterator                               : loaded 3 times (x 84B)
Class com.google.common.collect.ImmutableSet$JdkBackedSetBuilderImpl                  : loaded 3 times (x 76B)
Class org.jetbrains.org.objectweb.asm.AnnotationVisitor                               : loaded 3 times (x 78B)
Class com.google.common.collect.Iterators$5                                           : loaded 3 times (x 82B)
Class jdk.internal.jimage.decompressor.ResourceDecompressorFactory                    : loaded 3 times (x 74B)
Class org.jetbrains.kotlin.utils.DescriptionAware                                     : loaded 3 times (x 70B)
Class com.google.common.collect.ImmutableBiMap                                        : loaded 3 times (x 143B)
Class com.google.common.collect.SortedIterable                                        : loaded 3 times (x 70B)
Class com.google.common.collect.AbstractListMultimap                                  : loaded 3 times (x 172B)
Class com.google.common.collect.Iterators$4                                           : loaded 3 times (x 82B)
Class com.google.common.collect.ImmutableMultimap$EntryCollection                     : loaded 3 times (x 127B)
Class [Lorg.jetbrains.kotlin.cli.common.messages.CompilerMessageSeverity;             : loaded 3 times (x 69B)
Class com.google.common.collect.AbstractMapBasedMultimap$AsMap$AsMapEntries           : loaded 3 times (x 138B)
Class org.jetbrains.kotlin.util.capitalizeDecapitalize.CapitalizeDecapitalizeKt       : loaded 3 times (x 71B)
Class com.google.common.collect.ImmutableMap$IteratorBasedImmutableMap                : loaded 3 times (x 125B)
Class com.google.common.collect.SingletonImmutableSet                                 : loaded 3 times (x 146B)
Class org.jetbrains.kotlin.load.kotlin.FileBasedKotlinClass$4                         : loaded 3 times (x 88B)
Class org.jetbrains.kotlin.load.kotlin.FileBasedKotlinClass$3                         : loaded 3 times (x 78B)
Class com.google.common.collect.Iterators$1                                           : loaded 3 times (x 81B)
Class com.google.common.collect.ImmutableSet$SetBuilderImpl                           : loaded 3 times (x 76B)
Class org.jetbrains.kotlin.load.kotlin.FileBasedKotlinClass$2                         : loaded 3 times (x 88B)
Class com.google.common.io.CharSource$CharSequenceCharSource                          : loaded 3 times (x 86B)
Class com.google.common.base.JdkPattern                                               : loaded 3 times (x 75B)
Class com.google.common.collect.ImmutableList$ReverseImmutableList                    : loaded 3 times (x 208B)
Class org.jetbrains.kotlin.load.kotlin.FileBasedKotlinClass$1                         : loaded 3 times (x 88B)
Class com.google.common.io.Files$FileByteSource                                       : loaded 3 times (x 85B)
Class com.google.common.collect.SingletonImmutableList                                : loaded 3 times (x 207B)
Class org.jetbrains.kotlin.config.JvmDefaultMode$Companion                            : loaded 3 times (x 71B)
Class com.google.common.io.ByteSink                                                   : loaded 3 times (x 76B)
Class com.google.common.collect.ImmutableList$SubList                                 : loaded 3 times (x 208B)
Class com.google.common.collect.RegularImmutableMap                                   : loaded 3 times (x 121B)
Class com.google.common.collect.ImmutableMap$MapViewOfValuesAsSingletonSets           : loaded 3 times (x 125B)
Class com.google.common.collect.NullnessCasts                                         : loaded 3 times (x 71B)
Class com.google.common.base.ExtraObjectsMethodsForWeb                                : loaded 3 times (x 71B)
Class jdk.internal.jimage.decompressor.ResourceDecompressor                           : loaded 3 times (x 70B)
Class com.google.common.collect.Multimap                                              : loaded 3 times (x 70B)
Class com.google.common.primitives.IntsMethodsForWeb                                  : loaded 3 times (x 71B)
Class org.jetbrains.kotlin.cli.common.messages.MessageCollector                       : loaded 3 times (x 70B)
Class [Lorg.jetbrains.kotlin.config.JvmDefaultMode;                                   : loaded 3 times (x 69B)
Class com.google.common.collect.ImmutableMultimap$Keys                                : loaded 3 times (x 166B)
Class org.jetbrains.kotlin.load.java.JvmAbi                                           : loaded 3 times (x 71B)
Class com.google.common.collect.AbstractMapBasedMultimap$WrappedCollection$WrappedIterator: loaded 3 times (x 84B)
Class org.jetbrains.org.objectweb.asm.MethodVisitor                                   : loaded 3 times (x 105B)
Class com.google.common.base.NullnessCasts                                            : loaded 3 times (x 71B)
Class com.google.common.collect.ImmutableMap$Builder                                  : loaded 3 times (x 82B)
Class com.google.common.collect.AbstractMultimap$Entries                              : loaded 3 times (x 120B)
Class com.google.common.io.Files$2                                                    : loaded 3 times (x 76B)
Class org.jetbrains.kotlin.config.ApiVersion                                          : loaded 3 times (x 86B)
Class com.google.common.io.ByteSource                                                 : loaded 3 times (x 84B)
Class jdk.internal.jimage.decompressor.StringSharingDecompressorFactory               : loaded 3 times (x 74B)
Class com.google.common.collect.ImmutableMapEntrySet                                  : loaded 3 times (x 151B)
Class com.google.common.math.MathPreconditions                                        : loaded 3 times (x 71B)
Class com.google.common.collect.AbstractIndexedListIterator                           : loaded 3 times (x 96B)
Class com.google.common.collect.ObjectArrays                                          : loaded 3 times (x 71B)
Class com.google.common.collect.Multiset                                              : loaded 3 times (x 70B)
Class com.google.common.collect.ArrayListMultimapGwtSerializationDependencies         : loaded 3 times (x 172B)
Class org.jetbrains.org.objectweb.asm.FieldVisitor                                    : loaded 3 times (x 77B)
Class org.jetbrains.kotlin.name.ClassId                                               : loaded 3 times (x 72B)
Class com.google.common.primitives.Ints                                               : loaded 3 times (x 71B)
Class com.google.common.collect.AbstractIterator                                      : loaded 3 times (x 82B)
Class com.google.common.collect.BiMap                                                 : loaded 3 times (x 70B)
Class com.google.common.collect.ImmutableMap$1                                        : loaded 3 times (x 81B)
Class com.google.common.collect.IndexedImmutableSet                                   : loaded 3 times (x 150B)
Class org.objectweb.asm.FieldVisitor                                                  : loaded 3 times (x 77B)
Class com.google.common.collect.AbstractMapBasedMultimap$Itr                          : loaded 3 times (x 83B)
Class com.google.common.base.Objects                                                  : loaded 3 times (x 71B)
Class [Lorg.jetbrains.org.objectweb.asm.Label;                                        : loaded 3 times (x 69B)
Class com.google.common.base.CharMatcher$And                                          : loaded 3 times (x 112B)
Class com.google.common.collect.AbstractMapBasedMultimap$KeySet$1                     : loaded 3 times (x 82B)
Class com.google.common.collect.Iterators$MergingIterator                             : loaded 3 times (x 81B)
Class com.google.common.base.CharMatcher$JavaLetterOrDigit                            : loaded 3 times (x 111B)
Class org.jetbrains.kotlin.config.MavenComparableVersion                              : loaded 3 times (x 78B)
Class com.google.common.collect.ImmutableSortedSetFauxverideShim                      : loaded 3 times (x 147B)
Class org.jetbrains.kotlin.metadata.jvm.deserialization.JvmMemberSignature$Method     : loaded 3 times (x 75B)
Class com.google.common.collect.Lists$StringAsImmutableList                           : loaded 3 times (x 207B)
Class org.jetbrains.kotlin.load.kotlin.KotlinJvmBinaryClass                           : loaded 3 times (x 70B)
Class org.objectweb.asm.Context                                                       : loaded 3 times (x 72B)
Class com.google.common.collect.RegularImmutableSet                                   : loaded 3 times (x 148B)
Class com.google.common.base.CharMatcher$RangesMatcher                                : loaded 3 times (x 112B)
Class com.google.common.collect.Range                                                 : loaded 3 times (x 87B)
Class com.google.common.collect.Iterators                                             : loaded 3 times (x 71B)
Class com.google.common.collect.RegularImmutableAsList                                : loaded 3 times (x 216B)
Class org.jetbrains.kotlin.config.MavenComparableVersion$IntegerItem                  : loaded 3 times (x 80B)
Class com.google.common.collect.ImmutableRangeSet$1                                   : loaded 3 times (x 209B)
Class com.google.common.collect.ImmutableList$Builder                                 : loaded 3 times (x 77B)
Class com.google.common.collect.AbstractMultimap                                      : loaded 3 times (x 123B)
Class com.google.common.collect.AbstractSetMultimap                                   : loaded 3 times (x 174B)
Class com.google.common.collect.Sets$ImprovedAbstractSet                              : loaded 3 times (x 135B)
Class org.jetbrains.kotlin.config.ExplicitApiMode$Companion                           : loaded 3 times (x 71B)
Class com.google.common.io.ByteSource$ByteArrayByteSource                             : loaded 3 times (x 85B)
Class com.google.common.io.CharSource$StringCharSource                                : loaded 3 times (x 86B)
Class com.google.common.collect.AbstractMapEntry                                      : loaded 3 times (x 81B)
Class com.google.common.collect.SingletonImmutableBiMap                               : loaded 3 times (x 143B)
Class com.google.common.collect.UnmodifiableListIterator                              : loaded 3 times (x 95B)
Class org.objectweb.asm.ClassVisitor                                                  : loaded 3 times (x 88B)
Class com.google.common.collect.HashBiMap$BiEntry                                     : loaded 3 times (x 83B)
Class jdk.internal.jimage.decompressor.ResourceDecompressor$StringsProvider           : loaded 3 times (x 70B)
Class com.google.common.collect.UnmodifiableIterator                                  : loaded 3 times (x 80B)
Class org.jetbrains.kotlin.config.LanguageOrApiVersion                                : loaded 3 times (x 70B)
Class [Lorg.objectweb.asm.Attribute;                                                  : loaded 3 times (x 69B)
Class [Lorg.objectweb.asm.Type;                                                       : loaded 3 times (x 69B)
Class com.google.common.collect.Platform                                              : loaded 3 times (x 71B)
Class org.jetbrains.kotlin.config.LanguageFeature                                     : loaded 3 times (x 80B)
Class com.google.common.collect.BaseImmutableMultimap                                 : loaded 3 times (x 123B)
Class com.google.common.collect.EmptyImmutableListMultimap                            : loaded 3 times (x 176B)
Class com.google.common.base.Joiner                                                   : loaded 3 times (x 79B)
Class com.google.common.base.MoreObjects                                              : loaded 3 times (x 71B)
Class com.google.common.collect.Iterables                                             : loaded 3 times (x 71B)
Class com.google.common.collect.ImmutableCollection$Builder                           : loaded 3 times (x 76B)
Class org.jetbrains.kotlin.resolve.jvm.JvmClassName                                   : loaded 3 times (x 76B)
Class com.google.common.collect.ImmutableRangeSet$AsSet                               : loaded 3 times (x 299B)
Class com.google.common.collect.ImmutableListMultimap                                 : loaded 3 times (x 176B)
Class com.google.common.collect.Iterators$ArrayItr                                    : loaded 3 times (x 97B)
Class com.google.common.collect.RegularImmutableList                                  : loaded 3 times (x 212B)
Class jdk.internal.jimage.ImageReader$LinkNode                                        : loaded 3 times (x 84B)
Class com.google.common.collect.MapDifference                                         : loaded 3 times (x 70B)
Class com.google.common.base.Splitter$1                                               : loaded 3 times (x 77B)
Class com.google.common.collect.TransformedIterator                                   : loaded 3 times (x 80B)
Class com.google.common.base.Platform$JdkPatternCompiler                              : loaded 3 times (x 75B)
Class com.google.common.io.ByteStreams                                                : loaded 3 times (x 71B)
Class jdk.internal.jrtfs.JrtFileStore                                                 : loaded 3 times (x 83B)
Class org.jetbrains.kotlin.cli.common.messages.CompilerMessageSeverity                : loaded 3 times (x 79B)
Class com.google.common.collect.Sets$4                                                : loaded 3 times (x 139B)
Class [Lorg.jetbrains.org.objectweb.asm.Attribute;                                    : loaded 3 times (x 69B)
Class org.jetbrains.kotlin.config.JvmDefaultMode                                      : loaded 3 times (x 79B)
Class com.google.common.io.ByteArrayDataInput                                         : loaded 3 times (x 70B)
Class com.google.common.collect.Sets$3                                                : loaded 3 times (x 139B)
Class com.google.common.base.AbstractIterator$State                                   : loaded 3 times (x 79B)
Class org.jetbrains.kotlin.cli.common.CompilerSystemProperties                        : loaded 3 times (x 80B)
Class org.jetbrains.kotlin.config.LanguageVersion$Companion                           : loaded 3 times (x 71B)
Class org.jetbrains.kotlin.load.java.JvmAnnotationNames                               : loaded 3 times (x 71B)
Class com.google.common.base.Splitter$Strategy                                        : loaded 3 times (x 70B)
Class com.google.common.collect.Sets$2                                                : loaded 3 times (x 139B)
Class com.google.common.collect.Maps$ViewCachingAbstractMap                           : loaded 3 times (x 125B)
Class com.google.common.io.CharSource$ConcatenatedCharSource                          : loaded 3 times (x 86B)
Class com.google.common.collect.Sets$1                                                : loaded 3 times (x 139B)
Class com.google.common.base.Splitter                                                 : loaded 3 times (x 72B)
Class org.objectweb.asm.AnnotationVisitor                                             : loaded 3 times (x 78B)
Class com.google.common.collect.Iterators$EmptyModifiableIterator                     : loaded 3 times (x 86B)
Class com.google.common.collect.ImmutableEnumMap                                      : loaded 3 times (x 125B)
Class [Lorg.jetbrains.kotlin.config.LanguageOrApiVersion;                             : loaded 3 times (x 69B)
Class com.google.common.collect.ImmutableRangeSet                                     : loaded 3 times (x 115B)
Class org.jetbrains.kotlin.metadata.jvm.deserialization.JvmMetadataVersion            : loaded 3 times (x 74B)
Class com.google.common.collect.ListMultimap                                          : loaded 3 times (x 70B)
Class org.jetbrains.org.objectweb.asm.ClassReader                                     : loaded 3 times (x 93B)
Class [Lcom.google.common.collect.ImmutableMapEntry;                                  : loaded 3 times (x 69B)
Class jdk.internal.jrtfs.ExplodedImage                                                : loaded 3 times (x 77B)
Class org.jetbrains.kotlin.config.LanguageVersionSettings                             : loaded 3 times (x 70B)
Class com.google.common.base.CharMatcher$None                                         : loaded 3 times (x 112B)
Class org.jetbrains.org.objectweb.asm.ClassVisitor                                    : loaded 3 times (x 88B)
Class com.google.common.io.ByteSource$ConcatenatedByteSource                          : loaded 3 times (x 85B)
Class org.jetbrains.kotlin.name.FqNameUnsafe$1                                        : loaded 3 times (x 74B)
Class org.jetbrains.kotlin.types.model.TypeConstructorMarker                          : loaded 2 times (x 70B)
Class org.jetbrains.kotlin.resolve.diagnostics.KotlinSuppressCache                    : loaded 2 times (x 80B)
Class kotlin.io.LinesSequence                                                         : loaded 2 times (x 75B)
Class org.jetbrains.kotlin.resolve.calls.model.ResolvedCall                           : loaded 2 times (x 70B)
Class org.jetbrains.kotlin.resolve.checkers.InfixModifierChecker                      : loaded 2 times (x 74B)
Class org.jetbrains.kotlin.config.JvmTarget$Companion                                 : loaded 2 times (x 71B)
Class org.jetbrains.kotlin.parsing.KotlinParser                                       : loaded 2 times (x 75B)
Class [Lorg.jetbrains.kotlin.psi.KtScript;                                            : loaded 2 times (x 69B)
Class [Lorg.jetbrains.kotlin.psi.KtBackingField;                                      : loaded 2 times (x 69B)
Class org.jetbrains.kotlin.psi.stubs.elements.KtPropertyElementType                   : loaded 2 times (x 104B)
Class org.jetbrains.kotlin.load.kotlin.VirtualFileFinderFactory                       : loaded 2 times (x 70B)
Class kotlin.reflect.jvm.internal.impl.name.FqName                                    : loaded 2 times (x 72B)
Class org.jetbrains.kotlin.scripting.definitions.ScriptDependenciesProvider$Companion : loaded 2 times (x 71B)
Class kotlin.script.experimental.host.GetScriptingClass                               : loaded 2 times (x 70B)
Class [Lkotlin.reflect.KClass;                                                        : loaded 2 times (x 69B)
Class org.jetbrains.kotlin.cli.jvm.modules.CoreJrtFileSystem$roots$1                  : loaded 2 times (x 79B)
Class org.jetbrains.kotlin.serialization.deserialization.LocalClassifierTypeSettings  : loaded 2 times (x 70B)
Class com.google.gson.JsonSyntaxException                                             : loaded 2 times (x 82B)
Class com.android.tools.lint.model.LintModelModule                                    : loaded 2 times (x 70B)
Class com.google.common.collect.MapMakerInternalMap$StrongKeyDummyValueEntry$LinkedStrongKeyDummyValueEntry: loaded 2 times (x 82B)
Class com.google.common.collect.MapMakerInternalMap$Strength                          : loaded 2 times (x 80B)
Class org.objectweb.asm.MethodTooLargeException                                       : loaded 2 times (x 83B)
Class [Lcom.google.common.cache.CacheBuilder$OneWeigher;                              : loaded 2 times (x 69B)
Class com.google.common.base.Suppliers                                                : loaded 2 times (x 71B)
Class org.gradle.internal.classloader.DefaultClassLoaderFactory                       : loaded 2 times (x 82B)
Class org.jetbrains.kotlin.resolve.lazy.declarations.AbstractDeclarationProviderFactory: loaded 2 times (x 82B)
Class org.jetbrains.kotlin.resolve.inline.InlineOnlyKt                                : loaded 2 times (x 71B)
Class org.jetbrains.kotlin.synthetic.JavaSyntheticPropertiesScope$MyPropertyDescriptor: loaded 2 times (x 441B)
Class org.jetbrains.kotlin.contracts.description.expressions.VariableReference        : loaded 2 times (x 79B)
Class [Lorg.jetbrains.kotlin.cfg.pseudocodeTraverser.TraversalOrder;                  : loaded 2 times (x 69B)
Class org.jetbrains.kotlin.metadata.deserialization.VersionRequirement$Version$Companion: loaded 2 times (x 71B)
Class org.jetbrains.kotlin.resolve.calls.util.FunctionTypeResolveUtilsKt              : loaded 2 times (x 71B)
Class kotlin.sequences.SequencesKt___SequencesKt$flatMap$1                            : loaded 2 times (x 125B)
Class org.jetbrains.kotlin.types.TypeSubstitutor$2                                    : loaded 2 times (x 71B)
Class org.jetbrains.kotlin.load.kotlin.FileBasedKotlinClass$4$2                       : loaded 2 times (x 106B)
Class org.jetbrains.kotlin.resolve.calls.model.SingleCallResolutionResult             : loaded 2 times (x 74B)
Class org.jetbrains.kotlin.load.java.typeEnhancement.PredefinedEnhancementInfoKt$PREDEFINED_FUNCTION_ENHANCEMENT_INFO_BY_SIGNATURE$1$1$1$1: loaded 2 times (x 79B)
Class org.jetbrains.kotlin.load.java.lazy.descriptors.LazyJavaScope$MethodSignatureData: loaded 2 times (x 72B)
Class org.jetbrains.kotlin.resolve.jvm.kotlinSignature.SignaturesPropagationData      : loaded 2 times (x 77B)
Class org.jetbrains.kotlin.cli.jvm.compiler.KotlinCliJavaFileManagerImpl$findClasses$1$1$2: loaded 2 times (x 79B)
Class org.jetbrains.kotlin.load.java.structure.impl.JavaClassImpl                     : loaded 2 times (x 139B)
Class org.jetbrains.kotlin.builtins.CompanionObjectMapping                            : loaded 2 times (x 71B)
Class [Lorg.jetbrains.kotlin.resolve.jvm.JvmPrimitiveType;                            : loaded 2 times (x 69B)
Class org.jetbrains.kotlin.metadata.jvm.deserialization.JvmNameResolver               : loaded 2 times (x 80B)
Class org.jetbrains.kotlin.resolve.lazy.descriptors.LazyClassMemberScope$allClassifierDescriptors$1: loaded 2 times (x 79B)
Class org.jetbrains.kotlin.util.slicedMap.OpenAddressLinearProbingHashTableKt         : loaded 2 times (x 71B)
Class javaslang.collection.HashArrayMappedTrieModule$EmptyNode                        : loaded 2 times (x 101B)
Class org.jetbrains.kotlin.resolve.calls.results.FlatSignatureForResolvedCallKt$createOverloadingConflictResolver$3: loaded 2 times (x 125B)
Class org.jetbrains.kotlin.load.kotlin.AbstractBinaryClassAnnotationAndConstantLoader$storage$1: loaded 2 times (x 79B)
Class org.jetbrains.kotlin.load.java.lazy.TypeParameterResolver                       : loaded 2 times (x 70B)
Class org.jetbrains.kotlin.resolve.scopes.LazyScopeAdapter$lazyScope$1                : loaded 2 times (x 79B)
Class org.jetbrains.kotlin.resolve.calls.tasks.DynamicCallableDescriptors$dynamicType$2: loaded 2 times (x 79B)
Class org.jetbrains.kotlin.util.ReenterableCounter$Companion                          : loaded 2 times (x 71B)
Class org.jetbrains.kotlin.synthetic.SamAdapterFunctionsScope$samConstructorForJavaConstructor$1: loaded 2 times (x 79B)
Class org.jetbrains.kotlin.resolve.scopes.SyntheticScope$Default                      : loaded 2 times (x 91B)
Class org.jetbrains.kotlin.resolve.calls.tower.KotlinResolutionCallbacksImpl          : loaded 2 times (x 87B)
Class org.jetbrains.kotlin.resolve.calls.model.DataFlowInfoForArguments               : loaded 2 times (x 70B)
Class org.jetbrains.kotlin.descriptors.impl.SimpleFunctionDescriptorImpl              : loaded 2 times (x 351B)
Class org.jetbrains.kotlin.resolve.jvm.modules.JavaModuleResolver$SERVICE             : loaded 2 times (x 71B)
Class org.jetbrains.kotlin.load.java.lazy.JavaResolverSettings$Companion              : loaded 2 times (x 71B)
Class kotlin.KotlinVersion$Companion                                                  : loaded 2 times (x 71B)
Class org.jetbrains.kotlin.config.JvmAnalysisFlags$suppressMissingBuiltinsError$2     : loaded 2 times (x 127B)
Class [Lorg.jetbrains.kotlin.types.error.ErrorScopeKind;                              : loaded 2 times (x 69B)
Class org.jetbrains.kotlin.types.checker.KotlinTypeRefiner$Default                    : loaded 2 times (x 79B)
Class org.jetbrains.kotlin.renderer.PropertyAccessorRenderingPolicy                   : loaded 2 times (x 79B)
Class org.jetbrains.kotlin.renderer.DescriptorRenderer$Companion                      : loaded 2 times (x 71B)
Class org.jetbrains.kotlin.name.NameUtils                                             : loaded 2 times (x 71B)
Class org.jetbrains.kotlin.protobuf.LazyStringArrayList                               : loaded 2 times (x 280B)
Class org.jetbrains.kotlin.psi.KtVisitorVoid                                          : loaded 2 times (x 303B)
Class org.jetbrains.kotlin.types.UnwrappedType                                        : loaded 2 times (x 86B)
Class org.jetbrains.kotlin.mpp.CallableSymbolMarker                                   : loaded 2 times (x 70B)
Class org.jetbrains.kotlin.resolve.checkers.MissingDependencySupertypeChecker$ForCalls: loaded 2 times (x 74B)
Class org.jetbrains.kotlin.container.ComponentStorage                                 : loaded 2 times (x 75B)
Class org.jetbrains.kotlin.resolve.DeclarationReturnTypeSanitizer                     : loaded 2 times (x 70B)
Class org.jetbrains.kotlin.diagnostics.Errors$Initializer                             : loaded 2 times (x 71B)
Class org.jetbrains.kotlin.diagnostics.PositioningStrategies$IMPORT_LAST_NAME$1       : loaded 2 times (x 74B)
Class org.jetbrains.kotlin.diagnostics.PositioningStrategies$SELECTOR_BY_QUALIFIED$1  : loaded 2 times (x 74B)
Class org.jetbrains.kotlin.diagnostics.PositioningStrategies$WHEN_CONDITION_IN_RANGE$1: loaded 2 times (x 74B)
Class org.jetbrains.kotlin.diagnostics.DiagnosticFactoryWithPsiElement                : loaded 2 times (x 80B)
Class org.jetbrains.kotlin.resolve.calls.checkers.AssignmentChecker                   : loaded 2 times (x 70B)
Class org.jetbrains.kotlin.util.OperatorNameConventions                               : loaded 2 times (x 71B)
Class org.jetbrains.kotlin.load.java.components.JavaResolverCache                     : loaded 2 times (x 70B)
Class org.jetbrains.kotlin.scripting.definitions.AutoloadedScriptDefinitions$definitions$1: loaded 2 times (x 95B)
Class kotlin.reflect.jvm.internal.KDeclarationContainerImpl$Data$moduleData$2         : loaded 2 times (x 79B)
Class org.jetbrains.kotlin.resolve.jvm.KotlinCliJavaFileManager                       : loaded 2 times (x 70B)
Class org.jetbrains.kotlin.cli.jvm.compiler.KotlinCoreEnvironment$Companion           : loaded 2 times (x 71B)
Class org.jetbrains.kotlin.config.JVMConfigurationKeys                                : loaded 2 times (x 71B)
Class kotlin.collections.AbstractList$Companion                                       : loaded 2 times (x 71B)
Class kotlin.text.MatcherMatchResult$groupValues$1                                    : loaded 2 times (x 198B)
Class kotlin.sequences.SequencesKt___SequencesKt                                      : loaded 2 times (x 71B)
Class com.android.utils.EnvironmentProvider$DirectEnvironmentProvider                 : loaded 2 times (x 80B)
Class [Lorg.jetbrains.kotlin.resolve.extensions.SyntheticResolveExtension;            : loaded 2 times (x 69B)
Class org.jetbrains.kotlin.descriptors.impl.AbstractTypeParameterDescriptor$2         : loaded 2 times (x 77B)
Class [Lcom.google.common.collect.AbstractIterator$State;                             : loaded 2 times (x 69B)
Class org.gradle.internal.classloader.ClassLoaderVisitor                              : loaded 2 times (x 76B)
Class org.jetbrains.kotlin.resolve.calls.results.FlatSignatureForResolvedCallKt$createOverloadingConflictResolver$2: loaded 2 times (x 125B)
Class com.google.protobuf.UnknownFieldSet                                             : loaded 2 times (x 87B)
Class org.jetbrains.kotlin.descriptors.EffectiveVisibility$WhenMappings               : loaded 2 times (x 71B)
Class org.jetbrains.kotlin.load.java.BuiltinMethodsWithDifferentJvmName               : loaded 2 times (x 71B)
Class org.jetbrains.kotlin.contracts.model.ESExpressionVisitor                        : loaded 2 times (x 70B)
Class org.jetbrains.kotlin.resolve.calls.inference.DescriptorRelatedInferenceUtilsKt$substituteAndApproximateTypes$wrappedSubstitution$1: loaded 2 times (x 78B)
Class org.jetbrains.kotlin.resolve.calls.inference.components.ConstraintIncorporator$areThereRecursiveConstraints$1: loaded 2 times (x 79B)
Class org.jetbrains.org.objectweb.asm.commons.Method                                  : loaded 2 times (x 76B)
Class org.jetbrains.kotlin.codegen.coroutines.CoroutineCodegenUtilKt                  : loaded 2 times (x 71B)
Class kotlin.script.experimental.api.ExternalSourceCode                               : loaded 2 times (x 70B)
Class org.jetbrains.kotlin.load.java.components.JavaAnnotationDescriptor$type$2       : loaded 2 times (x 79B)
Class org.jetbrains.kotlin.resolve.calls.tower.ScopeTowerProcessorsKt$createVariableAndObjectProcessor$1: loaded 2 times (x 79B)
Class [Lorg.jetbrains.kotlin.resolve.calls.tower.CandidateApplicability;              : loaded 2 times (x 69B)
Class org.jetbrains.kotlin.resolve.jvm.checkers.JavaNullabilityChecker$checkType$3    : loaded 2 times (x 79B)
Class org.jetbrains.kotlin.resolve.calls.components.CheckExplicitReceiverKindConsistency: loaded 2 times (x 73B)
Class org.jetbrains.kotlin.util.ReturnsCheck$ReturnsInt$1                             : loaded 2 times (x 78B)
Class org.jetbrains.kotlin.load.java.structure.ListBasedJavaAnnotationOwner           : loaded 2 times (x 70B)
Class org.jetbrains.kotlin.metadata.jvm.JvmProtoBuf$StringTableTypesOrBuilder         : loaded 2 times (x 70B)
Class org.jetbrains.kotlin.resolve.calls.results.FlatSignatureForResolvedCallKt$createOverloadingConflictResolver$4: loaded 2 times (x 78B)
Class org.jetbrains.kotlin.builtins.jvm.CloneableClassScope                           : loaded 2 times (x 101B)
Class org.jetbrains.kotlin.resolve.checkers.OptInNames                                : loaded 2 times (x 71B)
Class org.jetbrains.kotlin.resolve.calls.inference.components.PostponedArgumentInputTypesResolver: loaded 2 times (x 72B)
Class org.jetbrains.kotlin.idea.MainFunctionDetector                                  : loaded 2 times (x 72B)
Class org.jetbrains.kotlin.load.java.components.SignaturePropagator$PropagatedSignature: loaded 2 times (x 78B)
Class org.jetbrains.kotlin.serialization.deserialization.AnnotationAndConstantLoader  : loaded 2 times (x 70B)
Class org.jetbrains.kotlin.types.WrappedType                                          : loaded 2 times (x 85B)
Class org.jetbrains.kotlin.incremental.components.InlineConstTracker                  : loaded 2 times (x 70B)
Class org.jetbrains.kotlin.resolve.BindingTraceContext$1                              : loaded 2 times (x 92B)
Class org.jetbrains.kotlin.metadata.deserialization.Flags$EnumLiteFlagField           : loaded 2 times (x 76B)
Class org.jetbrains.kotlin.metadata.ProtoBuf$Type$Argument$1                          : loaded 2 times (x 144B)
Class org.jetbrains.kotlin.types.KotlinType                                           : loaded 2 times (x 83B)
Class org.jetbrains.kotlin.descriptors.DeclarationDescriptorNonRoot                   : loaded 2 times (x 70B)
Class org.jetbrains.kotlin.resolve.checkers.DeprecatedClassifierUsageChecker          : loaded 2 times (x 74B)
Class org.jetbrains.kotlin.resolve.checkers.SealedInheritorInSameModuleChecker        : loaded 2 times (x 74B)
Class org.jetbrains.kotlin.diagnostics.PositioningStrategies$DECLARATION_START_TO_NAME$1: loaded 2 times (x 75B)
Class org.jetbrains.kotlin.parsing.TrailingCommentsBinder                             : loaded 2 times (x 74B)
Class org.jetbrains.kotlin.cli.jvm.compiler.TopDownAnalyzerFacadeForJVMKt$jvmFactories$1: loaded 2 times (x 78B)
Class org.jetbrains.kotlin.parsing.SemanticWhitespaceAwarePsiBuilder                  : loaded 2 times (x 70B)
Class org.jetbrains.kotlin.psi.KtScriptInitializer                                    : loaded 2 times (x 716B)
Class [Lorg.jetbrains.kotlin.psi.ValueArgument;                                       : loaded 2 times (x 69B)
Class [Lorg.jetbrains.kotlin.psi.KtUserType;                                          : loaded 2 times (x 69B)
Class [Lorg.jetbrains.kotlin.psi.KtAnonymousInitializer;                              : loaded 2 times (x 69B)
Class org.jetbrains.kotlin.cli.jvm.modules.CliJavaModuleResolver                      : loaded 2 times (x 78B)
Class org.jetbrains.kotlin.resolve.jvm.modules.JavaModule                             : loaded 2 times (x 70B)
Class org.jetbrains.kotlin.resolve.lazy.data.KtObjectInfo                             : loaded 2 times (x 98B)
Class org.jetbrains.kotlin.scripting.definitions.ScriptDefinitionProvider$Companion   : loaded 2 times (x 71B)
Class kotlin.script.experimental.api.ScriptAcceptedLocation                           : loaded 2 times (x 79B)
Class kotlin.reflect.jvm.internal.KClassImpl$Data$objectInstance$2                    : loaded 2 times (x 79B)
Class org.jetbrains.kotlin.cli.jvm.compiler.KotlinCoreEnvironment$Companion$registerExtensionsFromPlugins$2: loaded 2 times (x 78B)
Class kotlin.reflect.jvm.internal.KProperty1Impl                                      : loaded 2 times (x 128B)
Class org.jetbrains.kotlin.cli.common.extensions.ShellExtension                       : loaded 2 times (x 70B)
Class org.jetbrains.kotlin.asJava.finder.JavaElementFinder                            : loaded 2 times (x 88B)
Class org.jetbrains.kotlin.load.java.structure.impl.classFiles.BinaryClassSignatureParser$ClsFormatException: loaded 2 times (x 82B)
Class org.jetbrains.kotlin.cli.jvm.compiler.KotlinCoreProjectEnvironment              : loaded 2 times (x 89B)
Class org.jetbrains.kotlin.utils.PathUtil                                             : loaded 2 times (x 71B)
Class [Lcom.android.ide.common.repository.AgpVersion$PreviewKind;                     : loaded 2 times (x 69B)
Class kotlin.sequences.SequencesKt___SequencesKt$flatMap$2                            : loaded 2 times (x 125B)
Class net.rubygrapefruit.platform.NativeIntegrationUnavailableException               : loaded 2 times (x 82B)
Class net.rubygrapefruit.platform.internal.Platform                                   : loaded 2 times (x 79B)
Class org.jetbrains.org.objectweb.asm.tree.FrameNode                                  : loaded 2 times (x 79B)
Class org.gradle.api.internal.classpath.EffectiveClassPath                            : loaded 2 times (x 90B)
Class com.google.protobuf.Internal                                                    : loaded 2 times (x 71B)
Class org.jetbrains.kotlin.contracts.description.ContractDescription                  : loaded 2 times (x 72B)
Class org.jetbrains.kotlin.cfg.pseudocode.instructions.eval.InstructionWithValue      : loaded 2 times (x 70B)
Class org.jetbrains.kotlin.resolve.calls.inference.model.ConstraintSystemError        : loaded 2 times (x 72B)
Class org.jetbrains.kotlin.resolve.calls.results.OverloadingConflictResolver$chooseMaximallySpecificCandidates$noOverrides$1: loaded 2 times (x 125B)
Class kotlin.script.experimental.api.ScriptCollectedData$Companion                    : loaded 2 times (x 71B)
Class org.jetbrains.kotlin.resolve.calls.tower.ScopeTowerProcessorsKt$createFunctionProcessor$invokeExtensionProcessor$1: loaded 2 times (x 79B)
Class org.jetbrains.kotlin.resolve.jvm.checkers.JavaNullabilityChecker$checkReceiver$3: loaded 2 times (x 79B)
Class org.jetbrains.kotlin.descriptors.SyntheticPropertyDescriptor                    : loaded 2 times (x 70B)
Class org.jetbrains.kotlin.resolve.jvm.checkers.JavaNullabilityChecker$checkType$4    : loaded 2 times (x 79B)
Class org.jetbrains.kotlin.util.CheckResult                                           : loaded 2 times (x 71B)
Class org.jetbrains.kotlin.descriptors.impl.ValueParameterDescriptorImpl$Companion    : loaded 2 times (x 71B)
Class org.jetbrains.kotlin.resolve.lazy.descriptors.LazyClassMemberScope$_classifierNames$2: loaded 2 times (x 79B)
Class org.jetbrains.kotlin.resolve.calls.results.FlatSignatureForResolvedCallKt$createOverloadingConflictResolver$5: loaded 2 times (x 78B)
Class org.jetbrains.kotlin.descriptors.impl.LazyPackageViewDescriptorImpl$empty$2     : loaded 2 times (x 79B)
Class org.jetbrains.kotlin.resolve.calls.results.OverloadingConflictResolver$resolvedCallHashingStrategy$1: loaded 2 times (x 76B)
Class org.jetbrains.kotlin.types.AbstractTypeApproximator$Companion                   : loaded 2 times (x 71B)
Class org.jetbrains.kotlin.resolve.calls.components.candidate.SimpleResolutionCandidate: loaded 2 times (x 94B)
Class org.jetbrains.kotlin.resolve.calls.results.SimpleConstraintSystem               : loaded 2 times (x 70B)
Class org.jetbrains.kotlin.load.java.JavaTypeEnhancementState$Companion               : loaded 2 times (x 71B)
Class org.jetbrains.kotlin.resolve.calls.inference.components.ConstraintSystemUtilContext: loaded 2 times (x 70B)
Class org.jetbrains.kotlin.load.java.lazy.descriptors.LazyJavaPackageScope            : loaded 2 times (x 111B)
Class org.jetbrains.kotlin.config.AnalysisFlag$Delegates$ListOfStrings                : loaded 2 times (x 71B)
Class org.jetbrains.kotlin.serialization.deserialization.descriptors.DeserializedMemberScope$OptimizedImplementation$properties$1: loaded 2 times (x 79B)
Class org.jetbrains.kotlin.serialization.deserialization.descriptors.DeserializedMemberScope$OptimizedImplementation$functions$1: loaded 2 times (x 79B)
Class org.jetbrains.kotlin.serialization.deserialization.builtins.BuiltInsPackageFragmentImpl: loaded 2 times (x 157B)
Class [Lorg.jetbrains.kotlin.descriptors.CallableMemberDescriptor$Kind;               : loaded 2 times (x 69B)
Class org.jetbrains.kotlin.resolve.scopes.MemberScopeImpl                             : loaded 2 times (x 99B)
Class org.jetbrains.kotlin.context.ProjectContextImpl                                 : loaded 2 times (x 79B)
Class org.jetbrains.kotlin.load.java.lazy.descriptors.LazyJavaPackageFragment$subPackages$1: loaded 2 times (x 79B)
Class org.objectweb.asm.tree.ClassNode                                                : loaded 2 times (x 91B)
Class org.jetbrains.kotlin.psi.KtExpressionImpl$Companion                             : loaded 2 times (x 71B)
Class org.jetbrains.kotlin.metadata.ProtoBuf$EnumEntry                                : loaded 2 times (x 118B)
Class org.jetbrains.kotlin.resolve.calls.checkers.FunInterfaceConstructorReferenceChecker: loaded 2 times (x 74B)
Class org.jetbrains.kotlin.resolve.calls.checkers.CapturingInClosureChecker           : loaded 2 times (x 74B)
Class org.jetbrains.kotlin.diagnostics.ClassicPositioningStrategies$UNREACHABLE_CODE$1: loaded 2 times (x 74B)
Class org.jetbrains.kotlin.diagnostics.PositioningStrategies$RETURN_WITH_LABEL$1      : loaded 2 times (x 74B)
Class org.jetbrains.kotlin.BlockExpressionElementType                                 : loaded 2 times (x 98B)
Class [Lorg.jetbrains.kotlin.psi.KtValueArgument;                                     : loaded 2 times (x 69B)
Class [Lorg.jetbrains.kotlin.psi.KtTypeElement;                                       : loaded 2 times (x 69B)
Class [Lorg.jetbrains.kotlin.psi.KtImportDirective;                                   : loaded 2 times (x 69B)
Class org.jetbrains.kotlin.psi.KtPureElement                                          : loaded 2 times (x 70B)
Class org.jetbrains.kotlin.utils.WrappedValues$1                                      : loaded 2 times (x 71B)
Class org.jetbrains.kotlin.scripting.definitions.ScriptDefinition$FromConfigurationsBase$contextClassLoader$2: loaded 2 times (x 79B)
Class kotlin.reflect.jvm.internal.impl.name.FqNameUnsafe$1                            : loaded 2 times (x 74B)
Class kotlin.reflect.jvm.internal.CachesKt$K_CLASS_CACHE$1                            : loaded 2 times (x 78B)
Class org.jetbrains.kotlin.backend.jvm.extensions.ClassGeneratorExtension             : loaded 2 times (x 70B)
Class kotlin.coroutines.ContinuationInterceptor                                       : loaded 2 times (x 70B)
Class org.jetbrains.kotlin.cli.jvm.config.JvmContentRoot                              : loaded 2 times (x 70B)
Class org.jetbrains.kotlin.cli.jvm.config.JvmContentRootsKt                           : loaded 2 times (x 71B)
Class org.jetbrains.kotlin.cli.jvm.index.JvmDependenciesDynamicCompoundIndex$findClass$1$1: loaded 2 times (x 79B)
Class kotlin.text.StringsKt__AppendableKt                                             : loaded 2 times (x 71B)
Class org.jetbrains.kotlin.load.kotlin.VirtualFileKotlinClass$Factory$create$1$kotlinJvmBinaryClass$1: loaded 2 times (x 79B)
Class com.google.common.collect.CollectSpliterators$1WithCharacteristics              : loaded 2 times (x 90B)
Class com.google.common.collect.AbstractIterator$1                                    : loaded 2 times (x 71B)
Class org.jetbrains.kotlin.metadata.ProtoBuf$Effect$EffectType                        : loaded 2 times (x 82B)
Class org.jetbrains.kotlin.codegen.binding.CodegenAnnotatingVisitor                   : loaded 2 times (x 304B)
Class org.jetbrains.kotlin.resolve.constants.LongValue                                : loaded 2 times (x 76B)
Class org.jetbrains.kotlin.load.java.sam.SamAdapterDescriptor                         : loaded 2 times (x 70B)
Class org.jetbrains.kotlin.resolve.calls.tower.InvokeProcessorsKt                     : loaded 2 times (x 71B)
Class org.jetbrains.kotlin.resolve.calls.inference.model.MutableVariableWithConstraints$WhenMappings: loaded 2 times (x 71B)
Class org.jetbrains.kotlin.resolve.calls.results.OverloadingConflictResolver$chooseMaximallySpecificCandidates$noOverrides$2: loaded 2 times (x 79B)
Class org.jetbrains.kotlin.codegen.signature.AsmTypeFactory                           : loaded 2 times (x 79B)
Class org.jetbrains.kotlin.scripting.resolve.LazyScriptClassMemberScope$Companion     : loaded 2 times (x 71B)
Class org.jetbrains.kotlin.resolve.calls.tower.PSIErrorCallInfo                       : loaded 2 times (x 75B)
Class org.jetbrains.kotlin.resolve.calls.tower.ErrorCandidateFactoryKt                : loaded 2 times (x 71B)
Class org.jetbrains.kotlin.resolve.jvm.checkers.JavaNullabilityChecker$checkReceiver$4: loaded 2 times (x 79B)
Class org.jetbrains.kotlin.resolve.calls.tasks.DynamicCallsKt                         : loaded 2 times (x 71B)
Class org.jetbrains.kotlin.resolve.calls.inference.NewConstraintSystem                : loaded 2 times (x 70B)
Class org.jetbrains.kotlin.load.java.typeEnhancement.PredefinedEnhancementInfoKt$PREDEFINED_FUNCTION_ENHANCEMENT_INFO_BY_SIGNATURE$1$1$11$1: loaded 2 times (x 79B)
Class org.jetbrains.kotlin.load.java.typeEnhancement.TypeEnhancementInfo              : loaded 2 times (x 72B)
Class org.jetbrains.kotlin.types.model.TypeSystemContextKt$WhenMappings               : loaded 2 times (x 71B)
Class org.jetbrains.kotlin.descriptors.impl.TypeParameterDescriptorImpl               : loaded 2 times (x 171B)
Class org.jetbrains.kotlin.load.java.lazy.descriptors.LazyJavaPackageScope$KotlinClassLookupResult$Found: loaded 2 times (x 72B)
Class org.jetbrains.kotlin.load.java.lazy.descriptors.LazyJavaScope                   : loaded 2 times (x 111B)
Class org.jetbrains.kotlin.load.java.lazy.ContextKt                                   : loaded 2 times (x 71B)
Class [Lorg.jetbrains.kotlin.util.slicedMap.ReadOnlySlice;                            : loaded 2 times (x 69B)
Class javaslang.collection.HashArrayMappedTrieModule$AbstractNode                     : loaded 2 times (x 101B)
Class javaslang.collection.HashMap                                                    : loaded 2 times (x 469B)
Class org.jetbrains.kotlin.serialization.deserialization.descriptors.DeserializedClassDescriptor$primaryConstructor$1: loaded 2 times (x 79B)
Class org.jetbrains.kotlin.resolve.scopes.SyntheticScope                              : loaded 2 times (x 70B)
Class org.jetbrains.kotlin.builtins.ReflectionTypes$ClassLookup                       : loaded 2 times (x 71B)
Class org.jetbrains.kotlin.util.ModuleVisibilityHelper                                : loaded 2 times (x 70B)
Class org.jetbrains.kotlin.descriptors.DescriptorVisibilities$1                       : loaded 2 times (x 79B)
Class org.jetbrains.kotlin.types.TypeProjection                                       : loaded 2 times (x 70B)
Class org.jetbrains.kotlin.types.AbstractTypeRefiner                                  : loaded 2 times (x 72B)
Class org.jetbrains.kotlin.builtins.BuiltInsLoader$Companion$Instance$2               : loaded 2 times (x 78B)
Class org.jetbrains.kotlin.resolve.deprecation.DeprecationResolver$DeprecationInfo$Companion: loaded 2 times (x 71B)
Class org.jetbrains.kotlin.psi.psiUtil.PsiUtilsKt$parentsWithSelf$1                   : loaded 2 times (x 78B)
Class org.jetbrains.kotlin.protobuf.CodedOutputStream$ByteBufferOutputStream          : loaded 2 times (x 86B)
Class org.jetbrains.kotlin.mpp.ClassLikeSymbolMarker                                  : loaded 2 times (x 70B)
Class org.jetbrains.kotlin.diagnostics.PositioningStrategies$PARAMETERS_WITH_DEFAULT_VALUE$1: loaded 2 times (x 74B)
Class org.jetbrains.kotlin.diagnostics.PositioningStrategies$InlineFunPositioningStrategy: loaded 2 times (x 76B)
Class org.jetbrains.kotlin.psi.stubs.elements.KtEnumEntrySuperClassReferenceExpressionElementType: loaded 2 times (x 100B)
Class org.jetbrains.kotlin.psi.KtUserType                                             : loaded 2 times (x 512B)
Class org.jetbrains.kotlin.storage.CacheWithNullableValues                            : loaded 2 times (x 70B)
Class kotlin.reflect.jvm.internal.impl.builtins.functions.FunctionTypeKind$Function   : loaded 2 times (x 72B)
Class kotlin.reflect.jvm.internal.KCallableImpl                                       : loaded 2 times (x 105B)
Class [Lkotlin.reflect.KCallable;                                                     : loaded 2 times (x 69B)
Class kotlin.reflect.KProperty$Accessor                                               : loaded 2 times (x 70B)
Class kotlin.jvm.internal.ArrayIteratorKt                                             : loaded 2 times (x 71B)
Class org.jetbrains.kotlin.types.DeferredType                                         : loaded 2 times (x 87B)
Class org.jetbrains.kotlin.storage.LockBasedLazyResolveStorageManager$LockProtectedTrace$record$2: loaded 2 times (x 79B)
Class org.gradle.api.internal.DefaultClassPathProvider                                : loaded 2 times (x 76B)
Class Build_gradle$1$8$1                                                              : loaded 2 times (x 78B)
Class com.google.protobuf.AbstractMessage                                             : loaded 2 times (x 164B)
Class org.jetbrains.kotlin.descriptors.annotations.AnnotationSplitter                 : loaded 2 times (x 72B)
Class org.jetbrains.kotlin.resolve.calls.smartcasts.SmartCastUtilKt                   : loaded 2 times (x 71B)
Class [Lorg.jetbrains.kotlin.cfg.pseudocode.instructions.eval.MagicKind;              : loaded 2 times (x 69B)
Class org.jetbrains.kotlin.cfg.pseudocode.instructions.eval.ReadValueInstruction      : loaded 2 times (x 106B)
Class org.jetbrains.kotlin.builtins.functions.FunctionClassDescriptor$Companion       : loaded 2 times (x 71B)
Class kotlin.sequences.SequenceScope                                                  : loaded 2 times (x 73B)
Class org.jetbrains.kotlin.load.java.components.JavaTargetAnnotationDescriptor$allValueArguments$2: loaded 2 times (x 79B)
Class org.jetbrains.kotlin.resolve.calls.results.SingleOverloadResolutionResult$WhenMappings: loaded 2 times (x 71B)
Class org.jetbrains.kotlin.resolve.ImplicitIntegerCoercion                            : loaded 2 times (x 71B)
Class org.jetbrains.kotlin.resolve.calls.inference.components.EmptySubstitutor        : loaded 2 times (x 79B)
Class org.jetbrains.kotlin.resolve.calls.components.MapTypeArguments                  : loaded 2 times (x 73B)
Class org.jetbrains.kotlin.resolve.OverridingUtil$OverrideCompatibilityInfo           : loaded 2 times (x 74B)
Class [Lorg.jetbrains.kotlin.load.java.SpecialGenericSignatures$TypeSafeBarrierDescription;: loaded 2 times (x 69B)
Class org.jetbrains.kotlin.util.ReturnsCheck                                          : loaded 2 times (x 80B)
Class org.jetbrains.kotlin.util.OneElementArrayMap                                    : loaded 2 times (x 84B)
Class [Lorg.jetbrains.kotlin.mpp.CallableSymbolMarker;                                : loaded 2 times (x 69B)
Class org.jetbrains.kotlin.types.TypeProjectionBase                                   : loaded 2 times (x 83B)
Class org.jetbrains.kotlin.cli.jvm.compiler.KotlinCliJavaFileManagerImpl$knownClassNamesInPackage$1: loaded 2 times (x 79B)
Class org.jetbrains.kotlin.load.java.lazy.descriptors.LazyJavaScope$propertyNamesLazy$2: loaded 2 times (x 79B)
Class com.google.common.collect.LinkedHashMultimapGwtSerializationDependencies        : loaded 2 times (x 174B)
Class org.jetbrains.kotlin.load.java.lazy.types.JavaTypeResolver                      : loaded 2 times (x 72B)
Class org.jetbrains.kotlin.resolve.calls.model.MutableDataFlowInfoForArguments        : loaded 2 times (x 80B)
Class org.jetbrains.kotlin.builtins.jvm.JvmBuiltIns$Settings                          : loaded 2 times (x 72B)
Class org.jetbrains.kotlin.load.java.lazy.JavaResolverSettings                        : loaded 2 times (x 70B)
Class org.jetbrains.kotlin.load.kotlin.JvmPackagePartProviderBase$ModuleMappingInfo   : loaded 2 times (x 72B)
Class org.jetbrains.kotlin.descriptors.DescriptorVisibilities$2                       : loaded 2 times (x 79B)
Class org.jetbrains.kotlin.resolve.scopes.ResolutionScope                             : loaded 2 times (x 70B)
Class org.jetbrains.kotlin.descriptors.impl.ModuleAwareClassDescriptor                : loaded 2 times (x 266B)
Class org.jetbrains.kotlin.parsing.KotlinWhitespaceAndCommentsBindersKt               : loaded 2 times (x 71B)
Class org.jetbrains.kotlin.metadata.ProtoBuf$Modality                                 : loaded 2 times (x 82B)
Class org.jetbrains.kotlin.metadata.jvm.JvmProtoBuf$JvmFieldSignature                 : loaded 2 times (x 108B)
Class org.jetbrains.kotlin.protobuf.ExtensionRegistryLite                             : loaded 2 times (x 74B)
Class org.jetbrains.kotlin.resolve.calls.results.TypeSpecificityComparator$NONE       : loaded 2 times (x 74B)
Class org.jetbrains.kotlin.diagnostics.rendering.DiagnosticFactoryToRendererMap       : loaded 2 times (x 72B)
Class org.jetbrains.kotlin.diagnostics.PositioningStrategies$VALUE_ARGUMENTS$1        : loaded 2 times (x 74B)
Class org.jetbrains.kotlin.diagnostics.DiagnosticMarker                               : loaded 2 times (x 70B)
Class org.jetbrains.kotlin.parsing.KotlinParsing$NameParsingMode                      : loaded 2 times (x 79B)
Class org.jetbrains.kotlin.psi.KtDoWhileExpression                                    : loaded 2 times (x 442B)
Class [Lorg.jetbrains.kotlin.psi.KtValueArgumentList;                                 : loaded 2 times (x 69B)
Class org.jetbrains.kotlin.psi.KtImportInfo$ImportContent$ExpressionBased             : loaded 2 times (x 72B)
Class org.jetbrains.kotlin.resolve.lazy.declarations.DeclarationProviderFactoryService: loaded 2 times (x 72B)
Class kotlin.script.experimental.dependencies.DependenciesResolver$NoDependencies     : loaded 2 times (x 77B)
Class kotlin.reflect.jvm.internal.impl.builtins.PrimitiveType$arrayTypeFqName$2       : loaded 2 times (x 79B)
Class kotlin.reflect.jvm.internal.impl.builtins.jvm.JavaToKotlinClassMap$PlatformMutabilityMapping: loaded 2 times (x 72B)
Class org.jetbrains.kotlin.config.LanguageVersionSettingsImpl$Companion               : loaded 2 times (x 71B)
Class it.unimi.dsi.fastutil.ints.IntSet                                               : loaded 2 times (x 70B)
Class it.unimi.dsi.fastutil.ints.IntIterable                                          : loaded 2 times (x 70B)
Class kotlin.text.MatchResult                                                         : loaded 2 times (x 70B)
Class kotlin.sequences.Sequence                                                       : loaded 2 times (x 70B)
Class kotlin.text.StringsKt__StringNumberConversionsJVMKt                             : loaded 2 times (x 71B)
Class org.jetbrains.kotlin.load.java.structure.JavaPrimitiveType                      : loaded 2 times (x 70B)
Class [Lcom.google.common.base.Function;                                              : loaded 2 times (x 69B)
Class com.google.common.collect.MapMakerInternalMap$Strength$1                        : loaded 2 times (x 80B)
Class [Lorg.gradle.api.internal.ClassPathProvider;                                    : loaded 2 times (x 69B)
Class org.gradle.api.internal.ClassPathProvider                                       : loaded 2 times (x 70B)
Class org.jetbrains.kotlin.load.java.typeEnhancement.AbstractSignatureParts           : loaded 2 times (x 90B)
Class org.jetbrains.kotlin.backend.common.CodegenUtil                                 : loaded 2 times (x 71B)
Class org.jetbrains.kotlin.contracts.description.EffectDeclaration                    : loaded 2 times (x 70B)
Class org.jetbrains.kotlin.cfg.pseudocode.instructions.eval.InstructionWithReceivers  : loaded 2 times (x 70B)
Class org.jetbrains.kotlin.load.java.lazy.descriptors.LazyJavaStaticClassScope$flatMapJavaStaticSupertypesScopes$2: loaded 2 times (x 80B)
Class org.jetbrains.kotlin.resolve.calls.inference.model.TypeVariableFromCallableDescriptor: loaded 2 times (x 73B)
Class org.jetbrains.kotlin.builtins.jvm.JvmBuiltInsCustomizer$getFunctions$2          : loaded 2 times (x 79B)
Class org.jetbrains.kotlin.metadata.jvm.deserialization.ClassMapperLite               : loaded 2 times (x 71B)
Class org.jetbrains.kotlin.resolve.calls.model.ArgumentMappingKt                      : loaded 2 times (x 71B)
Class org.jetbrains.kotlin.load.java.typeEnhancement.PredefinedEnhancementInfoKt$PREDEFINED_FUNCTION_ENHANCEMENT_INFO_BY_SIGNATURE$1$1$6$1: loaded 2 times (x 79B)
Class org.jetbrains.kotlin.codegen.state.KotlinTypeMapper$Companion                   : loaded 2 times (x 71B)
Class org.jetbrains.kotlin.load.java.structure.JavaArrayType                          : loaded 2 times (x 70B)
Class org.jetbrains.kotlin.types.TypeUsage                                            : loaded 2 times (x 79B)
Class org.jetbrains.kotlin.load.java.components.JavaAnnotationMapper                  : loaded 2 times (x 71B)
Class org.jetbrains.kotlin.types.TypeSubstitution                                     : loaded 2 times (x 77B)
Class org.jetbrains.kotlin.utils.CallOnceFunction                                     : loaded 2 times (x 75B)
Class org.jetbrains.kotlin.metadata.jvm.deserialization.JvmNameResolverBase$Companion : loaded 2 times (x 71B)
Class org.jetbrains.kotlin.load.java.typeEnhancement.TypeComponentPosition            : loaded 2 times (x 79B)
Class org.jetbrains.kotlin.load.java.lazy.descriptors.LazyJavaScope$declaredFunctions$1: loaded 2 times (x 79B)
Class org.jetbrains.kotlin.cli.jvm.compiler.TopDownAnalyzerFacadeForJVMKt             : loaded 2 times (x 71B)
Class org.jetbrains.kotlin.types.TypeParameterUpperBoundEraser$Companion              : loaded 2 times (x 71B)
Class org.jetbrains.kotlin.types.TypeParameterUpperBoundEraser                        : loaded 2 times (x 72B)
Class org.jetbrains.kotlin.resolve.scopes.GivenFunctionsMemberScope$allDescriptors$2  : loaded 2 times (x 79B)
Class org.jetbrains.kotlin.resolve.calls.components.CallableReferenceOverloadConflictResolver$Companion: loaded 2 times (x 71B)
Class org.jetbrains.kotlin.load.java.JavaTypeQualifiersByElementType                  : loaded 2 times (x 72B)
Class org.jetbrains.kotlin.load.java.typeEnhancement.SignatureEnhancement             : loaded 2 times (x 72B)
Class org.jetbrains.kotlin.descriptors.impl.AnonymousFunctionDescriptor               : loaded 2 times (x 351B)
Class org.jetbrains.kotlin.resolve.calls.smartcasts.ConditionalDataFlowInfo           : loaded 2 times (x 72B)
Class org.jetbrains.kotlin.resolve.calls.tasks.DynamicCallableDescriptors             : loaded 2 times (x 72B)
Class org.jetbrains.kotlin.resolve.lazy.LocalDescriptorResolver                       : loaded 2 times (x 70B)
Class org.jetbrains.kotlin.descriptors.DescriptorVisibilities$3                       : loaded 2 times (x 79B)
Class org.jetbrains.kotlin.builtins.jvm.JvmBuiltIns$Kind                              : loaded 2 times (x 79B)
Class org.jetbrains.kotlin.name.SpecialNames                                          : loaded 2 times (x 71B)
Class org.jetbrains.kotlin.metadata.ProtoBuf$MemberKind                               : loaded 2 times (x 82B)
Class org.jetbrains.kotlin.serialization.deserialization.ClassDeserializer            : loaded 2 times (x 72B)
Class org.jetbrains.kotlin.protobuf.LazyStringList                                    : loaded 2 times (x 70B)
Class org.jetbrains.kotlin.resolve.calls.checkers.ApiVersionCallChecker               : loaded 2 times (x 74B)
Class org.jetbrains.kotlin.resolve.checkers.AnnotationClassTargetAndRetentionChecker  : loaded 2 times (x 74B)
Class org.jetbrains.kotlin.builtins.jvm.JavaToKotlinClassMapper                       : loaded 2 times (x 74B)
Class org.jetbrains.kotlin.diagnostics.PositioningStrategies$SECONDARY_CONSTRUCTOR_DELEGATION_CALL$1: loaded 2 times (x 74B)
Class org.jetbrains.kotlin.resolve.jvm.checkers.OverloadsAnnotationChecker            : loaded 2 times (x 74B)
Class org.jetbrains.kotlin.psi.KtContinueExpression                                   : loaded 2 times (x 437B)
Class org.jetbrains.kotlin.psi.KtStringTemplateEntry                                  : loaded 2 times (x 444B)
Class org.jetbrains.kotlin.psi.KtIntersectionType                                     : loaded 2 times (x 505B)
Class [Lorg.jetbrains.kotlin.psi.KtDeclarationModifierList;                           : loaded 2 times (x 69B)
Class org.jetbrains.kotlin.psi.stubs.elements.KtTypeParameterElementType              : loaded 2 times (x 103B)
Class org.jetbrains.kotlin.utils.WrappedValues                                        : loaded 2 times (x 71B)
Class org.jetbrains.kotlin.cli.jvm.modules.CliJavaModuleFinder$ctSymRootFolder$2      : loaded 2 times (x 79B)
Class org.jetbrains.kotlin.cli.jvm.modules.CliJavaModuleFinder$ctSymFile$2            : loaded 2 times (x 79B)
Class kotlin.jvm.functions.Function20                                                 : loaded 2 times (x 70B)
Class org.jetbrains.kotlin.cli.jvm.compiler.CliModuleAnnotationsResolver              : loaded 2 times (x 75B)
Class org.jetbrains.kotlin.load.java.structure.impl.classFiles.BinaryClassSignatureParser: loaded 2 times (x 72B)
Class org.jetbrains.kotlin.load.java.BuiltinSpecialPropertiesKt                       : loaded 2 times (x 71B)
Class org.jetbrains.kotlin.compiler.plugin.ComponentRegistrar$Companion               : loaded 2 times (x 71B)
Class org.jetbrains.kotlin.resolve.jvm.checkers.JavaNullabilityChecker$checkType$1    : loaded 2 times (x 79B)
Class kotlin.collections.CollectionsKt___CollectionsKt$asSequence$$inlined$Sequence$1 : loaded 2 times (x 75B)
Class org.jetbrains.kotlin.resolve.calls.tower.NewVariableAsFunctionResolvedCallImpl  : loaded 2 times (x 121B)
Class org.jetbrains.kotlin.resolve.jvm.RuntimeAssertionsDataFlowExtras$dataFlowValue$2: loaded 2 times (x 79B)
Class com.google.common.collect.MapMakerInternalMap$Strength$2                        : loaded 2 times (x 80B)
Class [Lorg.objectweb.asm.AnnotationVisitor;                                          : loaded 2 times (x 69B)
Class com.google.common.util.concurrent.AbstractFuture$SafeAtomicHelper               : loaded 2 times (x 79B)
Class com.google.common.cache.LocalCache$LocalLoadingCache                            : loaded 2 times (x 134B)
Class org.gradle.internal.service.UnknownServiceException                             : loaded 2 times (x 83B)
Class com.android.tools.analytics.AnalyticsSettingsData                               : loaded 2 times (x 72B)
Class com.google.protobuf.UnsafeUtil$Android64MemoryAccessor                          : loaded 2 times (x 91B)
Class org.jetbrains.kotlin.resolve.calls.tower.TowerResolver$Task                     : loaded 2 times (x 72B)
Class [Lorg.jetbrains.kotlin.cfg.variable.InitState;                                  : loaded 2 times (x 69B)
Class org.jetbrains.kotlin.resolve.calls.smartcasts.IdentifierInfo$SafeCast           : loaded 2 times (x 76B)
Class kotlin.script.experimental.api.ScriptCollectedData                              : loaded 2 times (x 72B)
Class org.jetbrains.kotlin.resolve.QualifiedExpressionResolveUtilKt                   : loaded 2 times (x 71B)
Class org.jetbrains.kotlin.synthetic.JavaSyntheticPropertiesScope$SyntheticPropertyHolder: loaded 2 times (x 72B)
Class org.jetbrains.kotlin.resolve.calls.model.ResolvedSubCallArgument                : loaded 2 times (x 74B)
Class org.jetbrains.kotlin.resolve.calls.inference.InferenceUtilsKt                   : loaded 2 times (x 71B)
Class org.jetbrains.kotlin.resolve.calls.tower.NewResolutionOldInferenceKt            : loaded 2 times (x 71B)
Class org.jetbrains.kotlin.resolve.scopes.receivers.AbstractReceiverValue             : loaded 2 times (x 80B)
Class org.jetbrains.kotlin.load.java.typeEnhancement.PredefinedEnhancementInfoKt$PREDEFINED_FUNCTION_ENHANCEMENT_INFO_BY_SIGNATURE$1$1$6$2: loaded 2 times (x 79B)
Class [Lorg.jetbrains.kotlin.types.model.TypeVariance;                                : loaded 2 times (x 69B)
Class org.jetbrains.kotlin.types.KotlinTypeFactory$simpleTypeWithNonTrivialMemberScope$1: loaded 2 times (x 79B)
Class org.jetbrains.kotlin.load.java.lazy.LazyJavaTypeParameterResolver               : loaded 2 times (x 75B)
Class [Lorg.jetbrains.kotlin.descriptors.CallableDescriptor;                          : loaded 2 times (x 69B)
Class [Lorg.jetbrains.kotlin.descriptors.ClassDescriptor;                             : loaded 2 times (x 69B)
Class org.jetbrains.kotlin.resolve.ModifierCheckerCore                                : loaded 2 times (x 71B)
Class org.jetbrains.kotlin.cli.jvm.index.JvmDependenciesIndexImpl$SearchResult$NotFound: loaded 2 times (x 71B)
Class org.jetbrains.kotlin.load.kotlin.VirtualFileKotlinClass                         : loaded 2 times (x 88B)
Class org.jetbrains.kotlin.resolve.lazy.LazyImportResolver                            : loaded 2 times (x 72B)
Class [Lcom.google.common.collect.LinkedHashMultimap$ValueEntry;                      : loaded 2 times (x 69B)
Class javaslang.collection.HashArrayMappedTrieModule$LeafSingleton                    : loaded 2 times (x 105B)
Class org.jetbrains.kotlin.descriptors.impl.LazyPackageViewDescriptorImpl$memberScope$1: loaded 2 times (x 79B)
Class org.jetbrains.kotlin.resolve.calls.tower.KotlinToResolvedCallTransformer$Companion: loaded 2 times (x 71B)
Class org.jetbrains.kotlin.synthetic.JavaSyntheticPropertiesScope$syntheticPropertyInClass$1: loaded 2 times (x 79B)
Class org.jetbrains.kotlin.load.kotlin.AnnotationsContainerWithConstants              : loaded 2 times (x 73B)
Class org.jetbrains.kotlin.types.expressions.ExpressionTypingInternals                : loaded 2 times (x 70B)
Class org.jetbrains.kotlin.resolve.TypeResolutionContext                              : loaded 2 times (x 73B)
Class org.jetbrains.kotlin.load.kotlin.BinaryClassAnnotationAndConstantLoaderImpl     : loaded 2 times (x 108B)
Class org.jetbrains.kotlin.resolve.BodyResolveCache$ThrowException                    : loaded 2 times (x 74B)
Class org.jetbrains.kotlin.resolve.scopes.DeprecatedLexicalScope                      : loaded 2 times (x 93B)
Class org.jetbrains.kotlin.config.JvmAnalysisFlags$Delegates$JvmDefaultModeDisabledByDefault: loaded 2 times (x 71B)
Class org.jetbrains.kotlin.load.java.NullabilityAnnotationStatesImpl$cache$1          : loaded 2 times (x 79B)
Class org.jetbrains.kotlin.load.java.JavaTypeEnhancementState                         : loaded 2 times (x 72B)
Class org.jetbrains.kotlin.protobuf.SmallSortedMap$EntryIterator                      : loaded 2 times (x 83B)
Class org.jetbrains.kotlin.protobuf.SmallSortedMap$EntrySet                           : loaded 2 times (x 137B)
Class org.jetbrains.kotlin.descriptors.DescriptorVisibilities$4                       : loaded 2 times (x 79B)
Class org.jetbrains.kotlin.descriptors.FunctionDescriptor                             : loaded 2 times (x 70B)
Class org.jetbrains.kotlin.builtins.jvm.JvmBuiltInsCustomizer$createMockJavaIoSerializableType$mockJavaIoPackageFragment$1: loaded 2 times (x 140B)
Class org.jetbrains.kotlin.load.kotlin.KotlinJvmBinarySourceElement                   : loaded 2 times (x 81B)
Class org.jetbrains.kotlin.metadata.ProtoBuf$StringTableOrBuilder                     : loaded 2 times (x 70B)
Class [Lorg.jetbrains.kotlin.protobuf.WireFormat$JavaType;                            : loaded 2 times (x 69B)
Class org.jetbrains.kotlin.serialization.SerializerExtensionProtocol                  : loaded 2 times (x 72B)
Class org.jetbrains.kotlin.resolve.calls.checkers.AbstractClassInstantiationChecker   : loaded 2 times (x 74B)
Class org.jetbrains.kotlin.resolve.checkers.TailrecFunctionChecker                    : loaded 2 times (x 74B)
Class [Lorg.jetbrains.kotlin.resolve.AdditionalAnnotationChecker;                     : loaded 2 times (x 69B)
Class org.jetbrains.kotlin.resolve.jvm.RuntimeAssertionsTypeChecker                   : loaded 2 times (x 76B)
Class org.jetbrains.kotlin.diagnostics.PositioningStrategies$projectionPosition$1     : loaded 2 times (x 74B)
Class org.jetbrains.kotlin.psi.KtBinaryExpressionWithTypeRHS                          : loaded 2 times (x 502B)
Class it.unimi.dsi.fastutil.longs.LongIterable                                        : loaded 2 times (x 70B)
Class org.jetbrains.kotlin.psi.KtInitializerList                                      : loaded 2 times (x 444B)
Class [Lorg.jetbrains.kotlin.psi.KtVariableDeclaration;                               : loaded 2 times (x 69B)
Class [Lorg.jetbrains.kotlin.psi.KtCallableDeclaration;                               : loaded 2 times (x 69B)
Class org.jetbrains.kotlin.load.kotlin.FileBasedKotlinClass$4$1                       : loaded 2 times (x 77B)
Class kotlin.script.experimental.api.IdeScriptCompilationConfigurationKeys            : loaded 2 times (x 70B)
Class kotlin.jvm.functions.Function21                                                 : loaded 2 times (x 70B)
Class kotlin.reflect.jvm.internal.impl.name.ClassId                                   : loaded 2 times (x 72B)
Class org.jetbrains.kotlin.load.java.structure.JavaElement                            : loaded 2 times (x 70B)
Class org.jetbrains.kotlin.scripting.compiler.plugin.AbstractScriptEvaluationExtension: loaded 2 times (x 82B)
Class kotlin.script.experimental.util.PropertiesCollection$PropertyKeyCopyDelegate    : loaded 2 times (x 72B)
Class org.jetbrains.org.objectweb.asm.tree.TableSwitchInsnNode                        : loaded 2 times (x 79B)
Class com.google.common.collect.MapMakerInternalMap$StrongValueEntry                  : loaded 2 times (x 70B)
Class org.objectweb.asm.ModuleVisitor                                                 : loaded 2 times (x 81B)
Class com.google.common.cache.LocalCache$Strength$1                                   : loaded 2 times (x 81B)
Class com.google.common.collect.AbstractMapBasedMultimap$SortedKeySet                 : loaded 2 times (x 223B)
Class com.google.protobuf.Utf8$UnpairedSurrogateException                             : loaded 2 times (x 82B)
Class com.google.protobuf.ExtensionRegistry                                           : loaded 2 times (x 87B)
Class org.jetbrains.kotlin.cfg.variable.PseudocodeVariablesData$computeInitInfoForTrivialVals$1: loaded 2 times (x 79B)
Class org.jetbrains.kotlin.cfg.variable.PseudocodeVariablesData                       : loaded 2 times (x 72B)
Class org.jetbrains.kotlin.cfg.pseudocode.instructions.eval.CallInstruction           : loaded 2 times (x 106B)
Class org.jetbrains.kotlin.resolve.deprecation.DescriptorBasedDeprecationInfo         : loaded 2 times (x 81B)
Class org.jetbrains.kotlin.resolve.calls.checkers.DslScopeViolationCallChecker$checkCallImplicitReceiver$receiversUntilOneFromTheCall$1: loaded 2 times (x 78B)
Class org.jetbrains.kotlin.types.checker.TypeCheckerProcedureCallbacksImpl            : loaded 2 times (x 83B)
Class org.jetbrains.kotlin.resolve.scopes.DescriptorKindExclude                       : loaded 2 times (x 73B)
Class org.jetbrains.kotlin.load.java.lazy.descriptors.LazyJavaAnnotationDescriptor$allValueArguments$2: loaded 2 times (x 79B)
Class org.jetbrains.kotlin.resolve.calls.tower.TowerResolver$Task$localLevels$2       : loaded 2 times (x 79B)
Class org.jetbrains.kotlin.resolve.calls.model.ArgumentMatch                          : loaded 2 times (x 70B)
Class org.jetbrains.kotlin.resolve.calls.components.CheckOperatorResolutionPart       : loaded 2 times (x 73B)
Class org.jetbrains.kotlin.load.java.typeEnhancement.PredefinedEnhancementInfoKt$PREDEFINED_FUNCTION_ENHANCEMENT_INFO_BY_SIGNATURE$1$1$6$3: loaded 2 times (x 79B)
Class org.jetbrains.kotlin.load.java.lazy.types.JavaTypeFlexibility                   : loaded 2 times (x 79B)
Class org.jetbrains.kotlin.descriptors.annotations.KotlinTarget                       : loaded 2 times (x 80B)
Class [Lorg.jetbrains.kotlin.mpp.TypeParameterSymbolMarker;                           : loaded 2 times (x 69B)
Class [Lorg.jetbrains.kotlin.descriptors.DeclarationDescriptorNonRoot;                : loaded 2 times (x 69B)
Class org.jetbrains.kotlin.resolve.scopes.ImportingScope$DefaultImpls                 : loaded 2 times (x 71B)
Class org.jetbrains.kotlin.resolve.scopes.utils.ScopeUtilsKt                          : loaded 2 times (x 71B)
Class javaslang.Tuple                                                                 : loaded 2 times (x 70B)
Class org.jetbrains.kotlin.descriptors.DeserializedDescriptor                         : loaded 2 times (x 70B)
Class org.jetbrains.kotlin.types.expressions.PatternMatchingTypingVisitor             : loaded 2 times (x 192B)
Class org.jetbrains.kotlin.resolve.scopes.synthetic.FunInterfaceConstructorsSyntheticScope$samConstructorForClassifier$1: loaded 2 times (x 79B)
Class org.jetbrains.kotlin.cfg.ControlFlowInformationProvider$Factory                 : loaded 2 times (x 70B)
Class org.jetbrains.kotlin.load.java.NullabilityAnnotationStates$Companion            : loaded 2 times (x 71B)
Class org.jetbrains.kotlin.resolve.SupertypeLoopCheckerImpl                           : loaded 2 times (x 74B)
Class org.jetbrains.kotlin.metadata.jvm.JvmModuleProtoBuf$Module                      : loaded 2 times (x 124B)
Class kotlin.collections.MapWithDefault                                               : loaded 2 times (x 70B)
Class org.jetbrains.kotlin.config.AnalysisFlags$ideMode$2                             : loaded 2 times (x 127B)
Class org.jetbrains.kotlin.config.AnalysisFlags$ignoreDataFlowInAssert$2              : loaded 2 times (x 127B)
Class org.jetbrains.kotlin.types.TypeAttributes$Companion                             : loaded 2 times (x 73B)
Class org.jetbrains.kotlin.descriptors.DescriptorVisibilities$5                       : loaded 2 times (x 79B)
Class org.jetbrains.kotlin.types.AbstractTypeConstructor$supertypes$1                 : loaded 2 times (x 79B)
Class org.jetbrains.kotlin.descriptors.impl.PackageViewDescriptorFactory              : loaded 2 times (x 70B)
Class org.jetbrains.kotlin.diagnostics.AbstractKotlinSuppressCache                    : loaded 2 times (x 76B)
Class [Lcom.android.resources.ResourceType;                                           : loaded 2 times (x 69B)
Class org.jetbrains.kotlin.metadata.jvm.JvmProtoBuf$JvmPropertySignatureOrBuilder     : loaded 2 times (x 70B)
Class org.jetbrains.kotlin.metadata.ProtoBuf$QualifiedNameTable$QualifiedNameOrBuilder: loaded 2 times (x 70B)
Class org.jetbrains.kotlin.protobuf.GeneratedMessageLite$ExtendableMessage            : loaded 2 times (x 113B)
Class org.jetbrains.kotlin.resolve.calls.checkers.OperatorCallChecker$Companion       : loaded 2 times (x 71B)
Class org.jetbrains.kotlin.resolve.calls.checkers.OperatorCallChecker                 : loaded 2 times (x 74B)
Class org.jetbrains.kotlin.resolve.lazy.DelegationFilter                              : loaded 2 times (x 70B)
Class org.jetbrains.kotlin.diagnostics.PositioningStrategies$SPECIAL_CONSTRUCT_TOKEN$1: loaded 2 times (x 74B)
Class org.jetbrains.kotlin.diagnostics.PositioningStrategies$DECLARATION_SIGNATURE_OR_DEFAULT$1: loaded 2 times (x 74B)
Class org.jetbrains.kotlin.diagnostics.PositioningStrategies$SUPERTYPES_LIST$1        : loaded 2 times (x 74B)
Class [Lorg.jetbrains.kotlin.descriptors.annotations.AnnotationUseSiteTarget;         : loaded 2 times (x 69B)
Class org.jetbrains.kotlin.psi.KtBlockExpression                                      : loaded 2 times (x 540B)
Class org.jetbrains.kotlin.psi.KtWhileExpression                                      : loaded 2 times (x 441B)
Class org.jetbrains.kotlin.psi.KtCollectionLiteralExpression                          : loaded 2 times (x 569B)
Class [Lorg.jetbrains.kotlin.psi.KtSuperTypeListEntry;                                : loaded 2 times (x 69B)
Class org.jetbrains.kotlin.psi.KtTypeParameterList                                    : loaded 2 times (x 446B)
Class org.jetbrains.kotlin.contracts.model.structure.ESKotlinType                     : loaded 2 times (x 73B)
Class org.jetbrains.kotlin.scripting.definitions.ScriptDefinition$FromConfigurations  : loaded 2 times (x 115B)
Class kotlin.jvm.functions.Function22                                                 : loaded 2 times (x 70B)
Class org.jetbrains.kotlin.resolve.jvm.extensions.AnalysisHandlerExtension            : loaded 2 times (x 70B)
Class it.unimi.dsi.fastutil.objects.ObjectSpliterator                                 : loaded 2 times (x 70B)
Class org.jetbrains.kotlin.cli.jvm.compiler.KotlinCliJavaFileManagerImpl              : loaded 2 times (x 91B)
Class kotlin.coroutines.jvm.internal.SuspendLambda                                    : loaded 2 times (x 91B)
Class kotlin.coroutines.jvm.internal.ContinuationImpl                                 : loaded 2 times (x 87B)
Class com.google.common.collect.Collections2$FilteredCollection                       : loaded 2 times (x 119B)
Class net.rubygrapefruit.platform.internal.Platform$MacOs64Bit                        : loaded 2 times (x 82B)
Class com.google.common.util.concurrent.SettableFuture                                : loaded 2 times (x 114B)
Class com.google.common.cache.LocalCache$Strength$2                                   : loaded 2 times (x 81B)
Class org.jetbrains.kotlin.descriptors.annotations.CompositeAnnotations$findAnnotation$1: loaded 2 times (x 79B)
Class com.google.protobuf.UnknownFieldSet$Builder                                     : loaded 2 times (x 95B)
Class com.google.protobuf.InvalidProtocolBufferException$InvalidWireTypeException     : loaded 2 times (x 88B)
Class com.google.protobuf.Internal$BooleanList                                        : loaded 2 times (x 70B)
Class com.google.protobuf.Internal$FloatList                                          : loaded 2 times (x 70B)
Class com.google.protobuf.MessageLiteOrBuilder                                        : loaded 2 times (x 70B)
Class org.jetbrains.kotlin.types.expressions.ExpressionTypingServices$EffectsFilteringTrace: loaded 2 times (x 106B)
Class com.google.protobuf.Internal$IntList                                            : loaded 2 times (x 70B)
Class org.jetbrains.kotlin.cfg.variable.PseudocodeVariablesData$variableInitializers$2: loaded 2 times (x 79B)
Class org.jetbrains.kotlin.cfg.variable.VariableInitReadOnlyControlFlowInfo           : loaded 2 times (x 70B)
Class org.jetbrains.kotlin.resolve.calls.components.ReturnArgumentsInfo$Companion     : loaded 2 times (x 71B)
Class org.jetbrains.kotlin.resolve.calls.checkers.DslScopeViolationCallChecker$checkCallImplicitReceiver$receiversUntilOneFromTheCall$2: loaded 2 times (x 78B)
Class org.jetbrains.kotlin.resolve.DescriptorEquivalenceForOverrides                  : loaded 2 times (x 71B)
Class org.jetbrains.kotlin.resolve.VariableAsPropertyInfo                             : loaded 2 times (x 72B)
Class org.jetbrains.kotlin.resolve.calls.tower.CandidateFactoryProviderForInvoke      : loaded 2 times (x 70B)
Class org.jetbrains.kotlin.resolve.scopes.receivers.ContextReceiver                   : loaded 2 times (x 86B)
Class kotlin.sequences.SequencesKt__SequencesKt$generateSequence$1                    : loaded 2 times (x 79B)
Class org.jetbrains.kotlin.resolve.constants.TypedArrayValue                          : loaded 2 times (x 76B)
Class org.jetbrains.kotlin.resolve.calls.components.CollectionTypeVariableUsagesInfo  : loaded 2 times (x 73B)
Class org.jetbrains.kotlin.load.java.typeEnhancement.PredefinedEnhancementInfoKt$PREDEFINED_FUNCTION_ENHANCEMENT_INFO_BY_SIGNATURE$1$1$6$4: loaded 2 times (x 79B)
Class org.jetbrains.kotlin.builtins.functions.FunctionClassKind                       : loaded 2 times (x 79B)
Class org.jetbrains.kotlin.load.java.structure.impl.JavaAnnotationOwnerImpl           : loaded 2 times (x 70B)
Class [Lorg.jetbrains.kotlin.types.model.TypeArgumentMarker;                          : loaded 2 times (x 69B)
Class org.jetbrains.kotlin.types.DelegatedTypeSubstitution                            : loaded 2 times (x 78B)
Class org.jetbrains.kotlin.resolve.QualifiedExpressionResolver$ExpressionQualifierPart: loaded 2 times (x 74B)
Class org.jetbrains.kotlin.resolve.TypeResolver$resolveTypeElement$1                  : loaded 2 times (x 304B)
Class org.jetbrains.kotlin.resolve.lazy.LazyImportResolverForKtImportDirective$forceResolveImportDirective$1: loaded 2 times (x 79B)
Class org.jetbrains.kotlin.resolve.lazy.descriptors.LazyClassMemberScope$_functionNames$2: loaded 2 times (x 79B)
Class org.jetbrains.kotlin.resolve.lazy.descriptors.ClassResolutionScopesSupport$inheritanceScopeWithMe$1: loaded 2 times (x 79B)
Class [Lorg.jetbrains.kotlin.extensions.internal.TypeResolutionInterceptorExtension;  : loaded 2 times (x 69B)
Class org.jetbrains.kotlin.load.java.AbstractAnnotationTypeQualifierResolver$Companion: loaded 2 times (x 71B)
Class org.jetbrains.kotlin.resolve.calls.checkers.CallCheckerWithAdditionalResolve    : loaded 2 times (x 70B)
Class org.jetbrains.kotlin.types.expressions.BasicExpressionTypingVisitor$1StringTemplateVisitor: loaded 2 times (x 304B)
Class org.jetbrains.kotlin.resolve.calls.inference.components.ConstraintSystemCompletionContext: loaded 2 times (x 944B)
Class org.jetbrains.kotlin.resolve.calls.results.OverloadingConflictResolver          : loaded 2 times (x 72B)
Class org.jetbrains.kotlin.resolve.calls.results.ResolutionResultsHandler             : loaded 2 times (x 73B)
Class org.jetbrains.kotlin.resolve.calls.CallExpressionResolver                       : loaded 2 times (x 72B)
Class org.jetbrains.kotlin.resolve.OverloadChecker                                    : loaded 2 times (x 72B)
Class org.jetbrains.kotlin.resolve.scopes.LexicalScope                                : loaded 2 times (x 70B)
Class org.jetbrains.kotlin.resolve.calls.components.candidate.ResolutionCandidate     : loaded 2 times (x 94B)
Class org.jetbrains.kotlin.load.java.components.SignaturePropagatorImpl               : loaded 2 times (x 78B)
Class org.jetbrains.kotlin.resolve.AnnotationResolverImpl                             : loaded 2 times (x 77B)
Class [Lorg.jetbrains.kotlin.descriptors.Named;                                       : loaded 2 times (x 69B)
Class org.jetbrains.kotlin.serialization.deserialization.TypeDeserializer$typeAliasDescriptors$1: loaded 2 times (x 79B)
Class org.jetbrains.kotlin.descriptors.DescriptorVisibilities$6                       : loaded 2 times (x 79B)
Class org.jetbrains.kotlin.storage.LockBasedStorageManager$LockBasedNotNullLazyValueWithPostCompute: loaded 2 times (x 93B)
Class org.jetbrains.kotlin.types.AbstractTypeConstructor$supertypes$2                 : loaded 2 times (x 78B)
Class org.jetbrains.kotlin.renderer.DescriptorRenderer                                : loaded 2 times (x 83B)
Class org.jetbrains.kotlin.builtins.jvm.JvmBuiltInClassDescriptorFactory$1            : loaded 2 times (x 78B)
Class org.objectweb.asm.Handle                                                        : loaded 2 times (x 72B)
Class org.jetbrains.kotlin.protobuf.CodedOutputStream$OutOfSpaceException             : loaded 2 times (x 82B)
Class org.jetbrains.kotlin.metadata.ProtoBuf$Annotation$Argument$Value                : loaded 2 times (x 127B)
Class org.jetbrains.kotlin.resolve.checkers.ExplicitApiDeclarationChecker             : loaded 2 times (x 74B)
Class org.jetbrains.kotlin.diagnostics.PositioningStrategies$VAL_OR_VAR_NODE$1        : loaded 2 times (x 74B)
Class it.unimi.dsi.fastutil.ints.IntIterator                                          : loaded 2 times (x 70B)
Class [Lorg.jetbrains.kotlin.psi.KtConstructorCalleeExpression;                       : loaded 2 times (x 69B)
Class [Lorg.jetbrains.kotlin.psi.KtDeclarationWithInitializer;                        : loaded 2 times (x 69B)
Class org.jetbrains.kotlin.psi.stubs.elements.KtValueArgumentListElementType          : loaded 2 times (x 103B)
Class kotlin.reflect.jvm.internal.KClassImpl$Data$descriptor$2                        : loaded 2 times (x 79B)
Class kotlin.script.experimental.api.ScriptCompilationConfigurationKeys               : loaded 2 times (x 70B)
Class kotlin.reflect.KTypeParameter                                                   : loaded 2 times (x 70B)
Class org.jetbrains.kotlin.fir.extensions.FirExtensionRegistrarAdapter$Companion      : loaded 2 times (x 72B)
Class org.jetbrains.kotlin.scripting.compiler.plugin.ScriptingCompilerConfigurationComponentRegistrar: loaded 2 times (x 75B)
Class com.android.tools.lint.model.LintModelModuleLibrary                             : loaded 2 times (x 70B)
Class [Lcom.android.tools.lint.model.LintModelNamespacingMode;                        : loaded 2 times (x 69B)
Class com.android.tools.lint.model.LintModelSerialization$TargetFile                  : loaded 2 times (x 79B)
Class kotlin.collections.CollectionsKt__CollectionsKt                                 : loaded 2 times (x 71B)
Class kotlin.collections.ArraysKt___ArraysJvmKt                                       : loaded 2 times (x 71B)
Class com.google.protobuf.GeneratedMessageV3$BuilderParent                            : loaded 2 times (x 70B)
Class kotlin.text.StringsKt__RegexExtensionsJVMKt                                     : loaded 2 times (x 71B)
Class Build_gradle$1$3$1                                                              : loaded 2 times (x 79B)
Class [Lcom.google.common.collect.Maps$EntryFunction;                                 : loaded 2 times (x 69B)
Class net.rubygrapefruit.platform.internal.Platform$Posix                             : loaded 2 times (x 81B)
Class com.google.common.collect.Interners$InternerImpl                                : loaded 2 times (x 75B)
Class com.google.common.collect.Interner                                              : loaded 2 times (x 70B)
Class com.google.common.cache.LocalCache$Strength$3                                   : loaded 2 times (x 81B)
Class [Lorg.objectweb.asm.Symbol;                                                     : loaded 2 times (x 69B)
Class com.google.protobuf.ByteString$ByteArrayCopier                                  : loaded 2 times (x 70B)
Class org.jetbrains.kotlin.cfg.pseudocode.instructions.special.LocalFunctionDeclarationInstruction: loaded 2 times (x 99B)
Class org.jetbrains.kotlin.cfg.pseudocode.PseudocodeLabel                             : loaded 2 times (x 78B)
Class org.jetbrains.kotlin.resolve.calls.inference.model.NewConstraintError           : loaded 2 times (x 77B)
Class org.jetbrains.kotlin.resolve.calls.checkers.DslScopeViolationCallChecker$checkCallImplicitReceiver$receiversUntilOneFromTheCall$3: loaded 2 times (x 79B)
Class org.jetbrains.kotlin.serialization.deserialization.MemberDeserializer$getPropertyFieldAnnotations$1: loaded 2 times (x 79B)
Class kotlin.script.experimental.jvm.JvmScriptingHostConfigurationKeys                : loaded 2 times (x 70B)
Class org.jetbrains.kotlin.diagnostics.DiagnosticWithParameters1Marker                : loaded 2 times (x 70B)
Class org.jetbrains.kotlin.resolve.calls.model.KotlinConstraintSystemDiagnostic       : loaded 2 times (x 76B)
Class org.jetbrains.kotlin.resolve.calls.tower.NewAbstractResolvedCall$getDataFlowInfoForArguments$1: loaded 2 times (x 76B)
Class org.jetbrains.kotlin.resolve.calls.inference.model.ConstraintStorage$Empty      : loaded 2 times (x 88B)
Class org.jetbrains.kotlin.load.java.typeEnhancement.PredefinedEnhancementInfoKt$PREDEFINED_FUNCTION_ENHANCEMENT_INFO_BY_SIGNATURE$1$1$6$5: loaded 2 times (x 79B)
Class org.jetbrains.kotlin.load.java.UtilsKt                                          : loaded 2 times (x 71B)
Class org.jetbrains.kotlin.load.java.lazy.LazyJavaAnnotations                         : loaded 2 times (x 86B)
Class org.jetbrains.kotlin.resolve.lazy.descriptors.LazyClassMemberScope$Companion$EXTRACT_FUNCTIONS$1: loaded 2 times (x 74B)
Class org.jetbrains.kotlin.resolve.checkers.ResolutionWithStubTypesChecker            : loaded 2 times (x 75B)
Class org.jetbrains.kotlin.resolve.lazy.FileScopeFactory                              : loaded 2 times (x 72B)
Class org.jetbrains.kotlin.util.KotlinFrontEndException                               : loaded 2 times (x 94B)
Class org.jetbrains.kotlin.types.expressions.ControlStructureTypingUtils$ControlStructureDataFlowInfo: loaded 2 times (x 80B)
Class org.jetbrains.kotlin.resolve.checkers.OptInUsageChecker$OptInReporterMultiplexer: loaded 2 times (x 72B)
Class org.jetbrains.kotlin.load.java.components.AbstractJavaResolverCache             : loaded 2 times (x 84B)
Class org.jetbrains.kotlin.types.TypeSystemCommonBackendContext                       : loaded 2 times (x 70B)
Class org.jetbrains.kotlin.resolve.jvm.JvmAdditionalClassPartsProvider                : loaded 2 times (x 75B)
Class org.jetbrains.kotlin.types.checker.KotlinTypeChecker$TypeConstructorEquality    : loaded 2 times (x 70B)
Class org.jetbrains.kotlin.types.KotlinTypeFactory                                    : loaded 2 times (x 71B)
Class org.jetbrains.kotlin.descriptors.DescriptorVisibilities$7                       : loaded 2 times (x 79B)
Class org.jetbrains.kotlin.types.AbstractTypeConstructor$supertypes$3                 : loaded 2 times (x 79B)
Class [Lorg.jetbrains.kotlin.serialization.deserialization.descriptors.DeserializedContainerAbiStability;: loaded 2 times (x 69B)
Class kotlin.sequences.SequencesKt__SequencesKt$generateSequence$2                    : loaded 2 times (x 79B)
Class org.jetbrains.kotlin.resolve.jvm.platform.JavaGenericVarianceViolationTypeChecker: loaded 2 times (x 76B)
Class [Lorg.jetbrains.kotlin.config.LanguageFeature;                                  : loaded 2 times (x 69B)
Class org.jetbrains.kotlin.diagnostics.PositioningStrategies$FUN_INTERFACE$1          : loaded 2 times (x 74B)
Class org.jetbrains.kotlin.diagnostics.PositioningStrategies$PARAMETER_VARARG_MODIFIER$1: loaded 2 times (x 74B)
Class org.jetbrains.kotlin.psi.KtScript                                               : loaded 2 times (x 917B)
Class org.jetbrains.kotlin.psi.stubs.KotlinValueArgumentStub                          : loaded 2 times (x 70B)
Class [Lorg.jetbrains.kotlin.psi.KtModifierList;                                      : loaded 2 times (x 69B)
Class org.jetbrains.kotlin.psi.KtDeclarationModifierList                              : loaded 2 times (x 510B)
Class org.jetbrains.kotlin.psi.KtTypeParameter                                        : loaded 2 times (x 915B)
Class org.jetbrains.kotlin.resolve.jvm.modules.JavaModule$Root                        : loaded 2 times (x 72B)
Class org.jetbrains.kotlin.scripting.definitions.ScriptiDefinitionsFromClasspathDiscoverySourceKt: loaded 2 times (x 71B)
Class kotlin.reflect.jvm.internal.impl.builtins.functions.FunctionTypeKind            : loaded 2 times (x 72B)
Class [Lorg.jetbrains.kotlin.extensions.CompilerConfigurationExtension;               : loaded 2 times (x 69B)
Class kotlin.text.StringsKt__StringsKt$rangesDelimitedBy$1                            : loaded 2 times (x 79B)
Class kotlin.sequences.SequencesKt___SequencesJvmKt$filterIsInstance$1                : loaded 2 times (x 79B)
Class kotlin._Assertions                                                              : loaded 2 times (x 71B)
Class kotlin.text.Regex$Companion                                                     : loaded 2 times (x 71B)
Class com.android.utils.Pair                                                          : loaded 2 times (x 72B)
Class com.google.common.reflect.Invokable                                             : loaded 2 times (x 103B)
Class com.google.common.collect.MapMaker$Dummy                                        : loaded 2 times (x 79B)
Class org.objectweb.asm.FieldWriter                                                   : loaded 2 times (x 78B)
Class com.google.common.cache.CacheBuilder$NullListener                               : loaded 2 times (x 82B)
Class org.gradle.internal.classpath.TransformedClassPath                              : loaded 2 times (x 96B)
Class com.google.common.cache.LocalCache$Values                                       : loaded 2 times (x 118B)
Class kotlin.text.StringsKt__StringsKt$rangesDelimitedBy$2                            : loaded 2 times (x 79B)
Class com.google.protobuf.AbstractParser                                              : loaded 2 times (x 150B)
Class com.google.common.collect.Tables$AbstractCell                                   : loaded 2 times (x 81B)
Class com.android.resources.ResourceUrl                                               : loaded 2 times (x 79B)
Class org.jetbrains.kotlin.cfg.UnreachableCode                                        : loaded 2 times (x 70B)
Class org.jetbrains.kotlin.cfg.ControlFlowProcessor$CFPVisitor$getDeferredValue$1     : loaded 2 times (x 79B)
Class org.jetbrains.kotlin.resolve.deprecation.DeprecatedByAnnotation$Companion       : loaded 2 times (x 71B)
Class org.jetbrains.kotlin.types.expressions.FunctionsTypingVisitorKt                 : loaded 2 times (x 71B)
Class org.jetbrains.kotlin.contracts.model.structure.ESAnyType                        : loaded 2 times (x 72B)
Class org.jetbrains.kotlin.resolve.calls.inference.model.ExpectedTypeConstraintPosition: loaded 2 times (x 72B)
Class org.jetbrains.kotlin.resolve.constants.KClassValue$Value$LocalClass             : loaded 2 times (x 72B)
Class org.jetbrains.kotlin.load.java.typeEnhancement.NotNullTypeParameterImpl         : loaded 2 times (x 100B)
Class org.jetbrains.kotlin.load.kotlin.JvmTypeFactoryImpl$WhenMappings                : loaded 2 times (x 71B)
Class org.jetbrains.kotlin.resolve.calls.model.ResolvedCallArgument$DefaultArgument   : loaded 2 times (x 72B)
Class org.jetbrains.kotlin.resolve.calls.inference.BuilderInferenceUtilKt             : loaded 2 times (x 71B)
Class org.jetbrains.kotlin.resolve.constants.evaluate.ConstantExpressionEvaluatorVisitor: loaded 2 times (x 192B)
Class [Lorg.jetbrains.kotlin.load.java.descriptors.JavaMethodDescriptor$ParameterNamesStatus;: loaded 2 times (x 69B)
Class org.jetbrains.kotlin.scripting.resolve.LazyScriptDescriptor$scriptProvidedProperties$1: loaded 2 times (x 79B)
Class org.jetbrains.kotlin.load.java.structure.impl.JavaModifierListOwnerImpl         : loaded 2 times (x 70B)
Class org.jetbrains.kotlin.descriptors.annotations.CompositeAnnotations               : loaded 2 times (x 86B)
Class org.jetbrains.org.objectweb.asm.tree.FieldInsnNode                              : loaded 2 times (x 79B)
Class com.google.common.reflect.TypeCapture                                           : loaded 2 times (x 71B)
Class org.jetbrains.kotlin.resolve.scopes.LexicalScope$DefaultImpls                   : loaded 2 times (x 71B)
Class org.jetbrains.kotlin.metadata.jvm.JvmProtoBuf$StringTableTypes$RecordOrBuilder  : loaded 2 times (x 70B)
Class com.google.common.collect.LinkedHashMultimap$ValueSet                           : loaded 2 times (x 142B)
Class org.jetbrains.kotlin.synthetic.SamAdapterFunctionsScope$samConstructorForTypeAliasConstructor$1: loaded 2 times (x 79B)
Class org.jetbrains.kotlin.resolve.jvm.checkers.JavaNullabilityChecker$Companion$typeCheckerForEnhancedTypes$1: loaded 2 times (x 73B)
Class org.jetbrains.kotlin.resolve.ControlFlowAnalyzer                                : loaded 2 times (x 73B)
Class org.jetbrains.kotlin.resolve.calls.model.PostponedResolvedAtom                  : loaded 2 times (x 85B)
Class org.jetbrains.kotlin.resolve.calls.components.CallableReferenceArgumentResolver : loaded 2 times (x 72B)
Class org.jetbrains.kotlin.resolve.constants.CompileTimeConstant                      : loaded 2 times (x 70B)
Class org.jetbrains.kotlin.resolve.DeclarationsCheckerBuilder                         : loaded 2 times (x 72B)
Class org.jetbrains.kotlin.resolve.checkers.OptInUsageChecker$Overrides               : loaded 2 times (x 75B)
Class org.jetbrains.kotlin.container.ComponentState                                   : loaded 2 times (x 79B)
Class org.jetbrains.kotlin.frontend.di.InjectionKt                                    : loaded 2 times (x 71B)
Class org.jetbrains.kotlin.descriptors.DescriptorVisibilities$8                       : loaded 2 times (x 79B)
Class org.jetbrains.kotlin.renderer.DescriptorRenderer$Companion$DEBUG_TEXT$1         : loaded 2 times (x 78B)
Class org.jetbrains.kotlin.renderer.DescriptorRenderer$Companion$SHORT_NAMES_IN_TYPES$1: loaded 2 times (x 78B)
Class [Lorg.jetbrains.kotlin.renderer.ParameterNameRenderingPolicy;                   : loaded 2 times (x 69B)
Class com.android.utils.PositionXmlParser                                             : loaded 2 times (x 71B)
Class com.google.common.primitives.Longs$LongConverter                                : loaded 2 times (x 90B)
Class org.jetbrains.kotlin.metadata.ProtoBuf$MemberKind$1                             : loaded 2 times (x 74B)
Class com.android.utils.ILogger                                                       : loaded 2 times (x 70B)
Class org.jetbrains.kotlin.builtins.PrimitiveType$typeFqName$2                        : loaded 2 times (x 79B)
Class org.jetbrains.kotlin.builtins.StandardNames                                     : loaded 2 times (x 71B)
Class org.jetbrains.kotlin.container.ComponentDescriptor                              : loaded 2 times (x 70B)
Class com.android.utils.NullLogger                                                    : loaded 2 times (x 85B)
Class org.jetbrains.kotlin.psi.KtFunctionNotStubbed                                   : loaded 2 times (x 1195B)
Class it.unimi.dsi.fastutil.longs.LongSet                                             : loaded 2 times (x 70B)
Class [Lorg.jetbrains.kotlin.psi.KtTypeParameterListOwnerStub;                        : loaded 2 times (x 69B)
Class org.jetbrains.kotlin.storage.StorageManager                                     : loaded 2 times (x 70B)
Class org.jetbrains.kotlin.cli.common.config.KotlinSourceRoot                         : loaded 2 times (x 72B)
Class kotlin.script.experimental.api.ScriptEvaluationKt                               : loaded 2 times (x 71B)
Class kotlin.reflect.jvm.internal.impl.name.StandardClassIds                          : loaded 2 times (x 71B)
Class org.jetbrains.kotlin.scripting.definitions.ScriptCompilationConfigurationFromDefinition$1: loaded 2 times (x 79B)
Class kotlin.reflect.jvm.internal.KClassImpl$data$1                                   : loaded 2 times (x 79B)
Class kotlin.script.experimental.util.PropertiesCollection$Key                        : loaded 2 times (x 72B)
Class kotlin.script.experimental.jvm.JvmScriptingHostConfigurationKt$baseClassLoader$2: loaded 2 times (x 78B)
Class kotlin.reflect.jvm.internal.KPropertyImpl$_javaField$1                          : loaded 2 times (x 79B)
Class org.jetbrains.kotlin.backend.jvm.extensions.ClassGeneratorExtension$Companion   : loaded 2 times (x 72B)
Class org.jetbrains.kotlin.cli.common.environment.UtilKt                              : loaded 2 times (x 71B)
Class [Lkotlin.coroutines.intrinsics.CoroutineSingletons;                             : loaded 2 times (x 69B)
Class it.unimi.dsi.fastutil.objects.ReferenceCollection                               : loaded 2 times (x 70B)
Class kotlin.enums.EnumEntriesList                                                    : loaded 2 times (x 223B)
Class com.android.tools.lint.model.DefaultLintModelArtifact                           : loaded 2 times (x 82B)
Class kotlin.jvm.internal.FunctionReference                                           : loaded 2 times (x 122B)
Class kotlin.jvm.internal.FunctionBase                                                : loaded 2 times (x 70B)
Class com.google.common.collect.Maps$IteratorBasedAbstractMap$1                       : loaded 2 times (x 138B)
Class [Lorg.jetbrains.org.objectweb.asm.SymbolTable$Entry;                            : loaded 2 times (x 69B)
Class com.google.common.cache.CacheLoader$FunctionToCacheLoader                       : loaded 2 times (x 75B)
Class kotlin.sequences.TransformingSequence                                           : loaded 2 times (x 75B)
Class com.google.protobuf.UnsafeUtil$MemoryAccessor                                   : loaded 2 times (x 91B)
Class com.google.protobuf.GeneratedMessage$GeneratedExtension                         : loaded 2 times (x 87B)
Class it.unimi.dsi.fastutil.objects.ReferenceSet                                      : loaded 2 times (x 70B)
Class org.jetbrains.kotlin.extensions.internal.CandidateInterceptor                   : loaded 2 times (x 72B)
Class org.jetbrains.kotlin.resolve.constants.FloatValue                               : loaded 2 times (x 76B)
Class org.jetbrains.kotlin.descriptors.EffectiveVisibility$Public                     : loaded 2 times (x 75B)
Class com.google.common.collect.ImmutableMapEntry$NonTerminalImmutableBiMapEntry      : loaded 2 times (x 85B)
Class org.jetbrains.kotlin.contracts.model.structure.CallComputation                  : loaded 2 times (x 76B)
Class org.jetbrains.kotlin.types.TypeApproximatorConfiguration$FinalApproximationAfterResolutionAndInference: loaded 2 times (x 87B)
Class org.jetbrains.kotlin.resolve.calls.inference.model.NewConstraintSystemImpl$isProperTypeImpl$1: loaded 2 times (x 79B)
Class org.jetbrains.kotlin.types.checker.ClassicTypeSystemContext$substitutionSupertypePolicy$2: loaded 2 times (x 73B)
Class org.jetbrains.kotlin.protobuf.GeneratedMessageLite$ExtendableBuilder            : loaded 2 times (x 139B)
Class org.jetbrains.kotlin.resolve.calls.tower.ErrorCandidateContext                  : loaded 2 times (x 72B)
Class org.jetbrains.kotlin.descriptors.annotations.AnnotationsImpl                    : loaded 2 times (x 86B)
Class org.jetbrains.kotlin.load.java.structure.impl.JavaAnnotationImpl                : loaded 2 times (x 99B)
Class org.jetbrains.kotlin.load.java.lazy.descriptors.JavaDescriptorUtilKt            : loaded 2 times (x 71B)
Class [Lorg.jetbrains.kotlin.resolve.calls.results.OverloadResolutionResults$Code;    : loaded 2 times (x 69B)
Class org.jetbrains.kotlin.resolve.calls.components.CompletedCallInfo                 : loaded 2 times (x 70B)
Class org.jetbrains.kotlin.resolve.calls.tower.EmptyLabeledReturn                     : loaded 2 times (x 85B)
Class org.jetbrains.kotlin.resolve.calls.components.CheckCallableReference            : loaded 2 times (x 73B)
Class kotlin.script.experimental.dependencies.DependenciesResolver                    : loaded 2 times (x 70B)
Class [Lorg.jetbrains.kotlin.psi.KtDeclarationWithBody;                               : loaded 2 times (x 69B)
Class org.jetbrains.kotlin.metadata.jvm.JvmProtoBuf$StringTableTypes                  : loaded 2 times (x 110B)
Class javaslang.collection.HashArrayMappedTrieModule$LeafNode                         : loaded 2 times (x 104B)
Class [Lorg.jetbrains.kotlin.descriptors.deserialization.ClassDescriptorFactory;      : loaded 2 times (x 69B)
Class org.jetbrains.kotlin.serialization.deserialization.descriptors.DeserializedClassDescriptor$DeserializedClassTypeConstructor: loaded 2 times (x 99B)
Class org.jetbrains.kotlin.resolve.lazy.descriptors.LazyAnnotations                   : loaded 2 times (x 89B)
Class org.jetbrains.kotlin.resolve.calls.components.candidate.CallableReferenceResolutionCandidate: loaded 2 times (x 94B)
Class org.jetbrains.kotlin.resolve.calls.tower.NewResolutionOldInference$ResolutionKind: loaded 2 times (x 72B)
Class org.jetbrains.kotlin.config.AnalysisFlags$explicitApiMode$2                     : loaded 2 times (x 127B)
Class org.jetbrains.kotlin.descriptors.PackageFragmentProviderOptimized               : loaded 2 times (x 70B)
Class org.jetbrains.kotlin.descriptors.DescriptorVisibilities$9                       : loaded 2 times (x 79B)
Class org.jetbrains.kotlin.renderer.ClassifierNamePolicy$FULLY_QUALIFIED              : loaded 2 times (x 74B)
Class org.jetbrains.kotlin.builtins.jvm.JvmBuiltInClassDescriptorFactory$Companion    : loaded 2 times (x 71B)
Class org.jetbrains.kotlin.resolve.diagnostics.Diagnostics                            : loaded 2 times (x 70B)
Class org.jetbrains.kotlin.resolve.BindingTraceFilter$Companion                       : loaded 2 times (x 71B)
Class org.jetbrains.kotlin.resolve.ModuleAnnotationsResolver$Companion                : loaded 2 times (x 71B)
Class org.jetbrains.kotlin.container.DynamicComponentDescriptor                       : loaded 2 times (x 74B)
Class [Lorg.jetbrains.kotlin.psi.KtValVarKeywordOwner;                                : loaded 2 times (x 69B)
Class org.jetbrains.kotlin.diagnostics.PositioningStrategies                          : loaded 2 times (x 71B)
Class org.jetbrains.kotlin.resolve.jvm.checkers.ProtectedInSuperClassCompanionCallChecker: loaded 2 times (x 74B)
Class org.jetbrains.kotlin.resolve.jvm.checkers.DefaultCheckerInTailrec               : loaded 2 times (x 74B)
Class org.jetbrains.kotlin.descriptors.annotations.AnnotationUseSiteTarget            : loaded 2 times (x 79B)
Class org.jetbrains.kotlin.resolve.jvm.checkers.StrictfpApplicabilityChecker          : loaded 2 times (x 74B)
Class [Lorg.jetbrains.kotlin.psi.KtClassLiteralExpression;                            : loaded 2 times (x 69B)
Class org.jetbrains.kotlin.psi.KtSuperTypeEntry                                       : loaded 2 times (x 445B)
Class org.jetbrains.kotlin.psi.stubs.elements.KtTypeProjectionElementType             : loaded 2 times (x 103B)
Class org.jetbrains.kotlin.psi.KtSimpleNameExpression                                 : loaded 2 times (x 70B)
Class org.jetbrains.kotlin.psi.KtTypeReference                                        : loaded 2 times (x 642B)
Class [Lorg.jetbrains.kotlin.psi.KtImportList;                                        : loaded 2 times (x 69B)
Class org.jetbrains.kotlin.psi.stubs.KotlinClassStub                                  : loaded 2 times (x 70B)
Class org.jetbrains.kotlin.psi.stubs.elements.KtPlaceHolderStubElementType            : loaded 2 times (x 103B)
Class kotlin.collections.builders.ListBuilder$Companion                               : loaded 2 times (x 71B)
Class kotlin.collections.builders.ListBuilder                                         : loaded 2 times (x 207B)
Class kotlin.reflect.jvm.internal.impl.name.FqNamesUtilKt                             : loaded 2 times (x 71B)
Class kotlin.reflect.jvm.internal.impl.name.StandardClassIdsKt                        : loaded 2 times (x 71B)
Class org.jetbrains.kotlin.scripting.compiler.plugin.ScriptingCompilerConfigurationComponentRegistrar$registerProjectComponents$hostConfiguration$1: loaded 2 times (x 78B)
Class kotlin.script.experimental.host.ScriptingHostConfigurationKeys                  : loaded 2 times (x 70B)
Class org.jetbrains.kotlin.cli.jvm.config.JavaSourceRoot                              : loaded 2 times (x 77B)
Class kotlin.collections.CollectionsKt__IteratorsJVMKt                                : loaded 2 times (x 71B)
Class kotlin.comparisons.ComparisonsKt___ComparisonsJvmKt                             : loaded 2 times (x 71B)
Class com.google.gson.stream.JsonWriter                                               : loaded 2 times (x 98B)
Class com.google.protobuf.ByteString$ByteIterator                                     : loaded 2 times (x 70B)
Class org.jetbrains.kotlin.descriptors.EffectiveVisibility$Permissiveness             : loaded 2 times (x 79B)
Class org.jetbrains.kotlin.cfg.variable.BlockScopeVariableInfo                        : loaded 2 times (x 70B)
Class org.jetbrains.kotlin.load.java.lazy.descriptors.LazyJavaStaticClassScope$computeNonDeclaredProperties$propertiesFromSupertypes$1: loaded 2 times (x 79B)
Class org.jetbrains.kotlin.contracts.EffectSystem$getContextInfoWhen$$inlined$filterIsInstance$1: loaded 2 times (x 78B)
Class org.jetbrains.kotlin.resolve.diagnostics.DiagnosticsElementsCache               : loaded 2 times (x 73B)
Class org.jetbrains.kotlin.resolve.constants.IntValue                                 : loaded 2 times (x 76B)
Class org.jetbrains.kotlin.resolve.jvm.RuntimeAssertionInfo$Companion                 : loaded 2 times (x 71B)
Class org.jetbrains.kotlin.resolve.calls.components.SamTypeConversions                : loaded 2 times (x 77B)
Class org.jetbrains.kotlin.resolve.calls.inference.DescriptorRelatedInferenceUtilsKt  : loaded 2 times (x 71B)
Class org.jetbrains.kotlin.resolve.constants.CompileTimeConstant$Parameters           : loaded 2 times (x 71B)
Class org.jetbrains.kotlin.resolve.calls.components.CheckIncompatibleTypeVariableUpperBounds: loaded 2 times (x 73B)
Class org.jetbrains.kotlin.util.TypeRegistry$getId$1                                  : loaded 2 times (x 79B)
Class org.jetbrains.kotlin.cli.jvm.compiler.KotlinCliJavaFileManagerImpl$WhenMappings : loaded 2 times (x 71B)
Class org.jetbrains.kotlin.metadata.jvm.JvmProtoBuf$StringTableTypes$1                : loaded 2 times (x 144B)
Class org.jetbrains.kotlin.load.java.structure.impl.source.JavaElementPsiSource       : loaded 2 times (x 73B)
Class org.jetbrains.kotlin.load.java.structure.impl.JavaElementImpl                   : loaded 2 times (x 85B)
Class org.jetbrains.kotlin.resolve.lazy.declarations.PsiBasedClassMemberDeclarationProvider: loaded 2 times (x 112B)
Class [Lorg.jetbrains.kotlin.psi.KtCallElement;                                       : loaded 2 times (x 69B)
Class org.jetbrains.kotlin.load.kotlin.JavaClassDataFinder                            : loaded 2 times (x 75B)
Class org.jetbrains.kotlin.load.java.lazy.LazyJavaPackageFragmentProvider             : loaded 2 times (x 80B)
Class org.jetbrains.kotlin.load.kotlin.DeserializationComponentsForJava               : loaded 2 times (x 72B)
Class org.jetbrains.kotlin.serialization.deserialization.KotlinMetadataFinder         : loaded 2 times (x 70B)
Class org.jetbrains.kotlin.config.AnalysisFlags$muteExpectActualClassesWarning$2      : loaded 2 times (x 127B)
Class org.jetbrains.kotlin.config.AnalysisFlags$multiPlatformDoNotCheckActual$2       : loaded 2 times (x 127B)
Class org.jetbrains.kotlin.descriptors.PackageFragmentProviderImpl                    : loaded 2 times (x 80B)
Class org.jetbrains.kotlin.serialization.deserialization.DeserializedPackageFragmentImpl$classDataFinder$1: loaded 2 times (x 79B)
Class kotlin.collections.builders.ListBuilder$Itr                                     : loaded 2 times (x 94B)
Class org.jetbrains.kotlin.resolve.jvm.platform.JvmPlatformConfigurator               : loaded 2 times (x 80B)
Class org.jetbrains.kotlin.psi.psiUtil.PsiUtilsKt$siblings$1$iterator$1               : loaded 2 times (x 79B)
Class org.jetbrains.kotlin.serialization.deserialization.ClassData                    : loaded 2 times (x 72B)
Class org.jetbrains.kotlin.metadata.ProtoBuf$PropertyOrBuilder                        : loaded 2 times (x 70B)
Class org.jetbrains.kotlin.metadata.ProtoBuf$Constructor$1                            : loaded 2 times (x 144B)
Class org.jetbrains.kotlin.resolve.calls.checkers.CallableReferenceCompatibilityChecker: loaded 2 times (x 74B)
Class org.jetbrains.kotlin.resolve.jvm.checkers.SynchronizedAnnotationOnLambdaChecker : loaded 2 times (x 74B)
Class org.jetbrains.kotlin.resolve.jvm.checkers.JvmMultifileClassStateChecker         : loaded 2 times (x 74B)
Class [Lorg.jetbrains.kotlin.lexer.KtKeywordToken;                                    : loaded 2 times (x 69B)
Class org.jetbrains.kotlin.cli.jvm.index.JvmDependenciesIndex                         : loaded 2 times (x 70B)
Class org.jetbrains.kotlin.utils.CollectionsKt                                        : loaded 2 times (x 71B)
Class org.jetbrains.kotlin.storage.CacheWithNotNullValues                             : loaded 2 times (x 70B)
Class kotlin.reflect.KProperty0                                                       : loaded 2 times (x 70B)
Class kotlin.Result                                                                   : loaded 2 times (x 72B)
Class org.jetbrains.kotlin.container.InvalidCardinalityException                      : loaded 2 times (x 82B)
Class it.unimi.dsi.fastutil.ints.IntCollection                                        : loaded 2 times (x 70B)
Class com.google.common.base.Splitter$5                                               : loaded 2 times (x 80B)
Class org.jetbrains.kotlin.protobuf.ByteString$Output                                 : loaded 2 times (x 86B)
Class org.jetbrains.org.objectweb.asm.tree.LabelNode                                  : loaded 2 times (x 80B)
Class org.gradle.internal.service.ServiceLocator                                      : loaded 2 times (x 70B)
Class org.jetbrains.kotlin.metadata.ProtoBuf$StringTable                              : loaded 2 times (x 108B)
Class jdk.internal.jrtfs.JrtFileSystem$1                                              : loaded 2 times (x 107B)
Class org.jetbrains.kotlin.protobuf.UnmodifiableLazyStringList                        : loaded 2 times (x 277B)
Class [Lcom.android.resources.ResourceUrl$UrlType;                                    : loaded 2 times (x 69B)
Class org.jetbrains.kotlin.builtins.functions.FunctionInvokeDescriptor$Factory        : loaded 2 times (x 71B)
Class org.jetbrains.kotlin.cfg.BreakableBlockInfo                                     : loaded 2 times (x 73B)
Class org.jetbrains.kotlin.load.java.BuiltinMethodsWithDifferentJvmName$isBuiltinFunctionWithDifferentNameInJvm$1: loaded 2 times (x 79B)
Class org.jetbrains.kotlin.resolve.calls.checkers.RttiExpressionInformation           : loaded 2 times (x 72B)
Class org.jetbrains.kotlin.resolve.calls.inference.model.NewConstraintSystemImpl$containsOnlyFixedVariables$1: loaded 2 times (x 79B)
Class org.jetbrains.kotlin.descriptors.deserialization.PlatformDependentDeclarationFilter$All: loaded 2 times (x 74B)
Class org.jetbrains.kotlin.resolve.calls.inference.components.VariableFixationFinder$isProperType$1$1: loaded 2 times (x 79B)
Class org.jetbrains.kotlin.load.java.lazy.descriptors.LazyJavaAnnotationDescriptor$type$2: loaded 2 times (x 79B)
Class org.jetbrains.kotlin.resolve.calls.results.OverloadResolutionResults$Code       : loaded 2 times (x 79B)
Class org.jetbrains.kotlin.resolve.calls.tower.CallInfo                               : loaded 2 times (x 73B)
Class org.jetbrains.kotlin.resolve.calls.components.KotlinCallCompleter$WhenMappings  : loaded 2 times (x 71B)
Class org.jetbrains.kotlin.util.ReturnsCheck$ReturnsBoolean                           : loaded 2 times (x 80B)
Class org.jetbrains.kotlin.resolve.diagnostics.KotlinSuppressCache$filter$1           : loaded 2 times (x 79B)
Class org.jetbrains.kotlin.types.StubTypeForBuilderInference                          : loaded 2 times (x 96B)
Class org.jetbrains.kotlin.types.AnnotationsTypeAttributeKt                           : loaded 2 times (x 71B)
Class org.jetbrains.kotlin.load.kotlin.header.ReadKotlinClassHeaderAnnotationVisitor$CollectStringArrayAnnotationVisitor: loaded 2 times (x 85B)
Class org.jetbrains.kotlin.load.java.lazy.descriptors.LazyJavaPackageFragment$partToFacade$2: loaded 2 times (x 79B)
Class org.jetbrains.kotlin.resolve.lazy.ExplicitImportsIndexed$nameToDirectives$1     : loaded 2 times (x 79B)
Class [Lorg.jetbrains.kotlin.util.slicedMap.WritableSlice;                            : loaded 2 times (x 69B)
Class org.jetbrains.kotlin.resolve.scopes.StaticScopeForKotlinEnum                    : loaded 2 times (x 100B)
Class org.jetbrains.kotlin.resolve.calls.tower.NewResolutionOldInference              : loaded 2 times (x 72B)
Class org.jetbrains.kotlin.resolve.scopes.receivers.DetailedReceiver                  : loaded 2 times (x 70B)
Class org.jetbrains.kotlin.types.model.TypeSystemInferenceExtensionContext            : loaded 2 times (x 70B)
Class org.jetbrains.kotlin.resolve.calls.components.KotlinResolutionStatelessCallbacks: loaded 2 times (x 70B)
Class org.jetbrains.kotlin.resolve.PlatformAnnotationFeaturesSupport                  : loaded 2 times (x 70B)
Class org.jetbrains.kotlin.config.AnalysisFlags$extendedCompilerChecks$2              : loaded 2 times (x 127B)
Class org.jetbrains.kotlin.protobuf.GeneratedMessageLite$ExtendableMessage$ExtensionWriter: loaded 2 times (x 73B)
Class org.jetbrains.kotlin.builtins.BuiltInsPackageFragment                           : loaded 2 times (x 70B)
Class org.jetbrains.kotlin.descriptors.annotations.Annotations$Companion$EMPTY$1      : loaded 2 times (x 85B)
Class org.jetbrains.kotlin.resolve.checkers.VolatileAnnotationChecker                 : loaded 2 times (x 74B)
Class org.jetbrains.kotlin.diagnostics.PositioningStrategies$NAME_IDENTIFIER$1        : loaded 2 times (x 74B)
Class org.jetbrains.kotlin.resolve.jvm.checkers.JvmAnnotationsTargetNonExistentAccessorChecker: loaded 2 times (x 74B)
Class org.jetbrains.kotlin.storage.LockBasedStorageManager$LockBasedLazyValueWithPostCompute: loaded 2 times (x 87B)
Class org.jetbrains.kotlin.psi.stubs.elements.KtClassLiteralExpressionElementType     : loaded 2 times (x 100B)
Class org.jetbrains.kotlin.psi.KtSuperTypeListEntry                                   : loaded 2 times (x 445B)
Class [Lorg.jetbrains.kotlin.psi.KtContractEffectList;                                : loaded 2 times (x 69B)
Class [Lorg.jetbrains.kotlin.psi.KtReferenceExpression;                               : loaded 2 times (x 69B)
Class org.jetbrains.kotlin.psi.KtParameterList                                        : loaded 2 times (x 454B)
Class kotlin.reflect.KClass                                                           : loaded 2 times (x 70B)
Class kotlin.reflect.KProperty1                                                       : loaded 2 times (x 70B)
Class kotlin.Pair                                                                     : loaded 2 times (x 72B)
Class com.android.tools.lint.model.LintModelModuleType                                : loaded 2 times (x 79B)
Class kotlin.sequences.TransformingSequence$iterator$1                                : loaded 2 times (x 79B)
Class [Lkotlin.Function;                                                              : loaded 2 times (x 69B)
Class com.google.common.base.Ascii                                                    : loaded 2 times (x 71B)
Class com.google.common.cache.LocalCache$1                                            : loaded 2 times (x 89B)
Class com.google.protobuf.UnsafeUtil$1                                                : loaded 2 times (x 76B)
Class org.jetbrains.kotlin.storage.LockBasedStorageManager$CacheWithNotNullValuesBasedOnMemoizedFunction: loaded 2 times (x 89B)
Class org.jetbrains.kotlin.serialization.deserialization.descriptors.DeserializedMemberScope$classifierNamesLazy$2: loaded 2 times (x 79B)
Class org.jetbrains.kotlin.descriptors.DescriptorPsiUtilsKt                           : loaded 2 times (x 71B)
Class org.jetbrains.kotlin.cfg.ControlFlowInformationProviderImpl$markAnnotationArguments$1$2: loaded 2 times (x 79B)
Class org.jetbrains.kotlin.descriptors.EffectiveVisibility                            : loaded 2 times (x 75B)
Class org.jetbrains.kotlin.resolve.deprecation.DeprecatedByAnnotation                 : loaded 2 times (x 82B)
Class org.jetbrains.kotlin.resolve.scopes.GivenFunctionsMemberScope$createFakeOverrides$4: loaded 2 times (x 77B)
Class org.jetbrains.kotlin.types.typeUtil.TypeUtilsKt$shouldBeUpdated$1               : loaded 2 times (x 78B)
Class org.jetbrains.kotlin.contracts.model.structure.ESNullableNothingType            : loaded 2 times (x 72B)
Class org.jetbrains.kotlin.types.TypeApproximatorConfiguration$IntersectionStrategy   : loaded 2 times (x 79B)
Class org.jetbrains.kotlin.load.kotlin.JvmType$Object                                 : loaded 2 times (x 72B)
Class org.jetbrains.kotlin.resolve.constants.ArrayValue                               : loaded 2 times (x 76B)
Class org.jetbrains.kotlin.resolve.calls.inference.model.MutableConstraintStorage     : loaded 2 times (x 89B)
Class org.jetbrains.kotlin.resolve.scopes.utils.LexicalScopeWrapper                   : loaded 2 times (x 93B)
Class org.jetbrains.kotlin.types.KotlinTypeKt                                         : loaded 2 times (x 71B)
Class kotlin.collections.CollectionsKt___CollectionsKt$withIndex$1                    : loaded 2 times (x 79B)
Class org.jetbrains.kotlin.load.java.lazy.ContextKt$childForClassOrPackage$1          : loaded 2 times (x 79B)
Class org.jetbrains.kotlin.resolve.lazy.ExplicitImportsIndexed                        : loaded 2 times (x 73B)
Class org.jetbrains.kotlin.resolve.scopes.receivers.PackageQualifier                  : loaded 2 times (x 85B)
Class org.jetbrains.kotlin.resolve.jvm.checkers.InterfaceDefaultMethodCallChecker     : loaded 2 times (x 75B)
Class org.jetbrains.kotlin.resolve.lazy.DeclarationScopeProviderImpl                  : loaded 2 times (x 78B)
Class org.jetbrains.kotlin.load.java.lazy.LazyJavaResolverContext                     : loaded 2 times (x 72B)
Class org.jetbrains.kotlin.resolve.scopes.StaticScopeForKotlinEnum$functions$2        : loaded 2 times (x 79B)
Class org.jetbrains.kotlin.resolve.calls.context.CheckArgumentTypesMode               : loaded 2 times (x 79B)
Class org.jetbrains.kotlin.resolve.lazy.FileScopeProvider                             : loaded 2 times (x 70B)
Class org.jetbrains.kotlin.types.model.DefinitelyNotNullTypeMarker                    : loaded 2 times (x 70B)
Class org.jetbrains.kotlin.descriptors.ValueParameterDescriptor                       : loaded 2 times (x 70B)
Class org.jetbrains.kotlin.load.java.components.JavaDeprecationSettings               : loaded 2 times (x 74B)
Class org.jetbrains.kotlin.resolve.deprecation.DeprecationSettings                    : loaded 2 times (x 70B)
Class org.jetbrains.kotlin.types.model.TypeCheckerProviderContext                     : loaded 2 times (x 70B)
Class [Lorg.jetbrains.kotlin.descriptors.ValidateableDescriptor;                      : loaded 2 times (x 69B)
Class org.jetbrains.kotlin.descriptors.CallableMemberDescriptor$CopyBuilder           : loaded 2 times (x 70B)
Class org.jetbrains.kotlin.renderer.DescriptorRenderer$Companion$COMPACT_WITH_SHORT_TYPES$1: loaded 2 times (x 78B)
Class org.jetbrains.kotlin.types.expressions.FakeCallResolver                         : loaded 2 times (x 72B)
Class org.jetbrains.kotlin.metadata.deserialization.NameResolverImpl                  : loaded 2 times (x 77B)
Class kotlin.sequences.GeneratorSequence$iterator$1                                   : loaded 2 times (x 79B)
Class org.jetbrains.kotlin.resolve.checkers.UnderscoreChecker                         : loaded 2 times (x 74B)
Class org.jetbrains.kotlin.resolve.jvm.JvmDeclarationReturnTypeSanitizer              : loaded 2 times (x 74B)
Class org.jetbrains.kotlin.resolve.sam.SamConversionResolver$Empty                    : loaded 2 times (x 74B)
Class [Lorg.jetbrains.kotlin.diagnostics.DiagnosticFactoryWithPsiElement;             : loaded 2 times (x 69B)
Class org.jetbrains.kotlin.resolve.jvm.checkers.JavaAnnotationCallChecker$Companion   : loaded 2 times (x 71B)
Class org.jetbrains.kotlin.resolve.jvm.checkers.JavaAnnotationCallChecker             : loaded 2 times (x 74B)
Class org.jetbrains.kotlin.psi.KtReturnExpression                                     : loaded 2 times (x 440B)
Class org.jetbrains.kotlin.psi.KtConstructorCalleeExpression                          : loaded 2 times (x 507B)
Class org.jetbrains.kotlin.storage.EmptySimpleLock                                    : loaded 2 times (x 75B)
Class kotlin.reflect.jvm.internal.KClassImpl$Data$qualifiedName$2                     : loaded 2 times (x 79B)
Class kotlin.reflect.KProperty2                                                       : loaded 2 times (x 70B)
Class org.jetbrains.kotlin.cli.jvm.config.JvmClasspathRoot                            : loaded 2 times (x 80B)
Class [Lorg.jetbrains.kotlin.name.FqName;                                             : loaded 2 times (x 69B)
Class kotlin.io.CloseableKt                                                           : loaded 2 times (x 71B)
Class com.android.tools.lint.model.LintModelDependency                                : loaded 2 times (x 70B)
Class kotlin.collections.CollectionsKt__MutableCollectionsKt                          : loaded 2 times (x 71B)
Class com.google.common.reflect.TypeToken$SimpleTypeToken                             : loaded 2 times (x 73B)
Class com.google.common.collect.MapMakerInternalMap$AbstractStrongKeyEntry            : loaded 2 times (x 80B)
Class com.google.common.cache.LocalCache$2                                            : loaded 2 times (x 142B)
Class com.android.utils.DateProvider$1                                                : loaded 2 times (x 75B)
Class com.google.common.collect.Tables$1                                              : loaded 2 times (x 84B)
Class com.android.ide.common.resources.DataItem                                       : loaded 2 times (x 90B)
Class [Lcom.android.resources.Density;                                                : loaded 2 times (x 69B)
Class org.jetbrains.kotlin.resolve.annotations.AnnotationUtilKt                       : loaded 2 times (x 71B)
Class [Lorg.jetbrains.kotlin.types.KotlinType;                                        : loaded 2 times (x 69B)
Class kotlin.io.TerminateException                                                    : loaded 2 times (x 82B)
Class org.jetbrains.kotlin.load.java.JavaDefaultQualifiers                            : loaded 2 times (x 72B)
Class org.jetbrains.kotlin.resolve.calls.model.KotlinCallDiagnostic                   : loaded 2 times (x 73B)
Class org.jetbrains.kotlin.resolve.calls.tower.ScopeBasedTowerLevel                   : loaded 2 times (x 82B)
Class org.jetbrains.kotlin.resolve.calls.components.TypeConversions                   : loaded 2 times (x 71B)
Class org.jetbrains.kotlin.load.java.typeEnhancement.PredefinedFunctionEnhancementInfo: loaded 2 times (x 72B)
Class org.jetbrains.kotlin.resolve.NonReportingOverrideStrategy                       : loaded 2 times (x 76B)
Class org.jetbrains.kotlin.load.java.lazy.descriptors.LazyJavaScope$functions$1       : loaded 2 times (x 79B)
Class org.jetbrains.kotlin.resolve.lazy.descriptors.AbstractLazyMemberScope$propertyDescriptors$1: loaded 2 times (x 79B)
Class org.jetbrains.kotlin.resolve.lazy.descriptors.AbstractLazyMemberScope           : loaded 2 times (x 106B)
Class org.jetbrains.kotlin.library.metadata.impl.KlibResolvedModuleDescriptorsFactoryImpl: loaded 2 times (x 76B)
Class org.jetbrains.kotlin.incremental.components.NoLookupLocation                    : loaded 2 times (x 82B)
Class org.jetbrains.kotlin.resolve.checkers.OptInUsageChecker$OptInDiagnosticReporter : loaded 2 times (x 70B)
Class org.jetbrains.kotlin.resolve.deprecation.DeprecationResolver$deprecations$1     : loaded 2 times (x 79B)
Class org.jetbrains.kotlin.resolve.calls.tower.NewAbstractResolvedCall                : loaded 2 times (x 117B)
Class kotlin.ReplaceWith                                                              : loaded 2 times (x 70B)
Class org.jetbrains.kotlin.load.java.Jsr305Settings                                   : loaded 2 times (x 72B)
Class org.jetbrains.kotlin.util.CancellationChecker                                   : loaded 2 times (x 70B)
Class org.jetbrains.kotlin.resolve.checkers.OptInUsageChecker                         : loaded 2 times (x 75B)
Class org.jetbrains.kotlin.serialization.deserialization.descriptors.DeserializedMemberScope$OptimizedImplementation$typeAliasByName$1: loaded 2 times (x 79B)
Class org.jetbrains.kotlin.serialization.deserialization.ErrorReporter                : loaded 2 times (x 70B)
Class org.jetbrains.kotlin.resolve.diagnostics.Diagnostics$Companion                  : loaded 2 times (x 71B)
Class org.jetbrains.kotlin.resolve.calls.tower.CallableReferenceKotlinCallArgumentImpl: loaded 2 times (x 95B)
Class [Lcom.android.resources.ResourceType$Kind;                                      : loaded 2 times (x 69B)
Class kotlin.io.FilesKt__FilePathComponentsKt                                         : loaded 2 times (x 71B)
Class org.jetbrains.kotlin.psi.KtPsiUtil$1                                            : loaded 2 times (x 304B)
Class org.jetbrains.kotlin.metadata.deserialization.ProtoBufUtilKt                    : loaded 2 times (x 71B)
Class org.jetbrains.kotlin.serialization.deserialization.FlexibleTypeDeserializer$ThrowException: loaded 2 times (x 74B)
Class org.jetbrains.kotlin.diagnostics.DiagnosticFactoryForDeprecation2$Companion     : loaded 2 times (x 71B)
Class it.unimi.dsi.fastutil.ints.IntSpliterator                                       : loaded 2 times (x 70B)
Class org.jetbrains.kotlin.psi.KtTypeArgumentList                                     : loaded 2 times (x 446B)
Class org.jetbrains.kotlin.psi.KtEnumEntrySuperclassReferenceExpression               : loaded 2 times (x 632B)
Class [Lorg.jetbrains.kotlin.psi.KtTypeConstraint;                                    : loaded 2 times (x 69B)
Class kotlin.reflect.jvm.internal.impl.utils.CollectionsKt                            : loaded 2 times (x 71B)
Class org.jetbrains.kotlin.cli.common.CliModuleVisibilityManagerImpl                  : loaded 2 times (x 82B)
Class kotlin.reflect.jvm.internal.CacheByClass                                        : loaded 2 times (x 73B)
Class org.jetbrains.kotlin.serialization.DescriptorSerializerPlugin$Companion         : loaded 2 times (x 72B)
Class org.jetbrains.kotlin.util.PerformanceCounter                                    : loaded 2 times (x 73B)
Class kotlin.coroutines.CoroutineContext$Element                                      : loaded 2 times (x 70B)
Class org.jetbrains.kotlin.cli.jvm.config.JvmContentRootBase                          : loaded 2 times (x 70B)
Class org.jetbrains.kotlin.resolve.calls.components.PostponedArgumentsAnalyzer$SubstitutorAndStubsForLambdaAnalysis: loaded 2 times (x 72B)
Class org.jetbrains.kotlin.descriptors.impl.AbstractTypeParameterDescriptor$1         : loaded 2 times (x 77B)
Class kotlin.reflect.KCallable                                                        : loaded 2 times (x 70B)
Class com.google.common.util.concurrent.AbstractFuture$UnsafeAtomicHelper$1           : loaded 2 times (x 76B)
Class com.google.protobuf.Descriptors$FieldDescriptor                                 : loaded 2 times (x 88B)
Class kotlin.collections.AbstractIterator                                             : loaded 2 times (x 83B)
Class org.jetbrains.kotlin.resolve.calls.model.TooManyArguments                       : loaded 2 times (x 73B)
Class org.jetbrains.kotlin.resolve.jvm.kotlinSignature.SignaturesPropagationData$TypeAndName: loaded 2 times (x 72B)
Class org.jetbrains.kotlin.serialization.deserialization.MemberDeserializer$getAnnotations$1: loaded 2 times (x 79B)
Class org.jetbrains.kotlin.codegen.signature.JvmSignatureWriter                       : loaded 2 times (x 105B)
Class kotlin.script.experimental.util.PropertiesCollection$Companion$keyCopy$1        : loaded 2 times (x 78B)
Class org.jetbrains.kotlin.resolve.VariableAsPropertyInfo$Companion                   : loaded 2 times (x 71B)
Class org.jetbrains.kotlin.utils.DFS$1                                                : loaded 2 times (x 80B)
Class org.jetbrains.kotlin.resolve.jvm.RuntimeAssertionsDataFlowExtras                : loaded 2 times (x 76B)
Class org.jetbrains.kotlin.resolve.calls.model.ArgumentMapping                        : loaded 2 times (x 70B)
Class org.jetbrains.kotlin.resolve.calls.model.ReceiverExpressionKotlinCallArgument   : loaded 2 times (x 85B)
Class javaslang.collection.IteratorModule$EmptyIterator                               : loaded 2 times (x 462B)
Class org.jetbrains.kotlin.resolve.constants.TypedCompileTimeConstant                 : loaded 2 times (x 87B)
Class org.jetbrains.kotlin.types.TypeAttributeTranslator$DefaultImpls                 : loaded 2 times (x 71B)
Class org.jetbrains.kotlin.util.Box                                                   : loaded 2 times (x 73B)
Class org.jetbrains.kotlin.types.typeUtil.TypeUtilsKt                                 : loaded 2 times (x 71B)
Class org.jetbrains.kotlin.util.slicedMap.Slices$2                                    : loaded 2 times (x 75B)
Class org.jetbrains.kotlin.resolve.lazy.LazyImportScope$getClassifier$1               : loaded 2 times (x 79B)
Class org.jetbrains.kotlin.resolve.TypeResolver$resolveTypeElement$suspendModifier$2  : loaded 2 times (x 79B)
Class org.jetbrains.kotlin.cli.jvm.compiler.CliVirtualFileFinder$findClass$1          : loaded 2 times (x 79B)
Class org.jetbrains.kotlin.load.java.lazy.descriptors.LazyJavaPackageScope$knownClassNamesInPackage$1: loaded 2 times (x 79B)
Class org.jetbrains.kotlin.cli.jvm.index.JvmDependenciesIndexImpl$FindClassRequest    : loaded 2 times (x 76B)
Class org.jetbrains.kotlin.resolve.lazy.declarations.AbstractPsiBasedDeclarationProvider$Index: loaded 2 times (x 72B)
Class javaslang.Function1                                                             : loaded 2 times (x 70B)
Class org.jetbrains.kotlin.resolve.CodeAnalyzerInitializer$Companion                  : loaded 2 times (x 71B)
Class org.jetbrains.kotlin.load.kotlin.DeserializedDescriptorResolver$Companion       : loaded 2 times (x 71B)
Class org.jetbrains.kotlin.resolve.calls.results.OverloadingConflictResolver$isTypeRefinementEnabled$2: loaded 2 times (x 79B)
Class org.jetbrains.kotlin.resolve.calls.model.ResolvedCallAtom                       : loaded 2 times (x 92B)
Class org.jetbrains.kotlin.types.TypeApproximator                                     : loaded 2 times (x 627B)
Class org.jetbrains.kotlin.load.java.JavaTypeEnhancementState$Companion$DEFAULT$1     : loaded 2 times (x 125B)
Class org.jetbrains.kotlin.load.java.components.SignaturePropagator                   : loaded 2 times (x 70B)
Class org.jetbrains.kotlin.load.kotlin.VirtualFileFinder$SERVICE                      : loaded 2 times (x 71B)
Class org.jetbrains.kotlin.resolve.calls.smartcasts.DataFlowValueFactory              : loaded 2 times (x 70B)
Class [Lorg.jetbrains.kotlin.types.error.ErrorTypeKind;                               : loaded 2 times (x 69B)
Class org.jetbrains.kotlin.renderer.KeywordStringsGenerated                           : loaded 2 times (x 71B)
Class org.jetbrains.kotlin.util.slicedMap.KeyWithSlice                                : loaded 2 times (x 78B)
Class org.jetbrains.kotlin.resolve.calls.results.FlatSignatureForResolvedCallKt$createOverloadingConflictResolver$1: loaded 2 times (x 125B)
Class kotlin.io.LinesSequence$iterator$1                                              : loaded 2 times (x 79B)
Class org.jetbrains.kotlin.psi.KtPsiUtil$2                                            : loaded 2 times (x 304B)
Class [Lorg.jetbrains.kotlin.serialization.deserialization.AnnotatedCallableKind;     : loaded 2 times (x 69B)
Class org.jetbrains.kotlin.protobuf.AbstractMessageLite$Builder                       : loaded 2 times (x 122B)
Class org.jetbrains.kotlin.protobuf.Internal$EnumLiteMap                              : loaded 2 times (x 70B)
Class org.jetbrains.kotlin.protobuf.GeneratedMessageLite                              : loaded 2 times (x 101B)
Class org.jetbrains.kotlin.diagnostics.PositioningStrategies$LABEL$1                  : loaded 2 times (x 74B)
Class org.jetbrains.kotlin.parsing.KotlinExpressionParsing                            : loaded 2 times (x 112B)
Class org.jetbrains.kotlin.psi.KtFunctionType                                         : loaded 2 times (x 513B)
Class org.jetbrains.kotlin.psi.KtConstructor                                          : loaded 2 times (x 1274B)
Class org.jetbrains.kotlin.resolve.CodeAnalyzerInitializer                            : loaded 2 times (x 70B)
Class org.jetbrains.kotlin.config.CompilerConfiguration                               : loaded 2 times (x 88B)
Class kotlin.text.CharsKt                                                             : loaded 2 times (x 71B)
Class com.android.io.CancellableFileIo                                                : loaded 2 times (x 71B)
Class org.jetbrains.kotlin.resolve.calls.inference.ConstraintSystemBuilderImpl$Companion: loaded 2 times (x 71B)
Class org.jetbrains.kotlin.cli.common.messages.MessageCollector$Companion             : loaded 2 times (x 71B)
Class org.jetbrains.org.objectweb.asm.tree.InsnList                                   : loaded 2 times (x 103B)
Class com.google.common.base.Optional                                                 : loaded 2 times (x 80B)
Class com.google.common.util.concurrent.AbstractFuture$Trusted                        : loaded 2 times (x 70B)
Class org.jetbrains.kotlin.library.metadata.NullFlexibleTypeDeserializer              : loaded 2 times (x 74B)
Class org.jetbrains.kotlin.library.metadata.impl.KlibModuleDescriptorFactoryImpl      : loaded 2 times (x 76B)
Class com.google.protobuf.Internal$EnumLite                                           : loaded 2 times (x 70B)
Class org.jetbrains.kotlin.codegen.signature.BothSignatureWriter$1                    : loaded 2 times (x 71B)
Class com.android.resources.Density                                                   : loaded 2 times (x 92B)
Class javaslang.collection.HashArrayMappedTrieModule$LeafNodeIterator                 : loaded 2 times (x 468B)
Class org.jetbrains.kotlin.cfg.variable.PseudocodeVariableDataCollector               : loaded 2 times (x 72B)
Class org.jetbrains.kotlin.cfg.pseudocode.instructions.InstructionImpl                : loaded 2 times (x 95B)
Class javaslang.control.Option$Some                                                   : loaded 2 times (x 215B)
Class org.jetbrains.kotlin.types.expressions.FunctionsTypingVisitor$computeReturnTypeBasedOnReturnExpressions$1$1: loaded 2 times (x 78B)
Class org.jetbrains.kotlin.resolve.calls.model.FunctionExpression                     : loaded 2 times (x 70B)
Class org.jetbrains.kotlin.utils.FunctionsKt$ALWAYS_TRUE$1                            : loaded 2 times (x 78B)
Class org.jetbrains.kotlin.resolve.calls.model.ExpressionValueArgument                : loaded 2 times (x 77B)
Class org.jetbrains.kotlin.resolve.calls.model.KotlinCallDiagnosticsKt                : loaded 2 times (x 71B)
Class org.jetbrains.kotlin.resolve.calls.tower.PSIFunctionKotlinCallArgument          : loaded 2 times (x 99B)
Class [Lorg.jetbrains.kotlin.psi.Call$CallType;                                       : loaded 2 times (x 69B)
Class org.jetbrains.kotlin.resolve.DelegatingBindingTrace$MyBindingContext            : loaded 2 times (x 81B)
Class org.jetbrains.kotlin.utils.DFS$AbstractNodeHandler                              : loaded 2 times (x 79B)
Class org.jetbrains.kotlin.resolve.lazy.descriptors.ClassResolutionScopesSupport$scopeForMemberDeclarationResolution$1: loaded 2 times (x 79B)
Class org.jetbrains.kotlin.util.slicedMap.Slices$SliceBuilder                         : loaded 2 times (x 74B)
Class [Lorg.jetbrains.kotlin.descriptors.PackageFragmentProviderOptimized;            : loaded 2 times (x 69B)
Class org.jetbrains.kotlin.resolve.DeclarationsChecker$Companion                      : loaded 2 times (x 71B)
Class org.jetbrains.kotlin.load.java.AnnotationQualifierApplicabilityType             : loaded 2 times (x 79B)
Class org.jetbrains.kotlin.serialization.deserialization.descriptors.DeserializedClassDescriptor$EnumEntryClassDescriptors$enumMemberNames$1: loaded 2 times (x 79B)
Class org.jetbrains.kotlin.types.expressions.ControlStructureTypingVisitor$1          : loaded 2 times (x 197B)
Class org.jetbrains.kotlin.storage.LockBasedLazyResolveStorageManager$LockProtectedTrace$record$1: loaded 2 times (x 79B)
Class org.jetbrains.kotlin.incremental.KotlinLookupLocation                           : loaded 2 times (x 75B)
Class org.jetbrains.kotlin.metadata.jvm.JvmModuleProtoBuf$ModuleOrBuilder             : loaded 2 times (x 70B)
Class org.jetbrains.kotlin.config.KotlinCompilerVersion                               : loaded 2 times (x 71B)
Class org.jetbrains.kotlin.descriptors.Visibilities$Unknown                           : loaded 2 times (x 79B)
Class org.jetbrains.kotlin.descriptors.Visibilities$Inherited                         : loaded 2 times (x 79B)
Class [Lorg.jetbrains.kotlin.renderer.AnnotationArgumentsRenderingPolicy;             : loaded 2 times (x 69B)
Class org.jetbrains.kotlin.load.java.lazy.ModuleClassResolver                         : loaded 2 times (x 70B)
Class org.jetbrains.kotlin.context.MutableModuleContextImpl                           : loaded 2 times (x 95B)
Class org.jetbrains.kotlin.resolve.BindingContext                                     : loaded 2 times (x 70B)
Class kotlin.reflect.jvm.internal.KMutableProperty1Impl                               : loaded 2 times (x 135B)
Class org.jetbrains.kotlin.serialization.deserialization.ClassDeserializer$Companion  : loaded 2 times (x 71B)
Class org.jetbrains.kotlin.protobuf.Parser                                            : loaded 2 times (x 70B)
Class org.jetbrains.kotlin.resolve.checkers.ClassifierUsageCheckerContext             : loaded 2 times (x 78B)
Class org.jetbrains.kotlin.resolve.checkers.ReservedMembersAndConstructsForValueClass$Companion: loaded 2 times (x 71B)
Class [Lorg.jetbrains.kotlin.config.LanguageFeature$Kind;                             : loaded 2 times (x 69B)
Class org.jetbrains.kotlin.config.LanguageFeature$Kind                                : loaded 2 times (x 79B)
Class org.jetbrains.kotlin.diagnostics.PositioningStrategies$CALL_ELEMENT$1           : loaded 2 times (x 74B)
Class org.jetbrains.kotlin.resolve.PlatformDependentAnalyzerServices                  : loaded 2 times (x 77B)
Class org.jetbrains.kotlin.psi.KtWhenConditionInRange                                 : loaded 2 times (x 379B)
Class org.jetbrains.kotlin.psi.KtContainerNode                                        : loaded 2 times (x 376B)
Class org.jetbrains.kotlin.psi.KtExpressionCodeFragmentType                           : loaded 2 times (x 84B)
Class org.jetbrains.kotlin.psi.stubs.KotlinImportDirectiveStub                        : loaded 2 times (x 70B)
Class org.jetbrains.kotlin.psi.stubs.elements.KtObjectElementType                     : loaded 2 times (x 104B)
Class org.jetbrains.kotlin.psi.KtBackingField                                         : loaded 2 times (x 790B)
Class kotlin.reflect.jvm.internal.impl.builtins.functions.FunctionTypeKind$SuspendFunction: loaded 2 times (x 72B)
Class org.jetbrains.kotlin.scripting.definitions.ScriptCompilationConfigurationFromDefinition: loaded 2 times (x 72B)
Class org.jetbrains.kotlin.cli.jvm.compiler.MockInferredAnnotationsManager            : loaded 2 times (x 74B)
Class org.jetbrains.kotlin.asJava.KotlinAsJavaSupport                                 : loaded 2 times (x 89B)
Class kotlin.coroutines.ContinuationInterceptor$Key                                   : loaded 2 times (x 71B)
Class kotlin.text.DelimitedRangesSequence$iterator$1                                  : loaded 2 times (x 79B)
Class com.android.tools.lint.model.DefaultLintModelLibraryResolver                    : loaded 2 times (x 76B)
Class org.jetbrains.kotlin.resolve.DescriptorFactory$DefaultClassConstructorDescriptor: loaded 2 times (x 407B)
Class net.rubygrapefruit.platform.internal.Platform$Linux32Bit                        : loaded 2 times (x 83B)
Class org.jetbrains.org.objectweb.asm.tree.MethodInsnNode                             : loaded 2 times (x 80B)
Class org.jetbrains.org.objectweb.asm.tree.MethodNode                                 : loaded 2 times (x 109B)
Class com.google.common.io.ByteSink$AsCharSink                                        : loaded 2 times (x 80B)
Class com.google.common.util.concurrent.UncheckedExecutionException                   : loaded 2 times (x 82B)
Class org.jetbrains.kotlin.codegen.DescriptorAsmUtil                                  : loaded 2 times (x 71B)
Class org.jetbrains.kotlin.resolve.AnnotationTargetLists$T_MEMBER_PROPERTY$1          : loaded 2 times (x 78B)
Class [Lorg.jetbrains.kotlin.types.UnwrappedType;                                     : loaded 2 times (x 69B)
Class kotlin.jvm.internal.Ref$IntRef                                                  : loaded 2 times (x 71B)
Class org.jetbrains.kotlin.load.java.lazy.descriptors.LazyJavaClassMemberScope$generatedNestedClassNames$1: loaded 2 times (x 79B)
Class org.jetbrains.kotlin.load.kotlin.AbstractBinaryClassAnnotationLoaderKt          : loaded 2 times (x 71B)
Class org.jetbrains.kotlin.resolve.calls.CallExpressionResolver$elementChain$1        : loaded 2 times (x 79B)
Class org.jetbrains.kotlin.load.java.typeEnhancement.TypeEnhancementKt                : loaded 2 times (x 71B)
Class org.jetbrains.kotlin.resolve.calls.model.SimpleCandidateFactory                 : loaded 2 times (x 77B)
Class org.jetbrains.kotlin.resolve.calls.smartcasts.IdentifierInfo                    : loaded 2 times (x 70B)
Class org.jetbrains.kotlin.serialization.deserialization.descriptors.DeserializedCallableMemberDescriptor: loaded 2 times (x 70B)
Class org.jetbrains.kotlin.resolve.ExternalOverridabilityCondition$Contract           : loaded 2 times (x 79B)
Class org.jetbrains.kotlin.resolve.AnnotationTargetLists$T_BACKING_FIELD$1            : loaded 2 times (x 78B)
Class org.jetbrains.kotlin.types.typeUtil.TypeUtilsKt$containsTypeAliasParameters$1   : loaded 2 times (x 78B)
Class [Lorg.jetbrains.kotlin.resolve.lazy.LazyImportScope$FilteringKind;              : loaded 2 times (x 69B)
Class org.jetbrains.kotlin.resolve.lazy.LazyImportScope$FilteringKind                 : loaded 2 times (x 79B)
Class [Lorg.jetbrains.kotlin.metadata.ProtoBuf$VersionRequirement$Level;              : loaded 2 times (x 69B)
Class org.jetbrains.kotlin.fileClasses.JvmFileClassInfo                               : loaded 2 times (x 70B)
Class javaslang.λ                                                                    : loaded 2 times (x 70B)
Class org.jetbrains.kotlin.library.metadata.KlibModuleDescriptorFactory               : loaded 2 times (x 70B)
Class org.jetbrains.kotlin.resolve.scopes.MemberScope$Companion                       : loaded 2 times (x 71B)
Class org.jetbrains.kotlin.resolve.MissingSupertypesResolver$missingClassifiers$1     : loaded 2 times (x 79B)
Class org.jetbrains.kotlin.resolve.calls.smartcasts.SmartCastResult                   : loaded 2 times (x 72B)
Class org.jetbrains.kotlin.types.expressions.DoubleColonLHS                           : loaded 2 times (x 72B)
Class org.jetbrains.kotlin.resolve.calls.tower.NewResolutionOldInference$ResolutionKind$CallableReference: loaded 2 times (x 72B)
Class org.jetbrains.kotlin.resolve.LocalVariableResolver                              : loaded 2 times (x 72B)
Class org.jetbrains.kotlin.load.java.JavaClassFinder$Request                          : loaded 2 times (x 72B)
Class org.jetbrains.kotlin.load.kotlin.KotlinClassFinder$Result                       : loaded 2 times (x 71B)
Class org.jetbrains.kotlin.load.java.JavaNullabilityAnnotationsStatus                 : loaded 2 times (x 72B)
Class org.jetbrains.kotlin.load.java.components.JavaSourceElementFactoryImpl          : loaded 2 times (x 74B)
Class org.jetbrains.kotlin.types.expressions.GenericArrayClassLiteralSupport$Enabled  : loaded 2 times (x 74B)
Class org.jetbrains.kotlin.resolve.UpperBoundChecker                                  : loaded 2 times (x 74B)
Class [Lorg.jetbrains.kotlin.descriptors.ModuleDescriptor;                            : loaded 2 times (x 69B)
Class org.jetbrains.kotlin.types.SimpleTypeImpl                                       : loaded 2 times (x 92B)
Class org.jetbrains.kotlin.builtins.jvm.JvmBuiltInsCustomizer$createMockJavaIoSerializableType$superTypes$1: loaded 2 times (x 79B)
Class org.jetbrains.kotlin.incremental.components.ExpectActualTracker                 : loaded 2 times (x 70B)
Class [Lorg.jetbrains.kotlin.resolve.calls.context.CheckArgumentTypesMode;            : loaded 2 times (x 69B)
Class org.jetbrains.kotlin.protobuf.WireFormat$JavaType                               : loaded 2 times (x 79B)
Class org.jetbrains.kotlin.resolve.checkers.SubtypingBetweenContextReceiversChecker   : loaded 2 times (x 74B)
Class org.jetbrains.kotlin.resolve.checkers.MissingDependencySupertypeChecker$ForDeclarations: loaded 2 times (x 74B)
Class org.jetbrains.kotlin.resolve.jvm.checkers.JvmNameAnnotationChecker              : loaded 2 times (x 74B)
Class org.jetbrains.kotlin.platform.jvm.JvmPlatforms                                  : loaded 2 times (x 71B)
Class org.jetbrains.kotlin.psi.stubs.KotlinClassifierStub                             : loaded 2 times (x 70B)
Class org.jetbrains.kotlin.psi.stubs.elements.KtStubElementType                       : loaded 2 times (x 100B)
Class org.jetbrains.kotlin.psi.KtFile$Companion                                       : loaded 2 times (x 71B)
Class kotlin.reflect.jvm.internal.KClassImpl$Data$declaredMembers$2                   : loaded 2 times (x 79B)
Class org.jetbrains.kotlin.load.java.structure.JavaClass                              : loaded 2 times (x 70B)
Class kotlin.script.experimental.util.PropertiesCollection$TransientKey               : loaded 2 times (x 72B)
Class org.jetbrains.kotlin.types.TypeAttributeTranslator                              : loaded 2 times (x 70B)
Class org.jetbrains.kotlin.parsing.KotlinParserDefinition$Companion                   : loaded 2 times (x 71B)
Class org.jetbrains.kotlin.resolve.constants.EnumValue                                : loaded 2 times (x 76B)
Class com.android.tools.lint.model.LintModelModuleLoader                              : loaded 2 times (x 70B)
Class org.jetbrains.kotlin.load.java.descriptors.JavaClassConstructorDescriptor       : loaded 2 times (x 442B)
Class net.rubygrapefruit.platform.Native                                              : loaded 2 times (x 71B)
Class net.rubygrapefruit.platform.NativeIntegration                                   : loaded 2 times (x 70B)
Class org.jetbrains.org.objectweb.asm.ClassTooLargeException                          : loaded 2 times (x 83B)
Class org.gradle.internal.InternalTransformer                                         : loaded 2 times (x 70B)
Class org.jetbrains.kotlin.resolve.calls.tower.InvokeTowerProcessor                   : loaded 2 times (x 80B)
Class com.google.protobuf.UnsafeUtil$Android32MemoryAccessor                          : loaded 2 times (x 91B)
Class com.google.protobuf.Extension$ExtensionType                                     : loaded 2 times (x 79B)
Class com.google.protobuf.AbstractMessageLite$Builder$LimitedInputStream              : loaded 2 times (x 92B)
Class org.jetbrains.kotlin.contracts.model.structure.ESReceiver                       : loaded 2 times (x 70B)
Class org.jetbrains.kotlin.load.java.lazy.descriptors.LazyJavaStaticClassScope$computeMemberIndex$1: loaded 2 times (x 78B)
Class org.jetbrains.kotlin.resolve.calls.inference.CapturedTypeConstructorKt$createCapturedIfNeeded$1: loaded 2 times (x 79B)
Class com.google.common.collect.ImmutableBiMap$Builder                                : loaded 2 times (x 82B)
Class org.jetbrains.kotlin.contracts.model.structure.ESConstants                      : loaded 2 times (x 71B)
Class org.jetbrains.kotlin.resolve.calls.tower.StubTypesBasedInferenceSession         : loaded 2 times (x 101B)
Class org.jetbrains.kotlin.scripting.resolve.ScriptCompilationConfigurationWrapper$FromCompilationConfiguration$dependenciesSources$2: loaded 2 times (x 79B)
Class org.jetbrains.kotlin.metadata.ProtoBuf$Property$Builder                         : loaded 2 times (x 174B)
Class org.jetbrains.kotlin.resolve.calls.CallTransformer                              : loaded 2 times (x 71B)
Class org.jetbrains.kotlin.resolve.constants.CompileTimeConstantChecker               : loaded 2 times (x 73B)
Class org.jetbrains.kotlin.resolve.jvm.RuntimeAssertionInfo$DataFlowExtras            : loaded 2 times (x 70B)
Class [Lorg.jetbrains.kotlin.builtins.UnsignedArrayType;                              : loaded 2 times (x 69B)
Class org.jetbrains.kotlin.psi.KtPsiFactoryKt                                         : loaded 2 times (x 71B)
Class javaslang.collection.LinearSeq                                                  : loaded 2 times (x 70B)
Class org.jetbrains.kotlin.load.java.SpecialGenericSignatures$TypeSafeBarrierDescription$MAP_GET_OR_DEFAULT: loaded 2 times (x 80B)
Class org.jetbrains.kotlin.load.java.lazy.descriptors.LazyJavaClassMemberScope$nestedClasses$1: loaded 2 times (x 79B)
Class [Lorg.jetbrains.kotlin.descriptors.ClassOrPackageFragmentDescriptor;            : loaded 2 times (x 69B)
Class org.jetbrains.kotlin.descriptors.annotations.KotlinTarget$Companion             : loaded 2 times (x 71B)
Class org.jetbrains.kotlin.cli.jvm.compiler.KotlinCliJavaFileManagerImplKt$toSafeFqName$1: loaded 2 times (x 79B)
Class org.jetbrains.kotlin.resolve.jvm.KotlinJavaPsiFacade$CliFinder                  : loaded 2 times (x 84B)
Class org.jetbrains.kotlin.parsing.BindFirstShebangWithWhitespaceOnly                 : loaded 2 times (x 74B)
Class com.google.common.collect.HashMultimapGwtSerializationDependencies              : loaded 2 times (x 174B)
Class org.jetbrains.kotlin.resolve.scopes.DescriptorKindFilter                        : loaded 2 times (x 72B)
Class [Lorg.jetbrains.kotlin.util.PerformanceCounter;                                 : loaded 2 times (x 69B)
Class org.jetbrains.kotlin.resolve.TopDownAnalysisMode                                : loaded 2 times (x 79B)
Class org.jetbrains.kotlin.resolve.calls.tower.ImplicitScopeTower                     : loaded 2 times (x 70B)
Class kotlin.DeprecationLevel                                                         : loaded 2 times (x 79B)
Class org.jetbrains.kotlin.idea.MainFunctionDetector$Factory$Ordinary                 : loaded 2 times (x 74B)
Class org.jetbrains.kotlin.resolve.BodyResolveCache                                   : loaded 2 times (x 70B)
Class org.jetbrains.kotlin.load.java.NullabilityAnnotationStatesImpl                  : loaded 2 times (x 75B)
Class org.jetbrains.kotlin.load.kotlin.KotlinClassFinder                              : loaded 2 times (x 70B)
Class org.jetbrains.kotlin.types.expressions.FunctionWithBigAritySupport              : loaded 2 times (x 70B)
Class org.jetbrains.kotlin.config.AnalysisFlags$libraryToSourceAnalysis$2             : loaded 2 times (x 127B)
Class org.jetbrains.kotlin.config.AnalysisFlags$skipPrereleaseCheck$2                 : loaded 2 times (x 127B)
Class org.jetbrains.kotlin.resolve.OverridingUtil$1                                   : loaded 2 times (x 74B)
Class org.jetbrains.kotlin.types.KotlinTypeFactory$EMPTY_REFINED_TYPE_FACTORY$1       : loaded 2 times (x 78B)
Class org.jetbrains.kotlin.descriptors.Visibilities$PrivateToThis                     : loaded 2 times (x 79B)
Class org.jetbrains.kotlin.renderer.DescriptorRendererModifier$Companion              : loaded 2 times (x 71B)
Class org.jetbrains.kotlin.descriptors.annotations.Annotations$Companion              : loaded 2 times (x 71B)
Class org.jetbrains.kotlin.util.slicedMap.WritableSlice                               : loaded 2 times (x 70B)
Class org.jetbrains.kotlin.serialization.deserialization.ProtoBasedClassDataFinder    : loaded 2 times (x 75B)
Class org.jetbrains.kotlin.metadata.ProtoBuf$Annotation$Argument$Value$Builder        : loaded 2 times (x 154B)
Class org.jetbrains.kotlin.protobuf.SmallSortedMap$1                                  : loaded 2 times (x 130B)
Class kotlin.jvm.JvmStatic                                                            : loaded 2 times (x 70B)
Class org.jetbrains.kotlin.types.DynamicTypesSettings                                 : loaded 2 times (x 72B)
Class org.jetbrains.kotlin.resolve.calls.checkers.CompanionIncorrectlyUnboundedWhenUsedAsLHSCallChecker: loaded 2 times (x 74B)
Class org.jetbrains.kotlin.resolve.checkers.PrimitiveNumericComparisonCallChecker     : loaded 2 times (x 74B)
Class org.jetbrains.kotlin.resolve.calls.checkers.UnsupportedUntilRangeDeclarationChecker: loaded 2 times (x 74B)
Class org.jetbrains.kotlin.diagnostics.PositioningStrategies$CUT_CHAR_QUOTES$1        : loaded 2 times (x 74B)
Class org.jetbrains.kotlin.diagnostics.PositioningStrategies$PROPERTY_DELEGATE$1      : loaded 2 times (x 75B)
Class it.unimi.dsi.fastutil.ints.IntArraySet                                          : loaded 2 times (x 235B)
Class kotlin.collections.builders.SetBuilder$Companion                                : loaded 2 times (x 71B)
Class kotlin.reflect.jvm.internal.ReflectionFactoryImpl                               : loaded 2 times (x 91B)
Class com.android.tools.lint.model.LintModelSourceProvider                            : loaded 2 times (x 70B)
Class kotlin.collections.MapsKt__MapsJVMKt                                            : loaded 2 times (x 71B)
Class kotlin.collections.EmptyList                                                    : loaded 2 times (x 174B)
Class [Lcom.android.prefs.VariableValue;                                              : loaded 2 times (x 69B)
Class kotlin.collections.ArraysKt___ArraysKt$asSequence$$inlined$Sequence$1           : loaded 2 times (x 75B)
Class com.android.tools.lint.model.PathVariables$Companion                            : loaded 2 times (x 71B)
Class org.jetbrains.kotlin.descriptors.impl.FunctionExpressionDescriptor              : loaded 2 times (x 351B)
Class com.android.manifmerger.ManifestMerger2$MergeFailureException                   : loaded 2 times (x 82B)
Class [Lnet.rubygrapefruit.platform.internal.FunctionResult$Failure;                  : loaded 2 times (x 69B)
Class org.jetbrains.org.objectweb.asm.tree.IntInsnNode                                : loaded 2 times (x 79B)
Class org.objectweb.asm.ClassWriter                                                   : loaded 2 times (x 106B)
Class com.google.common.cache.CacheLoader$UnsupportedLoadingOperationException        : loaded 2 times (x 82B)
Class org.gradle.internal.classloader.ClasspathUtil$1                                 : loaded 2 times (x 76B)
Class [Lorg.jetbrains.kotlin.types.model.TypeArgumentListMarker;                      : loaded 2 times (x 69B)
Class com.google.gson.TypeAdapter                                                     : loaded 2 times (x 73B)
Class org.jetbrains.kotlin.resolve.diagnostics.DiagnosticsWithSuppression             : loaded 2 times (x 105B)
Class org.jetbrains.kotlin.types.model.MarkerExtensionsKt                             : loaded 2 times (x 71B)
Class org.jetbrains.kotlin.resolve.calls.model.SamConversionDescription               : loaded 2 times (x 72B)
Class org.jetbrains.kotlin.descriptors.RelationToType                                 : loaded 2 times (x 79B)
Class org.jetbrains.kotlin.cfg.BlockInfo                                              : loaded 2 times (x 71B)
Class [Lorg.jetbrains.kotlin.resolve.calls.checkers.RttiOperation;                    : loaded 2 times (x 69B)
Class org.jetbrains.kotlin.resolve.calls.tower.AbstractScopeTowerLevel                : loaded 2 times (x 82B)
Class org.jetbrains.kotlin.resolve.deprecation.DescriptorBasedDeprecationInfoKt       : loaded 2 times (x 71B)
Class [Lorg.jetbrains.kotlin.resolve.calls.smartcasts.Nullability;                    : loaded 2 times (x 69B)
Class org.jetbrains.kotlin.util.IncrementalTrackerUtilKt                              : loaded 2 times (x 71B)
Class [Lorg.jetbrains.kotlin.types.expressions.ControlStructureTypingUtils$ResolveConstruct;: loaded 2 times (x 69B)
Class [Lorg.jetbrains.kotlin.mpp.RegularClassSymbolMarker;                            : loaded 2 times (x 69B)
Class org.jetbrains.kotlin.descriptors.impl.AbstractReceiverParameterDescriptor       : loaded 2 times (x 244B)
Class org.jetbrains.kotlin.types.AbstractStubType                                     : loaded 2 times (x 94B)
Class org.jetbrains.kotlin.types.KotlinTypeFactory$simpleType$1                       : loaded 2 times (x 79B)
Class org.jetbrains.kotlin.descriptors.DescriptorWithDeprecation                      : loaded 2 times (x 72B)
Class org.jetbrains.kotlin.metadata.ProtoBuf$Effect$EffectType$1                      : loaded 2 times (x 74B)
Class org.jetbrains.kotlin.metadata.ProtoBuf$EffectOrBuilder                          : loaded 2 times (x 70B)
Class org.jetbrains.kotlin.resolve.jvm.multiplatform.PackageFragmentForOptionalAnnotations$scope$1: loaded 2 times (x 100B)
Class org.jetbrains.kotlin.resolve.scopes.LexicalScopeKind                            : loaded 2 times (x 79B)
Class org.jetbrains.kotlin.resolve.lazy.descriptors.AbstractLazyMemberScope$typeAliasDescriptors$1: loaded 2 times (x 79B)
Class org.jetbrains.kotlin.resolve.lazy.declarations.FileBasedPackageMemberDeclarationProvider: loaded 2 times (x 100B)
Class org.jetbrains.kotlin.resolve.jvm.TopPackageNamesProvider                        : loaded 2 times (x 70B)
Class org.jetbrains.kotlin.resolve.checkers.PassingProgressionAsCollectionCallChecker : loaded 2 times (x 75B)
Class org.jetbrains.kotlin.resolve.jvm.checkers.JavaNullabilityChecker$Companion      : loaded 2 times (x 71B)
Class org.jetbrains.kotlin.resolve.BodyResolver$1                                     : loaded 2 times (x 304B)
Class org.jetbrains.kotlin.resolve.checkers.PlatformDiagnosticSuppressor$Default      : loaded 2 times (x 77B)
Class org.jetbrains.kotlin.load.java.structure.JavaField                              : loaded 2 times (x 70B)
Class org.jetbrains.kotlin.incremental.components.Position                            : loaded 2 times (x 71B)
Class org.jetbrains.kotlin.types.TypeCheckerState$SupertypesPolicy                    : loaded 2 times (x 72B)
Class org.jetbrains.kotlin.metadata.jvm.deserialization.PackageParts                  : loaded 2 times (x 72B)
Class org.jetbrains.kotlin.config.AnalysisFlags                                       : loaded 2 times (x 71B)
Class org.jetbrains.kotlin.load.kotlin.JvmPackagePartProviderBase$Companion           : loaded 2 times (x 71B)
Class org.jetbrains.kotlin.descriptors.Modality                                       : loaded 2 times (x 79B)
Class org.jetbrains.kotlin.renderer.DescriptorRendererImpl                            : loaded 2 times (x 186B)
Class org.jetbrains.kotlin.storage.StorageKt                                          : loaded 2 times (x 71B)
Class org.jetbrains.kotlin.contracts.model.ESEffect                                   : loaded 2 times (x 72B)
Class org.jetbrains.kotlin.protobuf.BoundedByteString                                 : loaded 2 times (x 112B)
Class org.jetbrains.kotlin.resolve.calls.results.TypeSpecificityComparator            : loaded 2 times (x 70B)
Class org.jetbrains.kotlin.diagnostics.PositioningStrategies$WHOLE_ELEMENT$1          : loaded 2 times (x 74B)
Class org.jetbrains.kotlin.contracts.description.expressions.ContractDescriptionValue : loaded 2 times (x 70B)
Class org.jetbrains.kotlin.contracts.model.structure.ESType                           : loaded 2 times (x 72B)
Class org.jetbrains.kotlin.psi.KtPrefixExpression                                     : loaded 2 times (x 502B)
Class [Lorg.jetbrains.kotlin.psi.KtBlockStringTemplateEntry;                          : loaded 2 times (x 69B)
Class org.jetbrains.kotlin.types.model.KotlinTypeMarker                               : loaded 2 times (x 70B)
Class org.jetbrains.kotlin.psi.KtDeclarationWithInitializer                           : loaded 2 times (x 70B)
Class org.jetbrains.kotlin.psi.KtElementImplStub                                      : loaded 2 times (x 443B)
Class kotlin.collections.builders.ListBuilderKt                                       : loaded 2 times (x 71B)
Class org.jetbrains.kotlin.cli.jvm.index.JavaRoot$RootType                            : loaded 2 times (x 79B)
Class org.jetbrains.kotlin.storage.NullableLazyValue                                  : loaded 2 times (x 70B)
Class kotlin.reflect.jvm.internal.impl.builtins.StandardNames$FqNames                 : loaded 2 times (x 71B)
Class org.jetbrains.kotlin.scripting.compiler.plugin.definitions.CliScriptReportSink  : loaded 2 times (x 75B)
Class kotlin.reflect.jvm.internal.KCallableImpl$_absentArguments$1                    : loaded 2 times (x 79B)
Class com.android.tools.lint.model.LintModelDependencyGraph                           : loaded 2 times (x 70B)
Class org.jetbrains.kotlin.util.javaslang.JavaslangAdaptersKt                         : loaded 2 times (x 71B)
Class com.google.common.collect.FluentIterable$1                                      : loaded 2 times (x 81B)
Class org.gradle.api.internal.classpath.DefaultModuleRegistry$DefaultModule           : loaded 2 times (x 86B)
Class com.google.protobuf.CodedInputStream$IterableDirectByteBufferDecoder            : loaded 2 times (x 120B)
Class com.google.protobuf.Internal$DoubleList                                         : loaded 2 times (x 70B)
Class org.jetbrains.org.objectweb.asm.util.CheckSignatureAdapter                      : loaded 2 times (x 88B)
Class org.jetbrains.kotlin.resolve.calls.smartcasts.SmartCastReceiverValue            : loaded 2 times (x 77B)
Class org.jetbrains.kotlin.cfg.SubroutineInfo                                         : loaded 2 times (x 73B)
Class org.jetbrains.kotlin.resolve.OverridingUtil$3                                   : loaded 2 times (x 75B)
Class org.jetbrains.kotlin.load.java.lazy.types.JavaTypeResolverKt                    : loaded 2 times (x 71B)
Class org.jetbrains.kotlin.resolve.lazy.LazyImportResolver$collectFromImports$1       : loaded 2 times (x 79B)
Class org.jetbrains.kotlin.resolve.calls.components.CompletionModeCalculator$Companion: loaded 2 times (x 71B)
Class org.jetbrains.kotlin.resolve.calls.inference.model.NewConstraintSystemImpl$TransactionState: loaded 2 times (x 74B)
Class org.jetbrains.kotlin.resolve.calls.components.NoArguments                       : loaded 2 times (x 73B)
Class [Lorg.jetbrains.kotlin.resolve.calls.tasks.ExplicitReceiverKind;                : loaded 2 times (x 69B)
Class org.jetbrains.kotlin.resolve.calls.inference.CapturedTypeConstructorImpl        : loaded 2 times (x 86B)
Class org.jetbrains.kotlin.types.checker.StrictEqualityTypeChecker                    : loaded 2 times (x 71B)
Class org.jetbrains.kotlin.descriptors.impl.DescriptorDerivedFromTypeAlias            : loaded 2 times (x 70B)
Class org.jetbrains.kotlin.resolve.sam.SamConversionResolverImplKt                    : loaded 2 times (x 71B)
Class org.jetbrains.kotlin.metadata.jvm.deserialization.JvmNameResolverKt             : loaded 2 times (x 71B)
Class org.jetbrains.kotlin.resolve.jvm.multiplatform.OptionalAnnotationPackageFragmentProvider$packages$2$1$components$1: loaded 2 times (x 79B)
Class org.jetbrains.kotlin.resolve.bindingContextUtil.BindingContextUtilsKt           : loaded 2 times (x 71B)
Class org.jetbrains.kotlin.resolve.lazy.descriptors.AbstractLazyMemberScope$typeAliasDescriptors$2: loaded 2 times (x 78B)
Class org.jetbrains.kotlin.resolve.calls.smartcasts.DataFlowInfoImpl$Companion        : loaded 2 times (x 71B)
Class org.jetbrains.kotlin.incremental.UtilsKt                                        : loaded 2 times (x 71B)
Class org.jetbrains.kotlin.serialization.deserialization.descriptors.DeserializedTypeParameterDescriptor: loaded 2 times (x 167B)
Class org.jetbrains.kotlin.types.checker.ClassicTypeCheckerState                      : loaded 2 times (x 76B)
Class org.jetbrains.kotlin.resolve.jvm.checkers.InlinePlatformCompatibilityChecker$Companion: loaded 2 times (x 71B)
Class org.jetbrains.kotlin.resolve.calls.tower.NewResolutionOldInference$ResolutionKind$Function: loaded 2 times (x 72B)
Class org.jetbrains.kotlin.types.expressions.LocalClassifierAnalyzer                  : loaded 2 times (x 72B)
Class org.jetbrains.kotlin.types.model.CapturedTypeConstructorMarker                  : loaded 2 times (x 70B)
Class org.jetbrains.kotlin.resolve.deprecation.DeprecationResolver                    : loaded 2 times (x 72B)
Class [Lorg.jetbrains.kotlin.extensions.StorageComponentContainerContributor;         : loaded 2 times (x 69B)
Class org.jetbrains.kotlin.descriptors.Visibilities$InvisibleFake                     : loaded 2 times (x 79B)
Class org.jetbrains.kotlin.metadata.deserialization.NameResolverImpl$WhenMappings     : loaded 2 times (x 71B)
Class org.jetbrains.kotlin.protobuf.UninitializedMessageException                     : loaded 2 times (x 84B)
Class org.jetbrains.kotlin.metadata.ProtoBuf$TypeParameter$Variance                   : loaded 2 times (x 82B)
Class org.jetbrains.kotlin.metadata.ProtoBuf$Annotation$Argument$Value$1              : loaded 2 times (x 144B)
Class org.jetbrains.kotlin.resolve.jvm.checkers.FileClassAnnotationsChecker           : loaded 2 times (x 74B)
Class org.jetbrains.kotlin.diagnostics.PositioningStrategies$DEFAULT$1                : loaded 2 times (x 74B)
Class org.jetbrains.kotlin.platform.jvm.JvmPlatform                                   : loaded 2 times (x 75B)
Class org.jetbrains.kotlin.parsing.KotlinParsing$DeclarationParsingMode               : loaded 2 times (x 79B)
Class org.jetbrains.kotlin.psi.KtOperationExpression                                  : loaded 2 times (x 70B)
Class org.jetbrains.kotlin.psi.KtDestructuringDeclarationEntry                        : loaded 2 times (x 1237B)
Class org.jetbrains.kotlin.psi.stubs.elements.KtScriptElementType                     : loaded 2 times (x 100B)
Class [Lorg.jetbrains.kotlin.psi.KtSuperTypeEntry;                                    : loaded 2 times (x 69B)
Class [Lorg.jetbrains.kotlin.psi.KtSimpleNameExpression;                              : loaded 2 times (x 69B)
Class org.jetbrains.kotlin.psi.KtTypeConstraint                                       : loaded 2 times (x 571B)
Class org.jetbrains.kotlin.storage.SimpleLock                                         : loaded 2 times (x 70B)
Class org.jetbrains.kotlin.load.kotlin.ModuleVisibilityManager                        : loaded 2 times (x 70B)
Class kotlin.reflect.jvm.internal.ClassValueCache                                     : loaded 2 times (x 74B)
Class org.jetbrains.kotlin.resolve.extensions.ExtraImportsProviderExtension$Companion : loaded 2 times (x 72B)
Class org.jetbrains.kotlin.asJava.classes.ImplUtilsKt                                 : loaded 2 times (x 71B)
Class kotlin.ResultKt                                                                 : loaded 2 times (x 71B)
Class it.unimi.dsi.fastutil.ints.IntIterators$EmptyIterator                           : loaded 2 times (x 171B)
Class org.jetbrains.kotlin.cfg.pseudocode.ControlFlowInstructionsGenerator$ControlFlowInstructionsGeneratorWorker: loaded 2 times (x 123B)
Class com.android.tools.lint.model.DefaultLintModelDependencies                       : loaded 2 times (x 79B)
Class com.android.ide.common.repository.AgpVersion                                    : loaded 2 times (x 75B)
Class com.google.common.base.Absent                                                   : loaded 2 times (x 80B)
Class com.google.common.collect.FluentIterable$2                                      : loaded 2 times (x 81B)
Class org.jetbrains.kotlin.contracts.model.structure.ESReceiverValue                  : loaded 2 times (x 91B)
Class org.jetbrains.kotlin.resolve.calls.components.BuiltInsProviderKt                : loaded 2 times (x 71B)
Class org.jetbrains.kotlin.contracts.model.SimpleEffect                               : loaded 2 times (x 72B)
Class org.jetbrains.kotlin.scripting.resolve.KtFileScriptSource$text$2                : loaded 2 times (x 79B)
Class org.jetbrains.kotlin.descriptors.impl.ReceiverParameterDescriptorImpl           : loaded 2 times (x 245B)
Class org.jetbrains.kotlin.resolve.OverridingUtil$4                                   : loaded 2 times (x 74B)
Class org.jetbrains.kotlin.load.java.structure.JavaValueParameter                     : loaded 2 times (x 70B)
Class org.jetbrains.kotlin.resolve.constants.UnsignedErrorValueTypeConstant           : loaded 2 times (x 87B)
Class org.jetbrains.kotlin.resolve.calls.model.MutableDataFlowInfoForArguments$WithoutArgumentsCheck: loaded 2 times (x 80B)
Class org.jetbrains.kotlin.load.java.typeEnhancement.PredefinedEnhancementInfoKt$PREDEFINED_FUNCTION_ENHANCEMENT_INFO_BY_SIGNATURE$1$1$3$1: loaded 2 times (x 79B)
Class org.jetbrains.kotlin.load.java.typeEnhancement.SignatureEnhancementBuilder      : loaded 2 times (x 72B)
Class org.jetbrains.kotlin.load.java.components.DescriptorResolverUtils$1             : loaded 2 times (x 77B)
Class org.jetbrains.kotlin.codegen.state.KotlinTypeMapper$typeMappingConfiguration$1  : loaded 2 times (x 80B)
Class org.jetbrains.kotlin.builtins.FunctionInterfacePackageFragment                  : loaded 2 times (x 70B)
Class org.jetbrains.kotlin.cfg.pseudocodeTraverser.PseudocodeTraverserKt              : loaded 2 times (x 71B)
Class org.jetbrains.kotlin.resolve.scopes.receivers.ImplicitReceiver                  : loaded 2 times (x 70B)
Class org.jetbrains.kotlin.load.java.lazy.descriptors.LazyJavaPackageScope$KotlinClassLookupResult$SyntheticClass: loaded 2 times (x 71B)
Class org.jetbrains.kotlin.resolve.AnnotationTargetLists$T_VALUE_PARAMETER_WITH_VAL$1 : loaded 2 times (x 78B)
Class org.jetbrains.kotlin.types.IndexedParametersSubstitution                        : loaded 2 times (x 78B)
Class [Lorg.jetbrains.kotlin.metadata.ProtoBuf$Effect$InvocationKind;                 : loaded 2 times (x 69B)
Class org.jetbrains.kotlin.metadata.ProtoBuf$VersionRequirement$VersionKind           : loaded 2 times (x 82B)
Class org.jetbrains.kotlin.metadata.jvm.JvmProtoBuf$StringTableTypes$Record$Operation$1: loaded 2 times (x 74B)
Class kotlin.collections.IndexingIterable                                             : loaded 2 times (x 79B)
Class org.jetbrains.kotlin.cfg.pseudocodeTraverser.Edges                              : loaded 2 times (x 72B)
Class org.jetbrains.kotlin.cfg.variable.InitState                                     : loaded 2 times (x 79B)
Class org.jetbrains.kotlin.serialization.deserialization.ProtoEnumFlagsUtilsKt        : loaded 2 times (x 71B)
Class org.jetbrains.kotlin.resolve.calls.components.TypeArgumentsToParametersMapper   : loaded 2 times (x 71B)
Class kotlin.Deprecated                                                               : loaded 2 times (x 70B)
Class org.jetbrains.kotlin.resolve.jvm.SyntheticJavaPartsProvider$Companion           : loaded 2 times (x 71B)
Class [Lorg.jetbrains.kotlin.container.ComponentState;                                : loaded 2 times (x 69B)
Class com.android.utils.FileUtils                                                     : loaded 2 times (x 71B)
Class com.android.utils.SdkUtils                                                      : loaded 2 times (x 71B)
Class com.google.common.collect.Tables$ImmutableCell                                  : loaded 2 times (x 82B)
Class org.jetbrains.kotlin.builtins.functions.FunctionTypeKind$SuspendFunction        : loaded 2 times (x 76B)
Class org.jetbrains.kotlin.builtins.functions.FunctionTypeKind                        : loaded 2 times (x 76B)
Class org.jetbrains.kotlin.serialization.deserialization.AnnotatedCallableKind        : loaded 2 times (x 79B)
Class org.jetbrains.kotlin.metadata.ProtoBuf$Visibility$1                             : loaded 2 times (x 74B)
Class org.jetbrains.kotlin.serialization.deserialization.ClassDataFinder              : loaded 2 times (x 70B)
Class org.jetbrains.kotlin.metadata.deserialization.NameResolver                      : loaded 2 times (x 70B)
Class org.jetbrains.kotlin.protobuf.GeneratedMessageLite$ExtensionDescriptor          : loaded 2 times (x 84B)
Class org.jetbrains.kotlin.protobuf.InvalidProtocolBufferException                    : loaded 2 times (x 84B)
Class org.jetbrains.kotlin.descriptors.Named                                          : loaded 2 times (x 70B)
Class org.jetbrains.kotlin.diagnostics.PositioningStrategies$SAFE_ACCESS$1            : loaded 2 times (x 74B)
Class org.jetbrains.kotlin.resolve.jvm.checkers.SuspendInFunInterfaceChecker          : loaded 2 times (x 74B)
Class org.jetbrains.kotlin.resolve.jvm.checkers.JvmInlineApplicabilityChecker         : loaded 2 times (x 74B)
Class org.jetbrains.kotlin.platform.TargetPlatform                                    : loaded 2 times (x 119B)
Class [Lorg.jetbrains.kotlin.parsing.KotlinParsing$NameParsingMode;                   : loaded 2 times (x 69B)
Class org.jetbrains.kotlin.psi.KtContextReceiverList                                  : loaded 2 times (x 443B)
Class org.jetbrains.kotlin.psi.stubs.elements.KtContextReceiverElementType            : loaded 2 times (x 100B)
Class [Lorg.jetbrains.kotlin.psi.KtPureClassOrObject;                                 : loaded 2 times (x 69B)
Class [Lorg.jetbrains.kotlin.psi.KtDeclaration;                                       : loaded 2 times (x 69B)
Class kotlin.reflect.jvm.internal.KClassImpl$Data$inheritedStaticMembers$2            : loaded 2 times (x 79B)
Class org.jetbrains.kotlin.load.java.structure.impl.source.JavaElementSourceFactory   : loaded 2 times (x 79B)
Class org.jetbrains.kotlin.extensions.internal.CandidateInterceptor$Companion         : loaded 2 times (x 72B)
Class org.jetbrains.kotlin.resolve.jvm.extensions.PackageFragmentProviderExtension$Companion: loaded 2 times (x 72B)
Class org.jetbrains.kotlin.resolve.jvm.extensions.PackageFragmentProviderExtension    : loaded 2 times (x 70B)
Class kotlin.Result$Failure                                                           : loaded 2 times (x 72B)
Class org.jetbrains.kotlin.cli.jvm.compiler.CompatKt                                  : loaded 2 times (x 71B)
Class com.google.protobuf.GeneratedMessageV3$Builder$BuilderParentImpl                : loaded 2 times (x 78B)
Class kotlin.collections.ArraysKt__ArraysKt                                           : loaded 2 times (x 71B)
Class org.jetbrains.org.objectweb.asm.tree.JumpInsnNode                               : loaded 2 times (x 79B)
Class com.google.common.collect.FluentIterable$3                                      : loaded 2 times (x 81B)
Class com.google.protobuf.ByteString$ArraysByteArrayCopier                            : loaded 2 times (x 74B)
Class com.google.protobuf.Internal$ProtobufList                                       : loaded 2 times (x 70B)
Class org.jetbrains.kotlin.codegen.AbstractAccessorForFunctionDescriptor              : loaded 2 times (x 351B)
Class org.jetbrains.kotlin.load.java.SpecialGenericSignatures$SpecialSignatureInfo    : loaded 2 times (x 80B)
Class org.jetbrains.kotlin.contracts.description.ContractDescription$computeFunctor$1 : loaded 2 times (x 79B)
Class org.jetbrains.kotlin.descriptors.impl.EnumEntrySyntheticClassDescriptor$EnumEntryScope: loaded 2 times (x 100B)
Class org.jetbrains.kotlin.cfg.pseudocode.PseudocodeImpl                              : loaded 2 times (x 93B)
Class org.jetbrains.kotlin.types.TypeApproximatorConfiguration$PublicDeclaration      : loaded 2 times (x 87B)
Class org.jetbrains.kotlin.types.model.TypeSystemContextHelpersKt                     : loaded 2 times (x 71B)
Class org.jetbrains.kotlin.resolve.jvm.AsmTypes$1                                     : loaded 2 times (x 71B)
Class org.jetbrains.kotlin.resolve.OverridingUtil$5                                   : loaded 2 times (x 75B)
Class org.jetbrains.kotlin.resolve.calls.components.UnitTypeConversions               : loaded 2 times (x 77B)
Class org.jetbrains.kotlin.load.java.typeEnhancement.PredefinedEnhancementInfoKt$PREDEFINED_FUNCTION_ENHANCEMENT_INFO_BY_SIGNATURE$1$1$3$2: loaded 2 times (x 79B)
Class org.jetbrains.kotlin.scripting.resolve.LazyScriptDescriptor$scriptCompilationConfiguration$1: loaded 2 times (x 79B)
Class org.jetbrains.kotlin.builtins.functions.FunctionClassDescriptor$FunctionTypeConstructor: loaded 2 times (x 99B)
Class org.jetbrains.kotlin.storage.LockBasedLazyResolveStorageManager$LockProtectedTrace$get$1: loaded 2 times (x 79B)
Class org.jetbrains.kotlin.load.java.lazy.LazyJavaAnnotations$annotationDescriptors$1 : loaded 2 times (x 79B)
Class org.jetbrains.kotlin.resolve.lazy.descriptors.LazyClassMemberScope$Companion    : loaded 2 times (x 71B)
Class org.jetbrains.kotlin.fileClasses.JvmFileClassUtilKt                             : loaded 2 times (x 71B)
Class org.jetbrains.kotlin.resolve.AnnotationChecker$Companion                        : loaded 2 times (x 71B)
Class org.jetbrains.kotlin.descriptors.impl.LocalVariableDescriptor                   : loaded 2 times (x 265B)
Class org.jetbrains.kotlin.types.expressions.DoubleColonExpressionResolver$ResolutionResultsAndTraceCommitCallback: loaded 2 times (x 72B)
Class org.jetbrains.kotlin.resolve.constants.ConstantValue                            : loaded 2 times (x 76B)
Class org.jetbrains.kotlin.resolve.jvm.checkers.JvmSerializableLambdaAnnotationChecker: loaded 2 times (x 74B)
Class org.jetbrains.kotlin.resolve.jvm.JvmPlatformAnnotationFeaturesSupport           : loaded 2 times (x 75B)
Class org.jetbrains.kotlin.resolve.jvm.JvmCompilerDeserializationConfiguration        : loaded 2 times (x 85B)
Class org.jetbrains.kotlin.renderer.DescriptorRendererImpl$RenderDeclarationDescriptorVisitor: loaded 2 times (x 89B)
Class org.jetbrains.kotlin.resolve.BindingTraceFilter                                 : loaded 2 times (x 71B)
Class org.jetbrains.kotlin.types.Variance                                             : loaded 2 times (x 80B)
Class org.jetbrains.kotlin.serialization.deserialization.descriptors.DeserializedContainerSource: loaded 2 times (x 70B)
Class org.jetbrains.kotlin.protobuf.ByteString$ByteIterator                           : loaded 2 times (x 70B)
Class org.jetbrains.kotlin.resolve.calls.checkers.IncorrectCapturedApproximationCallChecker: loaded 2 times (x 74B)
Class org.jetbrains.kotlin.resolve.calls.checkers.ProtectedConstructorCallChecker     : loaded 2 times (x 74B)
Class org.jetbrains.kotlin.resolve.checkers.SealedInheritorInSamePackageChecker       : loaded 2 times (x 74B)
Class com.google.gson.internal.bind.JsonTreeReader                                    : loaded 2 times (x 98B)
Class it.unimi.dsi.fastutil.objects.ObjectBidirectionalIterator                       : loaded 2 times (x 70B)
Class [Lorg.jetbrains.kotlin.psi.KtAnnotation;                                        : loaded 2 times (x 69B)
Class org.jetbrains.kotlin.cli.jvm.index.JvmDependenciesIndexImpl$roots$2             : loaded 2 times (x 79B)
Class kotlin.reflect.jvm.internal.impl.builtins.jvm.JavaToKotlinClassMap              : loaded 2 times (x 71B)
Class org.jetbrains.kotlin.scripting.compiler.plugin.extensions.ScriptingCollectAdditionalSourcesExtension: loaded 2 times (x 75B)
Class kotlin.reflect.jvm.internal.KotlinReflectionInternalError                       : loaded 2 times (x 82B)
Class kotlin.script.experimental.host.ScriptingHostConfiguration                      : loaded 2 times (x 72B)
Class [Lorg.jetbrains.kotlin.name.ClassId;                                            : loaded 2 times (x 69B)
Class com.android.tools.lint.model.DefaultLintModelVariant$artifact$2                 : loaded 2 times (x 79B)
Class kotlin.collections.SetsKt__SetsJVMKt                                            : loaded 2 times (x 71B)
Class com.android.tools.lint.model.LintModelMavenName$Companion                       : loaded 2 times (x 71B)
Class kotlin.Function                                                                 : loaded 2 times (x 70B)
Class org.gradle.api.internal.classpath.Module                                        : loaded 2 times (x 70B)
Class com.google.protobuf.ByteString$BoundedByteString                                : loaded 2 times (x 106B)
Class com.google.protobuf.ExtensionRegistry$ExtensionInfo                             : loaded 2 times (x 72B)
Class [Lorg.jetbrains.org.objectweb.asm.util.CheckSignatureAdapter$State;             : loaded 2 times (x 69B)
Class com.google.common.collect.AbstractMultimap$Values                               : loaded 2 times (x 118B)
Class org.jetbrains.kotlin.cfg.pseudocode.instructions.eval.LoadUnitValueInstruction  : loaded 2 times (x 99B)
Class org.jetbrains.kotlin.cfg.pseudocode.instructions.jumps.ConditionalJumpInstruction: loaded 2 times (x 102B)
Class [Lorg.jetbrains.kotlin.contracts.ContractDeserializerImpl$ContractDeserializationWorker$ComplexExpressionType;: loaded 2 times (x 69B)
Class org.jetbrains.kotlin.descriptors.impl.EnumEntrySyntheticClassDescriptor         : loaded 2 times (x 269B)
Class javaslang.collection.Iterator$34                                                : loaded 2 times (x 467B)
Class org.jetbrains.kotlin.resolve.LateinitModifierApplicabilityChecker               : loaded 2 times (x 71B)
Class org.jetbrains.kotlin.resolve.calls.context.CallPosition$PropertyAssignment      : loaded 2 times (x 72B)
Class org.jetbrains.kotlin.types.AbstractTypeApproximator$approximateToSubType$2$1    : loaded 2 times (x 79B)
Class org.jetbrains.kotlin.resolve.calls.inference.components.TypeVariableDependencyInformationProvider$forAllMyTypeVariables$1$1: loaded 2 times (x 79B)
Class org.jetbrains.kotlin.resolve.OverridingUtil$6                                   : loaded 2 times (x 74B)
Class kotlin.io.FileAlreadyExistsException                                            : loaded 2 times (x 82B)
Class org.jetbrains.kotlin.utils.FunctionsKt$DO_NOTHING_3$1                           : loaded 2 times (x 78B)
Class org.jetbrains.kotlin.utils.FunctionsKt$DO_NOTHING$1                             : loaded 2 times (x 78B)
Class org.jetbrains.kotlin.resolve.jvm.RuntimeAssertionInfo                           : loaded 2 times (x 72B)
Class org.jetbrains.kotlin.resolve.calls.components.ArgumentsToParametersMapper$CallArgumentProcessor$State: loaded 2 times (x 79B)
Class org.jetbrains.kotlin.resolve.calls.tower.PSIKotlinCallImpl                      : loaded 2 times (x 95B)
Class org.jetbrains.kotlin.resolve.calls.components.PostponedVariablesInitializerResolutionPart: loaded 2 times (x 73B)
Class org.jetbrains.kotlin.utils.SmartSet$SingletonIterator                           : loaded 2 times (x 81B)
Class org.jetbrains.kotlin.resolve.OverridingUtilTypeSystemContext                    : loaded 2 times (x 753B)
Class org.jetbrains.kotlin.resolve.InlineClassesUtilsKt                               : loaded 2 times (x 71B)
Class org.jetbrains.kotlin.load.java.typeEnhancement.PredefinedEnhancementInfoKt$PREDEFINED_FUNCTION_ENHANCEMENT_INFO_BY_SIGNATURE$1$1$3$3: loaded 2 times (x 79B)
Class org.jetbrains.kotlin.load.java.descriptors.JavaMethodDescriptor$ParameterNamesStatus: loaded 2 times (x 79B)
Class org.jetbrains.kotlin.resolve.BindingContextUtils                                : loaded 2 times (x 71B)
Class org.jetbrains.kotlin.descriptors.impl.AbstractTypeParameterDescriptor$2$1       : loaded 2 times (x 77B)
Class org.jetbrains.kotlin.load.java.lazy.descriptors.LazyJavaClassDescriptor$LazyJavaClassTypeConstructor: loaded 2 times (x 99B)
Class org.jetbrains.kotlin.types.AnnotationsTypeAttribute                             : loaded 2 times (x 77B)
Class org.jetbrains.kotlin.metadata.deserialization.VersionRequirement$Companion      : loaded 2 times (x 71B)
Class org.jetbrains.kotlin.descriptors.DescriptorWithDeprecation$Companion            : loaded 2 times (x 71B)
Class org.jetbrains.kotlin.load.java.lazy.descriptors.LazyJavaScope$declaredField$1   : loaded 2 times (x 79B)
Class org.jetbrains.kotlin.resolve.lazy.descriptors.LazyClassMemberScope$_variableNames$2: loaded 2 times (x 79B)
Class [Lcom.google.common.collect.LinkedHashMultimap$ValueSetLink;                    : loaded 2 times (x 69B)
Class org.jetbrains.kotlin.serialization.deserialization.JvmEnumEntriesDeserializationSupport: loaded 2 times (x 74B)
Class org.jetbrains.kotlin.storage.LockBasedLazyResolveStorageManager$LockProtectedTrace: loaded 2 times (x 94B)
Class org.jetbrains.kotlin.load.kotlin.MemberSignature                                : loaded 2 times (x 72B)
Class org.jetbrains.kotlin.load.kotlin.AbstractBinaryClassAnnotationAndConstantLoader : loaded 2 times (x 108B)
Class org.jetbrains.kotlin.resolve.calls.results.OverloadResolutionResults            : loaded 2 times (x 70B)
Class org.jetbrains.kotlin.resolve.calls.inference.components.ConstraintInjector      : loaded 2 times (x 72B)
Class kotlin.KotlinVersion                                                            : loaded 2 times (x 74B)
Class org.jetbrains.kotlin.resolve.calls.smartcasts.DataFlowValueFactoryImpl          : loaded 2 times (x 80B)
Class org.jetbrains.kotlin.types.expressions.FunctionWithBigAritySupport$LanguageVersionDependent: loaded 2 times (x 74B)
Class org.jetbrains.kotlin.metadata.deserialization.VersionSpecificBehaviorKt         : loaded 2 times (x 71B)
Class org.jetbrains.kotlin.frontend.java.di.InjectionKt                               : loaded 2 times (x 71B)
Class org.jetbrains.kotlin.renderer.DescriptorRenderer$Companion$COMPACT$1            : loaded 2 times (x 78B)
Class org.jetbrains.kotlin.renderer.OverrideRenderingPolicy                           : loaded 2 times (x 79B)
Class org.jetbrains.kotlin.renderer.DescriptorRendererOptionsImpl$defaultParameterValueRenderer$2: loaded 2 times (x 78B)
Class org.jetbrains.kotlin.metadata.deserialization.Flags$FlagField                   : loaded 2 times (x 73B)
Class org.jetbrains.kotlin.resolve.calls.context.ResolutionContext                    : loaded 2 times (x 85B)
Class org.jetbrains.kotlin.resolve.RequireKotlinConstants                             : loaded 2 times (x 71B)
Class org.jetbrains.kotlin.diagnostics.ParametrizedDiagnostic                         : loaded 2 times (x 70B)
Class org.jetbrains.kotlin.storage.LockBasedStorageManager$MapBasedMemoizedFunctionToNotNull: loaded 2 times (x 85B)
Class org.jetbrains.kotlin.psi.KtPropertyDelegate                                     : loaded 2 times (x 378B)
Class it.unimi.dsi.fastutil.ints.IntOpenHashSet                                       : loaded 2 times (x 239B)
Class org.jetbrains.kotlin.psi.KtTypeParameterListOwner                               : loaded 2 times (x 70B)
Class org.jetbrains.kotlin.cli.jvm.modules.CoreJrtVirtualFile$myChildren$2            : loaded 2 times (x 79B)
Class kotlin.reflect.jvm.internal.KClassifierImpl                                     : loaded 2 times (x 70B)
Class kotlin.reflect.KMutableProperty                                                 : loaded 2 times (x 70B)
Class kotlin.internal.ProgressionUtilKt                                               : loaded 2 times (x 71B)
Class kotlin.collections.CharIterator                                                 : loaded 2 times (x 82B)
Class com.google.common.cache.Weigher                                                 : loaded 2 times (x 70B)
Class org.gradle.api.internal.classpath.UnknownModuleException                        : loaded 2 times (x 82B)
Class net.rubygrapefruit.platform.NativeException                                     : loaded 2 times (x 82B)
Class com.google.gson.stream.JsonReader$1                                             : loaded 2 times (x 72B)
Class kotlin.sequences.DistinctIterator                                               : loaded 2 times (x 83B)
Class com.android.ide.common.resources.ResourcesUtil                                  : loaded 2 times (x 71B)
Class org.jetbrains.kotlin.resolve.constants.CharValue                                : loaded 2 times (x 76B)
Class org.jetbrains.kotlin.cfg.pseudocode.PseudocodeUtil                              : loaded 2 times (x 71B)
Class org.jetbrains.kotlin.types.expressions.FunctionsTypingVisitor$collectReturns$1  : loaded 2 times (x 193B)
Class org.jetbrains.kotlin.contracts.EffectsExtractingVisitor                         : loaded 2 times (x 192B)
Class org.jetbrains.kotlin.resolve.calls.components.CreateFreshVariablesSubstitutor$shouldBeFlexible$1: loaded 2 times (x 78B)
Class org.jetbrains.kotlin.resolve.calls.tower.VisibilityError                        : loaded 2 times (x 73B)
Class org.jetbrains.kotlin.resolve.MemberComparator$NameAndTypeMemberComparator       : loaded 2 times (x 91B)
Class org.jetbrains.kotlin.resolve.OverridingUtil$7                                   : loaded 2 times (x 75B)
Class org.jetbrains.kotlin.load.kotlin.JvmTypeFactory                                 : loaded 2 times (x 70B)
Class org.jetbrains.kotlin.resolve.calls.tower.ExplicitReceiverScopeTowerProcessor    : loaded 2 times (x 84B)
Class org.jetbrains.kotlin.resolve.calls.checkers.ConstructorHeaderCallCheckerKt      : loaded 2 times (x 71B)
Class org.jetbrains.kotlin.resolve.calls.context.CallPosition$ValueArgumentPosition   : loaded 2 times (x 72B)
Class org.jetbrains.kotlin.resolve.calls.model.AllCandidatesResolutionResult          : loaded 2 times (x 74B)
Class org.jetbrains.kotlin.resolve.calls.components.TypeConversions$ConversionData    : loaded 2 times (x 72B)
Class org.jetbrains.kotlin.resolve.calls.components.ReceiverInfo$Companion            : loaded 2 times (x 71B)
Class org.jetbrains.kotlin.resolve.calls.tower.PSIKotlinCallForInvoke                 : loaded 2 times (x 95B)
Class org.jetbrains.kotlin.resolve.constants.TypedArrayValue$1                        : loaded 2 times (x 79B)
Class org.jetbrains.kotlin.descriptors.DeserializedDeclarationsFromSupertypeConflictDataKey: loaded 2 times (x 71B)
Class org.jetbrains.kotlin.load.java.typeEnhancement.PredefinedEnhancementInfoKt$PREDEFINED_FUNCTION_ENHANCEMENT_INFO_BY_SIGNATURE$1$1$13$1: loaded 2 times (x 79B)
Class org.jetbrains.kotlin.load.java.lazy.descriptors.ClassDeclaredMemberIndex$methodFilter$1: loaded 2 times (x 79B)
Class org.jetbrains.kotlin.cli.jvm.compiler.KotlinCliJavaFileManagerImpl$findPsiClass$1: loaded 2 times (x 79B)
Class org.jetbrains.kotlin.resolve.lazy.descriptors.LazyClassMemberScope$generateFakeOverrides$1: loaded 2 times (x 76B)
Class org.jetbrains.kotlin.load.java.lazy.descriptors.LazyJavaPackageScope$KotlinClassLookupResult: loaded 2 times (x 71B)
Class org.jetbrains.kotlin.metadata.ProtoBuf$TypeAliasOrBuilder                       : loaded 2 times (x 70B)
Class org.jetbrains.kotlin.load.java.lazy.descriptors.LazyJavaScope$properties$1      : loaded 2 times (x 79B)
Class org.jetbrains.kotlin.cli.jvm.index.JvmDependenciesIndexImpl$TraverseRequest     : loaded 2 times (x 76B)
Class org.jetbrains.kotlin.cli.jvm.compiler.KotlinCliJavaFileManagerImpl$findPackage$1: loaded 2 times (x 79B)
Class org.jetbrains.kotlin.resolve.lazy.descriptors.ClassResolutionScopesSupport$Companion: loaded 2 times (x 71B)
Class org.jetbrains.kotlin.resolve.lazy.descriptors.AbstractLazyMemberScope$declaredPropertyDescriptors$1: loaded 2 times (x 79B)
Class org.jetbrains.kotlin.resolve.calls.components.NewOverloadingConflictResolver$1  : loaded 2 times (x 78B)
Class org.jetbrains.kotlin.resolve.AnalyzerExtensions                                 : loaded 2 times (x 73B)
Class org.jetbrains.kotlin.builtins.PlatformSpecificCastChecker$Default               : loaded 2 times (x 74B)
Class org.jetbrains.kotlin.resolve.calls.inference.components.TypeVariableDependencyInformationProvider: loaded 2 times (x 72B)
Class org.jetbrains.kotlin.cfg.ControlFlowInformationProvider                         : loaded 2 times (x 70B)
Class org.jetbrains.kotlin.builtins.ReflectionTypes                                   : loaded 2 times (x 72B)
Class org.jetbrains.kotlin.analyzer.ModuleInfo$DependencyOnBuiltIns                   : loaded 2 times (x 79B)
Class org.jetbrains.kotlin.load.java.AbstractJavaClassFinder                          : loaded 2 times (x 90B)
Class org.jetbrains.kotlin.metadata.jvm.deserialization.BinaryModuleData              : loaded 2 times (x 72B)
Class org.jetbrains.kotlin.resolve.lazy.declarations.DeclarationProvider              : loaded 2 times (x 70B)
Class org.jetbrains.kotlin.serialization.deserialization.descriptors.DeserializedMemberScope$Implementation: loaded 2 times (x 70B)
Class org.jetbrains.kotlin.types.checker.NewKotlinTypeCheckerImpl                     : loaded 2 times (x 81B)
Class org.jetbrains.kotlin.builtins.jvm.JvmBuiltInsCustomizer$cloneableType$2         : loaded 2 times (x 79B)
Class org.jetbrains.kotlin.renderer.AnnotationArgumentsRenderingPolicy                : loaded 2 times (x 79B)
Class org.jetbrains.kotlin.descriptors.deserialization.ClassDescriptorFactory         : loaded 2 times (x 70B)
Class org.jetbrains.kotlin.serialization.deserialization.builtins.BuiltInsResourceLoader: loaded 2 times (x 71B)
Class [Lorg.jetbrains.kotlin.builtins.jvm.JvmBuiltIns$Kind;                           : loaded 2 times (x 69B)
Class org.jetbrains.kotlin.cli.jvm.compiler.TopDownAnalyzerFacadeForJVM$AllJavaSourcesInProjectScope: loaded 2 times (x 101B)
Class org.jetbrains.kotlin.builtins.FunctionTypesKt                                   : loaded 2 times (x 71B)
Class [Lorg.jetbrains.kotlin.metadata.ProtoBuf$Class$Kind;                            : loaded 2 times (x 69B)
Class org.jetbrains.kotlin.metadata.ProtoBuf$QualifiedNameTable$QualifiedName         : loaded 2 times (x 110B)
Class org.jetbrains.kotlin.types.WrappedTypeFactory                                   : loaded 2 times (x 74B)
Class org.jetbrains.kotlin.descriptors.ParameterDescriptor                            : loaded 2 times (x 70B)
Class org.jetbrains.kotlin.container.InstanceComponentDescriptor                      : loaded 2 times (x 85B)
Class org.jetbrains.kotlin.resolve.checkers.MissingDependencyClassChecker             : loaded 2 times (x 74B)
Class org.jetbrains.kotlin.diagnostics.PositioningStrategies$FOR_UNRESOLVED_REFERENCE$1: loaded 2 times (x 74B)
Class org.jetbrains.kotlin.resolve.jvm.checkers.JvmPropertyVsFieldAmbiguityCallChecker: loaded 2 times (x 74B)
Class org.jetbrains.kotlin.platform.TargetPlatformVersion$NoVersion                   : loaded 2 times (x 74B)
Class org.jetbrains.kotlin.psi.KtClassLiteralExpression                               : loaded 2 times (x 579B)
Class org.jetbrains.kotlin.psi.KtSuperTypeCallEntry                                   : loaded 2 times (x 519B)
Class org.jetbrains.kotlin.psi.KtSuperTypeList                                        : loaded 2 times (x 447B)
Class org.jetbrains.kotlin.psi.LambdaArgument                                         : loaded 2 times (x 70B)
Class [Lorg.jetbrains.kotlin.psi.KtTypeConstraintList;                                : loaded 2 times (x 69B)
Class org.jetbrains.kotlin.lexer.KtToken                                              : loaded 2 times (x 75B)
Class kotlin.script.experimental.api.ScriptEvaluationConfiguration                    : loaded 2 times (x 72B)
Class kotlin.script.experimental.api.IdeScriptCompilationConfigurationBuilder$Companion: loaded 2 times (x 71B)
Class org.jetbrains.kotlin.resolve.jvm.KotlinFinderMarker                             : loaded 2 times (x 70B)
Class [Lorg.jetbrains.kotlin.cli.jvm.compiler.EnvironmentConfigFiles;                 : loaded 2 times (x 69B)
Class kotlin.jvm.internal.PropertyReference                                           : loaded 2 times (x 115B)
Class com.google.common.primitives.Longs$AsciiDigits                                  : loaded 2 times (x 71B)
Class com.android.prefs.VariableValue                                                 : loaded 2 times (x 84B)
Class com.android.prefs.AbstractAndroidLocations$Companion                            : loaded 2 times (x 71B)
Class com.google.common.base.Stopwatch                                                : loaded 2 times (x 72B)
Class com.google.common.cache.LocalCache$Strength                                     : loaded 2 times (x 81B)
Class com.google.common.cache.Cache                                                   : loaded 2 times (x 70B)
Class com.android.tools.lint.model.DefaultLintModelAndroidArtifact                    : loaded 2 times (x 91B)
Class kotlin.ranges.IntProgression$Companion                                          : loaded 2 times (x 71B)
Class org.jetbrains.kotlin.resolve.calls.smartcasts.DataFlowInfoImpl$Companion$create$3: loaded 2 times (x 78B)
Class org.jetbrains.kotlin.resolve.calls.components.PostponedArgumentsAnalyzer$createSubstituteFunctorForLambdaAnalysis$1: loaded 2 times (x 79B)
Class org.jetbrains.kotlin.resolve.jvm.JvmDeclarationReturnTypeSanitizer$sanitizeReturnType$1: loaded 2 times (x 78B)
Class org.jetbrains.kotlin.types.RangeUtilKt                                          : loaded 2 times (x 71B)
Class org.jetbrains.kotlin.contracts.description.expressions.BooleanConstantReference$Companion: loaded 2 times (x 71B)
Class org.jetbrains.kotlin.resolve.jvm.InlineClassManglingRulesKt                     : loaded 2 times (x 71B)
Class org.jetbrains.kotlin.resolve.calls.inference.components.TypeVariableDependencyInformationProvider$computeConstraintEdges$1: loaded 2 times (x 79B)
Class org.jetbrains.kotlin.load.java.components.JavaDeprecatedAnnotationDescriptor    : loaded 2 times (x 87B)
Class org.jetbrains.kotlin.codegen.CodegenUtilKt                                      : loaded 2 times (x 71B)
Class kotlin.script.experimental.jvm.JvmScriptingHostConfigurationBuilder             : loaded 2 times (x 72B)
Class kotlin.script.experimental.api.SourceCode                                       : loaded 2 times (x 70B)
Class org.jetbrains.kotlin.resolve.OverridingUtil$8                                   : loaded 2 times (x 71B)
Class org.jetbrains.kotlin.psi.typeRefHelpers.TypeRefHelpersKt$getTypeReference$1     : loaded 2 times (x 78B)
Class org.jetbrains.kotlin.types.TypeIntersector                                      : loaded 2 times (x 71B)
Class org.jetbrains.kotlin.types.expressions.ExpressionTypingUtils$1                  : loaded 2 times (x 105B)
Class kotlin.collections.IndexingIterator                                             : loaded 2 times (x 79B)
Class org.jetbrains.kotlin.serialization.deserialization.AbstractDeserializedPackageFragmentProvider$fragments$1: loaded 2 times (x 79B)
Class org.jetbrains.kotlin.resolve.ExposedVisibilityChecker                           : loaded 2 times (x 72B)
Class org.jetbrains.kotlin.serialization.deserialization.ClassDeserializer$ClassKey   : loaded 2 times (x 72B)
Class org.jetbrains.kotlin.resolve.calls.components.NewOverloadingConflictResolver$2  : loaded 2 times (x 79B)
Class org.jetbrains.kotlin.resolve.calls.inference.components.VariableFixationFinder$VariableForFixation: loaded 2 times (x 72B)
Class org.jetbrains.kotlin.resolve.calls.inference.model.VariableWithConstraints      : loaded 2 times (x 70B)
Class org.jetbrains.kotlin.resolve.calls.inference.ConstraintSystemBuilder            : loaded 2 times (x 70B)
Class org.jetbrains.kotlin.resolve.calls.results.ResolutionStatus                     : loaded 2 times (x 79B)
Class org.jetbrains.kotlin.container.ImplicitSingletonTypeComponentDescriptor         : loaded 2 times (x 93B)
Class org.jetbrains.kotlin.load.java.sam.JvmSamConversionOracle                       : loaded 2 times (x 77B)
Class org.jetbrains.kotlin.builtins.jvm.JvmBuiltInsCustomizer$deprecationForSomeOfTheListMethods$1: loaded 2 times (x 79B)
Class org.jetbrains.kotlin.descriptors.PropertyAccessorDescriptor                     : loaded 2 times (x 70B)
Class org.jetbrains.kotlin.renderer.DescriptorRenderer$Companion$COMPACT_WITHOUT_SUPERTYPES$1: loaded 2 times (x 78B)
Class org.jetbrains.kotlin.descriptors.impl.PackageFragmentDescriptorImpl             : loaded 2 times (x 140B)
Class org.jetbrains.kotlin.serialization.deserialization.NameResolverUtilKt           : loaded 2 times (x 71B)
Class org.jetbrains.kotlin.protobuf.LiteralByteString                                 : loaded 2 times (x 112B)
Class org.jetbrains.kotlin.protobuf.LazyFieldLite                                     : loaded 2 times (x 82B)
Class org.jetbrains.kotlin.diagnostics.ClassicPositioningStrategies$INCOMPATIBLE_DECLARATION$1: loaded 2 times (x 75B)
Class [Lorg.jetbrains.kotlin.parsing.KotlinExpressionParsing$Precedence;              : loaded 2 times (x 69B)
Class org.jetbrains.kotlin.psi.stubs.KotlinFileStub                                   : loaded 2 times (x 70B)
Class [Lorg.jetbrains.kotlin.psi.KtLambdaArgument;                                    : loaded 2 times (x 69B)
Class org.jetbrains.kotlin.psi.stubs.KotlinUserTypeStub                               : loaded 2 times (x 70B)
Class org.jetbrains.kotlin.psi.stubs.elements.KtSecondaryConstructorElementType       : loaded 2 times (x 107B)
Class [Lorg.jetbrains.kotlin.psi.KtTypeAlias;                                         : loaded 2 times (x 69B)
Class kotlin.reflect.jvm.internal.KClassImpl$Data$nestedClasses$2                     : loaded 2 times (x 79B)
Class org.jetbrains.kotlin.cli.common.CLIConfigurationKeys                            : loaded 2 times (x 71B)
Class com.android.tools.lint.model.LintModelAndroidArtifact                           : loaded 2 times (x 70B)
Class [Lcom.android.tools.lint.model.LintModelSerialization$TargetFile;               : loaded 2 times (x 69B)
Class org.jetbrains.kotlin.resolve.extensions.SyntheticResolveExtension               : loaded 2 times (x 70B)
Class com.google.common.io.AppendableWriter                                           : loaded 2 times (x 100B)
Class com.google.common.util.concurrent.AbstractFuture$Cancellation                   : loaded 2 times (x 72B)
Class org.jetbrains.kotlin.codegen.signature.BothSignatureWriter$Mode                 : loaded 2 times (x 79B)
Class org.jetbrains.kotlin.load.java.typeEnhancement.EnhancedTypeAnnotationDescriptor : loaded 2 times (x 77B)
Class org.jetbrains.kotlin.cfg.pseudocode.instructions.special.MarkInstruction        : loaded 2 times (x 99B)
Class org.jetbrains.kotlin.resolve.sam.SamConversionResolverImpl$resolveFunctionTypeIfSamInterface$1: loaded 2 times (x 79B)
Class org.jetbrains.kotlin.types.CommonSupertypes                                     : loaded 2 times (x 71B)
Class com.google.common.collect.AbstractMapBasedMultimap$AsMap$AsMapIterator          : loaded 2 times (x 83B)
Class [Lorg.jetbrains.kotlin.resolve.calls.inference.components.TypeVariableDirectionCalculator$ResolveDirection;: loaded 2 times (x 69B)
Class org.jetbrains.kotlin.storage.LockBasedLazyResolveStorageManager$LockProtectedContext$getType$1: loaded 2 times (x 79B)
Class org.jetbrains.kotlin.contracts.parsing.PsiContractsUtilsKt                      : loaded 2 times (x 71B)
Class org.jetbrains.kotlin.resolve.calls.inference.model.InitialConstraint            : loaded 2 times (x 72B)
Class org.jetbrains.kotlin.builtins.UnsignedTypes                                     : loaded 2 times (x 71B)
Class [Lorg.jetbrains.kotlin.resolve.calls.inference.model.NewConstraintSystemImpl$State;: loaded 2 times (x 69B)
Class org.jetbrains.kotlin.resolve.constants.ConstantValueFactory                     : loaded 2 times (x 71B)
Class org.jetbrains.kotlin.load.java.typeEnhancement.PredefinedEnhancementInfoKt$PREDEFINED_FUNCTION_ENHANCEMENT_INFO_BY_SIGNATURE$1$1$8$1: loaded 2 times (x 79B)
Class org.jetbrains.kotlin.types.checker.NewTypeVariableConstructor                   : loaded 2 times (x 70B)
Class org.jetbrains.kotlin.load.java.lazy.descriptors.DeclaredMemberIndex             : loaded 2 times (x 70B)
Class [Lorg.jetbrains.kotlin.load.java.typeEnhancement.MutabilityQualifier;           : loaded 2 times (x 69B)
Class kotlin.jvm.internal.MutablePropertyReference2                                   : loaded 2 times (x 137B)
Class org.jetbrains.kotlin.utils.SmartSet                                             : loaded 2 times (x 143B)
Class [Lorg.jetbrains.kotlin.resolve.lazy.FileScopeFactory$FilteringKind;             : loaded 2 times (x 69B)
Class org.jetbrains.kotlin.cli.jvm.index.JvmDependenciesIndexImpl$SearchResult$Found  : loaded 2 times (x 72B)
Class org.jetbrains.kotlin.cli.jvm.compiler.KotlinCliJavaFileManagerImpl$findPackage$3: loaded 2 times (x 789B)
Class kotlin.reflect.jvm.internal.ReflectProperties$Val                               : loaded 2 times (x 74B)
Class com.google.common.collect.LinkedHashMultimap                                    : loaded 2 times (x 175B)
Class org.jetbrains.kotlin.library.metadata.KlibResolvedModuleDescriptorsFactory      : loaded 2 times (x 70B)
Class org.jetbrains.kotlin.descriptors.impl.LazyPackageViewDescriptorImpl             : loaded 2 times (x 117B)
Class org.jetbrains.kotlin.resolve.calls.components.NewOverloadingConflictResolver$3  : loaded 2 times (x 125B)
Class org.jetbrains.kotlin.synthetic.SamAdapterFunctionsScope                         : loaded 2 times (x 92B)
Class org.jetbrains.kotlin.resolve.scopes.optimization.OptimizingOptions              : loaded 2 times (x 70B)
Class org.jetbrains.kotlin.types.error.LazyWrappedTypeComputationException            : loaded 2 times (x 82B)
Class org.jetbrains.kotlin.types.expressions.DoubleColonExpressionResolver            : loaded 2 times (x 72B)
Class org.jetbrains.kotlin.types.FlexibleType                                         : loaded 2 times (x 100B)
Class org.jetbrains.kotlin.resolve.BodyResolver                                       : loaded 2 times (x 79B)
Class org.jetbrains.kotlin.config.JvmAnalysisFlags$useIR$2                            : loaded 2 times (x 127B)
Class org.jetbrains.kotlin.load.java.JavaClassFinderImpl                              : loaded 2 times (x 90B)
Class org.jetbrains.kotlin.types.model.TypeSystemBuiltInsContext                      : loaded 2 times (x 70B)
Class [Lorg.jetbrains.kotlin.descriptors.annotations.Annotated;                       : loaded 2 times (x 69B)
Class org.jetbrains.kotlin.serialization.deserialization.builtins.BuiltInsLoaderImpl$createPackageFragmentProvider$1: loaded 2 times (x 125B)
Class org.jetbrains.kotlin.types.TypeAttributes                                       : loaded 2 times (x 82B)
Class org.jetbrains.kotlin.types.error.ErrorEntity                                    : loaded 2 times (x 79B)
Class org.jetbrains.kotlin.incremental.components.InlineConstTracker$DoNothing        : loaded 2 times (x 74B)
Class com.android.tools.lint.model.LintModelJavaArtifact                              : loaded 2 times (x 70B)
Class org.jetbrains.kotlin.resolve.calls.checkers.ReferencingToUnderscoreNamedParameterOfCatchBlockChecker: loaded 2 times (x 74B)
Class org.jetbrains.kotlin.resolve.calls.checkers.CallReturnsArrayOfNothingChecker    : loaded 2 times (x 74B)
Class org.jetbrains.kotlin.diagnostics.PositioningStrategies$ANNOTATION_USE_SITE$1    : loaded 2 times (x 74B)
Class org.jetbrains.kotlin.psi.KtBinaryExpression                                     : loaded 2 times (x 504B)
Class [Lorg.jetbrains.kotlin.psi.LambdaArgument;                                      : loaded 2 times (x 69B)
Class [Lorg.jetbrains.kotlin.psi.KtTypeParameterList;                                 : loaded 2 times (x 69B)
Class [Lorg.jetbrains.kotlin.psi.KtNamedFunction;                                     : loaded 2 times (x 69B)
Class org.jetbrains.kotlin.lexer.KtModifierKeywordToken                               : loaded 2 times (x 78B)
Class [Lorg.jetbrains.kotlin.psi.KtNamedDeclarationStub;                              : loaded 2 times (x 69B)
Class org.jetbrains.kotlin.cli.jvm.index.SingleJavaFileRootsIndex                     : loaded 2 times (x 72B)
Class org.jetbrains.kotlin.resolve.jvm.modules.JavaModuleFinder                       : loaded 2 times (x 70B)
Class [Lkotlin.reflect.jvm.internal.impl.builtins.PrimitiveType;                      : loaded 2 times (x 69B)
Class kotlin.reflect.jvm.internal.impl.builtins.StandardNames                         : loaded 2 times (x 71B)
Class kotlin.reflect.jvm.internal.KClassImpl$Data$annotations$2                       : loaded 2 times (x 79B)
Class org.jetbrains.kotlin.resolve.jvm.NotFoundPackagesCachingStrategy$Default        : loaded 2 times (x 74B)
Class kotlin.script.experimental.util.PropertiesCollection$PropertyKeyDelegate$1      : loaded 2 times (x 79B)
Class kotlin.reflect.jvm.internal.ReflectProperties$LazySoftVal                       : loaded 2 times (x 78B)
Class [Lkotlin.reflect.KAnnotatedElement;                                             : loaded 2 times (x 69B)
Class kotlin.script.experimental.util.PropertiesCollection                            : loaded 2 times (x 72B)
Class org.jetbrains.kotlin.extensions.DeclarationAttributeAltererExtension$Companion  : loaded 2 times (x 72B)
Class com.google.common.collect.Maps$EntryFunction$1                                  : loaded 2 times (x 91B)
Class net.rubygrapefruit.platform.internal.FunctionResult                             : loaded 2 times (x 77B)
Class org.jetbrains.org.objectweb.asm.FieldWriter                                     : loaded 2 times (x 77B)
Class org.jetbrains.org.objectweb.asm.tree.VarInsnNode                                : loaded 2 times (x 79B)
Class com.google.common.base.Present                                                  : loaded 2 times (x 81B)
Class com.google.common.cache.RemovalListener                                         : loaded 2 times (x 70B)
Class org.gradle.api.internal.DefaultClassPathRegistry                                : loaded 2 times (x 76B)
Class com.android.tools.analytics.AnalyticsSettings$optedIn$1                         : loaded 2 times (x 78B)
Class org.jetbrains.kotlin.descriptors.EffectiveVisibilityUtilsKt                     : loaded 2 times (x 71B)
Class javaslang.collection.List$Cons                                                  : loaded 2 times (x 1128B)
Class org.jetbrains.kotlin.resolve.calls.inference.model.LambdaArgumentConstraintPosition: loaded 2 times (x 72B)
Class org.jetbrains.kotlin.contracts.description.ContractProviderKey                  : loaded 2 times (x 71B)
Class org.jetbrains.kotlin.descriptors.annotations.KotlinRetention                    : loaded 2 times (x 79B)
Class org.jetbrains.kotlin.resolve.jvm.KotlinJavaPsiFacade                            : loaded 2 times (x 85B)
Class org.jetbrains.kotlin.resolve.source.PsiSourceElementKt                          : loaded 2 times (x 71B)
Class org.jetbrains.kotlin.scripting.definitions.KotlinScriptDefinition$Companion     : loaded 2 times (x 71B)
Class org.jetbrains.kotlin.resolve.lazy.FileScopeFactory$FilesScopesBuilder$lazyImportingScope$1$parent$2: loaded 2 times (x 79B)
Class org.jetbrains.kotlin.resolve.calls.components.NewOverloadingConflictResolver$4  : loaded 2 times (x 78B)
Class org.jetbrains.kotlin.types.expressions.DataFlowAnalyzer$1                       : loaded 2 times (x 304B)
Class org.jetbrains.kotlin.container.DefaultInstanceComponentDescriptor               : loaded 2 times (x 85B)
Class javax.inject.Inject                                                             : loaded 2 times (x 70B)
Class org.jetbrains.kotlin.resolve.lazy.descriptors.LazyPackageDescriptor             : loaded 2 times (x 145B)
Class kotlin.reflect.jvm.internal.impl.builtins.PrimitiveType$typeFqName$2            : loaded 2 times (x 79B)
Class org.jetbrains.kotlin.resolve.ExternalOverridabilityCondition                    : loaded 2 times (x 70B)
Class org.jetbrains.kotlin.descriptors.ModuleDescriptor$DefaultImpls                  : loaded 2 times (x 71B)
Class [Lorg.jetbrains.kotlin.renderer.OverrideRenderingPolicy;                        : loaded 2 times (x 69B)
Class org.jetbrains.kotlin.builtins.PrimitiveType                                     : loaded 2 times (x 79B)
Class org.jetbrains.kotlin.metadata.ProtoBuf$Type$Argument$Projection$1               : loaded 2 times (x 74B)
Class org.jetbrains.kotlin.protobuf.SmallSortedMap$EmptySet$1                         : loaded 2 times (x 78B)
Class org.jetbrains.kotlin.protobuf.AbstractMessageLite$Builder$LimitedInputStream    : loaded 2 times (x 92B)
Class org.jetbrains.kotlin.descriptors.MemberDescriptor                               : loaded 2 times (x 70B)
Class org.jetbrains.kotlin.resolve.calls.checkers.UnsupportedUntilOperatorChecker     : loaded 2 times (x 74B)
Class org.jetbrains.kotlin.resolve.checkers.ValueParameterUsageInDefaultArgumentChecker: loaded 2 times (x 74B)
Class org.jetbrains.kotlin.diagnostics.PositioningStrategies$DOT_BY_QUALIFIED$1       : loaded 2 times (x 74B)
Class org.jetbrains.kotlin.diagnostics.PositioningStrategies$IMPORT_ALIAS$1           : loaded 2 times (x 74B)
Class org.jetbrains.kotlin.psi.KtSimpleNameStringTemplateEntry                        : loaded 2 times (x 444B)
Class org.jetbrains.kotlin.psi.stubs.KotlinCollectionLiteralExpressionStub            : loaded 2 times (x 70B)
Class org.jetbrains.kotlin.psi.stubs.elements.KtConstantExpressionElementType$Companion: loaded 2 times (x 71B)
Class [Lorg.jetbrains.kotlin.psi.KtInitializerList;                                   : loaded 2 times (x 69B)
Class org.jetbrains.kotlin.psi.KtExpressionImplStub                                   : loaded 2 times (x 505B)
Class [Lorg.jetbrains.kotlin.psi.KtClassInitializer;                                  : loaded 2 times (x 69B)
Class org.jetbrains.kotlin.psi.KtVariableDeclaration                                  : loaded 2 times (x 70B)
Class org.jetbrains.kotlin.psi.KtClassOrObject                                        : loaded 2 times (x 1099B)
Class org.jetbrains.kotlin.resolve.jvm.modules.JavaModuleInfo$Companion$read$1        : loaded 2 times (x 88B)
Class kotlin.jvm.JvmClassMappingKt                                                    : loaded 2 times (x 71B)
Class kotlin.reflect.jvm.internal.KPropertyImpl                                       : loaded 2 times (x 115B)
Class kotlin.jvm.internal.Reflection                                                  : loaded 2 times (x 71B)
Class kotlin.reflect.KProperty                                                        : loaded 2 times (x 70B)
Class kotlin.ranges.ClosedRange                                                       : loaded 2 times (x 70B)
Class org.jetbrains.kotlin.cli.common.config.ContentRootsKt                           : loaded 2 times (x 71B)
Class org.jetbrains.kotlin.storage.MemoizedFunctionToNotNull                          : loaded 2 times (x 70B)
Class kotlin.collections.builders.MapBuilder                                          : loaded 2 times (x 112B)
Class com.android.tools.lint.model.LintModelLintOptions                               : loaded 2 times (x 70B)
Class com.android.prefs.PathLocator$singlePathOf$values$1                             : loaded 2 times (x 79B)
Class com.android.tools.lint.model.PathVariables$Companion$PATH_COMPARATOR$1          : loaded 2 times (x 78B)
Class com.google.common.collect.Maps$EntryFunction$2                                  : loaded 2 times (x 91B)
Class com.google.common.reflect.Invokable$ConstructorInvokable                        : loaded 2 times (x 107B)
Class net.rubygrapefruit.platform.NativeIntegrationLinkageException                   : loaded 2 times (x 82B)
Class org.gradle.api.internal.ClassPathRegistry                                       : loaded 2 times (x 70B)
Class org.gradle.internal.classpath.DefaultClassPath$ImmutableUniqueList              : loaded 2 times (x 199B)
Class org.gradle.kotlin.dsl.DebugImplementationConfigurationAccessorsKt               : loaded 2 times (x 71B)
Class org.jetbrains.kotlin.psi.KtObjectDeclaration                                    : loaded 2 times (x 1099B)
Class kotlin.text.StringsKt__StringsKt$splitToSequence$1                              : loaded 2 times (x 79B)
Class com.google.common.collect.Table$Cell                                            : loaded 2 times (x 70B)
Class [Lorg.jetbrains.kotlin.psi.KtTypeProjection;                                    : loaded 2 times (x 69B)
Class org.jetbrains.kotlin.psi.KtTryExpression                                        : loaded 2 times (x 441B)
Class org.jetbrains.kotlin.builtins.FunctionTypesKt$isFunctionTypeOrSubtype$1         : loaded 2 times (x 78B)
Class org.jetbrains.kotlin.cfg.pseudocodeTraverser.PseudocodeTraverserKt$WhenMappings : loaded 2 times (x 71B)
Class org.jetbrains.kotlin.cfg.Label                                                  : loaded 2 times (x 70B)
Class org.jetbrains.kotlin.codegen.state.InlineClassManglingUtilsKt                   : loaded 2 times (x 71B)
Class org.jetbrains.kotlin.resolve.calls.smartcasts.IdentifierInfo$PackageOrClass     : loaded 2 times (x 77B)
Class org.jetbrains.kotlin.resolve.calls.tower.TowerData$TowerLevel                   : loaded 2 times (x 72B)
Class org.jetbrains.kotlin.resolve.descriptorUtil.AnnotationsForResolveUtilsKt        : loaded 2 times (x 71B)
Class org.jetbrains.kotlin.resolve.calls.inference.model.ArgumentConstraintPositionImpl: loaded 2 times (x 72B)
Class org.jetbrains.kotlin.resolve.jvm.checkers.JavaNullabilityChecker$checkType$dataFlowValue$2: loaded 2 times (x 79B)
Class org.jetbrains.kotlin.load.java.lazy.types.JavaTypeAttributes                    : loaded 2 times (x 78B)
Class org.jetbrains.kotlin.resolve.scopes.LexicalScopeImpl$1                          : loaded 2 times (x 78B)
Class org.jetbrains.kotlin.load.java.lazy.descriptors.LazyJavaPackageScope$FindClassRequest: loaded 2 times (x 72B)
Class org.jetbrains.kotlin.resolve.AnnotationTargetLists$T_MEMBER_FUNCTION$1          : loaded 2 times (x 78B)
Class org.jetbrains.kotlin.types.expressions.ExpressionTypingUtils                    : loaded 2 times (x 71B)
Class org.jetbrains.kotlin.load.kotlin.KotlinBinaryClassCache$RequestCache            : loaded 2 times (x 73B)
Class org.jetbrains.kotlin.resolve.calls.components.NewOverloadingConflictResolver$5  : loaded 2 times (x 79B)
Class org.jetbrains.kotlin.resolve.inline.ReasonableInlineRule                        : loaded 2 times (x 70B)
Class org.jetbrains.kotlin.resolve.calls.ArgumentTypeResolver                         : loaded 2 times (x 86B)
Class org.jetbrains.kotlin.types.expressions.ExpressionTypingVisitorDispatcher        : loaded 2 times (x 242B)
Class org.jetbrains.kotlin.resolve.VarianceChecker                                    : loaded 2 times (x 72B)
Class org.jetbrains.kotlin.resolve.DeclarationResolver                                : loaded 2 times (x 72B)
Class org.jetbrains.kotlin.config.JvmAnalysisFlags$generatePropertyAnnotationsMethods$2: loaded 2 times (x 127B)
Class org.jetbrains.kotlin.load.kotlin.JvmPackagePartProviderBase$allPackageNames$2   : loaded 2 times (x 79B)
Class org.jetbrains.kotlin.builtins.jvm.JvmBuiltInsCustomizer$notConsideredDeprecation$2: loaded 2 times (x 79B)
Class org.jetbrains.kotlin.descriptors.Visibilities$Protected                         : loaded 2 times (x 79B)
Class org.jetbrains.kotlin.descriptors.ClassKind                                      : loaded 2 times (x 79B)
Class org.jetbrains.kotlin.metadata.jvm.JvmProtoBuf$JvmPropertySignature              : loaded 2 times (x 114B)
Class kotlin.collections.IntIterator                                                  : loaded 2 times (x 82B)
Class org.jetbrains.kotlin.metadata.ProtoBuf$ValueParameterOrBuilder                  : loaded 2 times (x 70B)
Class org.jetbrains.kotlin.protobuf.SmallSortedMap$EmptySet$2                         : loaded 2 times (x 78B)
Class org.jetbrains.kotlin.metadata.ProtoBuf$PackageOrBuilder                         : loaded 2 times (x 70B)
Class org.jetbrains.kotlin.container.PlatformExtensionsClashResolver$FirstWins        : loaded 2 times (x 73B)
Class org.jetbrains.kotlin.resolve.calls.checkers.VarargWrongExecutionOrderChecker    : loaded 2 times (x 74B)
Class org.jetbrains.kotlin.resolve.checkers.SuspendFunctionAsSupertypeChecker         : loaded 2 times (x 74B)
Class org.jetbrains.kotlin.resolve.checkers.ActualClassifierMustHasTheSameMembersAsNonFinalExpectClassifierChecker: loaded 2 times (x 74B)
Class org.jetbrains.kotlin.resolve.ImportPath$Companion                               : loaded 2 times (x 71B)
Class org.jetbrains.kotlin.KtNodeTypes                                                : loaded 2 times (x 70B)
Class org.jetbrains.kotlin.psi.KtStringTemplateExpression                             : loaded 2 times (x 677B)
Class org.jetbrains.kotlin.psi.KtImportInfo$ImportContent                             : loaded 2 times (x 71B)
Class org.jetbrains.kotlin.scripting.definitions.AutoloadedScriptDefinitions$basePath$2: loaded 2 times (x 78B)
Class kotlin.reflect.jvm.internal.impl.resolve.jvm.JvmPrimitiveType                   : loaded 2 times (x 79B)
Class kotlin.reflect.jvm.internal.KClassImpl$Data$declaredNonStaticMembers$2          : loaded 2 times (x 79B)
Class kotlin.script.experimental.api.KotlinType$Companion                             : loaded 2 times (x 71B)
Class kotlin.reflect.jvm.internal.ComputableClassValue                                : loaded 2 times (x 80B)
Class org.jetbrains.kotlin.extensions.StorageComponentContainerContributor            : loaded 2 times (x 70B)
Class kotlin.jvm.internal.TypeIntrinsics                                              : loaded 2 times (x 71B)
Class com.android.prefs.PathLocator$singlePathOf$values$2                             : loaded 2 times (x 78B)
Class com.android.tools.lint.model.PathVariables$Companion$PATH_COMPARATOR$2          : loaded 2 times (x 78B)
Class kotlin.text.StringsKt__StringsJVMKt                                             : loaded 2 times (x 71B)
Class com.google.common.reflect.TypeToken                                             : loaded 2 times (x 73B)
Class org.jetbrains.org.objectweb.asm.ByteVector                                      : loaded 2 times (x 78B)
Class com.google.common.collect.MapMakerInternalMap$Segment                           : loaded 2 times (x 142B)
Class [Lorg.jetbrains.kotlin.config.JvmTarget;                                        : loaded 2 times (x 69B)
Class com.google.gson.internal.bind.JsonTreeWriter                                    : loaded 2 times (x 98B)
Class com.google.protobuf.ByteString$LiteralByteString                                : loaded 2 times (x 106B)
Class com.google.protobuf.Utf8$UnsafeProcessor                                        : loaded 2 times (x 77B)
Class com.google.protobuf.UnknownFieldSet$Parser                                      : loaded 2 times (x 150B)
Class org.jetbrains.kotlin.diagnostics.PositioningStrategies$QUESTION_MARK_BY_TYPE$1  : loaded 2 times (x 74B)
Class org.jetbrains.kotlin.cfg.variable.VariableControlFlowState$Companion$WhenMappings: loaded 2 times (x 71B)
Class org.jetbrains.kotlin.builtins.FunctionTypesKt$isFunctionTypeOrSubtype$2         : loaded 2 times (x 79B)
Class org.jetbrains.kotlin.resolve.sam.SamConversionResolverKt                        : loaded 2 times (x 71B)
Class org.jetbrains.kotlin.cfg.pseudocode.instructions.eval.MagicInstruction          : loaded 2 times (x 103B)
Class org.jetbrains.kotlin.resolve.jvm.jvmSignature.JvmMethodParameterKind            : loaded 2 times (x 79B)
Class org.jetbrains.kotlin.resolve.constants.KClassValue                              : loaded 2 times (x 76B)
Class org.jetbrains.kotlin.load.java.JvmAnnotationNamesKt                             : loaded 2 times (x 71B)
Class org.jetbrains.kotlin.resolve.calls.components.CheckVisibility                   : loaded 2 times (x 73B)
Class org.jetbrains.kotlin.load.java.descriptors.JavaCallableMemberDescriptor         : loaded 2 times (x 70B)
Class org.jetbrains.kotlin.resolve.scopes.ResolutionScope$DefaultImpls                : loaded 2 times (x 71B)
Class org.jetbrains.kotlin.resolve.descriptorUtil.DescriptorUtilsKt$getAllSuperclassesWithoutAny$1: loaded 2 times (x 125B)
Class org.jetbrains.kotlin.load.kotlin.KotlinJvmBinaryClass$AnnotationArrayArgumentVisitor: loaded 2 times (x 70B)
Class javaslang.collection.Traversable                                                : loaded 2 times (x 70B)
Class [Lorg.jetbrains.kotlin.descriptors.PackageFragmentProvider;                     : loaded 2 times (x 69B)
Class org.jetbrains.kotlin.resolve.calls.components.NewOverloadingConflictResolver$6  : loaded 2 times (x 78B)
Class org.jetbrains.kotlin.psi.KtTreeVisitor                                          : loaded 2 times (x 193B)
Class org.jetbrains.kotlin.resolve.deprecation.DeprecationResolver$isHiddenBecauseOfKotlinVersionAccessibility$1: loaded 2 times (x 79B)
Class org.jetbrains.kotlin.resolve.BodiesResolveContext                               : loaded 2 times (x 70B)
Class org.jetbrains.kotlin.resolve.calls.model.KotlinDiagnosticsHolder                : loaded 2 times (x 70B)
Class org.jetbrains.kotlin.resolve.checkers.BigFunctionTypeAvailabilityChecker        : loaded 2 times (x 74B)
Class org.jetbrains.kotlin.resolve.jvm.checkers.JvmStaticChecker                      : loaded 2 times (x 74B)
Class org.jetbrains.kotlin.metadata.deserialization.VersionRequirementTable           : loaded 2 times (x 72B)
Class org.jetbrains.kotlin.descriptors.DescriptorVisibilities                         : loaded 2 times (x 71B)
Class org.jetbrains.kotlin.incremental.components.LookupTracker$DO_NOTHING            : loaded 2 times (x 76B)
Class org.jetbrains.kotlin.context.ProjectContext                                     : loaded 2 times (x 70B)
Class org.jetbrains.kotlin.resolve.CleanableBindingContext                            : loaded 2 times (x 70B)
Class org.jetbrains.kotlin.resolve.checkers.ReservedMembersAndConstructsForValueClass : loaded 2 times (x 74B)
Class org.jetbrains.kotlin.descriptors.DeclarationDescriptor                          : loaded 2 times (x 70B)
Class org.jetbrains.kotlin.container.ValueDescriptor                                  : loaded 2 times (x 70B)
Class org.jetbrains.kotlin.resolve.calls.checkers.ResolutionToPrivateConstructorOfSealedClassChecker: loaded 2 times (x 74B)
Class org.jetbrains.kotlin.diagnostics.PositioningStrategies$DeclarationHeader        : loaded 2 times (x 75B)
Class org.jetbrains.kotlin.types.AbstractTypePreparator                               : loaded 2 times (x 72B)
Class org.jetbrains.kotlin.psi.KtObjectLiteralExpression                              : loaded 2 times (x 438B)
Class org.jetbrains.kotlin.psi.KtLoopExpression                                       : loaded 2 times (x 440B)
Class org.jetbrains.kotlin.psi.KtConstructorDelegationCall                            : loaded 2 times (x 452B)
Class org.jetbrains.kotlin.psi.KtExpressionImpl                                       : loaded 2 times (x 437B)
Class it.unimi.dsi.fastutil.longs.LongCollection                                      : loaded 2 times (x 70B)
Class [Lorg.jetbrains.kotlin.psi.KtContextReceiver;                                   : loaded 2 times (x 69B)
Class org.jetbrains.kotlin.compiler.plugin.CompilerPluginRegistrar$Companion          : loaded 2 times (x 71B)
Class org.jetbrains.kotlin.compiler.plugin.CompilerPluginRegistrar$ExtensionStorage   : loaded 2 times (x 72B)
Class kotlin.text.StringsKt__StringsKt$splitToSequence$2                              : loaded 2 times (x 79B)
Class kotlin.collections.SetsKt                                                       : loaded 2 times (x 71B)
Class com.android.tools.lint.model.PathVariables$Companion$PATH_COMPARATOR$3          : loaded 2 times (x 78B)
Class kotlin.text.StringsKt__IndentKt                                                 : loaded 2 times (x 71B)
Class com.google.common.cache.RemovalCause                                            : loaded 2 times (x 80B)
Class net.rubygrapefruit.platform.internal.jni.NativeLibraryFunctions                 : loaded 2 times (x 71B)
Class [Lorg.jetbrains.org.objectweb.asm.AnnotationWriter;                             : loaded 2 times (x 69B)
Class org.jetbrains.org.objectweb.asm.tree.LookupSwitchInsnNode                       : loaded 2 times (x 78B)
Class com.google.common.cache.CacheBuilder                                            : loaded 2 times (x 72B)
Class Settings_gradle$1                                                               : loaded 2 times (x 74B)
Class org.gradle.internal.classpath.ClassPath                                         : loaded 2 times (x 70B)
Class org.gradle.api.UncheckedIOException                                             : loaded 2 times (x 82B)
Class org.jetbrains.kotlin.resolve.checkers.SealedInterfaceAllowedChecker             : loaded 2 times (x 74B)
Class org.jetbrains.kotlin.cfg.pseudocode.instructions.jumps.ReturnValueInstruction   : loaded 2 times (x 102B)
Class org.jetbrains.kotlin.cfg.CfgContainingDeclarationUtilsKt                        : loaded 2 times (x 71B)
Class org.jetbrains.kotlin.cfg.ControlFlowProcessor$CFPVisitor                        : loaded 2 times (x 304B)
Class org.jetbrains.kotlin.cfg.pseudocode.ControlFlowInstructionsGenerator            : loaded 2 times (x 173B)
Class org.jetbrains.kotlin.resolve.calls.inference.model.BuilderInferenceSubstitutionConstraintPosition: loaded 2 times (x 72B)
Class kotlin.sequences.TakeWhileSequence$iterator$1                                   : loaded 2 times (x 79B)
Class org.jetbrains.kotlin.scripting.resolve.VirtualFileScriptSource                  : loaded 2 times (x 85B)
Class org.jetbrains.kotlin.load.java.typeEnhancement.SignatureEnhancement$enhanceTypeParameterBounds$1$1: loaded 2 times (x 78B)
Class org.jetbrains.kotlin.resolve.calls.inference.model.ReceiverConstraintPosition   : loaded 2 times (x 72B)
Class org.jetbrains.kotlin.serialization.deserialization.descriptors.DeserializedClassDescriptor$DeserializedClassMemberScope$generateFakeOverrides$1: loaded 2 times (x 77B)
Class org.jetbrains.kotlin.descriptors.annotations.AnnotationDescriptorImpl           : loaded 2 times (x 82B)
Class org.jetbrains.kotlin.resolve.calls.smartcasts.IdentifierInfo$NO                 : loaded 2 times (x 77B)
Class org.jetbrains.kotlin.resolve.calls.components.NoTypeArguments                   : loaded 2 times (x 73B)
Class org.jetbrains.kotlin.resolve.calls.context.ResolutionResultsCacheImpl           : loaded 2 times (x 76B)
Class org.jetbrains.kotlin.resolve.jvm.jvmSignature.KotlinToJvmSignatureMapper        : loaded 2 times (x 70B)
Class org.jetbrains.kotlin.descriptors.annotations.AnnotationDescriptor$DefaultImpls  : loaded 2 times (x 71B)
Class [Lorg.jetbrains.kotlin.extensions.DeclarationAttributeAltererExtension;         : loaded 2 times (x 69B)
Class org.jetbrains.kotlin.protobuf.GeneratedMessageLite$ExtendableMessageOrBuilder   : loaded 2 times (x 70B)
Class org.jetbrains.kotlin.resolve.jvm.multiplatform.OptionalAnnotationClassDataFinder: loaded 2 times (x 75B)
Class org.jetbrains.kotlin.descriptors.annotations.Annotations$DefaultImpls           : loaded 2 times (x 71B)
Class com.google.common.collect.LinkedHashMultimap$ValueSet$1                         : loaded 2 times (x 82B)
Class org.jetbrains.kotlin.library.metadata.impl.KlibMetadataModuleDescriptorFactoryImpl: loaded 2 times (x 84B)
Class org.jetbrains.kotlin.load.java.typeEnhancement.MutabilityQualifier              : loaded 2 times (x 79B)
Class org.jetbrains.kotlin.load.java.JavaNullabilityAnnotationSettingsKt              : loaded 2 times (x 71B)
Class org.jetbrains.kotlin.contracts.ContractDeserializerImpl                         : loaded 2 times (x 75B)
Class org.jetbrains.kotlin.resolve.lazy.declarations.ClassMemberDeclarationProvider   : loaded 2 times (x 70B)
Class org.jetbrains.kotlin.serialization.deserialization.TypeDeserializer             : loaded 2 times (x 72B)
Class org.jetbrains.kotlin.types.error.ErrorModuleDescriptor$builtIns$2               : loaded 2 times (x 78B)
Class org.jetbrains.kotlin.descriptors.InvalidModuleException                         : loaded 2 times (x 82B)
Class org.jetbrains.kotlin.descriptors.impl.AbstractClassDescriptor$1                 : loaded 2 times (x 77B)
Class org.jetbrains.kotlin.renderer.DescriptorRendererModifier                        : loaded 2 times (x 79B)
Class org.jetbrains.kotlin.cli.jvm.compiler.TopDownAnalyzerFacadeForJVM$SourceOrBinaryModuleClassResolver: loaded 2 times (x 75B)
Class org.jetbrains.kotlin.descriptors.annotations.Annotations                        : loaded 2 times (x 70B)
Class org.jetbrains.kotlin.metadata.ProtoBuf$FunctionOrBuilder                        : loaded 2 times (x 70B)
Class org.jetbrains.kotlin.metadata.deserialization.TypeTable                         : loaded 2 times (x 72B)
Class org.jetbrains.kotlin.descriptors.annotations.AnnotationDescriptor               : loaded 2 times (x 70B)
Class org.jetbrains.kotlin.resolve.checkers.NullableExtensionOperatorWithSafeCallChecker: loaded 2 times (x 74B)
Class org.jetbrains.kotlin.resolve.calls.checkers.BuilderFunctionsCallChecker         : loaded 2 times (x 74B)
Class org.jetbrains.kotlin.resolve.checkers.TrailingCommaCallChecker                  : loaded 2 times (x 74B)
Class org.jetbrains.kotlin.diagnostics.DiagnosticFactoryForDeprecation                : loaded 2 times (x 72B)
Class org.jetbrains.kotlin.resolve.PlatformConfigurator                               : loaded 2 times (x 70B)
Class [Lorg.jetbrains.kotlin.parsing.KotlinParsing$DeclarationParsingMode;            : loaded 2 times (x 69B)
Class org.jetbrains.kotlin.psi.KtSimpleNameExpressionImpl                             : loaded 2 times (x 569B)
Class [Lorg.jetbrains.kotlin.psi.KtDynamicType;                                       : loaded 2 times (x 69B)
Class [Lkotlin.reflect.jvm.internal.impl.name.FqName;                                 : loaded 2 times (x 69B)
Class kotlin.script.experimental.location.ScriptExpectedLocation                      : loaded 2 times (x 79B)
Class org.jetbrains.kotlin.scripting.compiler.plugin.definitions.CliScriptDependenciesProvider: loaded 2 times (x 75B)
Class kotlin.reflect.jvm.internal.KPackageImpl                                        : loaded 2 times (x 85B)
Class org.jetbrains.kotlin.extensions.internal.TypeResolutionInterceptor              : loaded 2 times (x 72B)
Class org.jetbrains.kotlin.idea.KotlinLanguage                                        : loaded 2 times (x 107B)
Class kotlin.reflect.KFunction                                                        : loaded 2 times (x 70B)
Class com.android.tools.lint.model.PathVariables$Companion$PATH_COMPARATOR$4          : loaded 2 times (x 78B)
Class org.jetbrains.kotlin.protobuf.GeneratedMessageLite$1                            : loaded 2 times (x 71B)
Class com.google.common.collect.Interners$InternerBuilder                             : loaded 2 times (x 76B)
Class com.google.gson.internal.JsonReaderInternalAccess                               : loaded 2 times (x 72B)
Class org.jetbrains.kotlin.serialization.deserialization.ProtoContainer$Package       : loaded 2 times (x 73B)
Class org.jetbrains.kotlin.resolve.annotations.ThrowUtilKt                            : loaded 2 times (x 71B)
Class org.jetbrains.kotlin.analyzer.AnalysisResult$Companion                          : loaded 2 times (x 71B)
Class org.jetbrains.kotlin.descriptors.DescriptorWithRelation                         : loaded 2 times (x 72B)
Class [Lorg.jetbrains.kotlin.descriptors.EffectiveVisibility$Permissiveness;          : loaded 2 times (x 69B)
Class org.jetbrains.kotlin.cfg.pseudocode.instructions.KtElementInstruction           : loaded 2 times (x 70B)
Class org.jetbrains.kotlin.descriptors.impl.PropertyDescriptorImpl$CopyConfiguration  : loaded 2 times (x 112B)
Class kotlin.script.experimental.jvm.impl.BridgeDependenciesResolverKt                : loaded 2 times (x 71B)
Class org.jetbrains.kotlin.scripting.compiler.plugin.definitions.CliScriptDefinitionProvider$currentDefinitions$base$1: loaded 2 times (x 78B)
Class org.jetbrains.kotlin.resolve.scopes.receivers.ExtensionReceiver                 : loaded 2 times (x 85B)
Class org.jetbrains.kotlin.resolve.calls.smartcasts.DataFlowValueKindUtilsKt          : loaded 2 times (x 71B)
Class org.jetbrains.kotlin.resolve.calls.model.PostponedCallableReferenceMarker       : loaded 2 times (x 70B)
Class org.jetbrains.kotlin.resolve.calls.inference.components.TypeCheckerStateForConstraintSystem: loaded 2 times (x 81B)
Class org.jetbrains.kotlin.load.java.structure.JavaType                               : loaded 2 times (x 70B)
Class org.jetbrains.kotlin.load.java.lazy.descriptors.LazyJavaClassDescriptor$moduleAnnotations$2: loaded 2 times (x 79B)
Class org.jetbrains.kotlin.resolve.scopes.receivers.ImplicitClassReceiver             : loaded 2 times (x 91B)
Class org.jetbrains.kotlin.types.SimpleTypeWithEnhancement                            : loaded 2 times (x 98B)
Class org.jetbrains.kotlin.utils.SmartList$EmptyIterator                              : loaded 2 times (x 81B)
Class org.jetbrains.kotlin.metadata.deserialization.VersionRequirement                : loaded 2 times (x 72B)
Class org.jetbrains.kotlin.psi.KtProjectionKind                                       : loaded 2 times (x 79B)
Class org.jetbrains.kotlin.resolve.lazy.descriptors.ClassResolutionScopesSupport$scopeWithGenerics$1: loaded 2 times (x 79B)
Class org.jetbrains.kotlin.resolve.lazy.FileScopeFactory$FilesScopesBuilder$lazyImportingScope$1: loaded 2 times (x 100B)
Class org.jetbrains.kotlin.library.metadata.KlibMetadataDeserializedPackageFragmentsFactory: loaded 2 times (x 70B)
Class org.jetbrains.kotlin.util.slicedMap.Slices                                      : loaded 2 times (x 71B)
Class org.jetbrains.kotlin.resolve.calls.results.OverloadResolutionResultsImpl        : loaded 2 times (x 99B)
Class org.jetbrains.kotlin.types.expressions.FakeCallResolver$RealExpression          : loaded 2 times (x 72B)
Class org.jetbrains.kotlin.resolve.QualifiedExpressionResolver$QualifierPart          : loaded 2 times (x 74B)
Class org.jetbrains.kotlin.resolve.PossiblyBareType                                   : loaded 2 times (x 78B)
Class org.jetbrains.kotlin.resolve.jvm.checkers.JvmModuleAccessibilityChecker         : loaded 2 times (x 75B)
Class org.jetbrains.kotlin.load.kotlin.JvmPackagePartProviderBase                     : loaded 2 times (x 92B)
Class org.jetbrains.kotlin.descriptors.impl.AbstractClassDescriptor$2                 : loaded 2 times (x 77B)
Class org.jetbrains.kotlin.descriptors.Modality$Companion                             : loaded 2 times (x 71B)
Class org.jetbrains.kotlin.renderer.RenderingUtilsKt                                  : loaded 2 times (x 71B)
Class org.jetbrains.kotlin.builtins.BuiltInsLoader                                    : loaded 2 times (x 70B)
Class org.jetbrains.kotlin.incremental.components.ExpectActualTracker$DoNothing       : loaded 2 times (x 74B)
Class org.jetbrains.kotlin.descriptors.impl.PackageViewDescriptorFactory$Default      : loaded 2 times (x 74B)
Class org.jetbrains.kotlin.descriptors.deserialization.PlatformDependentDeclarationFilter: loaded 2 times (x 70B)
Class org.jetbrains.kotlin.metadata.ProtoBuf$Type$ArgumentOrBuilder                   : loaded 2 times (x 70B)
Class org.jetbrains.kotlin.protobuf.GeneratedMessageLite$GeneratedExtension           : loaded 2 times (x 79B)
Class org.jetbrains.kotlin.resolve.calls.checkers.CallCheckerContext                  : loaded 2 times (x 78B)
Class [Lorg.jetbrains.kotlin.container.PlatformExtensionsClashResolver;               : loaded 2 times (x 69B)
Class org.jetbrains.kotlin.resolve.calls.checkers.ContractNotAllowedCallChecker       : loaded 2 times (x 74B)
Class org.jetbrains.kotlin.resolve.checkers.DataClassDeclarationChecker               : loaded 2 times (x 74B)
Class org.jetbrains.kotlin.diagnostics.PositioningStrategies$DELEGATOR_SUPER_CALL$1   : loaded 2 times (x 74B)
Class org.jetbrains.kotlin.psi.KtWhenExpression                                       : loaded 2 times (x 446B)
Class [Lorg.jetbrains.kotlin.psi.KtContextReceiverList;                               : loaded 2 times (x 69B)
Class org.jetbrains.kotlin.psi.KtValueArgument                                        : loaded 2 times (x 461B)
Class org.jetbrains.kotlin.psi.stubs.elements.KtPrimaryConstructorElementType         : loaded 2 times (x 107B)
Class [Lorg.jetbrains.kotlin.psi.KtSecondaryConstructor;                              : loaded 2 times (x 69B)
Class [Lorg.jetbrains.kotlin.psi.KtAnnotated;                                         : loaded 2 times (x 69B)
Class kotlin.script.experimental.api.ScriptEvaluationConfiguration$Builder            : loaded 2 times (x 72B)
Class kotlin.reflect.jvm.internal.KClassImpl$Data$declaredStaticMembers$2             : loaded 2 times (x 79B)
Class kotlin.reflect.jvm.internal.KProperty1Impl$delegateSource$1                     : loaded 2 times (x 79B)
Class [Lkotlin.reflect.KDeclarationContainer;                                         : loaded 2 times (x 69B)
Class org.jetbrains.kotlin.config.CommonConfigurationKeys                             : loaded 2 times (x 71B)
Class it.unimi.dsi.fastutil.objects.ObjectIterable                                    : loaded 2 times (x 70B)
Class com.android.tools.lint.model.DefaultLintModelAndroidLibrary                     : loaded 2 times (x 111B)
Class kotlin.collections.MapsKt__MapsKt                                               : loaded 2 times (x 71B)
Class com.android.prefs.AndroidLocationsProvider                                      : loaded 2 times (x 70B)
Class kotlin.jvm.internal.Lambda                                                      : loaded 2 times (x 75B)
Class net.rubygrapefruit.platform.internal.Platform$Windows                           : loaded 2 times (x 79B)
Class com.google.common.io.CharStreams$NullWriter                                     : loaded 2 times (x 99B)
Class org.objectweb.asm.SymbolTable$Entry                                             : loaded 2 times (x 74B)
Class com.google.common.util.concurrent.AbstractFuture$AtomicHelper                   : loaded 2 times (x 78B)
Class org.jetbrains.kotlin.util.slicedMap.ReadOnlySlice                               : loaded 2 times (x 70B)
Class [Lorg.jetbrains.kotlin.psi.KtScriptInitializer;                                 : loaded 2 times (x 69B)
Class org.jetbrains.kotlin.cfg.ControlFlowInformationProviderImpl$checkWhenExpressions$1: loaded 2 times (x 79B)
Class org.jetbrains.kotlin.cfg.ControlFlowProcessor$CFPVisitor$conditionVisitor$1     : loaded 2 times (x 304B)
Class org.jetbrains.kotlin.resolve.FunctionDescriptorUtil$1                           : loaded 2 times (x 77B)
Class org.jetbrains.kotlin.descriptors.deserialization.PlatformDependentDeclarationFilterKt: loaded 2 times (x 71B)
Class org.jetbrains.kotlin.types.TypeApproximatorConfiguration$IncorporationConfiguration: loaded 2 times (x 87B)
Class org.jetbrains.kotlin.load.java.lazy.ContextKt$copyWithNewDefaultTypeQualifiers$1: loaded 2 times (x 79B)
Class org.jetbrains.kotlin.load.java.descriptors.PossiblyExternalAnnotationDescriptor : loaded 2 times (x 70B)
Class org.jetbrains.kotlin.types.model.TypeSystemInferenceExtensionContext$extractTypeVariables$1$1: loaded 2 times (x 78B)
Class org.jetbrains.kotlin.builtins.UnsignedArrayType                                 : loaded 2 times (x 79B)
Class org.jetbrains.kotlin.resolve.calls.util.CallUtilKt                              : loaded 2 times (x 71B)
Class org.jetbrains.kotlin.resolve.ExternalOverridabilityCondition$Result             : loaded 2 times (x 79B)
Class org.jetbrains.kotlin.load.java.structure.impl.JavaClassifierImpl                : loaded 2 times (x 104B)
Class org.jetbrains.kotlin.descriptors.DescriptorVisibilityUtils                      : loaded 2 times (x 71B)
Class org.jetbrains.kotlin.load.java.FieldOverridabilityCondition                     : loaded 2 times (x 75B)
Class org.jetbrains.kotlin.config.LanguageVersionSettingsKt                           : loaded 2 times (x 71B)
Class org.jetbrains.kotlin.cli.jvm.compiler.CliVirtualFileFinder$findBinaryOrSigClass$1: loaded 2 times (x 79B)
Class org.jetbrains.kotlin.resolve.lazy.declarations.AbstractPsiBasedDeclarationProvider$index$1: loaded 2 times (x 79B)
Class org.jetbrains.kotlin.resolve.jvm.multiplatform.OptionalAnnotationPackageFragmentProvider$packages$2: loaded 2 times (x 79B)
Class org.jetbrains.kotlin.builtins.ReflectionTypes$Companion                         : loaded 2 times (x 71B)
Class org.jetbrains.kotlin.resolve.calls.tower.KotlinResolutionCallbacksImpl$LambdaInfo: loaded 2 times (x 72B)
Class org.jetbrains.kotlin.descriptors.ClassDescriptorWithResolutionScopes            : loaded 2 times (x 70B)
Class org.jetbrains.kotlin.resolve.checkers.OptInMarkerDeclarationAnnotationChecker   : loaded 2 times (x 75B)
Class org.jetbrains.kotlin.resolve.sam.SamConversionOracle                            : loaded 2 times (x 70B)
Class org.jetbrains.kotlin.resolve.descriptorUtil.DescriptorUtilsKt                   : loaded 2 times (x 71B)
Class org.jetbrains.kotlin.descriptors.impl.AbstractClassDescriptor$3                 : loaded 2 times (x 77B)
Class org.jetbrains.kotlin.renderer.DescriptorRenderer$Companion$FQ_NAMES_IN_TYPES_WITH_ANNOTATIONS$1: loaded 2 times (x 78B)
Class org.jetbrains.kotlin.load.kotlin.JvmPackagePartSource                           : loaded 2 times (x 85B)
Class org.jetbrains.kotlin.metadata.ProtoBuf$Property$1                               : loaded 2 times (x 144B)
Class org.jetbrains.kotlin.metadata.ProtoBuf$Type                                     : loaded 2 times (x 145B)
Class org.jetbrains.kotlin.metadata.ProtoBuf$Class                                    : loaded 2 times (x 180B)
Class org.jetbrains.kotlin.resolve.checkers.MissingDependencyClassChecker$ClassifierUsage: loaded 2 times (x 74B)
Class org.jetbrains.kotlin.resolve.calls.checkers.NamedFunAsExpressionChecker         : loaded 2 times (x 74B)
Class org.jetbrains.kotlin.resolve.jvm.JvmOverridesBackwardCompatibilityHelper        : loaded 2 times (x 74B)
Class org.jetbrains.kotlin.diagnostics.DiagnosticFactoryForDeprecation0$Companion     : loaded 2 times (x 71B)
Class [Lorg.jetbrains.kotlin.lexer.KtToken;                                           : loaded 2 times (x 69B)
Class [Lorg.jetbrains.kotlin.psi.KtSuperTypeList;                                     : loaded 2 times (x 69B)
Class org.jetbrains.kotlin.psi.KtNamedDeclarationStub                                 : loaded 2 times (x 912B)
Class org.jetbrains.kotlin.psi.stubs.elements.KtStubElementTypes                      : loaded 2 times (x 70B)
Class org.jetbrains.kotlin.cli.jvm.compiler.CliKotlinAsJavaSupport                    : loaded 2 times (x 103B)
Class org.jetbrains.kotlin.config.CommonConfigurationKeysKt                           : loaded 2 times (x 71B)
Class org.jetbrains.org.objectweb.asm.ClassWriter                                     : loaded 2 times (x 104B)
Class org.objectweb.asm.Edge                                                          : loaded 2 times (x 72B)
Class com.google.common.base.Suppliers$SupplierOfInstance                             : loaded 2 times (x 79B)
Class com.google.protobuf.Utf8                                                        : loaded 2 times (x 71B)
Class com.google.protobuf.GeneratedMessageV3                                          : loaded 2 times (x 177B)
Class org.jetbrains.kotlin.serialization.deserialization.descriptors.DeserializedClassDescriptor$computeValueClassRepresentation$1: loaded 2 times (x 125B)
Class org.jetbrains.kotlin.cfg.variable.PseudocodeVariablesData$ReadOnlyInitVariableControlFlowInfoImpl: loaded 2 times (x 79B)
Class org.jetbrains.kotlin.cfg.variable.PseudocodeVariablesData$rootVariables$2       : loaded 2 times (x 79B)
Class org.jetbrains.kotlin.cfg.variable.VariableInitControlFlowInfo                   : loaded 2 times (x 550B)
Class [Lorg.jetbrains.kotlin.extensions.AnnotationBasedExtension;                     : loaded 2 times (x 69B)
Class org.jetbrains.kotlin.resolve.calls.tower.MemberScopeTowerLevel$getFunctions$1   : loaded 2 times (x 79B)
Class org.jetbrains.kotlin.load.java.SpecialBuiltinMembers                            : loaded 2 times (x 71B)
Class kotlin.script.experimental.jvm.JvmScriptingHostConfigurationBuilder$Companion   : loaded 2 times (x 71B)
Class org.jetbrains.kotlin.resolve.calls.results.OverloadResolutionResultsUtil        : loaded 2 times (x 71B)
Class org.jetbrains.kotlin.resolve.jvm.checkers.JavaNullabilityChecker$checkReceiver$dataFlowValue$2: loaded 2 times (x 79B)
Class org.jetbrains.kotlin.resolve.calls.tower.MemberScopeTowerLevel$getVariables$1   : loaded 2 times (x 79B)
Class org.jetbrains.kotlin.resolve.calls.CallExpressionUnrollerKt                     : loaded 2 times (x 71B)
Class [Lorg.jetbrains.kotlin.resolve.calls.results.ResolutionStatus;                  : loaded 2 times (x 69B)
Class org.jetbrains.kotlin.resolve.calls.inference.model.NewConstraintSystemImpl      : loaded 2 times (x 1288B)
Class org.jetbrains.kotlin.resolve.calls.tasks.TracingStrategy$1                      : loaded 2 times (x 96B)
Class org.jetbrains.kotlin.load.java.lazy.descriptors.LazyJavaScope$ResolvedValueParameters: loaded 2 times (x 72B)
Class org.jetbrains.kotlin.psi.typeRefHelpers.TypeRefHelpersKt                        : loaded 2 times (x 71B)
Class org.jetbrains.kotlin.asJava.finder.JavaElementFinder$findRepeatableAnnotationContainer$1: loaded 2 times (x 78B)
Class org.jetbrains.kotlin.types.TypeWithEnhancement                                  : loaded 2 times (x 70B)
Class org.jetbrains.kotlin.serialization.deserialization.descriptors.DeserializedMemberDescriptor: loaded 2 times (x 70B)
Class org.jetbrains.kotlin.load.kotlin.DeserializedDescriptorResolver$createKotlinPackagePartScope$2: loaded 2 times (x 78B)
Class org.jetbrains.kotlin.resolve.calls.tower.ImplicitsExtensionsResolutionFilter    : loaded 2 times (x 70B)
Class org.jetbrains.kotlin.resolve.lazy.FileScopeFactoryKt                            : loaded 2 times (x 71B)
Class org.jetbrains.kotlin.resolve.lazy.descriptors.AbstractLazyMemberScope$classDescriptors$1: loaded 2 times (x 79B)
Class org.jetbrains.kotlin.resolve.calls.inference.ConstraintSystemBuilderImpl        : loaded 2 times (x 87B)
Class org.jetbrains.kotlin.idea.MainFunctionDetector$languageVersionSettings$2        : loaded 2 times (x 79B)
Class org.jetbrains.kotlin.resolve.calls.tower.TowerData                              : loaded 2 times (x 71B)
Class org.jetbrains.kotlin.types.AbstractTypeApproximator                             : loaded 2 times (x 627B)
Class org.jetbrains.kotlin.types.expressions.ExpressionTypingServices                 : loaded 2 times (x 86B)
Class org.jetbrains.kotlin.load.java.JavaClassesTracker$Default                       : loaded 2 times (x 76B)
Class org.jetbrains.kotlin.types.model.TypeSystemInferenceExtensionContextDelegate    : loaded 2 times (x 70B)
Class org.jetbrains.kotlin.resolve.jvm.multiplatform.JavaActualAnnotationArgumentExtractor: loaded 2 times (x 74B)
Class org.jetbrains.kotlin.serialization.deserialization.descriptors.DeserializedMemberScope$OptimizedImplementation: loaded 2 times (x 81B)
Class org.jetbrains.kotlin.util.ArrayMap                                              : loaded 2 times (x 83B)
Class org.jetbrains.kotlin.descriptors.PropertySetterDescriptor                       : loaded 2 times (x 70B)
Class org.jetbrains.kotlin.types.TypeConstructor                                      : loaded 2 times (x 70B)
Class kotlin.properties.Delegates                                                     : loaded 2 times (x 71B)
Class org.jetbrains.kotlin.renderer.DescriptorRendererOptions                         : loaded 2 times (x 70B)
Class org.jetbrains.kotlin.descriptors.deserialization.AdditionalClassPartsProvider   : loaded 2 times (x 70B)
Class org.jetbrains.kotlin.diagnostics.DiagnosticSink$1                               : loaded 2 times (x 81B)
Class kotlin.Metadata                                                                 : loaded 2 times (x 70B)
Class org.jetbrains.kotlin.resolve.calls.checkers.SafeCallChecker                     : loaded 2 times (x 74B)
Class org.jetbrains.kotlin.resolve.jvm.checkers.ExplicitMetadataChecker               : loaded 2 times (x 74B)
Class org.jetbrains.kotlin.diagnostics.PositioningStrategies$USELESS_ELVIS$1          : loaded 2 times (x 74B)
Class [Lorg.jetbrains.kotlin.diagnostics.DiagnosticFactory;                           : loaded 2 times (x 69B)
Class org.jetbrains.kotlin.resolve.jvm.checkers.UpperBoundViolatedInTypealiasConstructorChecker: loaded 2 times (x 74B)
Class org.jetbrains.kotlin.kdoc.lexer.KDocToken                                       : loaded 2 times (x 75B)
Class org.jetbrains.kotlin.psi.KtQualifiedExpression                                  : loaded 2 times (x 70B)
Class org.jetbrains.kotlin.psi.stubs.KotlinTypeProjectionStub                         : loaded 2 times (x 70B)
Class org.jetbrains.kotlin.psi.stubs.KotlinModifierListStub                           : loaded 2 times (x 70B)
Class [Lorg.jetbrains.kotlin.psi.KtClassBody;                                         : loaded 2 times (x 69B)
Class org.jetbrains.kotlin.psi.KtValVarKeywordOwner                                   : loaded 2 times (x 70B)
Class org.jetbrains.kotlin.psi.KtExpression                                           : loaded 2 times (x 70B)
Class org.jetbrains.kotlin.cli.jvm.modules.CliJavaModuleFinder$nonModuleRoot$2        : loaded 2 times (x 79B)
Class org.jetbrains.kotlin.scripting.definitions.ScriptEvaluationConfigurationFromDefinition: loaded 2 times (x 72B)
Class org.jetbrains.kotlin.cli.common.extensions.ReplFactoryExtension                 : loaded 2 times (x 70B)
Class kotlin.script.experimental.util.PropertiesCollection$PropertyKeyDelegate        : loaded 2 times (x 72B)
Class kotlin.collections.AbstractMutableSet                                           : loaded 2 times (x 142B)
Class org.jetbrains.kotlin.resolve.calls.components.PostponedArgumentsAnalyzerContext : loaded 2 times (x 70B)
Class kotlin.text.MatchResult$Destructured                                            : loaded 2 times (x 72B)
Class org.jetbrains.kotlin.util.ReenteringLazyValueComputationException               : loaded 2 times (x 82B)
Class kotlin.UninitializedPropertyAccessException                                     : loaded 2 times (x 82B)
Class com.google.common.reflect.TypeToken$1                                           : loaded 2 times (x 110B)
Class com.google.common.cache.LocalCache$ComputingValueReference                      : loaded 2 times (x 96B)
Class org.jetbrains.kotlin.resolve.deprecation.DeprecationResolver$Companion          : loaded 2 times (x 71B)
Class com.google.protobuf.MessageLite$Builder                                         : loaded 2 times (x 70B)
Class org.jetbrains.kotlin.serialization.deserialization.descriptors.DeserializedClassDescriptor$computeValueClassRepresentation$2: loaded 2 times (x 125B)
Class org.jetbrains.kotlin.cfg.pseudocode.instructions.eval.WriteValueInstruction     : loaded 2 times (x 103B)
Class org.jetbrains.kotlin.cfg.pseudocode.PseudoValue                                 : loaded 2 times (x 70B)
Class org.jetbrains.kotlin.resolve.calls.smartcasts.IdentifierInfo$EnumEntry          : loaded 2 times (x 77B)
Class org.jetbrains.kotlin.resolve.OperatorModifierChecker                            : loaded 2 times (x 71B)
Class org.jetbrains.kotlin.resolve.scopes.AbstractScopeAdapter                        : loaded 2 times (x 100B)
Class org.jetbrains.kotlin.load.java.lazy.types.RawSubstitution$Companion             : loaded 2 times (x 71B)
Class org.jetbrains.kotlin.scripting.resolve.LazyScriptClassMemberScope               : loaded 2 times (x 109B)
Class org.jetbrains.kotlin.resolve.lazy.LazyImportScope$getContributedFunctions$1     : loaded 2 times (x 79B)
Class org.jetbrains.kotlin.resolve.calls.inference.model.ReceiverConstraintPositionImpl: loaded 2 times (x 72B)
Class org.jetbrains.kotlin.resolve.lazy.LazyImportScope$getContributedVariables$1     : loaded 2 times (x 79B)
Class org.jetbrains.kotlin.resolve.calls.inference.model.ConstraintKind               : loaded 2 times (x 79B)
Class org.jetbrains.kotlin.types.NotNullTypeParameter                                 : loaded 2 times (x 70B)
Class org.jetbrains.kotlin.resolve.calls.components.CheckArgumentsInParenthesis       : loaded 2 times (x 73B)
Class org.jetbrains.kotlin.resolve.calls.util.CallResolverUtilKt                      : loaded 2 times (x 71B)
Class [Lorg.jetbrains.kotlin.resolve.ExternalOverridabilityCondition$Result;          : loaded 2 times (x 69B)
Class org.jetbrains.kotlin.resolve.lazy.descriptors.LazyAnnotationDescriptor          : loaded 2 times (x 84B)
Class org.jetbrains.kotlin.resolve.constants.IntegerValueTypeConstructor              : loaded 2 times (x 82B)
Class org.jetbrains.kotlin.types.NullableSimpleType                                   : loaded 2 times (x 94B)
Class org.jetbrains.kotlin.types.TypeConstructorSubstitution$Companion                : loaded 2 times (x 71B)
Class org.jetbrains.kotlin.types.TypeConstructorSubstitution                          : loaded 2 times (x 78B)
Class org.jetbrains.kotlin.load.java.lazy.descriptors.LazyJavaScope$classNamesLazy$2  : loaded 2 times (x 79B)
Class org.jetbrains.kotlin.library.metadata.KlibMetadataModuleDescriptorFactory       : loaded 2 times (x 70B)
Class org.jetbrains.kotlin.util.CounterWithExclude                                    : loaded 2 times (x 73B)
Class org.jetbrains.kotlin.resolve.calls.CallCompleter                                : loaded 2 times (x 72B)
Class org.jetbrains.kotlin.serialization.deserialization.ContractDeserializer         : loaded 2 times (x 70B)
Class org.jetbrains.kotlin.types.error.ErrorClassDescriptor                           : loaded 2 times (x 269B)
Class org.jetbrains.kotlin.descriptors.annotations.AnnotatedImpl                      : loaded 2 times (x 76B)
Class org.jetbrains.kotlin.diagnostics.DiagnosticSink$2                               : loaded 2 times (x 81B)
Class org.jetbrains.kotlin.psi.UserDataProperty                                       : loaded 2 times (x 72B)
Class org.jetbrains.kotlin.metadata.ProtoBuf$Class$Kind                               : loaded 2 times (x 82B)
Class org.jetbrains.kotlin.metadata.jvm.JvmProtoBuf$JvmMethodSignatureOrBuilder       : loaded 2 times (x 70B)
Class org.jetbrains.kotlin.metadata.ProtoBuf$Annotation$Argument                      : loaded 2 times (x 108B)
Class org.jetbrains.kotlin.protobuf.GeneratedMessageLite$Builder                      : loaded 2 times (x 128B)
Class org.jetbrains.kotlin.protobuf.WireFormat$FieldType$1                            : loaded 2 times (x 83B)
Class org.jetbrains.kotlin.protobuf.ByteString                                        : loaded 2 times (x 108B)
Class org.jetbrains.kotlin.descriptors.DeclarationDescriptorWithSource                : loaded 2 times (x 70B)
Class org.jetbrains.kotlin.resolve.checkers.PlatformDiagnosticSuppressor              : loaded 2 times (x 70B)
Class org.jetbrains.kotlin.resolve.calls.checkers.CoroutineSuspendCallChecker         : loaded 2 times (x 74B)
Class org.jetbrains.kotlin.parsing.KotlinExpressionParsing$Precedence$1               : loaded 2 times (x 81B)
Class org.jetbrains.kotlin.parsing.AbstractTokenStreamPredicate                       : loaded 2 times (x 77B)
Class [Lorg.jetbrains.kotlin.psi.KtStringTemplateEntryWithExpression;                 : loaded 2 times (x 69B)
Class org.jetbrains.kotlin.psi.KtTypeProjection                                       : loaded 2 times (x 584B)
Class org.jetbrains.kotlin.util.slicedMap.Slices$1                                    : loaded 2 times (x 75B)
Class kotlin.reflect.jvm.internal.KClassImpl$Data$supertypes$2                        : loaded 2 times (x 79B)
Class [Lkotlin.script.experimental.host.ScriptingHostConfiguration;                   : loaded 2 times (x 69B)
Class org.jetbrains.kotlin.cli.jvm.compiler.CliLightClassGenerationSupport$ultraLightSupport$2: loaded 2 times (x 79B)
Class kotlin.reflect.KProperty$Getter                                                 : loaded 2 times (x 70B)
Class kotlin.sequences.SequencesKt___SequencesKt$filterNotNull$1                      : loaded 2 times (x 78B)
Class com.google.common.reflect.TypeToken$2                                           : loaded 2 times (x 110B)
Class com.google.common.cache.LocalCache$Segment                                      : loaded 2 times (x 154B)
Class org.jetbrains.kotlin.resolve.calls.smartcasts.DataFlowInfoFactory               : loaded 2 times (x 71B)
Class com.google.protobuf.Parser                                                      : loaded 2 times (x 70B)
Class org.jetbrains.kotlin.codegen.FrameMapBase                                       : loaded 2 times (x 75B)
Class com.android.ide.common.resources.usage.WebTokenizers$WebTokensCallback          : loaded 2 times (x 70B)
Class [Lcom.android.ide.common.resources.DataFile$FileType;                           : loaded 2 times (x 69B)
Class org.jetbrains.kotlin.cfg.ControlFlowInformationProviderImpl$VariableContext     : loaded 2 times (x 72B)
Class org.jetbrains.kotlin.synthetic.JavaSyntheticPropertiesScope$MyPropertyDescriptor$Companion: loaded 2 times (x 71B)
Class org.jetbrains.kotlin.cfg.pseudocodeTraverser.TraversalOrder                     : loaded 2 times (x 79B)
Class javaslang.collection.HashArrayMappedTrieModule$ArrayNode                        : loaded 2 times (x 102B)
Class org.jetbrains.kotlin.contracts.model.ESValue                                    : loaded 2 times (x 70B)
Class org.jetbrains.kotlin.resolve.FunctionDescriptorUtil                             : loaded 2 times (x 71B)
Class org.jetbrains.kotlin.resolve.calls.inference.model.MutableVariableWithConstraints: loaded 2 times (x 77B)
Class org.jetbrains.kotlin.descriptors.annotations.BuiltInAnnotationDescriptor        : loaded 2 times (x 78B)
Class org.jetbrains.kotlin.resolve.TraceEntryFilter                                   : loaded 2 times (x 70B)
Class [Lorg.jetbrains.kotlin.resolve.calls.model.ResolutionPart;                      : loaded 2 times (x 69B)
Class [Lorg.jetbrains.kotlin.util.Checks;                                             : loaded 2 times (x 69B)
Class org.jetbrains.kotlin.load.java.structure.impl.JavaClassImpl$Companion           : loaded 2 times (x 71B)
Class [Lorg.jetbrains.kotlin.descriptors.Substitutable;                               : loaded 2 times (x 69B)
Class org.jetbrains.kotlin.types.RawType                                              : loaded 2 times (x 70B)
Class org.jetbrains.kotlin.resolve.jvm.diagnostics.ErrorsJvm                          : loaded 2 times (x 70B)
Class org.jetbrains.kotlin.types.AbstractStrictEqualityTypeChecker                    : loaded 2 times (x 71B)
Class org.jetbrains.kotlin.resolve.calls.util.FakeCallableDescriptorForTypeAliasObject: loaded 2 times (x 231B)
Class org.jetbrains.kotlin.resolve.QualifiedExpressionResolverKt                      : loaded 2 times (x 71B)
Class org.jetbrains.kotlin.load.java.lazy.LazyJavaPackageFragmentProvider$getPackageFragment$1: loaded 2 times (x 79B)
Class org.jetbrains.kotlin.resolve.lazy.FileScopeFactory$FilesScopesBuilder           : loaded 2 times (x 72B)
Class org.jetbrains.kotlin.load.java.lazy.descriptors.LazyJavaPackageFragment         : loaded 2 times (x 140B)
Class org.jetbrains.kotlin.storage.LockBasedStorageManager$KeyWithComputation         : loaded 2 times (x 72B)
Class org.jetbrains.kotlin.resolve.StatementFilter$Companion                          : loaded 2 times (x 71B)
Class org.jetbrains.kotlin.resolve.constants.evaluate.ConstantExpressionEvaluator$Companion$ExperimentalityDiagnostic1: loaded 2 times (x 75B)
Class org.jetbrains.kotlin.resolve.calls.tasks.OldResolutionCandidate                 : loaded 2 times (x 79B)
Class org.jetbrains.kotlin.resolve.StatementFilter                                    : loaded 2 times (x 72B)
Class org.jetbrains.kotlin.platform.PlatformSpecificDiagnosticComponents              : loaded 2 times (x 70B)
Class org.jetbrains.kotlin.config.JvmAnalysisFlags$sanitizeParentheses$2              : loaded 2 times (x 127B)
Class org.jetbrains.kotlin.load.kotlin.VirtualFileFinderFactory$SERVICE               : loaded 2 times (x 71B)
Class org.jetbrains.kotlin.protobuf.UnmodifiableLazyStringList$2                      : loaded 2 times (x 83B)
Class [Lorg.jetbrains.kotlin.config.LanguageFeature$State;                            : loaded 2 times (x 69B)
Class org.jetbrains.kotlin.descriptors.VariableDescriptorWithAccessors                : loaded 2 times (x 70B)
Class org.jetbrains.kotlin.descriptors.FunctionDescriptor$CopyBuilder                 : loaded 2 times (x 70B)
Class org.jetbrains.kotlin.renderer.DescriptorRenderer$Companion$HTML$1               : loaded 2 times (x 78B)
Class org.jetbrains.kotlin.load.kotlin.KotlinClassFinder$Result$KotlinClass           : loaded 2 times (x 72B)
Class org.jetbrains.kotlin.builtins.PrimitiveType$Companion                           : loaded 2 times (x 71B)
Class org.jetbrains.kotlin.metadata.ProtoBuf$TypeParameter                            : loaded 2 times (x 130B)
Class org.jetbrains.kotlin.metadata.ProtoBuf$ValueParameter$1                         : loaded 2 times (x 144B)
Class [Lorg.jetbrains.kotlin.protobuf.WireFormat$FieldType;                           : loaded 2 times (x 69B)
Class org.jetbrains.kotlin.protobuf.WireFormat$FieldType$2                            : loaded 2 times (x 83B)
Class org.jetbrains.kotlin.descriptors.CallableMemberDescriptor                       : loaded 2 times (x 70B)
Class org.jetbrains.kotlin.container.ClassInfo                                        : loaded 2 times (x 72B)
Class org.jetbrains.kotlin.diagnostics.PositioningStrategies$COMMAS$1                 : loaded 2 times (x 74B)
Class [Lorg.jetbrains.kotlin.diagnostics.Severity;                                    : loaded 2 times (x 69B)
Class org.jetbrains.kotlin.diagnostics.Severity                                       : loaded 2 times (x 79B)
Class org.jetbrains.kotlin.resolve.jvm.checkers.JvmSyntheticAssignmentChecker         : loaded 2 times (x 74B)
Class org.jetbrains.kotlin.resolve.jvm.checkers.MissingBuiltInDeclarationChecker      : loaded 2 times (x 74B)
Class org.jetbrains.kotlin.parsing.KotlinExpressionParsing$Precedence$2               : loaded 2 times (x 81B)
Class org.jetbrains.kotlin.metadata.ProtoBuf$Effect$InvocationKind$1                  : loaded 2 times (x 74B)
Class org.jetbrains.kotlin.psi.KtCatchClause                                          : loaded 2 times (x 379B)
Class org.jetbrains.kotlin.psi.stubs.KotlinScriptStub                                 : loaded 2 times (x 70B)
Class [Lorg.jetbrains.kotlin.psi.KtDelegatedSuperTypeEntry;                           : loaded 2 times (x 69B)
Class org.jetbrains.kotlin.psi.stubs.elements.KtAnnotationUseSiteTargetElementType    : loaded 2 times (x 100B)
Class org.jetbrains.kotlin.psi.stubs.KotlinObjectStub                                 : loaded 2 times (x 70B)
Class org.jetbrains.kotlin.psi.stubs.elements.KtClassElementType                      : loaded 2 times (x 106B)
Class org.jetbrains.kotlin.cli.jvm.modules.CliJavaModuleFinder$listFoldersForRelease$2: loaded 2 times (x 79B)
Class kotlin.reflect.jvm.internal.ReflectProperties                                   : loaded 2 times (x 71B)
Class org.jetbrains.kotlin.extensions.ProcessSourcesBeforeCompilingExtension          : loaded 2 times (x 70B)
Class kotlin.SafePublicationLazyImpl                                                  : loaded 2 times (x 76B)
Class it.unimi.dsi.fastutil.objects.ObjectIterator                                    : loaded 2 times (x 70B)
Class org.jetbrains.kotlin.cli.jvm.compiler.KotlinCoreEnvironment                     : loaded 2 times (x 72B)
Class com.google.common.collect.ImmutableListMultimap$Builder                         : loaded 2 times (x 83B)
Class [Lcom.google.common.base.Supplier;                                              : loaded 2 times (x 69B)
Class net.rubygrapefruit.platform.internal.LibraryDef                                 : loaded 2 times (x 72B)
Class [Lorg.objectweb.asm.SymbolTable$Entry;                                          : loaded 2 times (x 69B)
Class com.google.common.cache.CacheLoader                                             : loaded 2 times (x 74B)
Class org.gradle.internal.installation.GradleInstallation$1                           : loaded 2 times (x 75B)
Class org.gradle.api.internal.classpath.ModuleRegistry                                : loaded 2 times (x 70B)
Class [Lorg.jetbrains.kotlin.descriptors.annotations.KotlinTarget;                    : loaded 2 times (x 69B)
Class com.google.protobuf.ByteString$LeafByteString                                   : loaded 2 times (x 103B)
Class com.google.protobuf.Descriptors$GenericDescriptor                               : loaded 2 times (x 75B)
Class org.jetbrains.kotlin.builtins.FunctionTypesKt$isTypeOrSubtypeOf$2               : loaded 2 times (x 80B)
Class [Lorg.jetbrains.kotlin.cfg.Label;                                               : loaded 2 times (x 69B)
Class org.jetbrains.kotlin.types.AlternativeTypeSubstitutionKt$substituteAlternativesInPublicType$substitutor$1$isEmpty$2: loaded 2 times (x 79B)
Class org.jetbrains.kotlin.resolve.calls.components.CollectionTypeVariableUsagesInfo$getDependentTypeParameters$dependentTypeParameters$1: loaded 2 times (x 79B)
Class org.jetbrains.kotlin.resolve.jvm.jvmSignature.JvmMethodSignature                : loaded 2 times (x 75B)
Class [Lorg.jetbrains.kotlin.types.TypeCheckerState$LowerCapturedTypePolicy;          : loaded 2 times (x 69B)
Class org.jetbrains.kotlin.resolve.scopes.SyntheticScopesKt                           : loaded 2 times (x 71B)
Class org.jetbrains.kotlin.util.Check                                                 : loaded 2 times (x 70B)
Class org.jetbrains.kotlin.util.AbstractArrayMapOwner$AbstractArrayMapAccessor        : loaded 2 times (x 71B)
Class org.jetbrains.kotlin.types.DynamicTypesKt                                       : loaded 2 times (x 71B)
Class org.jetbrains.kotlin.load.java.descriptors.JavaMethodDescriptor                 : loaded 2 times (x 387B)
Class org.jetbrains.kotlin.resolve.calls.model.ExpressionKotlinCallArgument           : loaded 2 times (x 70B)
Class org.jetbrains.kotlin.resolve.lazy.descriptors.LazyClassMemberScope$MemberExtractor: loaded 2 times (x 70B)
Class org.jetbrains.kotlin.descriptors.InlineClassRepresentation                      : loaded 2 times (x 75B)
Class org.jetbrains.kotlin.resolve.lazy.descriptors.LazyPackageMemberScope            : loaded 2 times (x 106B)
Class org.jetbrains.kotlin.resolve.calls.inference.components.PostponedArgumentInputTypesResolver$Companion: loaded 2 times (x 71B)
Class org.jetbrains.kotlin.resolve.checkers.OptInUsageChecker$Companion$getDefaultDiagnosticMessage$1: loaded 2 times (x 79B)
Class org.jetbrains.kotlin.resolve.lazy.ImportForceResolver                           : loaded 2 times (x 70B)
Class org.jetbrains.kotlin.resolve.calls.context.CallCandidateResolutionContext       : loaded 2 times (x 85B)
Class org.jetbrains.kotlin.storage.CancellableSimpleLock                              : loaded 2 times (x 78B)
Class com.android.resources.ResourceType$Kind                                         : loaded 2 times (x 79B)
Class org.jetbrains.kotlin.parsing.BindAll                                            : loaded 2 times (x 74B)
Class org.jetbrains.kotlin.protobuf.WireFormat$FieldType$3                            : loaded 2 times (x 83B)
Class org.jetbrains.kotlin.diagnostics.PositioningStrategies$CALL_EXPRESSION$1        : loaded 2 times (x 74B)
Class org.jetbrains.kotlin.diagnostics.PositioningStrategies$WHEN_EXPRESSION$1        : loaded 2 times (x 74B)
Class org.jetbrains.kotlin.resolve.jvm.checkers.JvmFieldApplicabilityChecker          : loaded 2 times (x 74B)
Class org.jetbrains.kotlin.resolve.jvm.checkers.ExternalFunChecker                    : loaded 2 times (x 74B)
Class org.jetbrains.kotlin.storage.SimpleLock$Companion                               : loaded 2 times (x 71B)
Class org.jetbrains.kotlin.parsing.KotlinExpressionParsing$Precedence$3               : loaded 2 times (x 81B)
Class org.jetbrains.kotlin.psi.KtStatementExpression                                  : loaded 2 times (x 70B)
Class org.jetbrains.kotlin.psi.KtDeclarationContainer                                 : loaded 2 times (x 70B)
Class org.jetbrains.kotlin.config.AppendJavaSourceRootsHandlerKeyKt                   : loaded 2 times (x 71B)
Class org.jetbrains.kotlin.cli.jvm.modules.JavaModuleGraph                            : loaded 2 times (x 72B)
Class org.jetbrains.kotlin.cli.jvm.modules.CliJavaModuleFinder$compilationJdkVersion$2: loaded 2 times (x 79B)
Class org.jetbrains.kotlin.scripting.definitions.LazyClasspathWithClassLoader$classpath$2: loaded 2 times (x 79B)
Class org.jetbrains.kotlin.scripting.definitions.ScriptDefinition$FromConfigurationsBase$filePathPattern$2: loaded 2 times (x 79B)
Class org.jetbrains.kotlin.scripting.compiler.plugin.definitions.CliScriptDefinitionProvider: loaded 2 times (x 90B)
Class org.jetbrains.kotlin.utils.PlatformUtilsKt                                      : loaded 2 times (x 71B)
Class org.jetbrains.kotlin.cli.jvm.modules.CoreJrtFileSystem                          : loaded 2 times (x 101B)
Class org.jetbrains.kotlin.resolve.calls.model.AbstractPostponedCallableReferenceAtom : loaded 2 times (x 86B)
Class com.android.ide.common.repository.AgpVersion$PreviewKind$Companion              : loaded 2 times (x 71B)
Class com.android.ProgressManagerAdapter                                              : loaded 2 times (x 73B)
Class org.jetbrains.kotlin.resolve.calls.model.ResolvedCollectionLiteralAtom          : loaded 2 times (x 74B)
Class com.google.common.util.concurrent.internal.InternalFutureFailureAccess          : loaded 2 times (x 72B)
Class Build_gradle$1$2$1                                                              : loaded 2 times (x 75B)
Class com.google.protobuf.AbstractMessageLite                                         : loaded 2 times (x 101B)
Class com.google.common.collect.HashBiMap$Inverse                                     : loaded 2 times (x 142B)
Class org.jetbrains.kotlin.resolve.multiplatform.IsCommonSourceKt                     : loaded 2 times (x 71B)
Class org.jetbrains.kotlin.load.java.sam.JavaBasedSamConversionOracle                 : loaded 2 times (x 76B)
Class org.jetbrains.kotlin.contracts.model.MutableContextInfo                         : loaded 2 times (x 72B)
Class org.jetbrains.kotlin.contracts.description.expressions.BooleanConstantReference : loaded 2 times (x 82B)
Class org.jetbrains.kotlin.resolve.calls.results.TypeWithConversion                   : loaded 2 times (x 72B)
Class org.jetbrains.kotlin.types.typesApproximation.CapturedTypeApproximationKt$approximateCapturedTypesIfNecessary$1: loaded 2 times (x 78B)
Class org.jetbrains.kotlin.resolve.calls.components.CollectionTypeVariableUsagesInfo$getDependentTypeParameters$dependentTypeParameters$2: loaded 2 times (x 79B)
Class org.jetbrains.kotlin.resolve.calls.inference.components.ConstraintInjector$TypeCheckerStateForConstraintInjector$addNewIncorporatedConstraint$2: loaded 2 times (x 125B)
Class org.jetbrains.kotlin.resolve.calls.inference.model.DeclaredUpperBoundConstraintPositionImpl: loaded 2 times (x 72B)
Class org.jetbrains.kotlin.resolve.jvm.AsmTypes                                       : loaded 2 times (x 71B)
Class org.jetbrains.kotlin.resolve.calls.tower.TowerResolver$Task$localLevels$2$invoke$$inlined$filterIsInstance$1: loaded 2 times (x 78B)
Class org.jetbrains.kotlin.resolve.calls.tower.SyntheticScopeBasedTowerLevel          : loaded 2 times (x 82B)
Class org.jetbrains.kotlin.resolve.calls.tasks.DynamicCallableDescriptors$createDynamicDescriptorScope$1: loaded 2 times (x 100B)
Class org.jetbrains.kotlin.load.java.SpecialGenericSignatures$Companion               : loaded 2 times (x 71B)
Class org.jetbrains.kotlin.codegen.state.KotlinTypeMapperBase                         : loaded 2 times (x 74B)
Class org.jetbrains.kotlin.load.java.lazy.types.JavaTypeAttributesKt                  : loaded 2 times (x 71B)
Class org.jetbrains.kotlin.resolve.calls.util.ResolvedCallUtilKt$hasInferredReturnType$1: loaded 2 times (x 78B)
Class org.jetbrains.kotlin.descriptors.impl.PropertyAccessorDescriptorImpl            : loaded 2 times (x 375B)
Class [Lkotlin.jvm.internal.markers.KMappedMarker;                                    : loaded 2 times (x 69B)
Class org.jetbrains.kotlin.types.model.IntersectionTypeConstructorMarker              : loaded 2 times (x 70B)
Class org.jetbrains.kotlin.codegen.AccessorForCallableDescriptor                      : loaded 2 times (x 70B)
Class org.jetbrains.kotlin.metadata.ProtoBuf$VersionRequirement$Level                 : loaded 2 times (x 82B)
Class org.jetbrains.kotlin.metadata.ProtoBuf$VersionRequirementOrBuilder              : loaded 2 times (x 70B)
Class org.jetbrains.kotlin.load.kotlin.FileBasedKotlinClass$3$1                       : loaded 2 times (x 78B)
Class org.jetbrains.kotlin.load.java.lazy.descriptors.JvmPackageScope$kotlinScopes$2  : loaded 2 times (x 79B)
Class org.jetbrains.kotlin.load.java.structure.impl.source.JavaElementSourceFactory$Companion: loaded 2 times (x 71B)
Class org.jetbrains.kotlin.resolve.lazy.descriptors.ClassResolutionScopesSupport$Companion$createErrorLexicalScope$1: loaded 2 times (x 78B)
Class org.jetbrains.kotlin.resolve.lazy.data.KtClassOrObjectInfo                      : loaded 2 times (x 97B)
Class org.jetbrains.kotlin.resolve.calls.context.CallPosition                         : loaded 2 times (x 71B)
Class org.jetbrains.kotlin.resolve.calls.inference.components.TrivialConstraintTypeInferenceOracle: loaded 2 times (x 451B)
Class org.jetbrains.kotlin.resolve.calls.checkers.RttiExpressionChecker               : loaded 2 times (x 70B)
Class org.jetbrains.kotlin.types.expressions.ExpressionTypingVisitor                  : loaded 2 times (x 192B)
Class org.jetbrains.kotlin.mpp.TypeAliasSymbolMarker                                  : loaded 2 times (x 70B)
Class org.jetbrains.kotlin.resolve.ModuleStructureOracle$SingleModule                 : loaded 2 times (x 76B)
Class org.jetbrains.kotlin.config.JvmAnalysisFlags$javaTypeEnhancementState$2         : loaded 2 times (x 127B)
Class org.jetbrains.kotlin.config.AnalysisFlags$allowKotlinPackage$2                  : loaded 2 times (x 127B)
Class org.jetbrains.kotlin.builtins.jvm.JvmBuiltIns$initialize$1                      : loaded 2 times (x 79B)
Class org.jetbrains.kotlin.descriptors.Visibilities$Internal                          : loaded 2 times (x 79B)
Class org.jetbrains.kotlin.descriptors.PackageFragmentDescriptor                      : loaded 2 times (x 70B)
Class org.jetbrains.kotlin.builtins.jvm.JvmBuiltIns$customizer$2                      : loaded 2 times (x 79B)
Class org.jetbrains.kotlin.resolve.diagnostics.MutableDiagnosticsWithSuppression      : loaded 2 times (x 98B)
Class org.jetbrains.kotlin.metadata.jvm.JvmProtoBuf$JvmMethodSignature$1              : loaded 2 times (x 144B)
Class [Lorg.jetbrains.kotlin.metadata.ProtoBuf$Annotation$Argument$Value$Type;        : loaded 2 times (x 69B)
Class org.jetbrains.kotlin.metadata.ProtoBuf$Contract$1                               : loaded 2 times (x 144B)
Class org.jetbrains.kotlin.metadata.ProtoBuf$Type$1                                   : loaded 2 times (x 144B)
Class org.jetbrains.kotlin.protobuf.WireFormat$FieldType$4                            : loaded 2 times (x 83B)
Class org.jetbrains.kotlin.serialization.deserialization.FlexibleTypeDeserializer     : loaded 2 times (x 70B)
Class org.jetbrains.kotlin.resolve.calls.checkers.BuilderInferenceAssignmentChecker   : loaded 2 times (x 74B)
Class org.jetbrains.kotlin.resolve.checkers.FunInterfaceDeclarationChecker            : loaded 2 times (x 74B)
Class org.jetbrains.kotlin.platform.jvm.JvmPlatformKt                                 : loaded 2 times (x 71B)
Class org.jetbrains.kotlin.psi.KtAnnotationUseSiteTarget                              : loaded 2 times (x 443B)
Class [Lorg.jetbrains.kotlin.psi.KtPrimaryConstructor;                                : loaded 2 times (x 69B)
Class org.jetbrains.kotlin.psi.KtPropertyAccessor                                     : loaded 2 times (x 882B)
Class org.jetbrains.kotlin.psi.KtElement                                              : loaded 2 times (x 70B)
Class org.jetbrains.kotlin.cli.jvm.compiler.CliVirtualFileFinderFactory               : loaded 2 times (x 80B)
Class kotlin.reflect.jvm.internal.KDeclarationContainerImpl                           : loaded 2 times (x 84B)
Class org.jetbrains.kotlin.resolve.extensions.AssignResolutionAltererExtension        : loaded 2 times (x 70B)
Class org.jetbrains.kotlin.extensions.ProjectExtensionDescriptor                      : loaded 2 times (x 72B)
Class org.jetbrains.kotlin.resolve.jvm.JvmCodeAnalyzerInitializer                     : loaded 2 times (x 76B)
Class org.jetbrains.kotlin.cli.jvm.compiler.KotlinCoreEnvironment$ProjectEnvironment  : loaded 2 times (x 90B)
Class org.jetbrains.kotlin.parsing.KotlinParserDefinition                             : loaded 2 times (x 95B)
Class kotlin.coroutines.intrinsics.IntrinsicsKt__IntrinsicsKt                         : loaded 2 times (x 71B)
Class org.jetbrains.kotlin.types.AbstractTypeApproximator$WhenMappings                : loaded 2 times (x 71B)
Class kotlin.text.RegexKt                                                             : loaded 2 times (x 71B)
Class org.jetbrains.kotlin.builtins.jvm.JvmBuiltInsCustomizer$getAdditionalFunctions$fakeJavaClassDescriptor$1: loaded 2 times (x 79B)
Class javaslang.collection.HashSet                                                    : loaded 2 times (x 425B)
Class com.google.common.collect.Iterators$6                                           : loaded 2 times (x 81B)
Class com.google.common.util.concurrent.AbstractFuture$UnsafeAtomicHelper             : loaded 2 times (x 78B)
Class com.google.common.cache.LocalCache$LocalManualCache$1                           : loaded 2 times (x 75B)
Class org.jetbrains.kotlin.contracts.ContractDeserializerImpl$ContractDeserializationWorker$WhenMappings: loaded 2 times (x 71B)
Class com.google.common.collect.Multimaps$CustomListMultimap                          : loaded 2 times (x 174B)
Class com.android.resources.ResourceUrl$UrlType                                       : loaded 2 times (x 79B)
Class org.jetbrains.kotlin.cfg.pseudocode.Pseudocode                                  : loaded 2 times (x 70B)
Class org.jetbrains.kotlin.types.AlternativeTypeSubstitutionKt                        : loaded 2 times (x 71B)
Class org.jetbrains.kotlin.util.CheckResult$SuccessCheck                              : loaded 2 times (x 71B)
Class org.jetbrains.kotlin.resolve.ImportedFromObjectCallableDescriptor               : loaded 2 times (x 167B)
Class org.jetbrains.kotlin.types.TypeCheckerState$LowerCapturedTypePolicy             : loaded 2 times (x 79B)
Class org.jetbrains.kotlin.load.java.components.JavaAnnotationDescriptor              : loaded 2 times (x 87B)
Class org.jetbrains.kotlin.resolve.calls.model.ResolvedCallArgument$SimpleArgument    : loaded 2 times (x 73B)
Class org.jetbrains.kotlin.descriptors.Visibilities                                   : loaded 2 times (x 71B)
Class org.jetbrains.kotlin.util.AbstractModifierChecks                                : loaded 2 times (x 72B)
Class org.jetbrains.kotlin.resolve.AnalyzingUtils                                     : loaded 2 times (x 71B)
Class org.jetbrains.kotlin.metadata.ProtoBuf$Expression                               : loaded 2 times (x 120B)
Class org.jetbrains.kotlin.load.java.structure.impl.source.JavaSourceFactoryOwner     : loaded 2 times (x 70B)
Class org.jetbrains.kotlin.load.java.structure.MapBasedJavaAnnotationOwner            : loaded 2 times (x 70B)
Class org.jetbrains.kotlin.serialization.deserialization.descriptors.DeserializedAnnotations: loaded 2 times (x 91B)
Class org.jetbrains.kotlin.serialization.deserialization.descriptors.DeserializedClassDescriptor$valueClassRepresentation$1: loaded 2 times (x 79B)
Class [Lorg.jetbrains.kotlin.incremental.components.NoLookupLocation;                 : loaded 2 times (x 69B)
Class org.jetbrains.kotlin.descriptors.impl.CompositePackageFragmentProvider          : loaded 2 times (x 80B)
Class org.jetbrains.kotlin.resolve.scopes.DescriptorKindFilter$Companion              : loaded 2 times (x 71B)
Class [Lorg.jetbrains.kotlin.descriptors.PackageViewDescriptor;                       : loaded 2 times (x 69B)
Class [Lorg.jetbrains.kotlin.resolve.scopes.SyntheticScope;                           : loaded 2 times (x 69B)
Class org.jetbrains.kotlin.container.SingletonDescriptor$WhenMappings                 : loaded 2 times (x 71B)
Class org.jetbrains.kotlin.load.java.lazy.JavaResolverComponents                      : loaded 2 times (x 72B)
Class org.jetbrains.kotlin.resolve.DelegatedPropertyResolver                          : loaded 2 times (x 72B)
Class org.jetbrains.kotlin.resolve.DeclarationSignatureAnonymousTypeTransformer       : loaded 2 times (x 70B)
Class org.jetbrains.kotlin.load.java.components.JavaPropertyInitializerEvaluator      : loaded 2 times (x 70B)
Class org.jetbrains.kotlin.resolve.DeclarationsChecker$checkPropertyTypeParametersAreUsedInReceiverType$addAccessibleTypeParametersFromType$1: loaded 2 times (x 79B)
Class org.jetbrains.kotlin.serialization.deserialization.DeserializedPackageFragmentImpl: loaded 2 times (x 144B)
Class org.jetbrains.kotlin.resolve.DescriptorUtils                                    : loaded 2 times (x 71B)
Class [Lorg.jetbrains.kotlin.renderer.DescriptorRendererModifier;                     : loaded 2 times (x 69B)
Class kotlin.io.FilesKt__UtilsKt                                                      : loaded 2 times (x 71B)
Class org.jetbrains.kotlin.metadata.ProtoBuf$StringTable$1                            : loaded 2 times (x 144B)
Class org.jetbrains.kotlin.psi.stubs.elements.KtUserTypeElementType                   : loaded 2 times (x 103B)
Class org.jetbrains.kotlin.psi.KtPackageDirective                                     : loaded 2 times (x 592B)
Class org.jetbrains.kotlin.resolve.jvm.modules.JavaModuleResolver                     : loaded 2 times (x 70B)
Class org.jetbrains.kotlin.resolve.jvm.modules.JavaModuleInfo$Companion               : loaded 2 times (x 71B)
Class org.jetbrains.kotlin.storage.LockBasedStorageManager$1                          : loaded 2 times (x 108B)
Class org.jetbrains.kotlin.scripting.definitions.AutoloadedScriptDefinitions$Companion: loaded 2 times (x 71B)
Class org.jetbrains.kotlin.resolve.ModuleAnnotationsResolver                          : loaded 2 times (x 70B)
Class org.jetbrains.kotlin.cli.jvm.compiler.DummyJavaFileCodeStyleFacadeFactory       : loaded 2 times (x 74B)
Class kotlin.collections.CollectionsKt__CollectionsJVMKt                              : loaded 2 times (x 71B)
Class [Lcom.android.prefs.Global;                                                     : loaded 2 times (x 69B)
Class com.google.protobuf.WireFormat                                                  : loaded 2 times (x 71B)
Class com.google.gson.stream.MalformedJsonException                                   : loaded 2 times (x 82B)
Class net.rubygrapefruit.platform.internal.Platform$Window32Bit                       : loaded 2 times (x 79B)
Class com.google.common.collect.Multimaps$CustomSetMultimap                           : loaded 2 times (x 178B)
Class org.gradle.api.internal.classpath.DefaultModuleRegistry                         : loaded 2 times (x 83B)
Class org.gradle.api.internal.classpath.ManifestUtil                                  : loaded 2 times (x 71B)
Class org.jetbrains.kotlin.cfg.pseudocode.instructions.eval.AccessTarget$Declaration  : loaded 2 times (x 72B)
Class org.jetbrains.kotlin.cfg.pseudocode.instructions.BlockScope$blockScopeForContainingDeclaration$2: loaded 2 times (x 79B)
Class org.jetbrains.kotlin.contracts.model.ESTypeSubstitution$Companion               : loaded 2 times (x 71B)
Class org.jetbrains.kotlin.contracts.description.expressions.ConstantReference$Companion: loaded 2 times (x 71B)
Class org.jetbrains.kotlin.builtins.jvm.FallbackBuiltIns$Companion                    : loaded 2 times (x 71B)
Class org.jetbrains.kotlin.resolve.calls.util.ResolvedCallUtilKt$isNotSimpleCall$1$1  : loaded 2 times (x 78B)
Class org.jetbrains.kotlin.resolve.calls.tower.VariableAndObjectScopeTowerProcessor   : loaded 2 times (x 76B)
Class org.jetbrains.kotlin.resolve.calls.tower.ScopeTowerProcessorsKt                 : loaded 2 times (x 71B)
Class org.jetbrains.kotlin.resolve.calls.inference.components.ConstraintInjector$TypeCheckerStateForConstraintInjector: loaded 2 times (x 609B)
Class org.jetbrains.kotlin.resolve.calls.checkers.OperatorCallCheckerKt               : loaded 2 times (x 71B)
Class org.jetbrains.kotlin.resolve.calls.components.CheckSuperExpressionCallPart      : loaded 2 times (x 73B)
Class org.jetbrains.kotlin.resolve.OverrideResolver$Companion$createCannotInferVisibilityReporter$1: loaded 2 times (x 79B)
Class [Lorg.jetbrains.kotlin.types.model.TypeParameterMarker;                         : loaded 2 times (x 69B)
Class org.jetbrains.kotlin.types.TypeSubstitutor$SubstitutionException                : loaded 2 times (x 82B)
Class kotlin.collections.IndexedValue                                                 : loaded 2 times (x 72B)
Class com.google.common.util.concurrent.ExecutionError                                : loaded 2 times (x 82B)
Class org.jetbrains.kotlin.load.java.lazy.descriptors.LazyJavaPackageFragment$binaryClasses$2: loaded 2 times (x 79B)
Class org.jetbrains.kotlin.resolve.source.KotlinSourceElement                         : loaded 2 times (x 80B)
Class org.jetbrains.kotlin.storage.LockBasedStorageManager$2                          : loaded 2 times (x 85B)
Class com.google.common.collect.LinkedHashMultimap$ValueSetLink                       : loaded 2 times (x 70B)
Class kotlin.collections.AbstractMutableMap                                           : loaded 2 times (x 128B)
Class org.jetbrains.kotlin.metadata.jvm.deserialization.JvmProtoBufUtil               : loaded 2 times (x 71B)
Class org.jetbrains.kotlin.synthetic.SamAdapterFunctionsScope$extensionForFunction$1  : loaded 2 times (x 79B)
Class org.jetbrains.kotlin.resolve.calls.model.CallResolutionResult                   : loaded 2 times (x 74B)
Class org.jetbrains.kotlin.resolve.scopes.receivers.ReceiverValueWithSmartCastInfo    : loaded 2 times (x 72B)
Class org.jetbrains.kotlin.resolve.ModifiersChecker                                   : loaded 2 times (x 73B)
Class org.jetbrains.kotlin.resolve.constants.evaluate.ConstantExpressionEvaluator     : loaded 2 times (x 72B)
Class org.jetbrains.kotlin.resolve.calls.inference.model.ConstraintPosition           : loaded 2 times (x 71B)
Class org.jetbrains.kotlin.resolve.calls.model.KotlinCall                             : loaded 2 times (x 70B)
Class kotlin.KotlinVersionCurrentValue                                                : loaded 2 times (x 71B)
Class org.jetbrains.kotlin.load.java.components.TraceBasedErrorReporter               : loaded 2 times (x 76B)
Class org.jetbrains.kotlin.metadata.jvm.JvmModuleProtoBuf$Module$1                    : loaded 2 times (x 144B)
Class org.jetbrains.kotlin.config.AnalysisFlags$allowUnstableDependencies$2           : loaded 2 times (x 127B)
Class org.jetbrains.kotlin.serialization.deserialization.descriptors.DeserializedMemberScope$OptimizedImplementation$functionNames$2: loaded 2 times (x 79B)
Class org.jetbrains.kotlin.descriptors.PackageFragmentProvider                        : loaded 2 times (x 70B)
Class org.jetbrains.kotlin.descriptors.impl.AbstractClassDescriptor$1$1               : loaded 2 times (x 77B)
Class org.jetbrains.kotlin.descriptors.impl.ClassDescriptorImpl                       : loaded 2 times (x 269B)
Class org.jetbrains.kotlin.builtins.jvm.JvmBuiltInClassDescriptorFactory$cloneable$2  : loaded 2 times (x 79B)
Class org.jetbrains.kotlin.builtins.jvm.JvmBuiltIns$WhenMappings                      : loaded 2 times (x 71B)
Class org.jetbrains.kotlin.resolve.constants.ClassLiteralValue                        : loaded 2 times (x 72B)
Class org.jetbrains.kotlin.metadata.deserialization.Flags$BooleanFlagField            : loaded 2 times (x 76B)
Class org.jetbrains.kotlin.metadata.ProtoBuf$Annotation$Argument$1                    : loaded 2 times (x 144B)
Class org.jetbrains.kotlin.metadata.ProtoBuf$Function$1                               : loaded 2 times (x 144B)
Class org.jetbrains.kotlin.resolve.calls.checkers.AssigningNamedArgumentToVarargChecker: loaded 2 times (x 74B)
Class org.jetbrains.kotlin.resolve.checkers.ConstModifierChecker                      : loaded 2 times (x 74B)
Class org.jetbrains.kotlin.resolve.calls.checkers.AdditionalTypeChecker               : loaded 2 times (x 70B)
Class org.jetbrains.kotlin.psi.KtFinallySection                                       : loaded 2 times (x 377B)
Class org.jetbrains.kotlin.psi.KtCallElement                                          : loaded 2 times (x 70B)
Class org.jetbrains.kotlin.psi.stubs.KotlinParameterStub                              : loaded 2 times (x 70B)
Class org.jetbrains.kotlin.psi.KtTypeAlias                                            : loaded 2 times (x 1069B)
Class kotlin.collections.builders.MapBuilder$Itr                                      : loaded 2 times (x 72B)
Class org.jetbrains.kotlin.cli.jvm.index.JvmDependenciesIndexImpl                     : loaded 2 times (x 77B)
Class org.jetbrains.kotlin.resolve.lazy.declarations.CliDeclarationProviderFactoryService: loaded 2 times (x 73B)
Class kotlin.reflect.jvm.internal.impl.name.SpecialNames                              : loaded 2 times (x 71B)
Class kotlin.reflect.jvm.internal.impl.builtins.functions.FunctionTypeKind$KFunction  : loaded 2 times (x 72B)
Class org.jetbrains.kotlin.asJava.LightClassGenerationSupport$Companion               : loaded 2 times (x 71B)
Class org.jetbrains.org.objectweb.asm.tree.Util                                       : loaded 2 times (x 71B)
Class kotlin.collections.CollectionsKt__IteratorsKt                                   : loaded 2 times (x 71B)
Class kotlin.sequences.SequencesKt                                                    : loaded 2 times (x 71B)
Class net.rubygrapefruit.platform.internal.Platform$FreeBSD                           : loaded 2 times (x 82B)
Class [Lcom.google.common.cache.RemovalCause;                                         : loaded 2 times (x 69B)
Class com.android.utils.StdLogger$Level                                               : loaded 2 times (x 79B)
Class org.jetbrains.org.objectweb.asm.AnnotationWriter                                : loaded 2 times (x 78B)
Class com.google.common.util.concurrent.ListenableFuture                              : loaded 2 times (x 70B)
Class com.google.common.cache.ReferenceEntry                                          : loaded 2 times (x 70B)
Class com.android.tools.lint.model.DefaultLintModelVariant$mainArtifact$2             : loaded 2 times (x 79B)
Class kotlin.properties.NotNullVar                                                    : loaded 2 times (x 79B)
Class org.jetbrains.kotlin.contracts.model.structure.ESBuiltInType                    : loaded 2 times (x 72B)
Class org.jetbrains.kotlin.types.expressions.PreliminaryDeclarationVisitor            : loaded 2 times (x 305B)
Class org.jetbrains.kotlin.resolve.calls.inference.model.TypeVariableKt               : loaded 2 times (x 71B)
Class org.jetbrains.kotlin.load.kotlin.JvmType$Companion                              : loaded 2 times (x 71B)
Class org.jetbrains.kotlin.load.kotlin.JvmTypeFactoryImpl                             : loaded 2 times (x 79B)
Class org.jetbrains.kotlin.utils.FunctionsKt$IDENTITY$1                               : loaded 2 times (x 78B)
Class [Lorg.jetbrains.kotlin.resolve.scopes.receivers.Receiver;                       : loaded 2 times (x 69B)
Class org.jetbrains.kotlin.resolve.calls.model.CompletedCallResolutionResult          : loaded 2 times (x 74B)
Class org.jetbrains.kotlin.load.java.components.DescriptorResolverUtils               : loaded 2 times (x 71B)
Class org.jetbrains.kotlin.util.IsKPropertyCheck                                      : loaded 2 times (x 76B)
Class org.jetbrains.kotlin.codegen.state.KotlinTypeMapper                             : loaded 2 times (x 75B)
Class org.jetbrains.kotlin.load.java.typeEnhancement.AbstractSignatureParts$computeIndexedQualifiers$1: loaded 2 times (x 79B)
Class org.objectweb.asm.tree.FieldInsnNode                                            : loaded 2 times (x 79B)
Class org.jetbrains.kotlin.load.kotlin.VirtualFileKotlinClass$Factory$create$1        : loaded 2 times (x 79B)
Class org.jetbrains.kotlin.storage.LockBasedStorageManager$3                          : loaded 2 times (x 92B)
Class com.android.sdklib.IAndroidTarget                                               : loaded 2 times (x 70B)
Class org.jetbrains.kotlin.load.kotlin.AbstractBinaryClassAnnotationLoader$Companion  : loaded 2 times (x 71B)
Class org.jetbrains.kotlin.serialization.deserialization.descriptors.DeserializedClassDescriptor$sealedSubclasses$1: loaded 2 times (x 79B)
Class org.jetbrains.kotlin.descriptors.PackageFragmentProviderKt                      : loaded 2 times (x 71B)
Class org.jetbrains.kotlin.container.ConstructorBinding                               : loaded 2 times (x 72B)
Class org.jetbrains.kotlin.types.expressions.ControlStructureTypingUtils$2            : loaded 2 times (x 198B)
Class org.jetbrains.kotlin.resolve.calls.tower.PSIKotlinCallArgument                  : loaded 2 times (x 80B)
Class org.jetbrains.kotlin.resolve.calls.util.ResolveArgumentsMode                    : loaded 2 times (x 79B)
Class org.jetbrains.kotlin.resolve.calls.tower.PSICallResolver                        : loaded 2 times (x 72B)
Class org.jetbrains.kotlin.resolve.calls.tower.NewResolutionOldInference$ResolutionKind$Variable: loaded 2 times (x 72B)
Class org.jetbrains.kotlin.resolve.scopes.LocalRedeclarationChecker                   : loaded 2 times (x 70B)
Class org.jetbrains.kotlin.resolve.calls.components.KotlinResolutionCallbacks         : loaded 2 times (x 70B)
Class org.jetbrains.kotlin.config.JvmAnalysisFlags$inheritMultifileParts$2            : loaded 2 times (x 127B)
Class org.jetbrains.kotlin.resolve.lazy.ResolveSession                                : loaded 2 times (x 164B)
Class [Lcom.android.resources.ResourceFolderType;                                     : loaded 2 times (x 69B)
Class org.jetbrains.kotlin.serialization.deserialization.builtins.BuiltInSerializerProtocol: loaded 2 times (x 72B)
Class org.jetbrains.kotlin.descriptors.ClassifierDescriptorWithTypeParameters         : loaded 2 times (x 70B)
Class org.jetbrains.kotlin.resolve.calls.checkers.SuspendConversionCallChecker        : loaded 2 times (x 74B)
Class org.jetbrains.kotlin.resolve.checkers.EnumCompanionInEnumConstructorCallChecker : loaded 2 times (x 74B)
Class org.jetbrains.kotlin.resolve.checkers.ContractDescriptionBlockChecker           : loaded 2 times (x 74B)
Class org.jetbrains.kotlin.container.StorageComponentContainer                        : loaded 2 times (x 86B)
Class org.jetbrains.kotlin.diagnostics.PositioningStrategies$NAME_OF_NAMED_ARGUMENT$1 : loaded 2 times (x 74B)
Class org.jetbrains.kotlin.resolve.jvm.checkers.PolymorphicSignatureCallChecker       : loaded 2 times (x 74B)
Class org.jetbrains.kotlin.kdoc.lexer.KDocTokens                                      : loaded 2 times (x 70B)
Class org.jetbrains.kotlin.psi.KtContractEffect                                       : loaded 2 times (x 443B)
Class org.jetbrains.kotlin.scripting.definitions.ScriptiDefinitionsFromClasspathDiscoverySourceKt$discoverScriptTemplatesInClasspath$classpathWithLoader$1: loaded 2 times (x 79B)
Class kotlin.reflect.jvm.internal.KClassImpl$Data$allMembers$2                        : loaded 2 times (x 79B)
Class kotlin.script.experimental.jvm.JvmGetScriptingClass$Companion                   : loaded 2 times (x 71B)
Class org.jetbrains.kotlin.extensions.CompilerConfigurationExtension$Companion        : loaded 2 times (x 72B)
Class kotlin.jvm.internal.markers.KMutableSet                                         : loaded 2 times (x 70B)
Class kotlin.jvm.internal.PropertyReference1Impl                                      : loaded 2 times (x 127B)
Class com.android.tools.lint.model.LintModelSerialization                             : loaded 2 times (x 76B)
Class kotlin.text.StringsKt                                                           : loaded 2 times (x 71B)
Class com.google.common.collect.CollectSpliterators$FlatMapSpliteratorOfObject        : loaded 2 times (x 85B)
Class com.google.common.collect.ImmutableMapValues                                    : loaded 2 times (x 126B)
Class com.google.common.util.concurrent.AbstractFuture                                : loaded 2 times (x 106B)
Class com.google.common.base.FunctionalEquivalence                                    : loaded 2 times (x 83B)
Class org.jetbrains.org.objectweb.asm.signature.SignatureVisitor                      : loaded 2 times (x 87B)
Class org.jetbrains.kotlin.cfg.UnreachableCodeImpl                                    : loaded 2 times (x 77B)
Class org.jetbrains.kotlin.descriptors.ContractProvider                               : loaded 2 times (x 70B)
Class org.jetbrains.kotlin.resolve.checkers.KClassWithIncorrectTypeArgumentChecker$check$1: loaded 2 times (x 79B)
Class org.jetbrains.kotlin.cfg.pseudocode.instructions.special.VariableDeclarationInstruction: loaded 2 times (x 99B)
Class org.jetbrains.kotlin.serialization.deserialization.descriptors.DeserializedSimpleFunctionDescriptor: loaded 2 times (x 429B)
Class org.jetbrains.kotlin.descriptors.DeclarationDescriptorWithNavigationSubstitute  : loaded 2 times (x 70B)
Class org.jetbrains.kotlin.resolve.calls.KotlinCallResolver$WhenMappings              : loaded 2 times (x 71B)
Class org.jetbrains.kotlin.descriptors.synthetic.SyntheticMemberDescriptor            : loaded 2 times (x 70B)
Class org.jetbrains.kotlin.resolve.calls.model.LambdaWithTypeVariableAsExpectedTypeMarker: loaded 2 times (x 70B)
Class org.jetbrains.kotlin.resolve.calls.smartcasts.DataFlowValue$Companion           : loaded 2 times (x 71B)
Class org.jetbrains.kotlin.load.java.typeEnhancement.PredefinedEnhancementInfoKt$PREDEFINED_FUNCTION_ENHANCEMENT_INFO_BY_SIGNATURE$1$1$10$1: loaded 2 times (x 79B)
Class org.jetbrains.kotlin.load.java.typeEnhancement.SignatureEnhancementBuilder$ClassEnhancementBuilder$FunctionEnhancementBuilder: loaded 2 times (x 72B)
Class org.jetbrains.kotlin.types.TypeSubstitutionKt                                   : loaded 2 times (x 71B)
Class org.jetbrains.kotlin.resolve.PlatformClassesMappedToKotlinChecker               : loaded 2 times (x 71B)
Class org.jetbrains.kotlin.descriptors.impl.TypeAliasConstructorDescriptor            : loaded 2 times (x 70B)
Class kotlin.SafePublicationLazyImpl$Companion                                        : loaded 2 times (x 71B)
Class org.jetbrains.kotlin.builtins.jvm.JvmBuiltInsSignatures                         : loaded 2 times (x 71B)
Class org.jetbrains.kotlin.resolve.jvm.extensions.SyntheticJavaResolveExtension       : loaded 2 times (x 70B)
Class org.jetbrains.kotlin.resolve.jvm.NotFoundPackagesCachingStrategy$CacheType      : loaded 2 times (x 79B)
Class [Lorg.jetbrains.kotlin.resolve.QualifierPosition;                               : loaded 2 times (x 69B)
Class org.jetbrains.kotlin.resolve.lazy.descriptors.LazyClassDescriptor               : loaded 2 times (x 335B)
Class org.jetbrains.kotlin.resolve.lazy.FileScopes                                    : loaded 2 times (x 72B)
Class org.jetbrains.kotlin.contracts.EffectSystem                                     : loaded 2 times (x 72B)
Class org.jetbrains.kotlin.resolve.jvm.multiplatform.OptionalAnnotationPackageFragmentProvider: loaded 2 times (x 80B)
Class org.jetbrains.kotlin.serialization.deserialization.AbstractDeserializedPackageFragmentProvider: loaded 2 times (x 85B)
Class org.jetbrains.kotlin.extensions.internal.CallResolutionInterceptorExtension     : loaded 2 times (x 70B)
Class org.jetbrains.kotlin.resolve.lazy.declarations.FileBasedDeclarationProviderFactory$Index: loaded 2 times (x 72B)
Class org.jetbrains.kotlin.descriptors.FieldDescriptor                                : loaded 2 times (x 70B)
Class org.jetbrains.kotlin.descriptors.Visibilities$Private                           : loaded 2 times (x 79B)
Class org.jetbrains.kotlin.types.error.ErrorType                                      : loaded 2 times (x 92B)
Class org.jetbrains.kotlin.builtins.jvm.JvmBuiltInsCustomizer                         : loaded 2 times (x 81B)
Class org.jetbrains.kotlin.psi.KtNameReferenceExpression                              : loaded 2 times (x 632B)
Class org.jetbrains.kotlin.cli.jvm.index.JvmDependenciesIndexImpl$rootCache$2         : loaded 2 times (x 79B)
Class kotlin.coroutines.jvm.internal.RestrictedContinuationImpl                       : loaded 2 times (x 87B)
Class kotlin.script.experimental.jvm.compat.ExpectedLocationUtilKt$WhenMappings       : loaded 2 times (x 71B)
Class kotlin.reflect.jvm.internal.CachesKt$CACHE_FOR_NULLABLE_BASE_CLASSIFIERS$1      : loaded 2 times (x 78B)
Class kotlin.coroutines.CoroutineContext$Key                                          : loaded 2 times (x 70B)
Class org.jetbrains.kotlin.cli.jvm.compiler.KotlinCoreApplicationEnvironment$Companion: loaded 2 times (x 71B)
Class kotlin.LazyKt__LazyJVMKt                                                        : loaded 2 times (x 71B)
Class com.google.common.io.CharStreams                                                : loaded 2 times (x 71B)
Class org.objectweb.asm.RecordComponentVisitor                                        : loaded 2 times (x 77B)
Class com.google.common.cache.CacheLoader$SupplierToCacheLoader                       : loaded 2 times (x 75B)
Class kotlin.jvm.internal.MutablePropertyReference1                                   : loaded 2 times (x 137B)
Class org.jetbrains.kotlin.load.java.structure.JavaTypeParameterListOwner             : loaded 2 times (x 70B)
Class com.google.protobuf.SingleFieldBuilderV3                                        : loaded 2 times (x 84B)
Class com.google.protobuf.IterableByteBufferInputStream                               : loaded 2 times (x 92B)
Class org.jetbrains.kotlin.resolve.calls.DslMarkerUtils$DslMarkersFromReceiver        : loaded 2 times (x 72B)
Class org.jetbrains.kotlin.cfg.pseudocode.instructions.eval.MergeInstruction          : loaded 2 times (x 103B)
Class javaslang.collection.HashArrayMappedTrieModule$LeafList                         : loaded 2 times (x 105B)
Class org.jetbrains.kotlin.contracts.ESLambda                                         : loaded 2 times (x 84B)
Class org.jetbrains.kotlin.resolve.calls.tower.SubKotlinCallArgumentImpl              : loaded 2 times (x 94B)
Class org.jetbrains.kotlin.load.java.lazy.types.RawSubstitution                       : loaded 2 times (x 78B)
Class kotlin.script.experimental.jvm.JvmScriptCompilationKt                           : loaded 2 times (x 71B)
Class org.jetbrains.kotlin.scripting.definitions.CachingSequence$CachingIterator      : loaded 2 times (x 79B)
Class org.jetbrains.kotlin.serialization.deserialization.SuspendFunctionTypeUtilKt    : loaded 2 times (x 71B)
Class org.jetbrains.kotlin.load.java.AbstractAnnotationTypeQualifierResolver$extractDefaultQualifiers$nullabilityQualifier$1: loaded 2 times (x 78B)
Class org.jetbrains.kotlin.resolve.scopes.receivers.ClassifierQualifier               : loaded 2 times (x 70B)
Class org.jetbrains.kotlin.resolve.calls.CallTransformer$CallForImplicitInvoke        : loaded 2 times (x 101B)
Class org.jetbrains.kotlin.load.java.structure.JavaLoadingKt                          : loaded 2 times (x 71B)
Class org.jetbrains.kotlin.load.java.JavaDescriptorVisibilities$1                     : loaded 2 times (x 79B)
Class org.jetbrains.kotlin.load.java.lazy.LazyJavaTypeParameterResolver$resolve$1     : loaded 2 times (x 79B)
Class org.jetbrains.kotlin.descriptors.annotations.AnnotationSplitter$Companion       : loaded 2 times (x 71B)
Class org.jetbrains.kotlin.resolve.AnnotationTargetLists$T_TOP_LEVEL_FUNCTION$1       : loaded 2 times (x 78B)
Class org.jetbrains.kotlin.utils.DFS$NodeHandler                                      : loaded 2 times (x 70B)
Class org.jetbrains.kotlin.metadata.ProtoBuf$VersionRequirement$VersionKind$1         : loaded 2 times (x 74B)
Class org.jetbrains.kotlin.cli.jvm.index.JvmDependenciesIndexImpl$SearchRequest       : loaded 2 times (x 70B)
Class org.jetbrains.kotlin.resolve.lazy.descriptors.LazyClassDescriptor$1             : loaded 2 times (x 73B)
Class org.jetbrains.kotlin.util.slicedMap.OpenAddressLinearProbingHashTable$Companion : loaded 2 times (x 71B)
Class org.jetbrains.kotlin.load.java.typeEnhancement.JavaTypeEnhancement              : loaded 2 times (x 72B)
Class org.jetbrains.kotlin.load.java.ReportLevel$Companion                            : loaded 2 times (x 71B)
Class org.jetbrains.kotlin.types.model.TypeSystemContext                              : loaded 2 times (x 70B)
Class org.jetbrains.kotlin.serialization.deserialization.DeserializedPackageFragment  : loaded 2 times (x 143B)
Class org.jetbrains.kotlin.storage.LockBasedStorageManager$5                          : loaded 2 times (x 93B)
Class org.jetbrains.kotlin.builtins.jvm.JvmBuiltIns$customizer$2$1                    : loaded 2 times (x 79B)
Class kotlin.io.FilesKt__FileReadWriteKt                                              : loaded 2 times (x 71B)
Class org.jetbrains.kotlin.serialization.deserialization.ProtoContainer               : loaded 2 times (x 73B)
Class org.jetbrains.kotlin.metadata.ProtoBuf$QualifiedNameTable$QualifiedName$Kind    : loaded 2 times (x 82B)
Class org.jetbrains.kotlin.metadata.ProtoBuf$Annotation$1                             : loaded 2 times (x 144B)
Class org.jetbrains.kotlin.protobuf.AbstractParser                                    : loaded 2 times (x 144B)
Class org.jetbrains.kotlin.psi.KtConstructorDelegationReferenceExpression             : loaded 2 times (x 499B)
Class org.jetbrains.kotlin.psi.stubs.KotlinNameReferenceExpressionStub                : loaded 2 times (x 70B)
Class org.jetbrains.kotlin.psi.KtModifierList                                         : loaded 2 times (x 510B)
Class kotlin.jvm.internal.markers.KMutableList                                        : loaded 2 times (x 70B)
Class org.jetbrains.kotlin.scripting.definitions.AutoloadedScriptDefinitions          : loaded 2 times (x 75B)
Class org.jetbrains.kotlin.scripting.definitions.LazyClasspathWithClassLoader$classLoader$2: loaded 2 times (x 79B)
Class org.jetbrains.kotlin.compiler.plugin.CompilerPluginRegistrarKt                  : loaded 2 times (x 71B)
Class org.jetbrains.kotlin.extensions.internal.TypeResolutionInterceptor$Companion    : loaded 2 times (x 72B)
Class org.jetbrains.kotlin.extensions.DeclarationAttributeAltererExtension            : loaded 2 times (x 70B)
Class org.jetbrains.kotlin.codegen.extensions.ClassBuilderInterceptorExtension$Companion: loaded 2 times (x 72B)
Class kotlin.script.experimental.api.ScriptCompilationConfiguration                   : loaded 2 times (x 72B)
Class kotlin.script.templates.standard.ScriptTemplateWithArgs                         : loaded 2 times (x 72B)
Class [Lkotlin.Pair;                                                                  : loaded 2 times (x 69B)
Class kotlin.text.MatchNamedGroupCollection                                           : loaded 2 times (x 70B)
Class kotlin.text.StringsKt__StringNumberConversionsKt                                : loaded 2 times (x 71B)
Class [Lorg.jetbrains.kotlin.scripting.definitions.ScriptDefinitionsSource;           : loaded 2 times (x 69B)
Class org.gradle.internal.service.ServiceLookupException                              : loaded 2 times (x 82B)
Class [Lorg.jetbrains.kotlin.psi.KtElement;                                           : loaded 2 times (x 69B)
Class com.google.protobuf.NioByteString                                               : loaded 2 times (x 104B)
Class com.google.protobuf.FieldSet$FieldDescriptorLite                                : loaded 2 times (x 70B)
Class com.google.protobuf.ExtensionLite                                               : loaded 2 times (x 77B)
Class com.google.common.primitives.Booleans                                           : loaded 2 times (x 71B)
Class org.jetbrains.kotlin.types.UtilsKt                                              : loaded 2 times (x 71B)
Class com.google.common.collect.StandardTable                                         : loaded 2 times (x 124B)
Class [Lcom.android.resources.ResourceEnum;                                           : loaded 2 times (x 69B)
Class org.jetbrains.kotlin.cfg.ControlFlowInformationProviderImpl$VariableInitContext : loaded 2 times (x 72B)
Class org.jetbrains.kotlin.contracts.ESReceiverWithDataFlowValue                      : loaded 2 times (x 96B)
Class org.jetbrains.kotlin.metadata.deserialization.VersionRequirement$Version        : loaded 2 times (x 71B)
Class org.jetbrains.kotlin.resolve.calls.checkers.DslScopeViolationCallChecker$checkCallImplicitReceiver$$inlined$filterIsInstance$1: loaded 2 times (x 78B)
Class org.jetbrains.kotlin.contracts.model.structure.ESVariable                       : loaded 2 times (x 84B)
Class org.jetbrains.kotlin.contracts.model.structure.ESConstant                       : loaded 2 times (x 84B)
Class org.jetbrains.kotlin.resolve.calls.results.FlatSignatureKt                      : loaded 2 times (x 71B)
Class org.jetbrains.kotlin.resolve.jvm.jvmSignature.KotlinToJvmSignatureMapperKt      : loaded 2 times (x 71B)
Class org.jetbrains.kotlin.resolve.CompileTimeConstantUtils                           : loaded 2 times (x 71B)
Class org.jetbrains.kotlin.types.TypeCheckerState$SupertypesPolicy$DoCustomTransform  : loaded 2 times (x 72B)
Class org.jetbrains.kotlin.load.java.ErasedOverridabilityCondition$WhenMappings       : loaded 2 times (x 71B)
Class org.jetbrains.kotlin.types.TypeCheckerState$SupertypesPolicy$None               : loaded 2 times (x 72B)
Class org.jetbrains.kotlin.metadata.jvm.deserialization.JvmFlags                      : loaded 2 times (x 71B)
Class [Lorg.jetbrains.kotlin.resolve.scopes.receivers.ReceiverValue;                  : loaded 2 times (x 69B)
Class org.jetbrains.kotlin.load.java.typeEnhancement.PredefinedEnhancementInfoKt$PREDEFINED_FUNCTION_ENHANCEMENT_INFO_BY_SIGNATURE$1$1$5$1: loaded 2 times (x 79B)
Class org.jetbrains.kotlin.load.java.FakePureImplementationsProvider                  : loaded 2 times (x 71B)
Class org.jetbrains.kotlin.load.java.JavaDescriptorVisibilities$2                     : loaded 2 times (x 79B)
Class [Lorg.jetbrains.kotlin.descriptors.DeclarationDescriptorWithVisibility;         : loaded 2 times (x 69B)
Class org.jetbrains.kotlin.types.checker.KotlinTypePreparator$prepareType$1           : loaded 2 times (x 125B)
Class org.jetbrains.kotlin.resolve.QualifiedExpressionResolver$processSingleImport$1  : loaded 2 times (x 79B)
Class org.jetbrains.kotlin.metadata.ProtoBuf$Expression$ConstantValue                 : loaded 2 times (x 82B)
Class org.jetbrains.kotlin.resolve.jvm.KotlinSafeClassFinder                          : loaded 2 times (x 70B)
Class org.jetbrains.kotlin.resolve.scopes.BaseImportingScope                          : loaded 2 times (x 113B)
Class org.jetbrains.kotlin.resolve.lazy.LazyDeclarationResolver$resolveToDescriptor$1 : loaded 2 times (x 192B)
Class org.jetbrains.kotlin.fileClasses.JvmSimpleFileClassInfo                         : loaded 2 times (x 78B)
Class org.jetbrains.kotlin.storage.LockBasedStorageManager$6                          : loaded 2 times (x 86B)
Class org.jetbrains.kotlin.resolve.lazy.descriptors.LazyClassDescriptor$2             : loaded 2 times (x 73B)
Class org.jetbrains.kotlin.incremental.KotlinLookupLocation$cachedLocation$2          : loaded 2 times (x 79B)
Class org.jetbrains.kotlin.builtins.jvm.JvmBuiltInsPackageFragmentProvider$Companion  : loaded 2 times (x 71B)
Class org.jetbrains.kotlin.load.java.AbstractJavaClassFinder$FilterOutKotlinSourceFilesScope: loaded 2 times (x 104B)
Class [Lorg.jetbrains.kotlin.incremental.components.LookupLocation;                   : loaded 2 times (x 69B)
Class org.jetbrains.kotlin.resolve.calls.model.DataFlowInfoForArgumentsImpl           : loaded 2 times (x 80B)
Class org.jetbrains.kotlin.resolve.constants.evaluate.ConstantExpressionEvaluator$Companion: loaded 2 times (x 71B)
Class org.jetbrains.kotlin.util.ReenterableCounter                                    : loaded 2 times (x 73B)
Class org.jetbrains.kotlin.load.kotlin.AbstractBinaryClassAnnotationLoader$AnnotationsContainer: loaded 2 times (x 72B)
Class org.jetbrains.kotlin.resolve.scopes.optimization.OptimizingOptions$Default      : loaded 2 times (x 74B)
Class org.jetbrains.kotlin.resolve.calls.context.CallPosition$Unknown                 : loaded 2 times (x 71B)
Class org.jetbrains.kotlin.resolve.calls.model.KotlinDiagnosticsHolder$SimpleHolder   : loaded 2 times (x 75B)
Class org.jetbrains.kotlin.load.java.structure.JavaPackage                            : loaded 2 times (x 70B)
Class org.jetbrains.kotlin.resolve.checkers.ExpectedActualDeclarationChecker$ActualAnnotationArgumentExtractor: loaded 2 times (x 70B)
Class [Lorg.jetbrains.kotlin.mpp.DeclarationSymbolMarker;                             : loaded 2 times (x 69B)
Class org.jetbrains.kotlin.types.checker.KotlinTypeRefinerKt                          : loaded 2 times (x 71B)
Class org.jetbrains.kotlin.renderer.ClassifierNamePolicy$SHORT                        : loaded 2 times (x 74B)
Class [Lorg.jetbrains.kotlin.renderer.PropertyAccessorRenderingPolicy;                : loaded 2 times (x 69B)
Class org.jetbrains.kotlin.diagnostics.GenericDiagnostics                             : loaded 2 times (x 70B)
Class [Lorg.jetbrains.kotlin.psi.KtDeclarationStub;                                   : loaded 2 times (x 69B)
Class org.jetbrains.kotlin.parsing.AllCommentsBinder                                  : loaded 2 times (x 74B)
Class kotlin.jvm.internal.MutablePropertyReference1Impl                               : loaded 2 times (x 137B)
Class [Lorg.jetbrains.kotlin.builtins.functions.FunctionTypeKind;                     : loaded 2 times (x 69B)
Class [Lorg.jetbrains.kotlin.protobuf.Internal$EnumLite;                              : loaded 2 times (x 69B)
Class org.jetbrains.kotlin.mpp.RegularClassSymbolMarker                               : loaded 2 times (x 70B)
Class org.jetbrains.kotlin.resolve.checkers.PrivateInlineFunctionsReturningAnonymousObjectsChecker: loaded 2 times (x 74B)
Class org.jetbrains.kotlin.resolve.checkers.DynamicReceiverChecker                    : loaded 2 times (x 74B)
Class org.jetbrains.kotlin.resolve.jvm.checkers.SamInterfaceConstructorReferenceCallChecker: loaded 2 times (x 74B)
Class org.jetbrains.kotlin.psi.stubs.KotlinContractEffectStub                         : loaded 2 times (x 70B)
Class org.jetbrains.kotlin.psi.KtClassBody                                            : loaded 2 times (x 446B)
Class org.jetbrains.kotlin.cli.jvm.compiler.CliTraceHolder                            : loaded 2 times (x 77B)
Class org.jetbrains.kotlin.cli.common.CompilerSystemProperties$value$2                : loaded 2 times (x 125B)
Class [Lkotlin.sequences.Sequence;                                                    : loaded 2 times (x 69B)
Class org.objectweb.asm.tree.AbstractInsnNode                                         : loaded 2 times (x 78B)
Class com.android.tools.lint.model.LintModelBuildFeatures                             : loaded 2 times (x 70B)
Class org.jetbrains.kotlin.psi.KtExpressionWithLabel                                  : loaded 2 times (x 437B)
Class com.google.common.collect.Lists$ReverseList                                     : loaded 2 times (x 200B)
Class [Lcom.google.common.cache.LocalCache$EntryFactory;                              : loaded 2 times (x 69B)
Class org.gradle.internal.classloader.ClassLoaderFactory                              : loaded 2 times (x 70B)
Class com.google.protobuf.UnsafeUtil                                                  : loaded 2 times (x 71B)
Class org.jetbrains.kotlin.codegen.StackValue                                         : loaded 2 times (x 87B)
Class org.jetbrains.kotlin.load.java.lazy.descriptors.LazyJavaClassMemberScope$nestedClasses$1$enumMemberNames$1: loaded 2 times (x 79B)
Class org.jetbrains.kotlin.types.CastDiagnosticsUtil                                  : loaded 2 times (x 71B)
Class org.jetbrains.kotlin.types.TypeReconstructionResult                             : loaded 2 times (x 74B)
Class org.jetbrains.kotlin.load.java.structure.JavaLiteralAnnotationArgument          : loaded 2 times (x 70B)
Class org.jetbrains.kotlin.load.java.lazy.descriptors.LazyJavaTypeParameterDescriptor : loaded 2 times (x 167B)
Class javaslang.collection.List                                                       : loaded 2 times (x 70B)
Class org.jetbrains.kotlin.load.java.typeEnhancement.PredefinedEnhancementInfoKt$PREDEFINED_FUNCTION_ENHANCEMENT_INFO_BY_SIGNATURE$1$1$5$2: loaded 2 times (x 79B)
Class org.jetbrains.kotlin.cli.jvm.compiler.KotlinCliJavaFileManagerImplKt$toSafeTopLevelClassId$1: loaded 2 times (x 79B)
Class org.jetbrains.kotlin.name.FqNamesUtilKt$WhenMappings                            : loaded 2 times (x 71B)
Class org.jetbrains.kotlin.scripting.resolve.LazyScriptDescriptor$scriptImplicitReceivers$1: loaded 2 times (x 79B)
Class org.jetbrains.kotlin.resolve.calls.util.UnderscoreUtilKt                        : loaded 2 times (x 71B)
Class org.jetbrains.kotlin.load.java.JavaDescriptorVisibilities$3                     : loaded 2 times (x 79B)
Class org.jetbrains.kotlin.types.checker.NewCapturedType                              : loaded 2 times (x 94B)
Class [Lorg.jetbrains.kotlin.descriptors.ClassifierDescriptor;                        : loaded 2 times (x 69B)
Class org.jetbrains.kotlin.load.java.lazy.descriptors.LazyJavaScope$allDescriptors$1  : loaded 2 times (x 79B)
Class org.jetbrains.kotlin.load.java.structure.JavaElementsKt$buildLazyValueForMap$1  : loaded 2 times (x 79B)
Class org.jetbrains.kotlin.resolve.lazy.descriptors.LazyClassMemberScope$secondaryConstructors$1: loaded 2 times (x 79B)
Class org.jetbrains.kotlin.resolve.lazy.descriptors.LazyClassDescriptor$3             : loaded 2 times (x 73B)
Class org.jetbrains.kotlin.serialization.deserialization.descriptors.DeserializedClassDescriptor$DeserializedClassMemberScope: loaded 2 times (x 109B)
Class org.jetbrains.kotlin.synthetic.SyntheticScopeProviderExtension                  : loaded 2 times (x 70B)
Class org.jetbrains.kotlin.builtins.ReflectionTypes$kotlinReflectScope$2              : loaded 2 times (x 79B)
Class org.jetbrains.kotlin.resolve.scopes.receivers.ExpressionReceiver                : loaded 2 times (x 70B)
Class org.jetbrains.kotlin.resolve.jvm.checkers.JvmDefaultChecker                     : loaded 2 times (x 75B)
Class org.jetbrains.kotlin.cli.jvm.compiler.JvmPackagePartProviderKt$tryLoadModuleMapping$1: loaded 2 times (x 79B)
Class org.jetbrains.kotlin.config.AnalysisFlag$Delegates$Boolean                      : loaded 2 times (x 71B)
Class org.jetbrains.kotlin.serialization.deserialization.descriptors.DeserializedMemberScope$classNames$2: loaded 2 times (x 79B)
Class org.jetbrains.kotlin.util.EmptyArrayMap                                         : loaded 2 times (x 83B)
Class org.jetbrains.kotlin.descriptors.ClassOrPackageFragmentDescriptor               : loaded 2 times (x 70B)
Class org.jetbrains.kotlin.container.CacheKt$getRegistrations$superClasses$1          : loaded 2 times (x 78B)
Class org.jetbrains.kotlin.resolve.calls.checkers.LambdaWithSuspendModifierCallChecker: loaded 2 times (x 74B)
Class org.jetbrains.kotlin.resolve.jvm.JvmDelegationFilter                            : loaded 2 times (x 74B)
Class org.jetbrains.kotlin.resolve.jvm.RuntimeAssertionsOnExtensionReceiverCallChecker: loaded 2 times (x 74B)
Class org.jetbrains.kotlin.platform.jvm.JdkPlatform                                   : loaded 2 times (x 75B)
Class org.jetbrains.kotlin.psi.KtWhenConditionWithExpression                          : loaded 2 times (x 377B)
Class org.jetbrains.kotlin.psi.ValueArgument                                          : loaded 2 times (x 70B)
Class [Lorg.jetbrains.kotlin.psi.KtEnumEntrySuperclassReferenceExpression;            : loaded 2 times (x 69B)
Class org.jetbrains.kotlin.psi.KtDotQualifiedExpression                               : loaded 2 times (x 573B)
Class org.jetbrains.kotlin.psi.KtReferenceExpression                                  : loaded 2 times (x 70B)
Class org.jetbrains.kotlin.psi.KtImportList                                           : loaded 2 times (x 444B)
Class [Lorg.jetbrains.kotlin.psi.KtParameterList;                                     : loaded 2 times (x 69B)
Class org.jetbrains.kotlin.psi.stubs.KotlinFunctionStub                               : loaded 2 times (x 70B)
Class kotlin.reflect.jvm.internal.impl.builtins.PrimitiveType                         : loaded 2 times (x 79B)
Class org.jetbrains.kotlin.cli.jvm.compiler.MockInferredAnnotationsManager$Companion  : loaded 2 times (x 71B)
Class org.jetbrains.kotlin.asJava.finder.JavaElementFinder$Companion                  : loaded 2 times (x 71B)
Class org.jetbrains.kotlin.cli.jvm.modules.CoreJrtVirtualFile                         : loaded 2 times (x 154B)
Class org.jetbrains.kotlin.cli.jvm.modules.CoreJrtFileSystem$Companion                : loaded 2 times (x 71B)
Class org.jetbrains.kotlin.resolve.checkers.DeclarationChecker                        : loaded 2 times (x 70B)
Class org.jetbrains.kotlin.diagnostics.DiagnosticFactory4                             : loaded 2 times (x 81B)
Class net.rubygrapefruit.platform.internal.Platform$Linux                             : loaded 2 times (x 83B)
Class com.google.common.cache.LocalCache$LocalManualCache                             : loaded 2 times (x 99B)
Class org.gradle.internal.service.CachingServiceLocator                               : loaded 2 times (x 82B)
Class com.android.utils.DateProvider                                                  : loaded 2 times (x 70B)
Class org.jetbrains.kotlin.load.java.SpecialBuiltinMembers$getOverriddenBuiltinWithDifferentJvmName$2: loaded 2 times (x 78B)
Class org.jetbrains.kotlin.contracts.model.visitors.Reducer                           : loaded 2 times (x 83B)
Class org.jetbrains.kotlin.container.PlatformSpecificExtension                        : loaded 2 times (x 70B)
Class org.jetbrains.kotlin.utils.SmartSet$ArrayIterator                               : loaded 2 times (x 81B)
Class [Lorg.jetbrains.kotlin.types.SimpleType;                                        : loaded 2 times (x 69B)
Class org.jetbrains.kotlin.resolve.jvm.jvmSignature.JvmMethodParameterSignature       : loaded 2 times (x 72B)
Class org.jetbrains.kotlin.descriptors.ModalityUtilsKt                                : loaded 2 times (x 71B)
Class org.jetbrains.kotlin.resolve.calls.smartcasts.IdentifierInfo$ERROR              : loaded 2 times (x 77B)
Class org.jetbrains.kotlin.resolve.lazy.ForceResolveUtil                              : loaded 2 times (x 71B)
Class org.jetbrains.kotlin.load.java.typeEnhancement.PredefinedEnhancementInfoKt$PREDEFINED_FUNCTION_ENHANCEMENT_INFO_BY_SIGNATURE$1$1$5$3: loaded 2 times (x 79B)
Class org.jetbrains.kotlin.util.OperatorChecks                                        : loaded 2 times (x 72B)
Class org.jetbrains.kotlin.descriptors.FindClassInModuleKt                            : loaded 2 times (x 71B)
Class org.jetbrains.kotlin.resolve.AnnotationTargetLists$T_LOCAL_FUNCTION$1           : loaded 2 times (x 78B)
Class org.jetbrains.kotlin.resolve.lazy.FileScopeFactory$currentPackageScope$names$2  : loaded 2 times (x 79B)
Class org.jetbrains.kotlin.load.kotlin.header.ReadKotlinClassHeaderAnnotationVisitor$KotlinMetadataArgumentVisitor$1: loaded 2 times (x 85B)
Class org.jetbrains.kotlin.resolve.lazy.descriptors.LazyClassMemberScope$primaryConstructor$1: loaded 2 times (x 79B)
Class com.google.common.collect.LinkedHashMultimap$ValueEntry                         : loaded 2 times (x 89B)
Class org.jetbrains.kotlin.types.FunctionPlaceholders                                 : loaded 2 times (x 72B)
Class org.jetbrains.kotlin.resolve.calls.GenericCandidateResolver                     : loaded 2 times (x 72B)
Class org.jetbrains.kotlin.resolve.calls.context.BasicCallResolutionContext           : loaded 2 times (x 87B)
Class org.jetbrains.kotlin.types.expressions.KotlinTypeInfo                           : loaded 2 times (x 72B)
Class org.jetbrains.kotlin.descriptors.TypeAliasDescriptor                            : loaded 2 times (x 70B)
Class org.jetbrains.kotlin.resolve.calls.model.ResolutionAtom                         : loaded 2 times (x 70B)
Class org.jetbrains.kotlin.resolve.ModuleStructureOracle                              : loaded 2 times (x 70B)
Class org.jetbrains.kotlin.resolve.lazy.CompilerLocalDescriptorResolver               : loaded 2 times (x 75B)
Class org.jetbrains.kotlin.resolve.lazy.TopLevelDescriptorProvider                    : loaded 2 times (x 70B)
Class org.jetbrains.kotlin.resolve.calls.inference.components.ClassicConstraintSystemUtilContext: loaded 2 times (x 93B)
Class org.jetbrains.kotlin.serialization.deserialization.DeserializedPackageFragmentImpl$initialize$1: loaded 2 times (x 79B)
Class org.jetbrains.kotlin.descriptors.Visibilities$Public                            : loaded 2 times (x 79B)
Class org.jetbrains.kotlin.renderer.DescriptorRendererOptionsImpl                     : loaded 2 times (x 174B)
Class org.jetbrains.kotlin.incremental.components.LookupLocation                      : loaded 2 times (x 70B)
Class org.jetbrains.kotlin.cli.jvm.compiler.TopDownAnalyzerFacadeForJVM$analyzeFilesWithJavaIntegration$1: loaded 2 times (x 125B)
Class org.jetbrains.kotlin.resolve.checkers.ApiVersionClassifierUsageChecker          : loaded 2 times (x 74B)
Class org.jetbrains.kotlin.psi.KtPsiUtil                                              : loaded 2 times (x 71B)
Class org.jetbrains.kotlin.protobuf.ExtensionRegistryLite$ObjectIntPair               : loaded 2 times (x 72B)
Class org.jetbrains.kotlin.metadata.ProtoBuf$Class$1                                  : loaded 2 times (x 144B)
Class org.jetbrains.kotlin.descriptors.ModuleDescriptor                               : loaded 2 times (x 70B)
Class org.jetbrains.kotlin.diagnostics.PositioningStrategies$ELSE_ENTRY$1             : loaded 2 times (x 74B)
Class org.jetbrains.kotlin.diagnostics.PositioningStrategies$DECLARATION_WITH_BODY$1  : loaded 2 times (x 74B)
Class org.jetbrains.kotlin.diagnostics.PositioningStrategies$DECLARATION_NAME$1       : loaded 2 times (x 75B)
Class org.jetbrains.kotlin.parsing.PrecedingDocCommentsBinder                         : loaded 2 times (x 74B)
Class it.unimi.dsi.fastutil.ints.IntListIterator                                      : loaded 2 times (x 70B)
Class [Lorg.jetbrains.kotlin.psi.KtEscapeStringTemplateEntry;                         : loaded 2 times (x 69B)
Class org.jetbrains.kotlin.psi.KtBlockCodeFragmentType                                : loaded 2 times (x 84B)
Class org.jetbrains.kotlin.psi.stubs.KotlinTypeParameterStub                          : loaded 2 times (x 70B)
Class org.jetbrains.kotlin.psi.stubs.KotlinPropertyStub                               : loaded 2 times (x 70B)
Class kotlin.reflect.jvm.internal.CachesKt$CACHE_FOR_GENERIC_CLASSIFIERS$1            : loaded 2 times (x 78B)
Class org.jetbrains.kotlin.load.kotlin.KotlinBinaryClassCache                         : loaded 2 times (x 75B)
Class kotlin.collections.AbstractList$IteratorImpl                                    : loaded 2 times (x 82B)
Class [Lorg.jetbrains.kotlin.metadata.ProtoBuf$Modality;                              : loaded 2 times (x 69B)
Class kotlin.collections.AbstractList$SubList                                         : loaded 2 times (x 198B)
Class kotlin.jvm.internal.CallableReference                                           : loaded 2 times (x 106B)
Class com.google.common.collect.Streams                                               : loaded 2 times (x 71B)
Class com.android.ide.common.blame.SourcePosition                                     : loaded 2 times (x 71B)
Class org.jetbrains.kotlin.resolve.checkers.ClassifierUsageCheckerKt                  : loaded 2 times (x 71B)
Class org.jetbrains.kotlin.cfg.pseudocode.PseudoValueFactoryImpl                      : loaded 2 times (x 75B)
Class org.jetbrains.kotlin.resolve.calls.model.ResolvedCallImpl                       : loaded 2 times (x 156B)
Class org.jetbrains.kotlin.types.expressions.ExpressionTypingVisitorDispatcher$ForBlock: loaded 2 times (x 242B)
Class org.jetbrains.kotlin.contracts.ESVariableWithDataFlowValue                      : loaded 2 times (x 89B)
Class org.jetbrains.kotlin.types.expressions.PreliminaryDeclarationVisitor$lazyTrigger$2: loaded 2 times (x 79B)
Class org.jetbrains.kotlin.types.expressions.PreliminaryDeclarationVisitor$Companion$topMostNonClassDeclaration$$inlined$filterIsInstance$1: loaded 2 times (x 78B)
Class org.jetbrains.kotlin.resolve.DescriptorEquivalenceForOverrides$areCallableDescriptorsEquivalent$1: loaded 2 times (x 78B)
Class org.jetbrains.kotlin.resolve.calls.tower.CandidateWithBoundDispatchReceiver     : loaded 2 times (x 72B)
Class org.jetbrains.kotlin.types.StarProjectionImpl                                   : loaded 2 times (x 84B)
Class org.jetbrains.kotlin.SpecialJvmAnnotations                                      : loaded 2 times (x 71B)
Class org.jetbrains.kotlin.resolve.calls.inference.model.NewConstraintSystemImpl$State: loaded 2 times (x 79B)
Class javaslang.Tuple2                                                                : loaded 2 times (x 79B)
Class javaslang.collection.Traversable$1                                              : loaded 2 times (x 467B)
Class javaslang.collection.AbstractIterator                                           : loaded 2 times (x 466B)
Class org.jetbrains.kotlin.load.java.typeEnhancement.PredefinedEnhancementInfoKt$PREDEFINED_FUNCTION_ENHANCEMENT_INFO_BY_SIGNATURE$1$1$5$4: loaded 2 times (x 79B)
Class org.jetbrains.kotlin.util.ReturnsCheck$ReturnsUnit                              : loaded 2 times (x 80B)
Class org.jetbrains.kotlin.load.java.lazy.descriptors.LazyJavaClassMemberScope$computeMemberIndex$1: loaded 2 times (x 78B)
Class [Lorg.jetbrains.kotlin.mpp.ClassLikeSymbolMarker;                               : loaded 2 times (x 69B)
Class org.jetbrains.kotlin.types.checker.ClassicTypeSystemContext$DefaultImpls        : loaded 2 times (x 71B)
Class org.jetbrains.kotlin.resolve.SinceKotlinAccessibility$NotAccessible             : loaded 2 times (x 72B)
Class org.jetbrains.kotlin.resolve.SinceKotlinUtilKt                                  : loaded 2 times (x 71B)
Class org.jetbrains.kotlin.resolve.BindingTraceContext                                : loaded 2 times (x 105B)
Class org.jetbrains.kotlin.metadata.ProtoBuf$VersionRequirement$1                     : loaded 2 times (x 144B)
Class org.jetbrains.kotlin.metadata.jvm.JvmProtoBuf$StringTableTypes$Record$1         : loaded 2 times (x 144B)
Class org.jetbrains.kotlin.load.kotlin.header.ReadKotlinClassHeaderAnnotationVisitor$KotlinMetadataArgumentVisitor$2: loaded 2 times (x 85B)
Class org.jetbrains.kotlin.resolve.jvm.multiplatform.PackageFragmentForOptionalAnnotations: loaded 2 times (x 140B)
Class org.jetbrains.kotlin.resolve.jvm.multiplatform.OptionalAnnotationPackageFragmentProvider$packages$2$1$classDescriptors$1: loaded 2 times (x 79B)
Class org.jetbrains.kotlin.container.ResolveKt                                        : loaded 2 times (x 71B)
Class org.jetbrains.kotlin.resolve.calls.model.MutableResolvedCall                    : loaded 2 times (x 70B)
Class org.jetbrains.kotlin.resolve.MissingSupertypesResolver                          : loaded 2 times (x 72B)
Class org.jetbrains.kotlin.types.expressions.ControlStructureTypingUtils              : loaded 2 times (x 74B)
Class org.jetbrains.kotlin.psi.Call                                                   : loaded 2 times (x 70B)
Class org.jetbrains.kotlin.idea.MainFunctionDetector$Factory                          : loaded 2 times (x 70B)
Class org.jetbrains.kotlin.load.java.NullabilityAnnotationStates                      : loaded 2 times (x 70B)
Class org.jetbrains.kotlin.resolve.AdditionalClassPartsProvider                       : loaded 2 times (x 70B)
Class [Lorg.jetbrains.kotlin.descriptors.annotations.AnnotatedImpl;                   : loaded 2 times (x 69B)
Class org.jetbrains.kotlin.load.java.JavaIncompatibilityRulesOverridabilityCondition  : loaded 2 times (x 75B)
Class kotlin.properties.ReadOnlyProperty                                              : loaded 2 times (x 70B)
Class org.jetbrains.kotlin.descriptors.ModuleCapability                               : loaded 2 times (x 72B)
Class org.jetbrains.kotlin.psi.KtCodeFragment                                         : loaded 2 times (x 1262B)
Class org.jetbrains.kotlin.builtins.StandardNames$FqNames                             : loaded 2 times (x 71B)
Class org.jetbrains.kotlin.resolve.checkers.ValueClassDeclarationChecker              : loaded 2 times (x 74B)
Class org.jetbrains.kotlin.resolve.checkers.ExpectActualInTheSameModuleChecker        : loaded 2 times (x 74B)
Class org.jetbrains.kotlin.config.LanguageFeature$Companion                           : loaded 2 times (x 71B)
Class org.jetbrains.kotlin.diagnostics.PositioningStrategies$OBJECT_KEYWORD$1         : loaded 2 times (x 74B)
Class org.jetbrains.kotlin.diagnostics.PositioningStrategies$DECLARATION_NAME_ONLY$1  : loaded 2 times (x 75B)
Class org.jetbrains.kotlin.resolve.jvm.checkers.ProtectedSyntheticExtensionCallChecker: loaded 2 times (x 74B)
Class org.jetbrains.kotlin.cli.jvm.compiler.TopDownAnalyzerFacadeForJVM               : loaded 2 times (x 71B)
Class org.jetbrains.kotlin.psi.KtIfExpression                                         : loaded 2 times (x 444B)
Class org.jetbrains.kotlin.psi.KtAnonymousInitializer                                 : loaded 2 times (x 70B)
Class kotlin.jvm.internal.markers.KMutableMap                                         : loaded 2 times (x 70B)
Class org.jetbrains.kotlin.cli.jvm.compiler.CliJavaModuleUtilsKt                      : loaded 2 times (x 71B)
Class kotlin.script.dependencies.ScriptDependenciesResolver                           : loaded 2 times (x 70B)
Class [Lkotlin.script.experimental.api.ScriptAcceptedLocation;                        : loaded 2 times (x 69B)
Class kotlin.reflect.jvm.internal.impl.descriptors.runtime.structure.ReflectClassUtilKt: loaded 2 times (x 71B)
Class kotlin.script.experimental.host.HostConfigurationKt                             : loaded 2 times (x 71B)
Class org.jetbrains.kotlin.codegen.extensions.ClassFileFactoryFinalizerExtension$Companion: loaded 2 times (x 72B)
Class org.jetbrains.kotlin.cli.common.config.ContentRoot                              : loaded 2 times (x 70B)
Class kotlin.ranges.IntRange                                                          : loaded 2 times (x 93B)
Class org.jetbrains.kotlin.context.GlobalContextImpl                                  : loaded 2 times (x 79B)
Class org.jetbrains.org.objectweb.asm.tree.AnnotationNode                             : loaded 2 times (x 79B)
Class com.google.common.collect.MapMakerInternalMap$InternalEntry                     : loaded 2 times (x 70B)
Class org.jetbrains.kotlin.cfg.ReadOnlyControlFlowInfo                                : loaded 2 times (x 70B)
Class org.jetbrains.kotlin.cfg.pseudocode.instructions.special.SubroutineEnterInstruction: loaded 2 times (x 99B)
Class org.jetbrains.kotlin.cfg.pseudocode.ControlFlowInstructionsGenerator$ControlFlowInstructionsGeneratorWorker$valueFactory$1: loaded 2 times (x 76B)
Class org.jetbrains.kotlin.load.java.sam.JavaSingleAbstractMethodUtils                : loaded 2 times (x 71B)
Class org.jetbrains.kotlin.resolve.AbstractFilteringTrace                             : loaded 2 times (x 106B)
Class org.jetbrains.kotlin.resolve.calls.tower.LambdaKotlinCallArgumentImpl           : loaded 2 times (x 100B)
Class org.jetbrains.kotlin.contracts.model.ESTypeSubstitution                         : loaded 2 times (x 72B)
Class org.jetbrains.kotlin.codegen.state.KotlinTypeMapper$mapType$1                   : loaded 2 times (x 79B)
Class kotlin.script.experimental.api.ScriptDataKt                                     : loaded 2 times (x 71B)
Class org.jetbrains.kotlin.load.java.components.JavaTargetAnnotationDescriptor        : loaded 2 times (x 87B)
Class org.jetbrains.kotlin.load.java.typeEnhancement.SignatureEnhancement$enhanceSignature$valueParameterEnhancements$1$1: loaded 2 times (x 79B)
Class org.jetbrains.kotlin.load.kotlin.AbstractBinaryClassAnnotationAndConstantLoader$loadAnnotationsAndInitializers$1$AnnotationVisitorForMethod: loaded 2 times (x 82B)
Class org.jetbrains.kotlin.resolve.calls.model.ReceiverExpressionKotlinCallArgument$Companion: loaded 2 times (x 71B)
Class org.jetbrains.kotlin.resolve.calls.model.QualifierReceiverKotlinCallArgument    : loaded 2 times (x 80B)
Class org.jetbrains.kotlin.builtins.UnsignedType                                      : loaded 2 times (x 79B)
Class javaslang.collection.LinkedHashSet                                              : loaded 2 times (x 425B)
Class org.jetbrains.kotlin.load.java.typeEnhancement.PredefinedEnhancementInfoKt$PREDEFINED_FUNCTION_ENHANCEMENT_INFO_BY_SIGNATURE$1$1$5$5: loaded 2 times (x 79B)
Class kotlin.sequences.DropWhileSequence                                              : loaded 2 times (x 75B)
Class org.jetbrains.kotlin.descriptors.impl.AbstractTypeParameterDescriptor$TypeParameterTypeConstructor: loaded 2 times (x 98B)
Class org.jetbrains.kotlin.types.DelegatingSimpleTypeImpl                             : loaded 2 times (x 94B)
Class org.jetbrains.kotlin.resolve.LazyExplicitImportScope                            : loaded 2 times (x 113B)
Class org.jetbrains.kotlin.renderer.DescriptorRenderer$Companion$ONLY_NAMES_WITH_SHORT_TYPES$1: loaded 2 times (x 78B)
Class org.jetbrains.kotlin.util.slicedMap.RewritePolicy$1                             : loaded 2 times (x 75B)
Class org.jetbrains.kotlin.resolve.ShadowedExtensionChecker                           : loaded 2 times (x 72B)
Class org.jetbrains.kotlin.resolve.scopes.StaticScopeForKotlinEnum$properties$2       : loaded 2 times (x 79B)
Class org.jetbrains.kotlin.types.expressions.ControlStructureTypingVisitor            : loaded 2 times (x 204B)
Class org.jetbrains.kotlin.resolve.calls.components.NewOverloadingConflictResolver    : loaded 2 times (x 72B)
Class org.jetbrains.kotlin.resolve.calls.tower.NewResolutionOldInference$ResolutionKind$GivenCandidates: loaded 2 times (x 72B)
Class org.jetbrains.kotlin.resolve.CollectionLiteralResolver                          : loaded 2 times (x 72B)
Class org.jetbrains.kotlin.resolve.calls.model.ReceiverKotlinCallArgument             : loaded 2 times (x 70B)
Class org.jetbrains.kotlin.config.AnalysisFlag$Delegates$ApiModeDisabledByDefault     : loaded 2 times (x 71B)
Class org.jetbrains.kotlin.descriptors.impl.ModuleDependencies                        : loaded 2 times (x 70B)
Class [Lorg.jetbrains.kotlin.descriptors.impl.ModuleDescriptorImpl;                   : loaded 2 times (x 69B)
Class org.jetbrains.kotlin.serialization.deserialization.ErrorReporter$1              : loaded 2 times (x 75B)
Class org.jetbrains.kotlin.descriptors.CallableMemberDescriptor$Kind                  : loaded 2 times (x 79B)
Class org.jetbrains.kotlin.context.GlobalContext                                      : loaded 2 times (x 70B)
Class org.jetbrains.kotlin.types.model.TypeArgumentMarker                             : loaded 2 times (x 70B)
Class org.jetbrains.kotlin.metadata.ProtoBuf$TypeParameterOrBuilder                   : loaded 2 times (x 70B)
Class org.jetbrains.kotlin.metadata.ProtoBuf$Property                                 : loaded 2 times (x 148B)
Class [Lorg.jetbrains.kotlin.resolve.calls.checkers.AdditionalTypeChecker;            : loaded 2 times (x 69B)
Class org.jetbrains.kotlin.diagnostics.PositioningStrategies$NOT_SUPPORTED_IN_INLINE_MOST_RELEVANT$1: loaded 2 times (x 74B)
Class org.jetbrains.kotlin.parsing.DoNotBindAnything                                  : loaded 2 times (x 74B)
Class org.jetbrains.kotlin.parsing.KotlinParsing$AnnotationParsingMode                : loaded 2 times (x 79B)
Class org.jetbrains.kotlin.descriptors.ClassConstructorDescriptor                     : loaded 2 times (x 70B)
Class org.jetbrains.kotlin.psi.KtCallExpression                                       : loaded 2 times (x 571B)
Class org.jetbrains.kotlin.psi.KtWhileExpressionBase                                  : loaded 2 times (x 441B)
Class org.jetbrains.kotlin.KtNodeType$KtLeftBoundNodeType                             : loaded 2 times (x 76B)
Class org.jetbrains.kotlin.psi.KtEscapeStringTemplateEntry                            : loaded 2 times (x 445B)
Class org.jetbrains.kotlin.psi.KotlinStringLiteralTextEscaper                         : loaded 2 times (x 76B)
Class org.jetbrains.kotlin.psi.KtContextReceiver                                      : loaded 2 times (x 443B)
Class [Lorg.jetbrains.kotlin.psi.KtQualifiedExpression;                               : loaded 2 times (x 69B)
Class org.jetbrains.kotlin.lexer.KtSingleValueToken                                   : loaded 2 times (x 77B)
Class [Lorg.jetbrains.kotlin.psi.KtClass;                                             : loaded 2 times (x 69B)
Class org.jetbrains.kotlin.resolve.extensions.AnalysisHandlerExtension$Companion      : loaded 2 times (x 72B)
Class org.jetbrains.kotlin.resolve.jvm.modules.JavaModuleInfo$Companion$read$1$visitModule$1: loaded 2 times (x 81B)
Class org.jetbrains.kotlin.scripting.extensions.ScriptingResolveExtension             : loaded 2 times (x 94B)
Class org.jetbrains.kotlin.fir.extensions.FirExtensionRegistrarAdapter                : loaded 2 times (x 71B)
Class org.jetbrains.kotlin.extensions.PreprocessedVirtualFileFactoryExtension$Companion: loaded 2 times (x 72B)
Class org.jetbrains.kotlin.config.LanguageVersionSettingsImpl                         : loaded 2 times (x 81B)
Class kotlin.enums.EnumEntries                                                        : loaded 2 times (x 70B)
Class org.jetbrains.kotlin.serialization.deserialization.LocalClassifierTypeSettings$Default: loaded 2 times (x 74B)
Class com.android.prefs.LocationValue                                                 : loaded 2 times (x 70B)
Class org.jetbrains.kotlin.synthetic.JavaSyntheticScopes                              : loaded 2 times (x 75B)
Class com.google.common.base.Predicates                                               : loaded 2 times (x 71B)
Class com.google.common.base.Equivalence                                              : loaded 2 times (x 82B)
Class org.gradle.kotlin.dsl.Accessors377twfxlhpj2n65rquy9ybeqsKt                      : loaded 2 times (x 71B)
Class com.android.tools.analytics.AnalyticsSettingsData$DataTypeAdapter               : loaded 2 times (x 73B)
Class org.jetbrains.kotlin.cfg.variable.VariableControlFlowState$Companion            : loaded 2 times (x 71B)
Class org.jetbrains.kotlin.cfg.variable.VariableControlFlowState                      : loaded 2 times (x 72B)
Class org.jetbrains.kotlin.cfg.ControlFlowInformationProviderImpl$markUninitializedVariables$1: loaded 2 times (x 79B)
Class [Lorg.jetbrains.kotlin.cfg.pseudocode.instructions.Instruction;                 : loaded 2 times (x 69B)
Class org.jetbrains.org.objectweb.asm.TypePath                                        : loaded 2 times (x 72B)
Class org.jetbrains.kotlin.cfg.ControlFlowInformationProviderImpl$pseudocodeVariablesData$2: loaded 2 times (x 79B)
Class org.jetbrains.kotlin.cfg.ControlFlowInformationProviderImpl                     : loaded 2 times (x 77B)
Class org.jetbrains.kotlin.resolve.constants.CompileTimeConstantChecker$CharacterWithDiagnostic: loaded 2 times (x 74B)
Class org.jetbrains.kotlin.types.expressions.DefinitelyNotNullDeprecationKt           : loaded 2 times (x 71B)
Class org.jetbrains.kotlin.builtins.jvm.JvmBuiltInsPackageFragmentProvider            : loaded 2 times (x 85B)
Class kotlin.script.experimental.api.ScriptDataKt$collectedAnnotations$2              : loaded 2 times (x 78B)
Class org.jetbrains.kotlin.load.java.typeEnhancement.TypeEnhancementKt$WhenMappings   : loaded 2 times (x 71B)
Class org.jetbrains.kotlin.resolve.calls.smartcasts.IdentifierInfo$Receiver           : loaded 2 times (x 77B)
Class org.jetbrains.kotlin.resolve.calls.components.CompletionModeCalculator          : loaded 2 times (x 71B)
Class org.jetbrains.kotlin.types.checker.NewCapturedTypeConstructor                   : loaded 2 times (x 86B)
Class org.jetbrains.kotlin.load.java.typeEnhancement.PredefinedEnhancementInfoKt$PREDEFINED_FUNCTION_ENHANCEMENT_INFO_BY_SIGNATURE$1$1$5$6: loaded 2 times (x 79B)
Class org.jetbrains.kotlin.resolve.PackageFragmentWithCustomSource                    : loaded 2 times (x 130B)
Class org.jetbrains.kotlin.resolve.calls.inference.CapturedTypeConstructor            : loaded 2 times (x 70B)
Class org.jetbrains.kotlin.descriptors.impl.ModuleAwareClassDescriptorKt              : loaded 2 times (x 71B)
Class org.jetbrains.kotlin.resolve.AllUnderImportScope$Companion                      : loaded 2 times (x 71B)
Class org.jetbrains.kotlin.metadata.jvm.deserialization.UtfEncodingKt                 : loaded 2 times (x 71B)
Class org.jetbrains.kotlin.load.kotlin.header.ReadKotlinClassHeaderAnnotationVisitor$KotlinMetadataArgumentVisitor: loaded 2 times (x 86B)
Class org.jetbrains.kotlin.resolve.jvm.annotations.JvmAnnotationUtilKt                : loaded 2 times (x 71B)
Class javaslang.collection.Iterator                                                   : loaded 2 times (x 70B)
Class javaslang.collection.Stack                                                      : loaded 2 times (x 70B)
Class org.jetbrains.kotlin.serialization.deserialization.descriptors.DeserializedClassDescriptor$memberScopeHolder$1: loaded 2 times (x 125B)
Class org.jetbrains.kotlin.types.checker.SimpleClassicTypeSystemContext               : loaded 2 times (x 752B)
Class org.jetbrains.kotlin.resolve.DelegatingBindingTrace                             : loaded 2 times (x 105B)
Class org.jetbrains.kotlin.resolve.calls.tower.NewResolutionOldInference$ResolutionKind$Invoke: loaded 2 times (x 72B)
Class org.jetbrains.kotlin.resolve.lazy.LazyDeclarationResolver                       : loaded 2 times (x 74B)
Class org.jetbrains.kotlin.resolve.calls.inference.model.FixVariableConstraintPosition: loaded 2 times (x 72B)
Class org.jetbrains.kotlin.resolve.checkers.EmptyIntersectionTypeInfo                 : loaded 2 times (x 72B)
Class org.jetbrains.kotlin.types.model.TypeVariableTypeConstructorMarker              : loaded 2 times (x 70B)
Class org.jetbrains.kotlin.utils.MetadataHelpersKt                                    : loaded 2 times (x 71B)
Class org.jetbrains.kotlin.resolve.CompilerDeserializationConfiguration               : loaded 2 times (x 85B)
Class org.jetbrains.kotlin.serialization.deserialization.DeserializedClassDataFinder  : loaded 2 times (x 75B)
Class org.jetbrains.kotlin.serialization.deserialization.DeserializationConfiguration : loaded 2 times (x 70B)
Class org.jetbrains.kotlin.resolve.lazy.descriptors.LazyAnnotationsContext            : loaded 2 times (x 73B)
Class org.jetbrains.kotlin.metadata.jvm.JvmProtoBuf$JvmFieldSignature$1               : loaded 2 times (x 144B)
Class org.jetbrains.kotlin.metadata.jvm.JvmProtoBuf$JvmMethodSignature                : loaded 2 times (x 108B)
Class org.jetbrains.kotlin.metadata.ProtoBuf$TypeTable                                : loaded 2 times (x 109B)
Class org.jetbrains.kotlin.protobuf.MessageLiteOrBuilder                              : loaded 2 times (x 70B)
Class org.jetbrains.kotlin.container.UnresolvedServiceException                       : loaded 2 times (x 82B)
Class org.jetbrains.kotlin.diagnostics.ClassicPositioningStrategies$ACTUAL_DECLARATION_NAME$1: loaded 2 times (x 75B)
Class org.jetbrains.kotlin.diagnostics.PositioningStrategies$TYPEALIAS_TYPE_REFERENCE$1: loaded 2 times (x 74B)
Class org.jetbrains.kotlin.resolve.ImportPath                                         : loaded 2 times (x 72B)
Class org.jetbrains.kotlin.parsing.Consumer                                           : loaded 2 times (x 70B)
Class kotlin.jvm.internal.markers.KMutableListIterator                                : loaded 2 times (x 70B)
Class org.jetbrains.kotlin.psi.stubs.KotlinConstantExpressionStub                     : loaded 2 times (x 70B)
Class org.jetbrains.kotlin.psi.KtImportAlias                                          : loaded 2 times (x 560B)
Class [Lorg.jetbrains.kotlin.psi.KtTypeParameter;                                     : loaded 2 times (x 69B)
Class kotlin.script.experimental.api.IdeScriptCompilationConfigurationBuilder         : loaded 2 times (x 72B)
Class org.jetbrains.kotlin.scripting.compiler.plugin.JvmCliScriptEvaluationExtension  : loaded 2 times (x 82B)
Class kotlin.reflect.jvm.internal.KCallableImpl$_returnType$1                         : loaded 2 times (x 79B)
Class org.jetbrains.kotlin.resolve.DescriptorResolver                                 : loaded 2 times (x 84B)
Class com.google.gson.JsonParseException                                              : loaded 2 times (x 82B)
Class com.android.tools.lint.model.DefaultLintModelJavaLibrary                        : loaded 2 times (x 103B)
Class com.android.prefs.PathLocator                                                   : loaded 2 times (x 73B)
Class com.google.common.cache.CacheBuilder$OneWeigher                                 : loaded 2 times (x 82B)
Class org.gradle.kotlin.dsl.TestImplementationConfigurationAccessorsKt                : loaded 2 times (x 71B)
Class org.jetbrains.kotlin.resolve.FunctionDescriptorResolver                         : loaded 2 times (x 72B)
Class org.jetbrains.kotlin.load.java.structure.JavaMember                             : loaded 2 times (x 70B)
Class org.jetbrains.kotlin.cfg.pseudocode.instructions.jumps.JumpInstruction          : loaded 2 times (x 70B)
Class org.jetbrains.kotlin.cfg.pseudocode.instructions.eval.AccessTarget$BlackBox     : loaded 2 times (x 71B)
Class org.jetbrains.kotlin.load.kotlin.KotlinJvmBinaryPackageSourceElement            : loaded 2 times (x 75B)
Class org.jetbrains.kotlin.types.TypeApproximatorConfiguration$IntegerLiteralsTypesApproximation: loaded 2 times (x 87B)
Class org.jetbrains.kotlin.resolve.calls.components.ArgumentsUtilsKt$isActualParameterWithCorrespondingExpectedDefault$1: loaded 2 times (x 78B)
Class org.jetbrains.kotlin.load.java.ErasedOverridabilityCondition$isOverridable$signatureTypes$1: loaded 2 times (x 78B)
Class kotlin.script.experimental.api.ScriptCollectedDataKeys                          : loaded 2 times (x 70B)
Class org.jetbrains.kotlin.resolve.calls.model.ErrorCallResolutionResult              : loaded 2 times (x 74B)
Class org.jetbrains.kotlin.types.StarProjectionImpl$_type$2                           : loaded 2 times (x 79B)
Class org.jetbrains.kotlin.resolve.calls.model.ResolvedExpressionAtom                 : loaded 2 times (x 74B)
Class org.jetbrains.kotlin.resolve.calls.model.KotlinCallKt$WhenMappings              : loaded 2 times (x 71B)
Class org.jetbrains.kotlin.resolve.calls.smartcasts.IdentifierInfo$Expression         : loaded 2 times (x 77B)
Class org.jetbrains.kotlin.resolve.calls.components.ArgumentsToCandidateParameterDescriptor: loaded 2 times (x 73B)
Class org.jetbrains.kotlin.load.java.typeEnhancement.PredefinedEnhancementInfoKt$PREDEFINED_FUNCTION_ENHANCEMENT_INFO_BY_SIGNATURE$1$1$5$7: loaded 2 times (x 79B)
Class org.jetbrains.kotlin.load.java.lazy.descriptors.LazyJavaPackageScope$KotlinClassLookupResult$NotFound: loaded 2 times (x 71B)
Class org.jetbrains.kotlin.resolve.AnnotationTargetLists$TargetListBuilder            : loaded 2 times (x 72B)
Class org.jetbrains.kotlin.resolve.scopes.receivers.Qualifier                         : loaded 2 times (x 70B)
Class org.jetbrains.kotlin.resolve.scopes.BaseHierarchicalScope                       : loaded 2 times (x 94B)
Class org.jetbrains.kotlin.serialization.deserialization.descriptors.DeserializedClassDescriptor: loaded 2 times (x 277B)
Class org.jetbrains.kotlin.resolve.scopes.ChainedMemberScope                          : loaded 2 times (x 89B)
Class org.jetbrains.kotlin.resolve.calls.components.CallableReferenceOverloadConflictResolver$1: loaded 2 times (x 78B)
Class org.jetbrains.kotlin.container.MethodBinding                                    : loaded 2 times (x 72B)
Class org.jetbrains.kotlin.resolve.checkers.ExpectedActualDeclarationChecker$Companion: loaded 2 times (x 71B)
Class [Lorg.jetbrains.kotlin.resolve.scopes.SyntheticScope$Default;                   : loaded 2 times (x 69B)
Class org.jetbrains.kotlin.resolve.calls.checkers.AbstractReflectionApiCallChecker$kPropertyClasses$2: loaded 2 times (x 79B)
Class org.jetbrains.kotlin.resolve.lazy.ImportResolutionComponents                    : loaded 2 times (x 72B)
Class org.jetbrains.kotlin.resolve.VariableTypeAndInitializerResolver                 : loaded 2 times (x 72B)
Class org.jetbrains.kotlin.resolve.jvm.JvmDiagnosticComponents                        : loaded 2 times (x 75B)
Class org.jetbrains.kotlin.types.model.TypeSystemCommonSuperTypesContext              : loaded 2 times (x 70B)
Class org.jetbrains.kotlin.descriptors.impl.VariableDescriptorWithInitializerImpl     : loaded 2 times (x 229B)
Class org.jetbrains.kotlin.types.ClassTypeConstructorImpl                             : loaded 2 times (x 99B)
Class org.jetbrains.kotlin.renderer.ClassifierNamePolicy$SOURCE_CODE_QUALIFIED        : loaded 2 times (x 74B)
Class org.jetbrains.kotlin.builtins.functions.FunctionTypeKind$Function               : loaded 2 times (x 76B)
Class org.jetbrains.kotlin.metadata.ProtoBuf$AnnotationOrBuilder                      : loaded 2 times (x 70B)
Class org.jetbrains.kotlin.protobuf.WireFormat$FieldType                              : loaded 2 times (x 83B)
Class org.jetbrains.kotlin.resolve.jvm.checkers.SynchronizedAnnotationChecker         : loaded 2 times (x 74B)
Class org.jetbrains.kotlin.resolve.calls.inference.BuilderInferenceSupport            : loaded 2 times (x 72B)
Class org.jetbrains.kotlin.psi.KtWhenEntry                                            : loaded 2 times (x 382B)
Class [Lorg.jetbrains.kotlin.psi.KtFunction;                                          : loaded 2 times (x 69B)
Class org.jetbrains.kotlin.psi.KtTypeParameterListOwnerStub                           : loaded 2 times (x 994B)
Class org.jetbrains.kotlin.cli.jvm.compiler.ClasspathRootsResolver$RootsAndModules    : loaded 2 times (x 72B)
Class org.jetbrains.kotlin.cli.jvm.compiler.KotlinCoreEnvironment$2                   : loaded 2 times (x 125B)
Class org.jetbrains.kotlin.scripting.definitions.ScriptCompilationConfigurationFromDefinition$1$4: loaded 2 times (x 79B)
Class kotlin.reflect.jvm.internal.KDeclarationContainerImpl$Companion                 : loaded 2 times (x 71B)
Class org.jetbrains.kotlin.fir.extensions.FirAnalysisHandlerExtension                 : loaded 2 times (x 73B)
Class org.jetbrains.kotlin.asJava.KotlinAsJavaSupportBase                             : loaded 2 times (x 103B)
Class com.android.sdklib.AndroidVersion                                               : loaded 2 times (x 75B)
Class com.android.tools.lint.model.LintModelLibraryResolver                           : loaded 2 times (x 70B)
Class kotlin.text.MatchResult$DefaultImpls                                            : loaded 2 times (x 71B)
Class com.android.tools.lint.model.LintModelSerialization$LintModelSerializationAdapter: loaded 2 times (x 70B)
Class com.google.common.collect.Maps$EntryFunction                                    : loaded 2 times (x 91B)
Class net.rubygrapefruit.platform.internal.Platform$Unsupported                       : loaded 2 times (x 79B)
Class net.rubygrapefruit.platform.internal.Platform$FreeBSD32Bit                      : loaded 2 times (x 82B)
Class org.gradle.internal.classloader.ClasspathUtil                                   : loaded 2 times (x 71B)
Class [Lorg.jetbrains.kotlin.resolve.jvm.diagnostics.JvmDeclarationOriginKind;        : loaded 2 times (x 69B)
Class org.jetbrains.kotlin.cfg.variable.PseudocodeVariablesData$VariablesForDeclaration: loaded 2 times (x 72B)
Class [Ljavaslang.collection.HashArrayMappedTrieModule$Action;                        : loaded 2 times (x 69B)
Class org.jetbrains.kotlin.resolve.calls.results.FlatSignature$Companion              : loaded 2 times (x 71B)
Class org.jetbrains.kotlin.resolve.ArrayFqNames                                       : loaded 2 times (x 71B)
Class org.jetbrains.kotlin.builtins.functions.FunctionInvokeDescriptor                : loaded 2 times (x 351B)
Class org.jetbrains.kotlin.scripting.resolve.ScriptCompilationConfigurationWrapper    : loaded 2 times (x 79B)
Class kotlin.io.FileSystemException                                                   : loaded 2 times (x 82B)
Class org.jetbrains.kotlin.resolve.calls.inference.BuilderInferenceSession            : loaded 2 times (x 102B)
Class org.jetbrains.kotlin.load.java.lazy.descriptors.LazyJavaAnnotationDescriptor    : loaded 2 times (x 81B)
Class org.jetbrains.kotlin.resolve.calls.inference.ConstraintSystem$Builder           : loaded 2 times (x 70B)
Class org.jetbrains.kotlin.resolve.scopes.utils.ScopeUtilsKt$parentsWithSelf$1        : loaded 2 times (x 78B)
Class org.jetbrains.kotlin.resolve.calls.results.SingleOverloadResolutionResult       : loaded 2 times (x 94B)
Class org.jetbrains.kotlin.resolve.calls.tasks.ExplicitReceiverKind                   : loaded 2 times (x 79B)
Class org.jetbrains.kotlin.load.java.typeEnhancement.PredefinedEnhancementInfoKt$PREDEFINED_FUNCTION_ENHANCEMENT_INFO_BY_SIGNATURE$1$1$5$8: loaded 2 times (x 79B)
Class org.jetbrains.kotlin.scripting.resolve.LazyScriptDescriptor$baseClassDescriptor$1: loaded 2 times (x 79B)
Class org.jetbrains.kotlin.resolve.OverridingStrategy                                 : loaded 2 times (x 75B)
Class org.jetbrains.kotlin.serialization.deserialization.descriptors.DescriptorWithContainerSource: loaded 2 times (x 70B)
Class org.jetbrains.kotlin.metadata.ProtoBuf$TypeAlias                                : loaded 2 times (x 137B)
Class org.jetbrains.kotlin.serialization.deserialization.descriptors.DeserializedClassDescriptor$DeserializedClassMemberScope$2$1: loaded 2 times (x 79B)
Class org.jetbrains.kotlin.resolve.lazy.descriptors.LazyClassMemberScope$_allNames$2  : loaded 2 times (x 79B)
Class org.jetbrains.kotlin.resolve.lazy.declarations.FileBasedPackageMemberDeclarationProvider$allDeclaredSubPackages$1: loaded 2 times (x 79B)
Class org.jetbrains.kotlin.cli.jvm.config.ClassicFrontendSpecificJvmConfigurationKeys : loaded 2 times (x 71B)
Class org.jetbrains.kotlin.resolve.lazy.IndexedImports                                : loaded 2 times (x 73B)
Class org.jetbrains.kotlin.resolve.calls.components.CallableReferenceOverloadConflictResolver$2: loaded 2 times (x 79B)
Class org.jetbrains.kotlin.util.CounterWithExclude$Companion                          : loaded 2 times (x 71B)
Class org.jetbrains.kotlin.types.expressions.ExpressionTypingVisitorDispatcher$ForDeclarations: loaded 2 times (x 242B)
Class org.jetbrains.kotlin.resolve.scopes.receivers.QualifierReceiver                 : loaded 2 times (x 70B)
Class org.jetbrains.kotlin.resolve.lazy.data.KtClassLikeInfo                          : loaded 2 times (x 70B)
Class org.jetbrains.kotlin.types.expressions.ExpressionTypingContext                  : loaded 2 times (x 86B)
Class org.jetbrains.kotlin.types.checker.KotlinTypeChecker                            : loaded 2 times (x 70B)
Class [Lorg.jetbrains.kotlin.types.error.ErrorEntity;                                 : loaded 2 times (x 69B)
Class org.jetbrains.kotlin.descriptors.SupertypeLoopChecker                           : loaded 2 times (x 70B)
Class org.jetbrains.kotlin.renderer.RenderingFormat$PLAIN                             : loaded 2 times (x 80B)
Class org.jetbrains.kotlin.resolve.diagnostics.KotlinSuppressCache$Companion          : loaded 2 times (x 71B)
Class org.objectweb.asm.tree.MethodNode                                               : loaded 2 times (x 110B)
Class [Lorg.jetbrains.kotlin.metadata.ProtoBuf$QualifiedNameTable$QualifiedName$Kind; : loaded 2 times (x 69B)
Class org.jetbrains.kotlin.metadata.ProtoBuf$PackageFragment                          : loaded 2 times (x 125B)
Class [Lorg.jetbrains.kotlin.metadata.ProtoBuf$TypeParameter$Variance;                : loaded 2 times (x 69B)
Class org.jetbrains.kotlin.metadata.ProtoBuf$Constructor                              : loaded 2 times (x 124B)
Class org.jetbrains.kotlin.resolve.checkers.SuspendLimitationsChecker                 : loaded 2 times (x 74B)
Class org.jetbrains.kotlin.resolve.jvm.checkers.BadInheritedJavaSignaturesChecker     : loaded 2 times (x 74B)
Class org.jetbrains.kotlin.psi.KtContractEffectList                                   : loaded 2 times (x 443B)
Class [Lorg.jetbrains.kotlin.psi.KtNamed;                                             : loaded 2 times (x 69B)
Class kotlin.collections.builders.SetBuilder                                          : loaded 2 times (x 143B)
Class org.jetbrains.kotlin.resolve.jvm.modules.JavaModuleInfo$Requires                : loaded 2 times (x 72B)
Class org.jetbrains.kotlin.cli.jvm.modules.JavaVersionUtilsKt                         : loaded 2 times (x 71B)
Class org.jetbrains.kotlin.resolve.jvm.KotlinJavaPsiFacade$KotlinPsiElementFinderWrapper: loaded 2 times (x 70B)
Class kotlin.jvm.internal.PropertyReference0                                          : loaded 2 times (x 127B)
Class org.jetbrains.kotlin.extensions.CollectAdditionalSourcesExtension               : loaded 2 times (x 70B)
Class it.unimi.dsi.fastutil.Hash                                                      : loaded 2 times (x 70B)
Class kotlin.sequences.EmptySequence                                                  : loaded 2 times (x 78B)
Class org.jetbrains.kotlin.load.kotlin.VirtualFileKotlinClass$Factory                 : loaded 2 times (x 71B)
Class net.rubygrapefruit.platform.internal.Platform$Unix                              : loaded 2 times (x 82B)
Class com.google.common.util.concurrent.Uninterruptibles                              : loaded 2 times (x 71B)
Class com.google.protobuf.ByteString$2                                                : loaded 2 times (x 91B)
Class org.jetbrains.kotlin.utils.DFS$Neighbors                                        : loaded 2 times (x 70B)
Class org.jetbrains.kotlin.codegen.StackValue$Local                                   : loaded 2 times (x 87B)
Class org.jetbrains.kotlin.codegen.BranchedValue                                      : loaded 2 times (x 91B)
Class org.jetbrains.annotations.NotNull                                               : loaded 2 times (x 70B)
Class kotlin.sequences.DistinctSequence                                               : loaded 2 times (x 75B)
Class org.jetbrains.kotlin.descriptors.impl.EnumEntrySyntheticClassDescriptor$EnumEntryScope$1: loaded 2 times (x 77B)
Class org.jetbrains.kotlin.serialization.deserialization.ValueClassUtilKt             : loaded 2 times (x 71B)
Class org.jetbrains.kotlin.resolve.calls.components.ReturnArgumentsInfo               : loaded 2 times (x 72B)
Class org.jetbrains.kotlin.contracts.model.Computation                                : loaded 2 times (x 70B)
Class org.jetbrains.kotlin.types.checker.TypeCheckingProcedure                        : loaded 2 times (x 75B)
Class org.jetbrains.kotlin.load.java.components.JavaResolverCache$1                   : loaded 2 times (x 78B)
Class org.jetbrains.kotlin.load.java.lazy.types.RawTypeImpl                           : loaded 2 times (x 100B)
Class org.jetbrains.kotlin.resolve.VariableTypeAndInitializerResolver$setConstantForVariableIfNeeded$1: loaded 2 times (x 79B)
Class org.jetbrains.kotlin.resolve.calls.components.ErrorCallInfo                     : loaded 2 times (x 70B)
Class org.jetbrains.kotlin.load.kotlin.JvmType$Primitive                              : loaded 2 times (x 72B)
Class org.jetbrains.kotlin.resolve.calls.tower.AbstractSimpleScopeTowerProcessor      : loaded 2 times (x 84B)
Class org.jetbrains.kotlin.resolve.RecursiveContractHelperKt                          : loaded 2 times (x 71B)
Class org.jetbrains.kotlin.resolve.calls.tower.CandidateApplicabilityKt               : loaded 2 times (x 71B)
Class org.jetbrains.kotlin.resolve.calls.model.MutableResolvedCallAtom                : loaded 2 times (x 98B)
Class org.jetbrains.kotlin.resolve.calls.tower.PSICallResolver$ASTScopeTower          : loaded 2 times (x 91B)
Class org.jetbrains.kotlin.resolve.calls.tower.PSIKotlinCall                          : loaded 2 times (x 94B)
Class org.jetbrains.kotlin.resolve.calls.model.ResolutionPart                         : loaded 2 times (x 73B)
Class org.jetbrains.kotlin.load.java.typeEnhancement.PredefinedEnhancementInfoKt$PREDEFINED_FUNCTION_ENHANCEMENT_INFO_BY_SIGNATURE$1$1$5$9: loaded 2 times (x 79B)
Class org.jetbrains.kotlin.load.kotlin.TypeMappingConfigurationImpl                   : loaded 2 times (x 81B)
Class org.jetbrains.kotlin.descriptors.CallableDescriptor$UserDataKey                 : loaded 2 times (x 70B)
Class org.jetbrains.kotlin.scripting.resolve.LazyScriptDescriptor                     : loaded 2 times (x 384B)
Class org.jetbrains.kotlin.metadata.jvm.JvmProtoBuf$JvmMethodSignature$Builder        : loaded 2 times (x 134B)
Class org.jetbrains.kotlin.resolve.scopes.LexicalScopeImpl                            : loaded 2 times (x 111B)
Class org.jetbrains.kotlin.resolve.lazy.FileScopeFactory$FilesScopesBuilder$importResolver$1: loaded 2 times (x 76B)
Class org.jetbrains.kotlin.resolve.TypeResolver$classifierDescriptorsFromInnerToOuter$2: loaded 2 times (x 78B)
Class org.jetbrains.kotlin.resolve.VarianceCheckerCore$Companion                      : loaded 2 times (x 71B)
Class org.jetbrains.kotlin.serialization.deserialization.descriptors.DeserializedClassDescriptor$DeserializedClassTypeConstructor$parameters$1: loaded 2 times (x 79B)
Class [Lorg.jetbrains.kotlin.extensions.internal.CallResolutionInterceptorExtension;  : loaded 2 times (x 69B)
Class org.jetbrains.kotlin.resolve.calls.components.CallableReferenceOverloadConflictResolver$3: loaded 2 times (x 125B)
Class org.jetbrains.kotlin.types.expressions.ControlStructureTypingUtils$ResolveConstruct: loaded 2 times (x 79B)
Class org.jetbrains.kotlin.resolve.calls.tower.CandidateFactory                       : loaded 2 times (x 70B)
Class org.jetbrains.kotlin.load.java.components.LazyResolveBasedCache                 : loaded 2 times (x 84B)
Class [Lorg.jetbrains.kotlin.resolve.jvm.extensions.SyntheticJavaResolveExtension;    : loaded 2 times (x 69B)
Class org.jetbrains.kotlin.resolve.jvm.checkers.JvmModuleAccessibilityChecker$ClassifierUsage: loaded 2 times (x 75B)
Class org.jetbrains.kotlin.resolve.jvm.checkers.JavaNullabilityChecker                : loaded 2 times (x 76B)
Class org.jetbrains.kotlin.container.SingletonDescriptor                              : loaded 2 times (x 93B)
Class org.jetbrains.kotlin.types.error.ErrorScope                                     : loaded 2 times (x 102B)
Class org.jetbrains.kotlin.mpp.FunctionSymbolMarker                                   : loaded 2 times (x 70B)
Class org.jetbrains.kotlin.types.AbstractClassTypeConstructor                         : loaded 2 times (x 99B)
Class org.jetbrains.kotlin.descriptors.DeclarationDescriptorVisitor                   : loaded 2 times (x 70B)
Class org.objectweb.asm.tree.FieldNode                                                : loaded 2 times (x 80B)
Class org.jetbrains.kotlin.psi.KtCodeFragmentBase                                     : loaded 2 times (x 70B)
Class org.jetbrains.kotlin.metadata.jvm.JvmProtoBuf$JvmFieldSignatureOrBuilder        : loaded 2 times (x 70B)
Class org.jetbrains.kotlin.metadata.ProtoBuf$PackageFragment$1                        : loaded 2 times (x 144B)
Class org.jetbrains.kotlin.metadata.ProtoBuf$VersionRequirementTableOrBuilder         : loaded 2 times (x 70B)
Class org.jetbrains.kotlin.psi.KtVisitor                                              : loaded 2 times (x 191B)
Class org.jetbrains.kotlin.resolve.scopes.receivers.ReceiverValue                     : loaded 2 times (x 70B)
Class org.jetbrains.kotlin.diagnostics.DiagnosticFactoryForDeprecation3$Companion     : loaded 2 times (x 71B)
Class org.jetbrains.kotlin.diagnostics.PositioningStrategies$FIELD_KEYWORD$1          : loaded 2 times (x 75B)
Class org.jetbrains.kotlin.diagnostics.PositioningStrategies$DECLARATION_RETURN_TYPE$1: loaded 2 times (x 74B)
Class [Lorg.jetbrains.kotlin.psi.KtAnnotationUseSiteTarget;                           : loaded 2 times (x 69B)
Class org.jetbrains.kotlin.psi.KtClassInitializer                                     : loaded 2 times (x 784B)
Class org.jetbrains.kotlin.types.CustomTypeParameter                                  : loaded 2 times (x 70B)
Class kotlin.reflect.jvm.internal.impl.builtins.functions.FunctionTypeKind$KSuspendFunction: loaded 2 times (x 72B)
Class kotlin.reflect.full.IllegalCallableAccessException                              : loaded 2 times (x 82B)
Class kotlin.jvm.internal.DefaultConstructorMarker                                    : loaded 2 times (x 71B)
Class it.unimi.dsi.fastutil.ints.IntList                                              : loaded 2 times (x 70B)
Class org.jetbrains.kotlin.cli.jvm.compiler.IdeaStandaloneExecutionSetup              : loaded 2 times (x 71B)
Class kotlin.jvm.internal.PropertyReference1                                          : loaded 2 times (x 127B)
Class com.android.tools.lint.model.LintModelNamespacingMode                           : loaded 2 times (x 79B)
Class com.android.utils.StdLogger                                                     : loaded 2 times (x 86B)
Class org.jetbrains.kotlin.resolve.scopes.LexicalScopeStorage$IntList                 : loaded 2 times (x 72B)
Class org.jetbrains.kotlin.descriptors.java.JavaVisibilities$ProtectedAndPackage      : loaded 2 times (x 79B)
Class org.gradle.api.specs.Spec                                                       : loaded 2 times (x 70B)
Class org.jetbrains.kotlin.scripting.resolve.LazyScriptDescriptor$scriptPrimaryConstructorWithParams$1: loaded 2 times (x 79B)
Class [Lcom.google.protobuf.ProtocolMessageEnum;                                      : loaded 2 times (x 69B)
Class [Lorg.jetbrains.kotlin.contracts.ContractDeserializerImpl$ContractDeserializationWorker$PrimitiveExpressionType;: loaded 2 times (x 69B)
Class org.jetbrains.kotlin.descriptors.impl.EnumEntrySyntheticClassDescriptor$EnumEntryScope$2: loaded 2 times (x 77B)
Class org.jetbrains.kotlin.cfg.pseudocode.PseudocodeImpl$processInstruction$1         : loaded 2 times (x 96B)
Class org.jetbrains.kotlin.cfg.pseudocode.instructions.jumps.NondeterministicJumpInstruction: loaded 2 times (x 101B)
Class org.jetbrains.kotlin.descriptors.synthetic.FunctionInterfaceAdapterDescriptor   : loaded 2 times (x 70B)
Class org.jetbrains.kotlin.load.java.lazy.descriptors.LazyJavaClassMemberScope$computeNonDeclaredFunctions$3: loaded 2 times (x 125B)
Class org.jetbrains.kotlin.types.expressions.PreliminaryDeclarationVisitor$Companion  : loaded 2 times (x 71B)
Class org.jetbrains.kotlin.types.TypeCheckerState$SupertypesPolicy$LowerIfFlexible    : loaded 2 times (x 72B)
Class org.jetbrains.kotlin.name.CallableId                                            : loaded 2 times (x 72B)
Class org.jetbrains.kotlin.load.java.AnnotationQualifiersFqNamesKt                    : loaded 2 times (x 71B)
Class org.jetbrains.kotlin.resolve.calls.DiagnosticReporterByTrackingStrategy         : loaded 2 times (x 84B)
Class org.jetbrains.kotlin.resolve.calls.components.ResolutionPartsKt                 : loaded 2 times (x 71B)
Class org.jetbrains.kotlin.resolve.calls.components.TypeArgumentsToParametersMapper$TypeArgumentsMapping$NoExplicitArguments: loaded 2 times (x 81B)
Class org.jetbrains.kotlin.resolve.OverridingUtil$OverrideCompatibilityInfo$Result    : loaded 2 times (x 79B)
Class org.jetbrains.kotlin.descriptors.ScriptDescriptor                               : loaded 2 times (x 70B)
Class org.jetbrains.kotlin.resolve.jvm.diagnostics.ErrorsJvm$1                        : loaded 2 times (x 71B)
Class org.jetbrains.kotlin.resolve.scopes.SubstitutingScope$_allDescriptors$2         : loaded 2 times (x 79B)
Class org.jetbrains.kotlin.resolve.AllUnderImportScope                                : loaded 2 times (x 113B)
Class org.jetbrains.kotlin.resolve.lazy.FileScopeFactory$currentPackageScope$1        : loaded 2 times (x 101B)
Class org.jetbrains.kotlin.load.kotlin.header.KotlinClassHeader                       : loaded 2 times (x 72B)
Class org.jetbrains.kotlin.cli.jvm.index.JvmDependenciesIndexImpl$SearchResult        : loaded 2 times (x 71B)
Class org.jetbrains.kotlin.resolve.scopes.receivers.QualifierKt                       : loaded 2 times (x 71B)
Class org.jetbrains.kotlin.util.slicedMap.AbstractWritableSlice                       : loaded 2 times (x 99B)
Class org.jetbrains.kotlin.resolve.lazy.FileScopeProviderImpl$cache$1                 : loaded 2 times (x 79B)
Class org.jetbrains.kotlin.serialization.deserialization.ProtoEnumFlagsUtilsKt$WhenMappings: loaded 2 times (x 71B)
Class org.jetbrains.kotlin.resolve.calls.components.CallableReferenceOverloadConflictResolver$4: loaded 2 times (x 78B)
Class org.jetbrains.kotlin.resolve.calls.tasks.TracingStrategy                        : loaded 2 times (x 70B)
Class org.jetbrains.kotlin.incremental.components.ScopeKind                           : loaded 2 times (x 79B)
Class org.jetbrains.kotlin.load.java.Jsr305Settings$description$2                     : loaded 2 times (x 79B)
Class org.jetbrains.kotlin.frontend.java.di.InjectionKt$createContainerForLazyResolveWithJava$1: loaded 2 times (x 79B)
Class org.jetbrains.kotlin.resolve.CliSealedClassInheritorsProvider                   : loaded 2 times (x 72B)
Class org.jetbrains.kotlin.descriptors.DelegatedDescriptorVisibility                  : loaded 2 times (x 79B)
Class org.jetbrains.kotlin.types.TypeUtils                                            : loaded 2 times (x 71B)
Class org.jetbrains.kotlin.resolve.diagnostics.Diagnostics$Companion$EMPTY$1          : loaded 2 times (x 100B)
Class org.jetbrains.kotlin.psi.KtDotQualifiedExpression$Companion                     : loaded 2 times (x 71B)
Class kotlin.UnsafeLazyImpl                                                           : loaded 2 times (x 76B)
Class org.jetbrains.kotlin.protobuf.ProtocolStringList                                : loaded 2 times (x 70B)
Class org.jetbrains.kotlin.resolve.calls.checkers.EqualityCallChecker                 : loaded 2 times (x 74B)
Class org.jetbrains.kotlin.resolve.calls.checkers.CompanionInParenthesesLHSCallChecker: loaded 2 times (x 74B)
Class [Lorg.jetbrains.kotlin.container.ComponentStorageState;                         : loaded 2 times (x 69B)
Class org.jetbrains.kotlin.load.java.PropertiesConventionUtilKt                       : loaded 2 times (x 71B)
Class org.jetbrains.kotlin.psi.KtSafeQualifiedExpression                              : loaded 2 times (x 508B)
Class org.jetbrains.kotlin.kdoc.lexer.KDocLexer                                       : loaded 2 times (x 87B)
Class [Lorg.jetbrains.kotlin.psi.KtTypeArgumentList;                                  : loaded 2 times (x 69B)
Class [Lorg.jetbrains.kotlin.psi.KtPackageDirective;                                  : loaded 2 times (x 69B)
Class org.jetbrains.kotlin.psi.stubs.elements.KtImportAliasElementType                : loaded 2 times (x 100B)
Class [Lorg.jetbrains.kotlin.psi.KtAnnotationsContainer;                              : loaded 2 times (x 69B)
Class org.jetbrains.kotlin.cli.jvm.compiler.CoreEnvironmentUtilsKt                    : loaded 2 times (x 71B)
Class org.jetbrains.kotlin.scripting.compiler.plugin.impl.ErrorReportingKt            : loaded 2 times (x 71B)
Class kotlin.script.experimental.jvm.compat.ExpectedLocationUtilKt                    : loaded 2 times (x 71B)
Class org.jetbrains.kotlin.scripting.definitions.LazyScriptDefinitionProvider         : loaded 2 times (x 90B)
Class kotlin.jvm.internal.PropertyReference2                                          : loaded 2 times (x 127B)
Class kotlin.jvm.internal.MutablePropertyReference                                    : loaded 2 times (x 119B)
Class kotlin.LazyKt__LazyJVMKt$WhenMappings                                           : loaded 2 times (x 71B)
Class org.jetbrains.kotlin.load.java.typeEnhancement.PredefinedEnhancementInfoKt      : loaded 2 times (x 71B)
Class com.android.tools.lint.model.LintModelExternalLibrary                           : loaded 2 times (x 70B)
Class com.google.common.collect.MapMaker                                              : loaded 2 times (x 72B)
Class com.google.protobuf.UninitializedMessageException                               : loaded 2 times (x 84B)
Class [Lorg.jetbrains.kotlin.psi.KtDeclarationImpl;                                   : loaded 2 times (x 69B)
Class org.jetbrains.kotlin.resolve.calls.components.UnitTypeConversions$conversionIsNeededAfterSubtypingCheck$hasReturnTypeInSubtypes$1: loaded 2 times (x 79B)
Class org.jetbrains.kotlin.descriptors.impl.EnumEntrySyntheticClassDescriptor$EnumEntryScope$3: loaded 2 times (x 77B)
Class org.jetbrains.kotlin.resolve.descriptorUtil.DescriptorUtilsKt$getAllSuperClassifiers$doGetAllSuperClassesAndInterfaces$1: loaded 2 times (x 79B)
Class org.jetbrains.kotlin.cfg.variable.PseudocodeVariableDataCollector$computeBlockScopeVariableInfo$1: loaded 2 times (x 79B)
Class org.jetbrains.kotlin.cfg.pseudocode.instructions.special.SubroutineExitInstruction: loaded 2 times (x 95B)
Class org.jetbrains.kotlin.load.java.sam.JavaBasedSamConversionResolver               : loaded 2 times (x 74B)
Class org.jetbrains.kotlin.load.java.lazy.descriptors.LazyJavaClassMemberScope$computeNonDeclaredFunctions$4: loaded 2 times (x 125B)
Class org.jetbrains.kotlin.contracts.model.MutableContextInfo$Companion               : loaded 2 times (x 71B)
Class org.jetbrains.kotlin.types.typesApproximation.CapturedTypeApproximationKt       : loaded 2 times (x 71B)
Class org.jetbrains.kotlin.resolve.calls.inference.components.VariableFixationFinder$WhenMappings: loaded 2 times (x 71B)
Class [Lorg.jetbrains.kotlin.descriptors.annotations.KotlinRetention;                 : loaded 2 times (x 69B)
Class org.jetbrains.kotlin.resolve.VariableTypeAndInitializerResolver$resolveTypeNullable$1: loaded 2 times (x 79B)
Class org.jetbrains.kotlin.load.java.structure.JavaEnumValueAnnotationArgument        : loaded 2 times (x 70B)
Class org.jetbrains.kotlin.resolve.descriptorUtil.DescriptorUtilsKt$WhenMappings      : loaded 2 times (x 71B)
Class org.jetbrains.kotlin.resolve.calls.tower.ImportingScopeBasedTowerLevel          : loaded 2 times (x 82B)
Class org.jetbrains.kotlin.types.checker.NewCapturedTypeKt                            : loaded 2 times (x 71B)
Class javaslang.collection.List$Nil                                                   : loaded 2 times (x 1127B)
Class javaslang.collection.LinkedHashMap                                              : loaded 2 times (x 469B)
Class org.jetbrains.kotlin.resolve.calls.inference.CapturedTypeConstructorKt          : loaded 2 times (x 71B)
Class org.jetbrains.kotlin.resolve.AnnotationTargetLists$T_LOCAL_VARIABLE$1           : loaded 2 times (x 78B)
Class org.jetbrains.kotlin.util.EmptyArrayMap$iterator$1                              : loaded 2 times (x 78B)
Class org.jetbrains.kotlin.load.java.lazy.descriptors.LazyJavaScope$declaredMemberIndex$1: loaded 2 times (x 79B)
Class org.jetbrains.kotlin.cli.jvm.index.JvmDependenciesIndexImpl$Cache               : loaded 2 times (x 72B)
Class org.jetbrains.kotlin.psi.KtImportInfo$ImportContent$FqNameBased                 : loaded 2 times (x 72B)
Class [Lorg.jetbrains.kotlin.resolve.calls.checkers.CallCheckerWithAdditionalResolve; : loaded 2 times (x 69B)
Class org.jetbrains.kotlin.resolve.calls.components.CallableReferenceOverloadConflictResolver$5: loaded 2 times (x 79B)
Class org.jetbrains.kotlin.storage.LockBasedLazyResolveStorageManager                 : loaded 2 times (x 95B)
Class org.jetbrains.kotlin.resolve.calls.tower.TowerResolver                          : loaded 2 times (x 71B)
Class org.jetbrains.kotlin.resolve.calls.model.KotlinCallComponents                   : loaded 2 times (x 72B)
Class org.jetbrains.kotlin.resolve.calls.model.CallableReferenceKotlinCallArgument    : loaded 2 times (x 70B)
Class org.jetbrains.kotlin.name.FqNamesUtilKt                                         : loaded 2 times (x 71B)
Class org.jetbrains.kotlin.load.java.InternalFlexibleTypeTransformer                  : loaded 2 times (x 72B)
Class org.jetbrains.kotlin.container.SingletonDescriptor$disposableObjects$2          : loaded 2 times (x 78B)
Class org.jetbrains.kotlin.config.AnalysisFlags$optIn$2                               : loaded 2 times (x 127B)
Class org.jetbrains.kotlin.config.AnalysisFlags$metadataCompilation$2                 : loaded 2 times (x 127B)
Class org.jetbrains.kotlin.serialization.deserialization.EnumEntriesDeserializationSupport$Default: loaded 2 times (x 74B)
Class org.jetbrains.kotlin.serialization.deserialization.DeserializationConfiguration$Default: loaded 2 times (x 91B)
Class org.jetbrains.kotlin.serialization.deserialization.builtins.BuiltInsPackageFragmentImpl$Companion: loaded 2 times (x 71B)
Class org.jetbrains.kotlin.context.ContextKt$GlobalContext$2                          : loaded 2 times (x 78B)
Class org.jetbrains.kotlin.kdoc.parser.KDocElementType                                : loaded 2 times (x 76B)
Class org.jetbrains.kotlin.builtins.functions.FunctionTypeKindExtractor               : loaded 2 times (x 72B)
Class org.jetbrains.kotlin.metadata.deserialization.Flags                             : loaded 2 times (x 71B)
Class org.jetbrains.kotlin.metadata.ProtoBuf$TypeTable$1                              : loaded 2 times (x 144B)
Class org.jetbrains.kotlin.builtins.KotlinBuiltIns                                    : loaded 2 times (x 160B)
Class org.jetbrains.kotlin.descriptors.VariableDescriptor                             : loaded 2 times (x 70B)
Class org.jetbrains.kotlin.resolve.checkers.DataObjectContentChecker                  : loaded 2 times (x 74B)
Class org.jetbrains.kotlin.resolve.checkers.DeprecationInheritanceChecker             : loaded 2 times (x 74B)
Class org.jetbrains.kotlin.container.PlatformExtensionsClashResolver$FallbackToDefault: loaded 2 times (x 73B)
Class org.jetbrains.kotlin.diagnostics.PositioningStrategies$UNUSED_VALUE$1           : loaded 2 times (x 74B)
Class org.jetbrains.kotlin.psi.KtElementImpl                                          : loaded 2 times (x 376B)
Class org.jetbrains.kotlin.psi.KtDelegatedSuperTypeEntry                              : loaded 2 times (x 447B)
Class org.jetbrains.kotlin.psi.KtPrimaryConstructor                                   : loaded 2 times (x 1274B)
Class [Lorg.jetbrains.kotlin.psi.KtModifierListOwner;                                 : loaded 2 times (x 69B)
Class org.jetbrains.kotlin.cli.jvm.compiler.KotlinCoreEnvironment$6                   : loaded 2 times (x 79B)
Class org.jetbrains.kotlin.cli.jvm.index.JvmDependenciesIndexImpl$indexedRoots$2      : loaded 2 times (x 79B)
Class [Lkotlin.reflect.jvm.internal.impl.builtins.jvm.JavaToKotlinClassMap$PlatformMutabilityMapping;: loaded 2 times (x 69B)
Class kotlin.reflect.jvm.internal.KClassImpl$Data$constructors$2                      : loaded 2 times (x 79B)
Class kotlin.reflect.full.IllegalPropertyDelegateAccessException                      : loaded 2 times (x 82B)
Class kotlin.LazyThreadSafetyMode                                                     : loaded 2 times (x 79B)
Class it.unimi.dsi.fastutil.HashCommon                                                : loaded 2 times (x 71B)
Class com.android.tools.lint.model.LintModelVariant                                   : loaded 2 times (x 70B)
Class kotlin.jvm.internal.ArrayIterator                                               : loaded 2 times (x 79B)
Class com.google.common.collect.Sets$3$1                                              : loaded 2 times (x 82B)
Class org.jetbrains.org.objectweb.asm.Symbol                                          : loaded 2 times (x 73B)
Class com.google.common.cache.LocalCache$LoadingValueReference                        : loaded 2 times (x 96B)
Class Build_gradle$1                                                                  : loaded 2 times (x 75B)
Class org.jetbrains.kotlin.resolve.calls.components.CheckContextReceiversResolutionPart: loaded 2 times (x 73B)
Class com.google.protobuf.GeneratedMessageV3$1                                        : loaded 2 times (x 78B)
Class [Lorg.jetbrains.kotlin.diagnostics.DiagnosticFactory1;                          : loaded 2 times (x 69B)
Class org.jetbrains.kotlin.resolve.scopes.receivers.QualifierReceiverKt               : loaded 2 times (x 71B)
Class org.jetbrains.kotlin.resolve.calls.components.PostponeArgumentsChecksKt         : loaded 2 times (x 71B)
Class org.jetbrains.kotlin.cfg.ControlFlowInformationProviderImpl$markAnnotationArguments$lambda$16$$inlined$forEachDescendantOfType$1: loaded 2 times (x 82B)
Class org.jetbrains.kotlin.descriptors.impl.EnumEntrySyntheticClassDescriptor$EnumEntryScope$4: loaded 2 times (x 77B)
Class [Lorg.jetbrains.kotlin.load.kotlin.AbstractBinaryClassAnnotationLoader$PropertyRelatedElement;: loaded 2 times (x 69B)
Class org.jetbrains.kotlin.resolve.calls.tower.FunctionLiteralTypes$ProcessedType     : loaded 2 times (x 72B)
Class org.jetbrains.kotlin.resolve.calls.tower.ImplicitScopeTowerKt                   : loaded 2 times (x 71B)
Class org.jetbrains.kotlin.types.FlexibleTypeImpl$Companion                           : loaded 2 times (x 71B)
Class org.jetbrains.kotlin.resolve.calls.components.SuspendTypeConversions            : loaded 2 times (x 77B)
Class org.jetbrains.kotlin.resolve.calls.model.SubKotlinCallArgument                  : loaded 2 times (x 70B)
Class org.jetbrains.kotlin.resolve.calls.tasks.AbstractTracingStrategy                : loaded 2 times (x 118B)
Class org.jetbrains.kotlin.load.java.lazy.descriptors.LazyJavaClassMemberScope        : loaded 2 times (x 112B)
Class [Lorg.jetbrains.kotlin.descriptors.TypeParameterDescriptor;                     : loaded 2 times (x 69B)
Class org.jetbrains.kotlin.resolve.lazy.FileScopeProviderKt                           : loaded 2 times (x 71B)
Class org.jetbrains.kotlin.serialization.deserialization.descriptors.DeserializedClassDescriptor$DeserializedClassMemberScope$allDescriptors$1: loaded 2 times (x 79B)
Class org.jetbrains.kotlin.resolve.scopes.DescriptorKindFilter$Companion$MaskToName   : loaded 2 times (x 72B)
Class org.jetbrains.kotlin.synthetic.SamAdapterFunctionsScope$samAdapterForStaticFunction$1: loaded 2 times (x 79B)
Class org.jetbrains.kotlin.resolve.calls.inference.components.TypeVariableDirectionCalculator$ResolveDirection: loaded 2 times (x 79B)
Class org.jetbrains.kotlin.resolve.calls.components.AdditionalDiagnosticReporter      : loaded 2 times (x 72B)
Class org.jetbrains.kotlin.types.expressions.ForLoopConventionsChecker                : loaded 2 times (x 73B)
Class org.jetbrains.kotlin.container.SetterInfo                                       : loaded 2 times (x 72B)
Class org.jetbrains.kotlin.resolve.jvm.checkers.WarningAwareUpperBoundChecker         : loaded 2 times (x 74B)
Class org.jetbrains.kotlin.serialization.deserialization.DeserializationComponents    : loaded 2 times (x 72B)
Class org.jetbrains.kotlin.incremental.components.LookupTracker                       : loaded 2 times (x 70B)
Class org.jetbrains.kotlin.builtins.jvm.JvmBuiltIns                                   : loaded 2 times (x 160B)
Class com.android.utils.PositionXmlParser$DomBuilder                                  : loaded 2 times (x 148B)
Class org.jetbrains.kotlin.metadata.ProtoBuf$Function                                 : loaded 2 times (x 149B)
Class kotlin.jvm.internal.SpreadBuilder                                               : loaded 2 times (x 76B)
Class org.jetbrains.kotlin.resolve.checkers.ActualTypealiasToSpecialAnnotationChecker : loaded 2 times (x 74B)
Class org.jetbrains.kotlin.resolve.jvm.JvmOverloadFilter                              : loaded 2 times (x 74B)
Class org.jetbrains.kotlin.resolve.jvm.checkers.JavaTypeAccessibilityChecker          : loaded 2 times (x 76B)
Class org.jetbrains.kotlin.resolve.calls.checkers.LateinitIntrinsicApplicabilityChecker: loaded 2 times (x 74B)
Class org.jetbrains.kotlin.resolve.jvm.checkers.ClassInheritsJavaSealedClassChecker   : loaded 2 times (x 74B)
Class org.jetbrains.kotlin.psi.KtWhenConditionIsPattern                               : loaded 2 times (x 378B)
Class [Lorg.jetbrains.kotlin.psi.KtTypeReference;                                     : loaded 2 times (x 69B)
Class [Lorg.jetbrains.kotlin.psi.KtImportInfo;                                        : loaded 2 times (x 69B)
Class org.jetbrains.kotlin.psi.stubs.elements.KtContractEffectListElementType         : loaded 2 times (x 103B)
Class kotlin.script.experimental.api.ScriptCompilationConfiguration$Builder           : loaded 2 times (x 72B)
Class [Lkotlin.script.experimental.location.ScriptExpectedLocation;                   : loaded 2 times (x 69B)
Class org.jetbrains.kotlin.extensions.CollectAdditionalSourcesExtension$Companion     : loaded 2 times (x 72B)
Class org.jetbrains.kotlin.util.SimpleCounter                                         : loaded 2 times (x 73B)
Class org.jetbrains.kotlin.name.StandardClassIds                                      : loaded 2 times (x 71B)
Class kotlin.collections.EmptyIterator                                                : loaded 2 times (x 89B)
Class kotlin.SynchronizedLazyImpl                                                     : loaded 2 times (x 76B)
Class [Lcom.android.tools.lint.model.LintModelArtifactType;                           : loaded 2 times (x 69B)
Class com.android.tools.lint.model.LintModelMavenName                                 : loaded 2 times (x 70B)
Class kotlin.text.StringsKt__RegexExtensionsKt                                        : loaded 2 times (x 71B)
Class com.google.common.reflect.Invokable$MethodInvokable                             : loaded 2 times (x 107B)
Class com.google.common.collect.MapMakerInternalMap$StrongKeyDummyValueEntry          : loaded 2 times (x 82B)
Class com.google.common.io.LineReader$1                                               : loaded 2 times (x 75B)
Class com.google.common.collect.CollectSpliterators                                   : loaded 2 times (x 71B)
Class Build_gradle$2                                                                  : loaded 2 times (x 78B)
Class org.jetbrains.kotlin.resolve.calls.inference.components.NewTypeSubstitutorByConstructorMap: loaded 2 times (x 80B)
Class com.google.gson.JsonIOException                                                 : loaded 2 times (x 82B)
Class com.google.protobuf.Internal$LongList                                           : loaded 2 times (x 70B)
Class org.jetbrains.kotlin.codegen.CompilationException                               : loaded 2 times (x 95B)
Class [Lorg.jetbrains.kotlin.resolve.extensions.AssignResolutionAltererExtension;     : loaded 2 times (x 69B)
Class org.jetbrains.kotlin.load.java.lazy.types.RawSubstitution$eraseInflexibleBasedOnClassDescriptor$2: loaded 2 times (x 79B)
Class org.jetbrains.kotlin.resolve.calls.inference.CapturedTypeConstructorKt$wrapWithCapturingSubstitution$2: loaded 2 times (x 78B)
Class org.jetbrains.kotlin.resolve.jvm.jvmSignature.JvmMethodGenericSignature         : loaded 2 times (x 76B)
Class org.jetbrains.kotlin.resolve.lazy.descriptors.ClassResolutionScopesSupportKt$scopeForInitializerResolution$1: loaded 2 times (x 79B)
Class org.jetbrains.kotlin.resolve.calls.tower.ErrorCandidateFactoryKt$WhenMappings   : loaded 2 times (x 71B)
Class org.jetbrains.kotlin.types.DisjointKeysUnionTypeSubstitution                    : loaded 2 times (x 78B)
Class org.jetbrains.kotlin.resolve.calls.components.ArgumentsUtilsKt$hasDefaultValue$2: loaded 2 times (x 78B)
Class org.jetbrains.kotlin.resolve.calls.tower.TrackingBindingTrace                   : loaded 2 times (x 94B)
Class org.jetbrains.kotlin.resolve.calls.model.ResolvedCallArgument                   : loaded 2 times (x 72B)
Class org.jetbrains.kotlin.psi.KtPsiUtil$KtExpressionWrapper                          : loaded 2 times (x 70B)
Class org.jetbrains.kotlin.resolve.lazy.ResolveSessionUtils                           : loaded 2 times (x 71B)
Class org.jetbrains.kotlin.types.model.TypeSystemContextKt                            : loaded 2 times (x 71B)
Class org.jetbrains.kotlin.resolve.scopes.LexicalWritableScope$Snapshot               : loaded 2 times (x 93B)
Class org.jetbrains.kotlin.metadata.ProtoBuf$Effect$InvocationKind                    : loaded 2 times (x 82B)
Class org.jetbrains.kotlin.resolve.calls.tower.PSIKotlinCallsKt                       : loaded 2 times (x 71B)
Class org.jetbrains.kotlin.resolve.calls.checkers.CallCheckerKt                       : loaded 2 times (x 71B)
Class org.jetbrains.kotlin.load.java.lazy.types.RawProjectionComputer                 : loaded 2 times (x 72B)
Class org.jetbrains.kotlin.resolve.sam.SamWithReceiverResolver                        : loaded 2 times (x 70B)
Class org.jetbrains.kotlin.resolve.calls.inference.model.OnlyInputTypeConstraintPosition: loaded 2 times (x 70B)
Class org.jetbrains.kotlin.resolve.calls.results.PlatformOverloadsSpecificityComparator: loaded 2 times (x 70B)
Class org.jetbrains.kotlin.serialization.deserialization.descriptors.DeserializedMemberScope$OptimizedImplementation$variableNames$2: loaded 2 times (x 79B)
Class org.jetbrains.kotlin.serialization.deserialization.AnnotationDeserializer       : loaded 2 times (x 72B)
Class org.jetbrains.kotlin.types.ClassifierBasedTypeConstructor                       : loaded 2 times (x 88B)
Class org.jetbrains.kotlin.descriptors.impl.ModuleAwareClassDescriptor$Companion      : loaded 2 times (x 71B)
Class org.jetbrains.kotlin.builtins.BuiltInsLoader$Companion                          : loaded 2 times (x 71B)
Class org.jetbrains.kotlin.metadata.ProtoBuf$VersionRequirementTable                  : loaded 2 times (x 107B)
Class org.jetbrains.kotlin.protobuf.LazyField                                         : loaded 2 times (x 83B)
Class org.jetbrains.kotlin.resolve.checkers.ResultClassInReturnTypeChecker            : loaded 2 times (x 74B)
Class org.jetbrains.kotlin.resolve.jvm.checkers.MissingBuiltInDeclarationChecker$ClassifierUsage: loaded 2 times (x 74B)
Class org.jetbrains.kotlin.diagnostics.DiagnosticFactory                              : loaded 2 times (x 76B)
Class org.jetbrains.kotlin.resolve.jvm.checkers.LocalFunInlineChecker                 : loaded 2 times (x 74B)
Class org.jetbrains.kotlin.lexer.KtKeywordToken                                       : loaded 2 times (x 78B)
Class [Lorg.jetbrains.kotlin.psi.KtPureElement;                                       : loaded 2 times (x 69B)
Class org.jetbrains.kotlin.extensions.PreprocessedFileCreator                         : loaded 2 times (x 72B)
Class kotlin.coroutines.jvm.internal.RestrictedSuspendLambda                          : loaded 2 times (x 91B)
Class org.jetbrains.kotlin.scripting.compiler.plugin.ScriptingCompilerConfigurationExtension$updateConfiguration$hostConfiguration$1$1: loaded 2 times (x 79B)
Class org.jetbrains.kotlin.load.java.structure.JavaModifierListOwner                  : loaded 2 times (x 70B)
Class kotlin.script.experimental.jvm.GetScriptingClassByClassLoader                   : loaded 2 times (x 70B)
Class kotlin.reflect.jvm.internal.CachesKt$K_PACKAGE_CACHE$1                          : loaded 2 times (x 78B)
Class org.jetbrains.kotlin.resolve.extensions.AnalysisHandlerExtension                : loaded 2 times (x 70B)
Class org.jetbrains.kotlin.config.LanguageVersionSettings$Companion                   : loaded 2 times (x 71B)
Class org.jetbrains.kotlin.resolve.checkers.MissingDependencySupertypeChecker         : loaded 2 times (x 71B)
Class org.jetbrains.kotlin.name.StandardClassIdsKt                                    : loaded 2 times (x 71B)
Class com.android.tools.lint.model.LintModelLibrary                                   : loaded 2 times (x 70B)
Class kotlin.collections.AbstractList                                                 : loaded 2 times (x 197B)
Class kotlin.collections.AbstractCollection                                           : loaded 2 times (x 117B)
Class kotlin.sequences.SequencesKt__SequencesJVMKt                                    : loaded 2 times (x 71B)
Class org.jetbrains.kotlin.codegen.JvmCodegenUtil                                     : loaded 2 times (x 71B)
Class [Lorg.objectweb.asm.AnnotationWriter;                                           : loaded 2 times (x 69B)
Class com.google.protobuf.InvalidProtocolBufferException                              : loaded 2 times (x 88B)
Class org.jetbrains.kotlin.codegen.state.KotlinTypeMapper$mapSignature$1              : loaded 2 times (x 78B)
Class org.jetbrains.kotlin.contracts.description.EventOccurrencesRange                : loaded 2 times (x 79B)
Class org.jetbrains.kotlin.resolve.deprecation.CommonDeprecationUtilsKt$WhenMappings  : loaded 2 times (x 71B)
Class org.jetbrains.kotlin.resolve.calls.inference.components.SimpleConstraintSystemImpl: loaded 2 times (x 79B)
Class org.jetbrains.kotlin.resolve.calls.tower.InvokeTowerProcessor$createInvokeProcessor$1: loaded 2 times (x 78B)
Class org.jetbrains.kotlin.util.Check$DefaultImpls                                    : loaded 2 times (x 71B)
Class org.jetbrains.kotlin.codegen.AsmUtil                                            : loaded 2 times (x 71B)
Class org.jetbrains.kotlin.scripting.resolve.KtFileScriptSource                       : loaded 2 times (x 85B)
Class org.jetbrains.kotlin.serialization.deserialization.descriptors.DeserializedMemberScope$OptimizedImplementation$computeDescriptors$1$1: loaded 2 times (x 79B)
Class org.jetbrains.kotlin.resolve.calls.tower.TowerData$BothTowerLevelAndContextReceiversGroup: loaded 2 times (x 72B)
Class [Lorg.jetbrains.kotlin.resolve.calls.model.ArgumentMatchStatus;                 : loaded 2 times (x 69B)
Class org.jetbrains.kotlin.resolve.calls.tower.NewResolvedCallImpl                    : loaded 2 times (x 117B)
Class org.jetbrains.kotlin.resolve.calls.tower.PSIKotlinCallForVariable               : loaded 2 times (x 95B)
Class org.jetbrains.kotlin.resolve.deprecation.DescriptorBasedDeprecationInfoKt$DEPRECATED_FUNCTION_KEY$1: loaded 2 times (x 71B)
Class [Lorg.jetbrains.kotlin.types.model.CaptureStatus;                               : loaded 2 times (x 69B)
Class org.jetbrains.kotlin.resolve.calls.CallResolver$ResolutionTask                  : loaded 2 times (x 72B)
Class org.jetbrains.kotlin.resolve.calls.util.CallMaker$3                             : loaded 2 times (x 87B)
Class org.jetbrains.kotlin.descriptors.DescriptorUtilKt                               : loaded 2 times (x 71B)
Class org.jetbrains.kotlin.metadata.ProtoBuf$Expression$ConstantValue$1               : loaded 2 times (x 74B)
Class org.jetbrains.kotlin.resolve.calls.model.KotlinCallArgument                     : loaded 2 times (x 70B)
Class org.jetbrains.kotlin.resolve.jvm.checkers.JvmReflectionAPICallChecker           : loaded 2 times (x 79B)
Class org.jetbrains.kotlin.metadata.jvm.JvmModuleProtoBuf$PackageParts                : loaded 2 times (x 128B)
Class org.jetbrains.kotlin.cli.jvm.compiler.JvmPackagePartProviderKt                  : loaded 2 times (x 71B)
Class org.jetbrains.kotlin.serialization.deserialization.EnumEntriesDeserializationSupport: loaded 2 times (x 70B)
Class org.jetbrains.kotlin.serialization.deserialization.ContractDeserializer$Companion$DEFAULT$1: loaded 2 times (x 74B)
Class org.jetbrains.kotlin.descriptors.DescriptorVisibilities$10                      : loaded 2 times (x 76B)
Class [Lorg.jetbrains.kotlin.descriptors.ClassKind;                                   : loaded 2 times (x 69B)
Class org.jetbrains.kotlin.descriptors.impl.ClassDescriptorBase                       : loaded 2 times (x 269B)
Class org.jetbrains.kotlin.renderer.RenderingFormat                                   : loaded 2 times (x 80B)
Class org.jetbrains.kotlin.cli.jvm.compiler.CliBindingTrace                           : loaded 2 times (x 105B)
Class org.jetbrains.kotlin.types.checker.NewCapturedTypeConstructor$_supertypes$2     : loaded 2 times (x 79B)
Class kotlin.Triple                                                                   : loaded 2 times (x 72B)
Class org.jetbrains.kotlin.metadata.ProtoBuf$PackageFragmentOrBuilder                 : loaded 2 times (x 70B)
Class org.jetbrains.kotlin.metadata.ProtoBuf$TypeParameter$1                          : loaded 2 times (x 144B)
Class org.jetbrains.kotlin.contracts.description.expressions.ConstantReference        : loaded 2 times (x 79B)
Class [Lorg.jetbrains.kotlin.resolve.calls.checkers.CallChecker;                      : loaded 2 times (x 69B)
Class org.jetbrains.kotlin.parsing.TokenStreamPredicate                               : loaded 2 times (x 70B)
Class org.jetbrains.kotlin.psi.KtFunctionLiteral                                      : loaded 2 times (x 1200B)
Class [Lorg.jetbrains.kotlin.psi.KtStringTemplateEntry;                               : loaded 2 times (x 69B)
Class org.jetbrains.kotlin.psi.stubs.elements.KtDotQualifiedExpressionElementType     : loaded 2 times (x 103B)
Class [Lorg.jetbrains.kotlin.psi.KtImportAlias;                                       : loaded 2 times (x 69B)
Class org.jetbrains.kotlin.psi.stubs.KotlinPropertyAccessorStub                       : loaded 2 times (x 70B)
Class [Lorg.jetbrains.kotlin.psi.KtNamedDeclaration;                                  : loaded 2 times (x 69B)
Class kotlin.sequences.SequencesKt__SequenceBuilderKt$sequence$$inlined$Sequence$1    : loaded 2 times (x 75B)
Class org.jetbrains.kotlin.scripting.compiler.plugin.impl.ErrorReportingKt$reporter$1 : loaded 2 times (x 79B)
Class kotlin.collections.ArraysKt___ArraysKt$asIterable$$inlined$Iterable$1           : loaded 2 times (x 79B)
Class kotlin.collections.ArrayAsCollection                                            : loaded 2 times (x 105B)
Class kotlin.LazyKt__LazyKt                                                           : loaded 2 times (x 71B)
Class kotlin.text.Regex                                                               : loaded 2 times (x 72B)
Class com.android.utils.EnvironmentProvider                                           : loaded 2 times (x 70B)
Class org.jetbrains.kotlin.contracts.model.structure.TypesKt                          : loaded 2 times (x 71B)
Class kotlin.text.StringsKt__StringBuilderJVMKt                                       : loaded 2 times (x 71B)
Class org.jetbrains.kotlin.psi.KtElementUtilsKt                                       : loaded 2 times (x 71B)
Class com.google.common.base.Predicates$CompositionPredicate                          : loaded 2 times (x 88B)
Class org.jetbrains.org.objectweb.asm.tree.LineNumberNode                             : loaded 2 times (x 79B)
Class com.google.common.collect.Lists$ReverseList$1                                   : loaded 2 times (x 99B)
Class com.google.common.cache.LocalCache$StrongValueReference                         : loaded 2 times (x 90B)
Class com.google.common.util.concurrent.AbstractFuture$SynchronizedHelper             : loaded 2 times (x 78B)
Class com.google.protobuf.Extension                                                   : loaded 2 times (x 85B)
Class com.google.protobuf.MessageOrBuilder                                            : loaded 2 times (x 70B)
Class org.jetbrains.kotlin.resolve.deprecation.DeprecationLevelValue                  : loaded 2 times (x 79B)
Class org.jetbrains.kotlin.cfg.ControlFlowInformationProviderImpl$markUnusedExpressions$1: loaded 2 times (x 79B)
Class org.jetbrains.kotlin.resolve.calls.DslMarkerUtils                               : loaded 2 times (x 71B)
Class org.jetbrains.kotlin.resolve.calls.tower.HiddenDescriptor                       : loaded 2 times (x 73B)
Class org.jetbrains.kotlin.cfg.pseudocode.instructions.eval.AccessTarget              : loaded 2 times (x 71B)
Class com.google.common.collect.RegularImmutableBiMap$Inverse                         : loaded 2 times (x 143B)
Class org.jetbrains.kotlin.resolve.calls.tower.AbstractInvokeTowerProcessor$VariableInvokeProcessor: loaded 2 times (x 76B)
Class org.jetbrains.kotlin.load.kotlin.ModuleVisibilityManager$SERVICE                : loaded 2 times (x 71B)
Class org.jetbrains.kotlin.scripting.definitions.CachingSequence                      : loaded 2 times (x 75B)
Class org.jetbrains.kotlin.resolve.KtDescriptorUtilKt                                 : loaded 2 times (x 71B)
Class org.jetbrains.kotlin.resolve.calls.tower.TowerUtilsKt                           : loaded 2 times (x 71B)
Class org.jetbrains.kotlin.resolve.calls.components.ClassicTypeSystemContextForCSKt   : loaded 2 times (x 71B)
Class org.jetbrains.kotlin.util.ValueParameterCountCheck$NoValueParameters            : loaded 2 times (x 80B)
Class org.jetbrains.kotlin.types.AbstractNullabilityChecker                           : loaded 2 times (x 71B)
Class org.jetbrains.kotlin.types.checker.ClassicTypeCheckerStateKt                    : loaded 2 times (x 71B)
Class org.jetbrains.kotlin.load.java.structure.impl.JavaPackageImpl                   : loaded 2 times (x 104B)
Class org.jetbrains.kotlin.resolve.lazy.descriptors.LazyClassDescriptor$LazyClassTypeConstructor: loaded 2 times (x 99B)
Class org.jetbrains.kotlin.resolve.BindingContext$1                                   : loaded 2 times (x 80B)
Class org.jetbrains.kotlin.resolve.VariableTypeAndInitializerResolver$Companion       : loaded 2 times (x 71B)
Class org.jetbrains.kotlin.resolve.calls.inference.components.TrivialConstraintTypeInferenceOracle$Companion: loaded 2 times (x 71B)
Class org.jetbrains.kotlin.resolve.lazy.ResolveSession$1                              : loaded 2 times (x 84B)
Class org.jetbrains.kotlin.resolve.calls.components.KotlinCallCompleter               : loaded 2 times (x 72B)
Class org.jetbrains.kotlin.descriptors.impl.ValueParameterDescriptorImpl              : loaded 2 times (x 301B)
Class org.jetbrains.kotlin.util.TypeRegistry                                          : loaded 2 times (x 73B)
Class org.jetbrains.kotlin.descriptors.DescriptorVisibilities$11                      : loaded 2 times (x 76B)
Class org.jetbrains.kotlin.descriptors.impl.FunctionDescriptorImpl                    : loaded 2 times (x 299B)
Class org.jetbrains.kotlin.incremental.components.EnumWhenTracker                     : loaded 2 times (x 70B)
Class com.google.protobuf.CodedInputStream$StreamDecoder                              : loaded 2 times (x 120B)
Class org.jetbrains.kotlin.metadata.ProtoBuf$QualifiedNameTable$QualifiedName$1       : loaded 2 times (x 144B)
Class org.gradle.internal.classloader.ClassLoaderHierarchy                            : loaded 2 times (x 70B)
Class org.jetbrains.kotlin.resolve.calls.context.CallResolutionContext                : loaded 2 times (x 85B)
Class org.jetbrains.kotlin.resolve.checkers.StubForBuilderInferenceParameterTypeChecker: loaded 2 times (x 74B)
Class org.jetbrains.kotlin.resolve.checkers.MultiFieldValueClassAnnotationsChecker    : loaded 2 times (x 74B)
Class org.jetbrains.kotlin.diagnostics.Errors                                         : loaded 2 times (x 70B)
Class org.jetbrains.kotlin.resolve.jvm.checkers.FunctionDelegateMemberNameClashChecker: loaded 2 times (x 74B)
Class org.jetbrains.kotlin.parsing.KotlinExpressionParsing$Precedence                 : loaded 2 times (x 81B)
Class org.jetbrains.kotlin.parsing.AbstractKotlinParsing                              : loaded 2 times (x 101B)
Class it.unimi.dsi.fastutil.ints.AbstractIntSet                                       : loaded 2 times (x 233B)
Class [Lorg.jetbrains.kotlin.psi.ValueArgumentName;                                   : loaded 2 times (x 69B)
Class org.jetbrains.kotlin.psi.stubs.elements.KtConstructorElementType                : loaded 2 times (x 107B)
Class org.jetbrains.kotlin.load.java.JavaModuleAnnotationsProvider                    : loaded 2 times (x 70B)
Class kotlin.jvm.internal.Ref$ObjectRef                                               : loaded 2 times (x 72B)
Class kotlin.script.experimental.host.ScriptingHostConfiguration$Builder              : loaded 2 times (x 72B)
Class kotlin.script.experimental.jvm.JvmScriptingHostConfigurationKt$defaultJvmScriptingHostConfiguration$1: loaded 2 times (x 78B)
Class kotlin.reflect.jvm.internal.KCallableImpl$parametersNeedMFVCFlattening$1        : loaded 2 times (x 79B)
Class kotlin.jvm.internal.ReflectionFactory                                           : loaded 2 times (x 91B)
Class org.jetbrains.kotlin.cli.jvm.compiler.KotlinCoreApplicationEnvironment          : loaded 2 times (x 94B)
Class kotlin.UNINITIALIZED_VALUE                                                      : loaded 2 times (x 71B)
Class [Lorg.jetbrains.kotlin.config.JVMAssertionsMode;                                : loaded 2 times (x 69B)
Class org.jetbrains.kotlin.config.JVMAssertionsMode                                   : loaded 2 times (x 79B)
Class org.gradle.internal.classloader.VisitableURLClassLoader$InstrumentingVisitableURLClassLoader: loaded 2 times (x 123B)
Class org.gradle.kotlin.dsl.AndroidTestImplementationConfigurationAccessorsKt         : loaded 2 times (x 71B)
Class org.gradle.kotlin.dsl.Accessors6ijptz36i787i38pli2t3331aKt                      : loaded 2 times (x 71B)
Class com.google.common.io.FileWriteMode                                              : loaded 2 times (x 79B)
Class org.jetbrains.kotlin.codegen.DescriptorAsmUtil$1                                : loaded 2 times (x 91B)
Class org.jetbrains.kotlin.types.checker.UtilsKt                                      : loaded 2 times (x 71B)
Class org.jetbrains.kotlin.load.java.components.DescriptorResolverUtils$1$1           : loaded 2 times (x 77B)
Class kotlin.collections.ReversedListReadOnly$listIterator$1                          : loaded 2 times (x 90B)
Class org.jetbrains.kotlin.resolve.calls.tower.InvokeExtensionTowerProcessor          : loaded 2 times (x 80B)
Class org.jetbrains.kotlin.resolve.constants.BooleanValue                             : loaded 2 times (x 76B)
Class org.jetbrains.kotlin.resolve.calls.model.SimpleCandidateFactoryKt               : loaded 2 times (x 71B)
Class org.jetbrains.kotlin.load.java.typeEnhancement.EnhancedTypeAnnotations          : loaded 2 times (x 86B)
Class org.jetbrains.kotlin.load.java.lazy.descriptors.LazyJavaClassMemberScope$nestedClassIndex$1: loaded 2 times (x 79B)
Class org.jetbrains.kotlin.utils.SmartSet$Companion                                   : loaded 2 times (x 71B)
Class [Lorg.jetbrains.kotlin.resolve.jvm.KotlinJavaPsiFacade$KotlinPsiElementFinderWrapper;: loaded 2 times (x 69B)
Class org.jetbrains.kotlin.resolve.lazy.descriptors.LazyClassMemberScope              : loaded 2 times (x 109B)
Class org.jetbrains.kotlin.resolve.BindingContext$2                                   : loaded 2 times (x 101B)
Class org.jetbrains.kotlin.serialization.deserialization.descriptors.DeserializedClassDescriptor$EnumEntryClassDescriptors$enumEntryByName$1: loaded 2 times (x 79B)
Class org.jetbrains.kotlin.resolve.scopes.synthetic.FunInterfaceConstructorsSyntheticScope: loaded 2 times (x 92B)
Class org.jetbrains.kotlin.resolve.lazy.FileScopeFactory$FilteringKind                : loaded 2 times (x 79B)
Class org.jetbrains.kotlin.resolve.calls.inference.model.IncorporationConstraintPosition: loaded 2 times (x 72B)
Class org.jetbrains.kotlin.resolve.calls.model.SimpleKotlinCallArgument               : loaded 2 times (x 70B)
Class org.jetbrains.kotlin.descriptors.DescriptorVisibilities$12                      : loaded 2 times (x 76B)
Class org.jetbrains.kotlin.renderer.DescriptorRenderer$Companion$FQ_NAMES_IN_TYPES$1  : loaded 2 times (x 78B)
Class org.jetbrains.kotlin.builtins.functions.FunctionTypeKind$KSuspendFunction       : loaded 2 times (x 76B)
Class org.jetbrains.kotlin.metadata.ProtoBuf$QualifiedNameTable$1                     : loaded 2 times (x 144B)
Class org.jetbrains.kotlin.metadata.ProtoBuf$ValueParameter                           : loaded 2 times (x 128B)
Class org.jetbrains.kotlin.metadata.ProtoBuf$ClassOrBuilder                           : loaded 2 times (x 70B)
Class org.jetbrains.kotlin.descriptors.ClassifierDescriptor                           : loaded 2 times (x 70B)
Class org.jetbrains.kotlin.resolve.checkers.OptionalExpectationUsageChecker           : loaded 2 times (x 74B)
Class org.jetbrains.kotlin.resolve.calls.checkers.CustomEnumEntriesMigrationCallChecker: loaded 2 times (x 74B)
Class org.jetbrains.kotlin.resolve.OverridesBackwardCompatibilityHelper               : loaded 2 times (x 70B)
Class org.jetbrains.kotlin.lexer._JetLexer                                            : loaded 2 times (x 83B)
Class org.jetbrains.kotlin.psi.stubs.elements.KtCollectionLiteralExpressionElementType: loaded 2 times (x 100B)
Class org.jetbrains.kotlin.psi.KtValueArgumentName                                    : loaded 2 times (x 449B)
Class org.jetbrains.kotlin.psi.KtTypeConstraintList                                   : loaded 2 times (x 444B)
Class [Lorg.jetbrains.kotlin.psi.KtParameter;                                         : loaded 2 times (x 69B)
Class org.jetbrains.kotlin.psi.KtParameter                                            : loaded 2 times (x 1155B)
Class org.jetbrains.kotlin.resolve.jvm.modules.JavaModuleInfo                         : loaded 2 times (x 72B)
Class org.jetbrains.kotlin.storage.LockBasedStorageManager$MapBasedMemoizedFunction   : loaded 2 times (x 82B)
Class [Lkotlin.reflect.jvm.internal.impl.resolve.jvm.JvmPrimitiveType;                : loaded 2 times (x 69B)
Class kotlin.jvm.internal.ClassBasedDeclarationContainer                              : loaded 2 times (x 70B)
Class kotlin.coroutines.CoroutineContext$Element$DefaultImpls                         : loaded 2 times (x 71B)
Class kotlin.coroutines.Continuation                                                  : loaded 2 times (x 70B)
Class kotlin.ranges.RangesKt__RangesKt                                                : loaded 2 times (x 71B)
Class [Lcom.google.common.collect.MapMakerInternalMap$Segment;                        : loaded 2 times (x 69B)
Class com.android.tools.lint.model.LintModelArtifactType                              : loaded 2 times (x 79B)
Class kotlin.collections.SetsKt___SetsKt                                              : loaded 2 times (x 71B)
Class kotlin.sequences.SequencesKt__SequencesKt                                       : loaded 2 times (x 71B)
Class kotlin.comparisons.ComparisonsKt__ComparisonsKt                                 : loaded 2 times (x 71B)
Class com.google.common.collect.CollectSpliterators$FlatMapSpliterator                : loaded 2 times (x 85B)
Class com.google.common.collect.MapMakerInternalMap$StrongKeyDummyValueEntry$Helper   : loaded 2 times (x 79B)
Class org.objectweb.asm.ByteVector                                                    : loaded 2 times (x 79B)
Class [Lcom.google.common.cache.CacheBuilder$NullListener;                            : loaded 2 times (x 69B)
Class org.gradle.internal.classloader.VisitableURLClassLoader$Spec                    : loaded 2 times (x 74B)
Class org.gradle.internal.classpath.DefaultClassPath                                  : loaded 2 times (x 90B)
Class com.google.common.cache.LocalCache$ValueIterator                                : loaded 2 times (x 86B)
Class com.google.protobuf.Utf8$Processor                                              : loaded 2 times (x 77B)
Class com.google.protobuf.Reader                                                      : loaded 2 times (x 70B)
Class org.jetbrains.kotlin.codegen.DescriptorAsmUtil$2                                : loaded 2 times (x 87B)
Class [Lorg.jetbrains.kotlin.descriptors.RelationToType;                              : loaded 2 times (x 69B)
Class org.jetbrains.kotlin.types.AlternativeTypeSubstitutionKt$substituteAlternativesInPublicType$substitutor$1: loaded 2 times (x 80B)
Class org.jetbrains.kotlin.contracts.model.structure.UNKNOWN_COMPUTATION              : loaded 2 times (x 75B)
Class org.jetbrains.kotlin.types.AbstractTypeApproximator$referenceApproximateToSuperType$1: loaded 2 times (x 125B)
Class org.jetbrains.kotlin.scripting.resolve.RefineCompilationConfigurationKt$resolveImportsToVirtualFiles$localFS$2: loaded 2 times (x 78B)
Class org.jetbrains.kotlin.resolve.calls.tower.AbstractInvokeTowerProcessor           : loaded 2 times (x 80B)
Class org.jetbrains.kotlin.load.kotlin.AbstractBinaryClassAnnotationAndConstantLoader$loadAnnotationsAndInitializers$1$MemberAnnotationVisitor: loaded 2 times (x 78B)
Class org.jetbrains.kotlin.resolve.calls.tower.MemberScopeTowerLevel                  : loaded 2 times (x 83B)
Class org.jetbrains.kotlin.resolve.calls.util.PsiUtilsKt                              : loaded 2 times (x 71B)
Class org.jetbrains.kotlin.resolve.calls.components.CheckExternalArgument             : loaded 2 times (x 73B)
Class org.jetbrains.kotlin.util.Checks$2                                              : loaded 2 times (x 78B)
Class org.jetbrains.kotlin.load.java.typeEnhancement.NullabilityQualifier             : loaded 2 times (x 79B)
Class org.jetbrains.kotlin.metadata.ProtoBuf$TypeAlias$1                              : loaded 2 times (x 144B)
Class org.jetbrains.kotlin.resolve.scopes.LocalRedeclarationChecker$DO_NOTHING        : loaded 2 times (x 74B)
Class org.jetbrains.kotlin.resolve.BindingContext$3                                   : loaded 2 times (x 103B)
Class javaslang.collection.Seq                                                        : loaded 2 times (x 70B)
Class org.jetbrains.kotlin.load.java.components.FilesByFacadeFqNameIndexer$Companion  : loaded 2 times (x 71B)
Class org.jetbrains.kotlin.resolve.scopes.GivenFunctionsMemberScope                   : loaded 2 times (x 101B)
Class org.jetbrains.kotlin.descriptors.SupertypeLoopChecker$EMPTY                     : loaded 2 times (x 74B)
Class org.jetbrains.kotlin.serialization.deserialization.descriptors.DeserializedClassDescriptor$constructors$1: loaded 2 times (x 79B)
Class org.jetbrains.kotlin.resolve.calls.inference.components.VariableFixationFinder$Context: loaded 2 times (x 70B)
Class org.jetbrains.kotlin.resolve.calls.components.TypeArgumentsToParametersMapper$TypeArgumentsMapping: loaded 2 times (x 81B)
Class org.jetbrains.kotlin.descriptors.SimpleFunctionDescriptor                       : loaded 2 times (x 70B)
Class org.jetbrains.kotlin.load.java.components.FilesByFacadeFqNameIndexer            : loaded 2 times (x 75B)
Class org.jetbrains.kotlin.cli.jvm.compiler.JvmPackagePartProvider                    : loaded 2 times (x 92B)
Class org.jetbrains.kotlin.descriptors.impl.ModuleDescriptorImpl$packages$1           : loaded 2 times (x 79B)
Class kotlin.reflect.jvm.internal.KMutableProperty1Impl$_setter$1                     : loaded 2 times (x 79B)
Class org.jetbrains.kotlin.metadata.ProtoBuf$Annotation$Argument$ValueOrBuilder       : loaded 2 times (x 70B)
Class org.jetbrains.kotlin.resolve.calls.checkers.ConstructorHeaderCallChecker        : loaded 2 times (x 74B)
Class org.jetbrains.kotlin.resolve.checkers.EnumEntriesRedeclarationChecker           : loaded 2 times (x 74B)
Class org.jetbrains.kotlin.container.ComponentProvider                                : loaded 2 times (x 70B)
Class org.jetbrains.kotlin.diagnostics.PositioningStrategies$modifierSetPosition$1    : loaded 2 times (x 75B)
Class org.jetbrains.kotlin.lexer._JetLexer$State                                      : loaded 2 times (x 71B)
Class org.jetbrains.kotlin.parsing.LastBefore                                         : loaded 2 times (x 84B)
Class org.jetbrains.kotlin.psi.KtIsExpression                                         : loaded 2 times (x 503B)
Class it.unimi.dsi.fastutil.ints.IntArrays                                            : loaded 2 times (x 71B)
Class org.jetbrains.kotlin.psi.KtDeclaration                                          : loaded 2 times (x 70B)
Class org.jetbrains.kotlin.cli.jvm.modules.CliJavaModuleResolver$virtualFileFinder$2  : loaded 2 times (x 79B)
Class org.jetbrains.kotlin.scripting.resolve.ScriptReportSink                         : loaded 2 times (x 70B)
Class kotlin.Result$Companion                                                         : loaded 2 times (x 71B)
Class kotlin.coroutines.jvm.internal.BaseContinuationImpl                             : loaded 2 times (x 87B)
Class it.unimi.dsi.fastutil.Hash$Strategy                                             : loaded 2 times (x 70B)
Class kotlin.sequences.FilteringSequence                                              : loaded 2 times (x 75B)
Class com.android.tools.lint.model.LintModelDependencies                              : loaded 2 times (x 70B)
Class kotlin.text.CharsKt__CharJVMKt                                                  : loaded 2 times (x 71B)
Class kotlin.comparisons.ComparisonsKt                                                : loaded 2 times (x 71B)
Class kotlin.comparisons.ComparisonsKt___ComparisonsKt                                : loaded 2 times (x 71B)
Class net.rubygrapefruit.platform.internal.Platform$FreeBSD64Bit                      : loaded 2 times (x 82B)
Class org.objectweb.asm.Symbol                                                        : loaded 2 times (x 73B)
Class com.google.protobuf.AbstractMessage$BuilderParent                               : loaded 2 times (x 70B)
Class org.jetbrains.kotlin.cfg.pseudocodeTraverser.TraverseInstructionResult          : loaded 2 times (x 79B)
Class org.jetbrains.kotlin.types.AbstractTypeApproximator$referenceApproximateToSubType$1: loaded 2 times (x 125B)
Class org.jetbrains.kotlin.resolve.calls.tower.LambdaContextInfo                      : loaded 2 times (x 72B)
Class org.jetbrains.kotlin.resolve.calls.tower.KotlinResolutionCallbacksImpl$LambdaInfo$Companion: loaded 2 times (x 71B)
Class org.jetbrains.kotlin.types.StarProjectionImplKt$buildStarProjectionTypeByTypeParameters$1: loaded 2 times (x 79B)
Class org.jetbrains.kotlin.utils.NumbersKt                                            : loaded 2 times (x 71B)
Class org.jetbrains.kotlin.resolve.calls.tower.ScopeTowerProcessorsKt$createSimpleFunctionProcessor$1: loaded 2 times (x 79B)
Class org.jetbrains.kotlin.metadata.jvm.deserialization.JvmMemberSignature$Field      : loaded 2 times (x 75B)
Class org.jetbrains.kotlin.resolve.lazy.LazyImportScope$getContributedVariables$2$1   : loaded 2 times (x 79B)
Class org.jetbrains.kotlin.resolve.calls.util.ResolvedCallUtilKt                      : loaded 2 times (x 71B)
Class org.jetbrains.kotlin.utils.addToStdlib.AddToStdlibKt                            : loaded 2 times (x 71B)
Class org.jetbrains.kotlin.resolve.constants.evaluate.ConstantExpressionEvaluatorVisitor$stringExpressionEvaluator$1: loaded 2 times (x 192B)
Class org.jetbrains.kotlin.load.java.typeEnhancement.PredefinedEnhancementInfoKt$PREDEFINED_FUNCTION_ENHANCEMENT_INFO_BY_SIGNATURE$1$1$2$1: loaded 2 times (x 79B)
Class org.jetbrains.kotlin.util.Checks$3                                              : loaded 2 times (x 78B)
Class [Lorg.jetbrains.kotlin.name.State;                                              : loaded 2 times (x 69B)
Class org.jetbrains.kotlin.scripting.resolve.LazyScriptDescriptor$scriptingClassGetter$1: loaded 2 times (x 79B)
Class org.jetbrains.kotlin.types.IntersectionTypeConstructor                          : loaded 2 times (x 83B)
Class [Lorg.jetbrains.kotlin.builtins.jvm.JavaToKotlinClassMap$PlatformMutabilityMapping;: loaded 2 times (x 69B)
Class org.jetbrains.kotlin.metadata.ProtoBuf$Effect$1                                 : loaded 2 times (x 144B)
Class org.jetbrains.kotlin.resolve.lazy.descriptors.ClassResolutionScopesSupport      : loaded 2 times (x 72B)
Class org.jetbrains.kotlin.resolve.calls.smartcasts.DataFlowInfo$Companion            : loaded 2 times (x 71B)
Class org.jetbrains.kotlin.descriptors.ScopesHolderForClass$Companion                 : loaded 2 times (x 71B)
Class org.jetbrains.kotlin.resolve.calls.components.CallableReferenceOverloadConflictResolver: loaded 2 times (x 72B)
Class org.jetbrains.kotlin.types.expressions.FunctionsTypingVisitor                   : loaded 2 times (x 192B)
Class org.jetbrains.kotlin.types.model.CapturedTypeMarker                             : loaded 2 times (x 70B)
Class org.jetbrains.kotlin.resolve.jvm.CompositeSyntheticJavaPartsProvider            : loaded 2 times (x 82B)
Class org.jetbrains.kotlin.resolve.lazy.declarations.DeclarationProviderFactory       : loaded 2 times (x 70B)
Class org.jetbrains.kotlin.metadata.ProtoBuf$Visibility                               : loaded 2 times (x 82B)
Class org.jetbrains.kotlin.metadata.jvm.JvmProtoBuf                                   : loaded 2 times (x 71B)
Class org.jetbrains.kotlin.serialization.deserialization.descriptors.DeserializedContainerAbiStability: loaded 2 times (x 79B)
Class org.jetbrains.kotlin.metadata.ProtoBuf$ConstructorOrBuilder                     : loaded 2 times (x 70B)
Class org.jetbrains.kotlin.resolve.checkers.PropertiesWithBackingFieldsInsideValueClass: loaded 2 times (x 74B)
Class org.jetbrains.kotlin.resolve.checkers.SinceKotlinAnnotationValueChecker         : loaded 2 times (x 77B)
Class org.jetbrains.kotlin.resolve.IdentifierChecker                                  : loaded 2 times (x 70B)
Class org.jetbrains.kotlin.diagnostics.PositioningStrategies$PARAMETER_DEFAULT_VALUE$1: loaded 2 times (x 74B)
Class org.jetbrains.kotlin.resolve.jvm.checkers.SuperCallWithDefaultArgumentsChecker  : loaded 2 times (x 74B)
Class kotlin.sequences.SequencesKt__SequenceBuilderKt                                 : loaded 2 times (x 71B)
Class org.jetbrains.kotlin.psi.KtSuperExpression                                      : loaded 2 times (x 439B)
Class org.jetbrains.kotlin.psi.stubs.elements.KtContractEffectElementType             : loaded 2 times (x 100B)
Class [Lorg.jetbrains.kotlin.psi.KtFileAnnotationList;                                : loaded 2 times (x 69B)
Class org.jetbrains.kotlin.psi.KtAnnotation                                           : loaded 2 times (x 446B)
Class org.jetbrains.kotlin.psi.KtAnnotationEntry                                      : loaded 2 times (x 521B)
Class org.jetbrains.kotlin.psi.stubs.KotlinConstructorStub                            : loaded 2 times (x 70B)
Class org.jetbrains.kotlin.psi.stubs.elements.KtBackingFieldElementType               : loaded 2 times (x 103B)
Class org.jetbrains.kotlin.psi.KtClassLikeDeclaration                                 : loaded 2 times (x 70B)
Class kotlin.script.experimental.api.ScriptEvaluationConfiguration$Companion          : loaded 2 times (x 71B)
Class org.jetbrains.kotlin.resolve.jvm.KotlinJavaPsiFacade$KotlinPsiElementFinderWrapperImplDumbAware: loaded 2 times (x 82B)
Class org.jetbrains.kotlin.scripting.compiler.plugin.JvmCliReplShellExtension         : loaded 2 times (x 75B)
Class kotlin.reflect.KType                                                            : loaded 2 times (x 70B)
Class org.jetbrains.kotlin.asJava.KotlinAsJavaSupport$Companion                       : loaded 2 times (x 71B)
Class org.jetbrains.kotlin.idea.KotlinFileType                                        : loaded 2 times (x 96B)
Class kotlin.collections.CollectionsKt__ReversedViewsKt                               : loaded 2 times (x 71B)
Class kotlin.sequences.FilteringSequence$iterator$1                                   : loaded 2 times (x 79B)
Class kotlin.jvm.internal.CollectionToArray                                           : loaded 2 times (x 71B)
Class org.jetbrains.kotlin.config.CompilerConfigurationKey                            : loaded 2 times (x 72B)
Class org.jetbrains.kotlin.codegen.extensions.ClassBuilderInterceptorExtension        : loaded 2 times (x 70B)
Class com.google.common.collect.Sets$FilteredSet                                      : loaded 2 times (x 137B)
Class com.google.common.io.Java8Compatibility                                         : loaded 2 times (x 71B)
Class org.gradle.internal.classloader.ClassLoaderSpec                                 : loaded 2 times (x 71B)
Class com.android.tools.analytics.Environment                                         : loaded 2 times (x 73B)
Class com.google.protobuf.ByteString                                                  : loaded 2 times (x 101B)
Class org.jetbrains.kotlin.resolve.jvm.extensions.AnalysisHandlerExtension$Companion  : loaded 2 times (x 72B)
Class com.google.common.collect.AbstractMapBasedMultimap$1                            : loaded 2 times (x 84B)
Class org.jetbrains.kotlin.resolve.jvm.JdkClassesKt                                   : loaded 2 times (x 71B)
Class [Lorg.jetbrains.kotlin.resolve.deprecation.DeprecationLevelValue;               : loaded 2 times (x 69B)
Class org.jetbrains.kotlin.load.java.BuiltinMethodsWithSpecialGenericSignature$getOverriddenBuiltinFunctionWithErasedValueParametersInJava$1: loaded 2 times (x 78B)
Class org.jetbrains.kotlin.resolve.calls.smartcasts.IdentifierInfo$Qualified          : loaded 2 times (x 76B)
Class org.jetbrains.kotlin.contracts.description.ContractDescriptionElement           : loaded 2 times (x 70B)
Class org.jetbrains.kotlin.psi.KtPsiFactory                                           : loaded 2 times (x 72B)
Class org.jetbrains.kotlin.codegen.state.KotlinTypeMapper$WhenMappings                : loaded 2 times (x 71B)
Class org.jetbrains.kotlin.descriptors.impl.PropertySetterDescriptorImpl              : loaded 2 times (x 424B)
Class org.jetbrains.kotlin.load.java.structure.JavaAnnotationArgument                 : loaded 2 times (x 70B)
Class org.jetbrains.kotlin.load.java.descriptors.UtilKt                               : loaded 2 times (x 71B)
Class org.jetbrains.kotlin.resolve.calls.tower.PrioritizedCompositeScopeTowerProcessor: loaded 2 times (x 76B)
Class org.jetbrains.kotlin.utils.FunctionsKt                                          : loaded 2 times (x 71B)
Class org.jetbrains.kotlin.synthetic.JavaSyntheticPropertiesScope$SyntheticPropertyHolder$Companion: loaded 2 times (x 71B)
Class org.jetbrains.kotlin.resolve.calls.tower.ScopeTowerLevel                        : loaded 2 times (x 70B)
Class org.jetbrains.kotlin.resolve.calls.context.TemporaryResolutionResultsCache      : loaded 2 times (x 76B)
Class org.jetbrains.kotlin.util.Checks$4                                              : loaded 2 times (x 78B)
Class org.jetbrains.kotlin.util.ValueParameterCountCheck$AtLeast                      : loaded 2 times (x 80B)
Class org.jetbrains.kotlin.util.Checks                                                : loaded 2 times (x 72B)
Class org.jetbrains.kotlin.utils.SmartList$SingletonIterator                          : loaded 2 times (x 82B)
Class kotlin.collections.ReversedListReadOnly                                         : loaded 2 times (x 198B)
Class org.jetbrains.kotlin.resolve.FindLoopsInSupertypes                              : loaded 2 times (x 71B)
Class org.jetbrains.kotlin.resolve.scopes.LexicalScopeImpl$InitializeHandler          : loaded 2 times (x 72B)
Class org.jetbrains.kotlin.types.AbstractTypeConstructor$Supertypes                   : loaded 2 times (x 72B)
Class org.jetbrains.kotlin.storage.LazyResolveStorageManager                          : loaded 2 times (x 70B)
Class org.jetbrains.kotlin.resolve.calls.tower.Candidate                              : loaded 2 times (x 70B)
Class org.jetbrains.kotlin.types.model.TypeParameterMarker                            : loaded 2 times (x 70B)
Class org.jetbrains.kotlin.config.JvmAnalysisFlags$strictMetadataVersionSemantics$2   : loaded 2 times (x 127B)
Class org.jetbrains.kotlin.resolve.calls.checkers.AbstractReflectionApiCallChecker    : loaded 2 times (x 79B)
Class org.jetbrains.kotlin.descriptors.PropertyGetterDescriptor                       : loaded 2 times (x 70B)
Class com.google.common.collect.CollectCollectors$EnumSetAccumulator                  : loaded 2 times (x 72B)
Class org.jetbrains.kotlin.protobuf.SmallSortedMap                                    : loaded 2 times (x 130B)
Class org.jetbrains.kotlin.descriptors.DeclarationDescriptorWithVisibility            : loaded 2 times (x 70B)
Class org.jetbrains.kotlin.resolve.checkers.InnerClassInsideValueClass                : loaded 2 times (x 74B)
Class org.jetbrains.kotlin.resolve.jvm.checkers.JavaClassOnCompanionChecker           : loaded 2 times (x 74B)
Class [Lorg.jetbrains.kotlin.resolve.checkers.DeclarationChecker;                     : loaded 2 times (x 69B)
Class [Lorg.jetbrains.kotlin.psi.KtDoubleColonExpression;                             : loaded 2 times (x 69B)
Class [Lorg.jetbrains.kotlin.psi.KtElementImplStub;                                   : loaded 2 times (x 69B)
Class org.jetbrains.kotlin.psi.KtClass                                                : loaded 2 times (x 1099B)
Class org.jetbrains.kotlin.psi.KtAnnotated                                            : loaded 2 times (x 70B)
Class kotlin.reflect.jvm.internal.ReflectProperties$Val$1                             : loaded 2 times (x 71B)
Class org.jetbrains.kotlin.cli.common.extensions.ScriptEvaluationExtension$Companion  : loaded 2 times (x 72B)
Class org.jetbrains.kotlin.cli.common.extensions.ScriptEvaluationExtension            : loaded 2 times (x 70B)
Class org.jetbrains.kotlin.codegen.extensions.ExpressionCodegenExtension$Companion    : loaded 2 times (x 72B)
Class kotlin.text.DelimitedRangesSequence                                             : loaded 2 times (x 75B)
Class com.android.tools.lint.model.LintModelSerialization$LintModelSerializationFileAdapter: loaded 2 times (x 89B)
Class kotlin.collections.CollectionsKt___CollectionsJvmKt                             : loaded 2 times (x 71B)
Class com.android.prefs.VariableType                                                  : loaded 2 times (x 79B)
Class kotlin.jvm.internal.FunctionReferenceImpl                                       : loaded 2 times (x 122B)
Class net.rubygrapefruit.platform.internal.Platform$MacOs32Bit                        : loaded 2 times (x 82B)
Class net.rubygrapefruit.platform.internal.Platform$Linux64Bit                        : loaded 2 times (x 83B)
Class org.jetbrains.org.objectweb.asm.tree.AbstractInsnNode                           : loaded 2 times (x 78B)
Class org.objectweb.asm.AnnotationWriter                                              : loaded 2 times (x 79B)
Class com.google.common.cache.CacheStats                                              : loaded 2 times (x 71B)
Class kotlin.jdk7.AutoCloseableKt                                                     : loaded 2 times (x 71B)
Class org.jetbrains.kotlin.types.extensions.TypeAttributeTranslators                  : loaded 2 times (x 72B)
Class kotlin.jvm.internal.MutablePropertyReference0                                   : loaded 2 times (x 137B)
Class org.jetbrains.kotlin.descriptors.EffectiveVisibilityUtilsKt$WhenMappings        : loaded 2 times (x 71B)
Class org.jetbrains.kotlin.cfg.pseudocode.PseudoValueImpl                             : loaded 2 times (x 77B)
Class org.jetbrains.kotlin.cfg.pseudocode.PseudoValueFactory                          : loaded 2 times (x 70B)
Class org.jetbrains.kotlin.resolve.calls.tower.FunctionLiteralTypes                   : loaded 2 times (x 72B)
Class org.jetbrains.kotlin.resolve.descriptorUtil.DescriptorUtilsKt$firstOverridden$2 : loaded 2 times (x 80B)
Class org.jetbrains.kotlin.builtins.jvm.MappingUtilKt                                 : loaded 2 times (x 71B)
Class [Lorg.jetbrains.kotlin.types.model.SimpleTypeMarker;                            : loaded 2 times (x 69B)
Class org.jetbrains.kotlin.utils.NumberWithRadix                                      : loaded 2 times (x 72B)
Class [Lorg.jetbrains.kotlin.codegen.OwnerKind;                                       : loaded 2 times (x 69B)
Class kotlin.script.experimental.api.ResultWithDiagnostics                            : loaded 2 times (x 72B)
Class org.jetbrains.kotlin.descriptors.impl.FunctionDescriptorImpl$CopyConfiguration  : loaded 2 times (x 182B)
Class org.jetbrains.kotlin.descriptors.impl.EmptyPackageFragmentDescriptor            : loaded 2 times (x 140B)
Class org.jetbrains.kotlin.utils.FunctionsKt$DO_NOTHING_2$1                           : loaded 2 times (x 78B)
Class org.jetbrains.kotlin.resolve.calls.tower.CandidateApplicability                 : loaded 2 times (x 79B)
Class org.jetbrains.kotlin.resolve.calls.smartcasts.DataFlowValueKt                   : loaded 2 times (x 71B)
Class org.jetbrains.kotlin.descriptors.impl.ValueParameterDescriptorImpl$WithDestructuringDeclaration: loaded 2 times (x 301B)
Class org.jetbrains.kotlin.scripting.resolve.LazyScriptDescriptor$createScopesHolderForClass$1: loaded 2 times (x 79B)
Class org.jetbrains.kotlin.load.java.lazy.descriptors.LazyJavaClassMemberScope$enumEntryIndex$1: loaded 2 times (x 79B)
Class org.jetbrains.kotlin.load.java.structure.impl.JavaTypeParameterImpl             : loaded 2 times (x 108B)
Class kotlin.reflect.jvm.internal.KCallableImpl$_annotations$1                        : loaded 2 times (x 79B)
Class org.jetbrains.kotlin.resolve.jvm.KotlinJavaPsiFacade$PackageCache               : loaded 2 times (x 73B)
Class org.jetbrains.kotlin.resolve.lazy.LazyImportResolver$allNames$2                 : loaded 2 times (x 79B)
Class org.jetbrains.kotlin.resolve.lazy.descriptors.LazyClassMemberScope$Companion$EXTRACT_PROPERTIES$1: loaded 2 times (x 74B)
Class javaslang.collection.Set                                                        : loaded 2 times (x 70B)
Class kotlin.reflect.jvm.internal.KClassImpl$Data$inheritedNonStaticMembers$2         : loaded 2 times (x 79B)
Class [Lorg.jetbrains.kotlin.load.java.AnnotationQualifierApplicabilityType;          : loaded 2 times (x 69B)
Class org.jetbrains.kotlin.resolve.lazy.FileScopeFactory$DummyContainerDescriptor     : loaded 2 times (x 109B)
Class org.jetbrains.kotlin.types.expressions.ValueParameterResolver                   : loaded 2 times (x 72B)
Class org.jetbrains.kotlin.types.DynamicType                                          : loaded 2 times (x 102B)
Class org.jetbrains.kotlin.resolve.jvm.modules.JavaModuleResolver$AccessError         : loaded 2 times (x 71B)
Class org.jetbrains.kotlin.resolve.lazy.BasicAbsentDescriptorHandler                  : loaded 2 times (x 74B)
Class org.jetbrains.kotlin.load.kotlin.ModuleMappingUtilKt                            : loaded 2 times (x 71B)
Class org.jetbrains.kotlin.descriptors.PackageViewDescriptor                          : loaded 2 times (x 70B)
Class org.jetbrains.kotlin.renderer.DescriptorRenderer$ValueParametersHandler         : loaded 2 times (x 70B)
Class org.jetbrains.kotlin.context.ModuleContext                                      : loaded 2 times (x 70B)
Class org.jetbrains.kotlin.storage.LockBasedStorageManager$LockBasedLazyValue         : loaded 2 times (x 86B)
Class com.android.resources.ResourceType                                              : loaded 2 times (x 79B)
Class org.jetbrains.kotlin.protobuf.SmallSortedMap$EmptySet                           : loaded 2 times (x 71B)
Class org.jetbrains.kotlin.protobuf.MessageLite                                       : loaded 2 times (x 70B)
Class org.jetbrains.kotlin.diagnostics.PositioningStrategies$FindReferencePositioningStrategy: loaded 2 times (x 74B)
Class org.jetbrains.kotlin.psi.KtForExpression                                        : loaded 2 times (x 445B)
Class [Lorg.jetbrains.kotlin.psi.KtSuperTypeCallEntry;                                : loaded 2 times (x 69B)
Class [Lorg.jetbrains.kotlin.psi.KtDotQualifiedExpression;                            : loaded 2 times (x 69B)
Class org.jetbrains.kotlin.psi.KtAnnotationsContainer                                 : loaded 2 times (x 70B)
Class org.jetbrains.kotlin.scripting.compiler.plugin.ScriptingCompilerConfigurationExtension$updateConfiguration$hostConfiguration$1: loaded 2 times (x 79B)
Class [Lkotlin.script.experimental.util.PropertiesCollection;                         : loaded 2 times (x 69B)
Class org.jetbrains.kotlin.serialization.DescriptorSerializerPlugin                   : loaded 2 times (x 70B)
Class kotlin.jvm.internal.markers.KMutableIterable                                    : loaded 2 times (x 70B)
Class kotlin.reflect.jvm.internal.impl.builtins.CompanionObjectMapping                : loaded 2 times (x 71B)
Class kotlin.Unit                                                                     : loaded 2 times (x 71B)
Class kotlin.TuplesKt                                                                 : loaded 2 times (x 71B)
Class org.jetbrains.kotlin.scripting.definitions.ScriptEvaluationConfigurationFromDefinition$1: loaded 2 times (x 79B)
Class kotlin.sequences.SequencesKt___SequencesJvmKt                                   : loaded 2 times (x 71B)
Class com.android.tools.lint.model.PathVariables                                      : loaded 2 times (x 72B)
Class org.jetbrains.kotlin.resolve.jvm.modules.JavaModule$Explicit                    : loaded 2 times (x 80B)
Class [Lcom.google.common.base.Predicate;                                             : loaded 2 times (x 69B)
Class com.google.common.collect.Interners                                             : loaded 2 times (x 71B)
Class org.objectweb.asm.RecordComponentWriter                                         : loaded 2 times (x 78B)
Class com.google.common.util.concurrent.AbstractFuture$Listener                       : loaded 2 times (x 72B)
Class Settings_gradle$1$1                                                             : loaded 2 times (x 74B)
Class com.google.common.collect.StandardTable$CellIterator                            : loaded 2 times (x 83B)
Class org.jetbrains.kotlin.psi.KtEnumEntry                                            : loaded 2 times (x 1101B)
Class org.jetbrains.kotlin.cfg.ControlFlowBuilderAdapter                              : loaded 2 times (x 172B)
Class org.jetbrains.kotlin.resolve.calls.inference.components.ConstraintSystemCompletionContext$extractUpperTypesToCheckIntersectionEmptiness$1$1: loaded 2 times (x 79B)
Class javaslang.collection.HashArrayMappedTrieModule$IndexedNode                      : loaded 2 times (x 102B)
Class org.jetbrains.kotlin.resolve.calls.inference.model.LambdaArgumentConstraintPositionImpl: loaded 2 times (x 72B)
Class org.jetbrains.kotlin.resolve.calls.tasks.TracingStrategyForInvoke               : loaded 2 times (x 118B)
Class [Lorg.jetbrains.kotlin.resolve.jvm.jvmSignature.JvmMethodParameterKind;         : loaded 2 times (x 69B)
Class org.jetbrains.kotlin.resolve.calls.model.ResolvedCallArgument$VarargArgument    : loaded 2 times (x 73B)
Class org.jetbrains.kotlin.resolve.calls.components.candidate.SimpleErrorResolutionCandidate: loaded 2 times (x 94B)
Class org.jetbrains.kotlin.resolve.calls.tower.NoExplicitReceiverScopeTowerProcessor  : loaded 2 times (x 84B)
Class org.jetbrains.kotlin.load.java.typeEnhancement.PredefinedEnhancementInfoKt$PREDEFINED_FUNCTION_ENHANCEMENT_INFO_BY_SIGNATURE$1$1$12$1: loaded 2 times (x 79B)
Class kotlin.collections.ArraysKt___ArraysKt$withIndex$1                              : loaded 2 times (x 79B)
Class org.jetbrains.kotlin.descriptors.impl.LazyClassReceiverParameterDescriptor      : loaded 2 times (x 244B)
Class org.jetbrains.kotlin.descriptors.annotations.AnnotationSplitter$splitAnnotations$1: loaded 2 times (x 79B)
Class javaslang.Value                                                                 : loaded 2 times (x 70B)
Class org.jetbrains.kotlin.library.metadata.impl.KlibMetadataDeserializedPackageFragmentsFactoryImpl: loaded 2 times (x 77B)
Class org.jetbrains.kotlin.load.java.AbstractAnnotationTypeQualifierResolver          : loaded 2 times (x 76B)
Class org.jetbrains.kotlin.load.java.sources.JavaSourceElement                        : loaded 2 times (x 70B)
Class org.jetbrains.kotlin.cli.jvm.compiler.CliVirtualFileFinder                      : loaded 2 times (x 90B)
Class org.jetbrains.kotlin.resolve.AnnotationResolver                                 : loaded 2 times (x 75B)
Class org.jetbrains.kotlin.resolve.scopes.SyntheticScopes                             : loaded 2 times (x 70B)
Class org.jetbrains.kotlin.metadata.jvm.deserialization.ModuleMapping$Companion       : loaded 2 times (x 71B)
Class org.jetbrains.kotlin.cli.common.ModuleVisibilityHelperImpl                      : loaded 2 times (x 74B)
Class org.jetbrains.kotlin.renderer.ParameterNameRenderingPolicy                      : loaded 2 times (x 79B)
Class org.jetbrains.kotlin.psi.KtDynamicType                                          : loaded 2 times (x 506B)
Class it.unimi.dsi.fastutil.Stack                                                     : loaded 2 times (x 70B)
Class org.jetbrains.kotlin.lexer.KotlinLexer                                          : loaded 2 times (x 86B)
Class org.jetbrains.kotlin.psi.ValueArgumentName                                      : loaded 2 times (x 70B)
Class [Lorg.jetbrains.kotlin.psi.KtExpressionImplStub;                                : loaded 2 times (x 69B)
Class org.jetbrains.kotlin.psi.KtPureClassOrObject                                    : loaded 2 times (x 70B)
Class org.jetbrains.kotlin.extensions.AnnotationBasedExtension                        : loaded 2 times (x 70B)
Class org.jetbrains.kotlin.resolve.jvm.extensions.SyntheticJavaResolveExtension$Companion: loaded 2 times (x 72B)
Class org.jetbrains.kotlin.parsing.KotlinParsing$3                                    : loaded 2 times (x 112B)
Class kotlin.ranges.RangesKt                                                          : loaded 2 times (x 71B)
Class org.gradle.internal.classloader.VisitableURLClassLoader                         : loaded 2 times (x 117B)
Class com.google.protobuf.ExtensionRegistryLite                                       : loaded 2 times (x 74B)
Class org.jetbrains.kotlin.resolve.jvm.checkers.EnumDeclaringClassDeprecationChecker  : loaded 2 times (x 74B)
Class org.jetbrains.kotlin.resolve.jvm.diagnostics.JvmDeclarationOriginKind           : loaded 2 times (x 79B)
Class org.jetbrains.kotlin.cfg.pseudocode.instructions.Instruction                    : loaded 2 times (x 70B)
Class org.jetbrains.kotlin.cfg.pseudocode.PseudocodeImpl$localDeclarations$2          : loaded 2 times (x 79B)
Class org.jetbrains.kotlin.types.TypeApproximatorConfiguration$AllFlexibleSameValue   : loaded 2 times (x 87B)
Class org.jetbrains.kotlin.resolve.calls.inference.components.VariableFixationFinder$TypeVariableFixationReadiness: loaded 2 times (x 79B)
Class org.jetbrains.kotlin.resolve.lazy.LazyImportScope$getContributedFunctions$2$1   : loaded 2 times (x 79B)
Class org.jetbrains.kotlin.resolve.calls.components.ImplicitInvokeCheckStatus         : loaded 2 times (x 79B)
Class org.jetbrains.kotlin.storage.LockBasedLazyResolveStorageManager$LockProtectedContext$getDiagnostics$1: loaded 2 times (x 79B)
Class org.jetbrains.kotlin.synthetic.SyntheticJavaPropertyDescriptor                  : loaded 2 times (x 70B)
Class org.jetbrains.kotlin.coroutines.CoroutineUtilKt                                 : loaded 2 times (x 71B)
Class org.jetbrains.kotlin.resolve.calls.model.ArgumentMatchStatus                    : loaded 2 times (x 79B)
Class org.jetbrains.kotlin.resolve.calls.components.ParameterTypeConversion           : loaded 2 times (x 70B)
Class org.jetbrains.kotlin.resolve.calls.tasks.TracingStrategyImpl                    : loaded 2 times (x 118B)
Class org.jetbrains.kotlin.load.java.typeEnhancement.TypeEnhancementUtilsKt           : loaded 2 times (x 71B)
Class org.jetbrains.kotlin.cli.jvm.compiler.KotlinCliJavaFileManagerImpl$findClasses$1: loaded 2 times (x 79B)
Class org.jetbrains.kotlin.load.java.structure.impl.VirtualFileBoundJavaClass         : loaded 2 times (x 70B)
Class org.jetbrains.kotlin.descriptors.annotations.AnnotationSplitter$LazySplitAnnotations$annotations$2: loaded 2 times (x 79B)
Class org.jetbrains.kotlin.resolve.scopes.LexicalScope$Base                           : loaded 2 times (x 102B)
Class org.jetbrains.kotlin.resolve.OverrideResolver$Companion                         : loaded 2 times (x 71B)
Class org.jetbrains.kotlin.descriptors.impl.AbstractLazyTypeParameterDescriptor       : loaded 2 times (x 167B)
Class org.jetbrains.kotlin.utils.SmartList                                            : loaded 2 times (x 201B)
Class [Lkotlin.DeprecationLevel;                                                      : loaded 2 times (x 69B)
Class org.jetbrains.kotlin.container.SingletonTypeComponentDescriptor                 : loaded 2 times (x 93B)
Class org.jetbrains.kotlin.cli.jvm.compiler.JvmPackagePartProvider$addRoots$1         : loaded 2 times (x 79B)
Class org.jetbrains.kotlin.config.AnalysisFlags$eagerResolveOfLightClasses$2          : loaded 2 times (x 127B)
Class org.jetbrains.kotlin.serialization.deserialization.descriptors.DeserializedPackageMemberScope: loaded 2 times (x 110B)
Class org.jetbrains.kotlin.types.checker.NewKotlinTypeChecker                         : loaded 2 times (x 70B)
Class org.jetbrains.kotlin.types.error.ErrorUtils                                     : loaded 2 times (x 71B)
Class org.jetbrains.kotlin.resolve.deprecation.DeprecationInfo                        : loaded 2 times (x 79B)
Class kotlin.sequences.GeneratorSequence                                              : loaded 2 times (x 75B)
Class org.jetbrains.kotlin.resolve.checkers.ContextualDeclarationChecker              : loaded 2 times (x 74B)
Class org.jetbrains.kotlin.container.ValueResolver                                    : loaded 2 times (x 70B)
Class org.jetbrains.kotlin.resolve.PlatformConfiguratorBase$platformSpecificContainer$1: loaded 2 times (x 79B)
Class org.jetbrains.kotlin.builtins.PlatformToKotlinClassMapper                       : loaded 2 times (x 70B)
Class org.jetbrains.kotlin.diagnostics.PositioningStrategies$DELEGATED_SUPERTYPE_BY_KEYWORD$1: loaded 2 times (x 74B)
Class org.jetbrains.kotlin.diagnostics.PositioningStrategies$FOR_REDECLARATION$1      : loaded 2 times (x 74B)
Class org.jetbrains.kotlin.diagnostics.PositioningStrategy                            : loaded 2 times (x 74B)
Class org.jetbrains.kotlin.resolve.jvm.platform.JvmPlatformAnalyzerServices           : loaded 2 times (x 77B)
Class org.jetbrains.kotlin.parsing.KotlinParsing$ModifierDetector                     : loaded 2 times (x 78B)
Class org.jetbrains.kotlin.psi.stubs.KotlinContextReceiverStub                        : loaded 2 times (x 70B)
Class org.jetbrains.kotlin.psi.stubs.elements.KtStringTemplateExpressionElementType   : loaded 2 times (x 103B)
Class org.jetbrains.kotlin.storage.LockBasedStorageManager$ExceptionHandlingStrategy  : loaded 2 times (x 70B)
Class kotlin.script.experimental.api.KotlinType                                       : loaded 2 times (x 72B)
Class kotlin.reflect.jvm.internal.KClassImpl                                          : loaded 2 times (x 115B)
Class kotlin.script.experimental.jvm.JvmGetScriptingClass                             : loaded 2 times (x 78B)
Class org.jetbrains.kotlin.types.DefaultTypeAttributeTranslator                       : loaded 2 times (x 75B)
Class kotlin.collections.ArraysUtilJVM                                                : loaded 2 times (x 71B)
Class kotlin.jvm.functions.Function0                                                  : loaded 2 times (x 70B)
Class com.android.ide.common.repository.AgpVersion$Companion                          : loaded 2 times (x 71B)
Class kotlin.sequences.FlatteningSequence$iterator$1                                  : loaded 2 times (x 79B)
Class com.android.prefs.AbstractAndroidLocations                                      : loaded 2 times (x 82B)
Class net.rubygrapefruit.platform.internal.FunctionResult$Failure                     : loaded 2 times (x 79B)
Class net.rubygrapefruit.platform.internal.NativeLibraryLoader                        : loaded 2 times (x 73B)
Class com.google.common.collect.ImmutableList$SerializedForm                          : loaded 2 times (x 73B)
Class com.google.common.util.concurrent.AbstractFuture$Waiter                         : loaded 2 times (x 72B)
Class Settings_gradle                                                                 : loaded 2 times (x 128B)
Class org.gradle.internal.Cast                                                        : loaded 2 times (x 71B)
Class org.gradle.api.Action                                                           : loaded 2 times (x 70B)
Class org.jetbrains.kotlin.diagnostics.DiagnosticFactory3                             : loaded 2 times (x 81B)
Class com.android.tools.analytics.AnalyticsSettingsData$Companion                     : loaded 2 times (x 71B)
Class org.jetbrains.org.objectweb.asm.util.CheckSignatureAdapter$State                : loaded 2 times (x 79B)
Class org.jetbrains.kotlin.resolve.calls.checkers.EnumEntriesUnsupportedChecker       : loaded 2 times (x 74B)
Class org.jetbrains.kotlin.metadata.ProtoBuf$ContractOrBuilder                        : loaded 2 times (x 70B)
Class org.jetbrains.kotlin.types.checker.SubtypePathNode                              : loaded 2 times (x 72B)
Class org.jetbrains.kotlin.scripting.resolve.LazyScriptDescriptor$ConstructorWithParams: loaded 2 times (x 72B)
Class org.jetbrains.kotlin.resolve.calls.tower.PSICallResolver$WhenMappings           : loaded 2 times (x 71B)
Class org.jetbrains.kotlin.load.kotlin.JvmType$Array                                  : loaded 2 times (x 72B)
Class org.jetbrains.kotlin.parsing.ParseUtilsKt                                       : loaded 2 times (x 71B)
Class org.jetbrains.kotlin.resolve.calls.util.IsFromStdlibJre7Or8Kt                   : loaded 2 times (x 71B)
Class org.jetbrains.kotlin.resolve.calls.tower.SimpleScopeTowerProcessor              : loaded 2 times (x 70B)
Class org.jetbrains.kotlin.resolve.calls.util.ResolvedCallUtilKt$WhenMappings         : loaded 2 times (x 71B)
Class org.jetbrains.kotlin.load.kotlin.BinaryClassAnnotationAndConstantLoaderImpl$AbstractAnnotationArgumentVisitor: loaded 2 times (x 88B)
Class org.jetbrains.kotlin.load.java.typeEnhancement.PredefinedEnhancementInfoKt$PREDEFINED_FUNCTION_ENHANCEMENT_INFO_BY_SIGNATURE$1$1$7$1: loaded 2 times (x 79B)
Class org.jetbrains.kotlin.load.kotlin.MethodSignatureMappingKt                       : loaded 2 times (x 71B)
Class org.jetbrains.kotlin.load.java.BuiltinSpecialProperties                         : loaded 2 times (x 71B)
Class org.jetbrains.kotlin.util.OperatorChecks$checks$1                               : loaded 2 times (x 78B)
Class org.jetbrains.kotlin.codegen.signature.KotlinToJvmSignatureMapperImpl           : loaded 2 times (x 75B)
Class org.jetbrains.kotlin.load.java.typeEnhancement.JavaTypeQualifiers$Companion     : loaded 2 times (x 71B)
Class org.jetbrains.kotlin.descriptors.impl.FieldDescriptorImpl                       : loaded 2 times (x 79B)
Class org.jetbrains.kotlin.descriptors.impl.PropertyGetterDescriptorImpl              : loaded 2 times (x 423B)
Class [Lorg.jetbrains.kotlin.metadata.ProtoBuf$VersionRequirement$VersionKind;        : loaded 2 times (x 69B)
Class org.jetbrains.kotlin.fileClasses.JvmFileClassUtil                               : loaded 2 times (x 71B)
Class org.jetbrains.kotlin.types.TypeParameterUpperBoundEraser$getErasedUpperBound$1  : loaded 2 times (x 79B)
Class org.jetbrains.kotlin.resolve.ObservableBindingTrace                             : loaded 2 times (x 105B)
Class org.jetbrains.kotlin.descriptors.TypeParameterUtilsKt                           : loaded 2 times (x 71B)
Class org.jetbrains.kotlin.resolve.calls.components.PostponedArgumentsAnalyzer        : loaded 2 times (x 72B)
Class org.jetbrains.kotlin.types.expressions.DoubleColonLHS$Expression                : loaded 2 times (x 73B)
Class org.jetbrains.kotlin.types.expressions.ExpressionTypingFacade                   : loaded 2 times (x 70B)
Class org.jetbrains.kotlin.types.expressions.DestructuringDeclarationResolver         : loaded 2 times (x 72B)
Class org.jetbrains.kotlin.mpp.SimpleFunctionSymbolMarker                             : loaded 2 times (x 70B)
Class org.jetbrains.kotlin.resolve.calls.smartcasts.DataFlowValue                     : loaded 2 times (x 72B)
Class org.jetbrains.kotlin.types.TypeSubstitutor                                      : loaded 2 times (x 80B)
Class org.jetbrains.kotlin.metadata.jvm.JvmModuleProtoBuf$PackageParts$1              : loaded 2 times (x 144B)
Class org.jetbrains.kotlin.resolve.OverridingUtil                                     : loaded 2 times (x 76B)
Class org.jetbrains.kotlin.mpp.ConstructorSymbolMarker                                : loaded 2 times (x 70B)
Class org.jetbrains.kotlin.types.error.ErrorTypeKind                                  : loaded 2 times (x 80B)
Class org.jetbrains.kotlin.descriptors.impl.AbstractClassDescriptor                   : loaded 2 times (x 268B)
Class kotlin.properties.ReadWriteProperty                                             : loaded 2 times (x 70B)
Class org.jetbrains.kotlin.descriptors.impl.ModuleDescriptorImpl                      : loaded 2 times (x 117B)
Class org.jetbrains.kotlin.context.SimpleGlobalContext                                : loaded 2 times (x 78B)
Class org.jetbrains.kotlin.psi.KtNameReferenceExpression$Companion                    : loaded 2 times (x 71B)
Class org.jetbrains.kotlin.protobuf.CodedOutputStream                                 : loaded 2 times (x 72B)
Class org.jetbrains.kotlin.metadata.ProtoBuf$Annotation                               : loaded 2 times (x 109B)
Class org.jetbrains.kotlin.descriptors.ReceiverParameterDescriptor                    : loaded 2 times (x 70B)
Class org.jetbrains.kotlin.container.ValueResolveContext                              : loaded 2 times (x 70B)
Class org.jetbrains.kotlin.resolve.calls.checkers.NullableVarargArgumentCallChecker   : loaded 2 times (x 74B)
Class org.jetbrains.kotlin.resolve.calls.checkers.ImplicitNothingAsTypeParameterCallChecker: loaded 2 times (x 74B)
Class org.jetbrains.kotlin.resolve.checkers.ReifiedTypeParameterAnnotationChecker     : loaded 2 times (x 74B)
Class org.jetbrains.kotlin.container.ContainerConsistencyException                    : loaded 2 times (x 82B)
Class org.jetbrains.kotlin.resolve.checkers.ClassifierUsageChecker                    : loaded 2 times (x 70B)
Class org.jetbrains.kotlin.diagnostics.PositioningStrategies$IF_EXPRESSION$1          : loaded 2 times (x 74B)
Class org.jetbrains.kotlin.storage.DefaultSimpleLock                                  : loaded 2 times (x 78B)
Class org.jetbrains.kotlin.psi.KtOperationReferenceExpression                         : loaded 2 times (x 569B)
Class org.jetbrains.kotlin.psi.KtConstantExpression                                   : loaded 2 times (x 504B)
Class org.jetbrains.kotlin.psi.KtValueArgumentList                                    : loaded 2 times (x 452B)
Class org.jetbrains.kotlin.psi.stubs.KotlinAnnotationEntryStub                        : loaded 2 times (x 70B)
Class kotlin.collections.AbstractMutableList                                          : loaded 2 times (x 206B)
Class kotlin.script.experimental.api.ScriptIdeConfigurationKt                         : loaded 2 times (x 71B)
Class org.jetbrains.kotlin.compiler.plugin.CompilerPluginRegistrar                    : loaded 2 times (x 73B)
Class org.jetbrains.kotlin.cli.common.extensions.ReplFactoryExtension$Companion       : loaded 2 times (x 72B)
Class kotlin.script.experimental.jvm.JvmScriptingHostConfigurationKt                  : loaded 2 times (x 71B)
Class org.jetbrains.kotlin.codegen.extensions.ExpressionCodegenExtension              : loaded 2 times (x 70B)
Class org.jetbrains.kotlin.cli.common.messages.GradleStyleMessageRenderer             : loaded 2 times (x 78B)
Class com.android.tools.lint.model.DefaultLintModelMavenName                          : loaded 2 times (x 87B)
Class kotlin.jvm.functions.Function1                                                  : loaded 2 times (x 70B)
Class org.jetbrains.kotlin.protobuf.Utf8                                              : loaded 2 times (x 71B)
Class [Lorg.jetbrains.kotlin.metadata.ProtoBuf$Visibility;                            : loaded 2 times (x 69B)
Class org.jetbrains.org.objectweb.asm.tree.TypeInsnNode                               : loaded 2 times (x 79B)
Class com.google.common.collect.MapMakerInternalMap                                   : loaded 2 times (x 161B)
Class org.objectweb.asm.Handler                                                       : loaded 2 times (x 72B)
Class com.google.common.base.Ticker                                                   : loaded 2 times (x 72B)
Class org.gradle.internal.agents.InstrumentingClassLoader                             : loaded 2 times (x 70B)
Class [Lcom.android.tools.analytics.Environment$EnvironmentVariable;                  : loaded 2 times (x 69B)
Class com.google.protobuf.Utf8$SafeProcessor                                          : loaded 2 times (x 77B)
Class org.jetbrains.kotlin.codegen.AccessorForConstructorDescriptor                   : loaded 2 times (x 450B)
Class org.jetbrains.kotlin.cfg.variable.PseudocodeVariablesData$Companion             : loaded 2 times (x 71B)
Class org.jetbrains.kotlin.resolve.ObservableBindingTrace$RecordHandler               : loaded 2 times (x 70B)
Class org.jetbrains.kotlin.contracts.model.structure.ESReturns                        : loaded 2 times (x 73B)
Class org.jetbrains.kotlin.codegen.AccessorForCompanionObjectInstanceFieldDescriptor  : loaded 2 times (x 351B)
Class org.jetbrains.kotlin.codegen.OwnerKind                                          : loaded 2 times (x 79B)
Class org.jetbrains.kotlin.types.TypeCapabilitiesKt                                   : loaded 2 times (x 71B)
Class org.jetbrains.kotlin.resolve.calls.model.PostponedCallableReferenceAtom         : loaded 2 times (x 92B)
Class org.jetbrains.kotlin.resolve.calls.inference.components.FreshVariableNewTypeSubstitutor$Companion: loaded 2 times (x 71B)
Class org.jetbrains.kotlin.resolve.calls.components.ArgumentsToParametersMapper$CallArgumentProcessor: loaded 2 times (x 72B)
Class org.jetbrains.kotlin.resolve.calls.components.CompatibilityOfPartiallyApplicableSamConversion: loaded 2 times (x 73B)
Class [Lorg.jetbrains.kotlin.resolve.calls.context.ContextDependency;                 : loaded 2 times (x 69B)
Class org.jetbrains.kotlin.load.kotlin.DescriptorBasedTypeSignatureMappingKt          : loaded 2 times (x 71B)
Class org.jetbrains.kotlin.util.CheckResult$IllegalFunctionName                       : loaded 2 times (x 71B)
Class org.jetbrains.kotlin.util.OperatorChecks$checks$2                               : loaded 2 times (x 78B)
Class org.jetbrains.kotlin.load.java.lazy.descriptors.LazyJavaStaticClassScope        : loaded 2 times (x 111B)
Class org.jetbrains.kotlin.load.java.lazy.descriptors.LazyJavaClassDescriptor$scopeHolder$1: loaded 2 times (x 79B)
Class org.jetbrains.kotlin.load.java.lazy.descriptors.LazyJavaClassMemberScope$constructors$1: loaded 2 times (x 79B)
Class [Lorg.jetbrains.kotlin.descriptors.DeclarationDescriptorWithSource;             : loaded 2 times (x 69B)
Class org.jetbrains.kotlin.resolve.scopes.HierarchicalScope$DefaultImpls              : loaded 2 times (x 71B)
Class org.jetbrains.kotlin.resolve.scopes.TraceBasedLocalRedeclarationChecker         : loaded 2 times (x 78B)
Class org.jetbrains.kotlin.utils.DFS                                                  : loaded 2 times (x 71B)
Class [Lorg.jetbrains.kotlin.metadata.jvm.JvmProtoBuf$StringTableTypes$Record$Operation;: loaded 2 times (x 69B)
Class org.jetbrains.kotlin.psi.KtStubbedPsiUtil                                       : loaded 2 times (x 71B)
Class org.jetbrains.kotlin.synthetic.SamAdapterFunctionsScope$samConstructorForClassifier$1: loaded 2 times (x 79B)
Class org.jetbrains.kotlin.resolve.calls.CandidateResolver$ValueArgumentsCheckingResult: loaded 2 times (x 72B)
Class org.jetbrains.kotlin.resolve.scopes.HierarchicalScope                           : loaded 2 times (x 70B)
Class org.jetbrains.kotlin.types.model.TypeSystemTypeFactoryContext                   : loaded 2 times (x 70B)
Class org.jetbrains.kotlin.resolve.checkers.OptInUsageChecker$ClassifierUsage         : loaded 2 times (x 75B)
Class org.jetbrains.kotlin.load.java.ErasedOverridabilityCondition                    : loaded 2 times (x 75B)
Class org.jetbrains.kotlin.util.AbstractArrayMapOwner                                 : loaded 2 times (x 81B)
Class org.jetbrains.kotlin.builtins.jvm.JvmBuiltInClassDescriptorFactory              : loaded 2 times (x 77B)
Class org.jetbrains.kotlin.serialization.deserialization.builtins.BuiltInsLoaderImpl  : loaded 2 times (x 75B)
Class org.jetbrains.kotlin.util.slicedMap.MutableSlicedMap                            : loaded 2 times (x 70B)
Class org.jetbrains.kotlin.metadata.builtins.BuiltInsBinaryVersion$Companion          : loaded 2 times (x 71B)
Class org.jetbrains.kotlin.diagnostics.rendering.DefaultErrorMessages$Extension       : loaded 2 times (x 70B)
Class org.jetbrains.kotlin.resolve.calls.checkers.CallChecker                         : loaded 2 times (x 70B)
Class org.jetbrains.kotlin.config.JvmTarget                                           : loaded 2 times (x 83B)
Class org.jetbrains.kotlin.psi.KtArrayAccessExpression                                : loaded 2 times (x 505B)
Class org.jetbrains.kotlin.psi.KtFunctionTypeReceiver                                 : loaded 2 times (x 444B)
Class [Lorg.jetbrains.kotlin.psi.KtNullableType;                                      : loaded 2 times (x 69B)
Class kotlin.jvm.internal.markers.KMutableIterator                                    : loaded 2 times (x 70B)
Class kotlin.script.experimental.api.ScriptCompilationKt                              : loaded 2 times (x 71B)
Class org.jetbrains.kotlin.scripting.compiler.plugin.ScriptingCompilerConfigurationExtension: loaded 2 times (x 76B)
Class kotlin.reflect.jvm.internal.KCallableImpl$_typeParameters$1                     : loaded 2 times (x 79B)
Class kotlin.script.experimental.util.PropertiesCollection$Companion                  : loaded 2 times (x 71B)
Class org.jetbrains.kotlin.js.translate.extensions.JsSyntheticTranslateExtension$Companion: loaded 2 times (x 72B)
Class com.android.SdkConstants                                                        : loaded 2 times (x 71B)
Class kotlin.io.FilesKt__FileTreeWalkKt                                               : loaded 2 times (x 71B)
Class org.jetbrains.kotlin.descriptors.impl.PackageViewDescriptorFactory$Companion    : loaded 2 times (x 71B)
Class kotlin.jvm.functions.Function2                                                  : loaded 2 times (x 70B)
Class kotlin.KotlinNothingValueException                                              : loaded 2 times (x 82B)
Class com.google.common.cache.RemovalCause$1                                          : loaded 2 times (x 80B)
Class [Lcom.google.common.cache.LocalCache$Segment;                                   : loaded 2 times (x 69B)
Class [Lcom.google.common.cache.LocalCache$Strength;                                  : loaded 2 times (x 69B)
Class com.google.common.cache.CacheBuilder$1                                          : loaded 2 times (x 85B)
Class org.gradle.internal.classpath.DefaultClassPath$ImmutableUniqueList$Builder      : loaded 2 times (x 75B)
Class com.google.common.collect.RowSortedTable                                        : loaded 2 times (x 70B)
Class org.jetbrains.kotlin.contracts.description.CallsEffectDeclaration               : loaded 2 times (x 78B)
Class org.jetbrains.kotlin.serialization.deserialization.MemberDeserializer$getReceiverParameterAnnotations$1: loaded 2 times (x 79B)
Class org.jetbrains.kotlin.load.java.structure.JavaTypesKt                            : loaded 2 times (x 71B)
Class org.jetbrains.kotlin.scripting.resolve.ScriptCompilationConfigurationWrapper$FromCompilationConfiguration$dependenciesClassPath$2: loaded 2 times (x 79B)
Class org.jetbrains.kotlin.types.DisjointKeysUnionTypeSubstitution$Companion          : loaded 2 times (x 71B)
Class org.jetbrains.kotlin.descriptors.annotations.BuiltInAnnotationDescriptor$type$2 : loaded 2 times (x 79B)
Class org.jetbrains.kotlin.resolve.calls.tower.TowerData$ForLookupForNoExplicitReceiver: loaded 2 times (x 72B)
Class org.jetbrains.kotlin.resolve.calls.tower.HidesMembersTowerLevel                 : loaded 2 times (x 82B)
Class [Lorg.jetbrains.kotlin.resolve.calls.components.ArgumentsToParametersMapper$CallArgumentProcessor$State;: loaded 2 times (x 69B)
Class org.jetbrains.kotlin.resolve.calls.components.CheckReceivers                    : loaded 2 times (x 73B)
Class org.jetbrains.kotlin.load.java.typeEnhancement.SignatureEnhancement$enhanceSignature$returnTypeEnhancement$1: loaded 2 times (x 78B)
Class org.jetbrains.kotlin.util.OperatorChecks$checks$3                               : loaded 2 times (x 78B)
Class org.jetbrains.kotlin.load.kotlin.TypeMappingConfiguration                       : loaded 2 times (x 70B)
Class org.jetbrains.kotlin.asJava.finder.JavaElementFinder$findInterfaceDefaultImpls$1: loaded 2 times (x 78B)
Class org.jetbrains.kotlin.resolve.DescriptorFactory                                  : loaded 2 times (x 71B)
Class org.jetbrains.kotlin.resolve.SinceKotlinAccessibility$Accessible                : loaded 2 times (x 71B)
Class [Lorg.jetbrains.kotlin.load.java.structure.LightClassOriginKind;                : loaded 2 times (x 69B)
Class org.jetbrains.kotlin.resolve.jvm.JvmPrimitiveType                               : loaded 2 times (x 79B)
Class org.jetbrains.kotlin.psi.psiUtil.KtPsiUtilKt$getTopmostParentQualifiedExpressionForSelector$1: loaded 2 times (x 78B)
Class org.jetbrains.kotlin.load.kotlin.JavaFlexibleTypeDeserializer                   : loaded 2 times (x 74B)
Class org.jetbrains.kotlin.serialization.deserialization.ProtoEnumFlags               : loaded 2 times (x 71B)
Class org.jetbrains.kotlin.resolve.calls.CallResolver                                 : loaded 2 times (x 94B)
Class org.jetbrains.kotlin.config.AnalysisFlags$explicitApiVersion$2                  : loaded 2 times (x 127B)
Class [Lorg.jetbrains.kotlin.descriptors.DeclarationDescriptor;                       : loaded 2 times (x 69B)
Class org.jetbrains.kotlin.types.error.ErrorScopeKind                                 : loaded 2 times (x 79B)
Class org.jetbrains.kotlin.descriptors.NotFoundClasses$classes$1                      : loaded 2 times (x 79B)
Class org.jetbrains.kotlin.metadata.ProtoBuf$QualifiedNameTable$QualifiedName$Kind$1  : loaded 2 times (x 74B)
Class org.jetbrains.kotlin.protobuf.Internal$EnumLite                                 : loaded 2 times (x 70B)
Class org.jetbrains.kotlin.utils.exceptions.KotlinExceptionWithAttachments            : loaded 2 times (x 70B)
Class org.jetbrains.kotlin.parsing.KotlinParsing                                      : loaded 2 times (x 124B)
Class org.jetbrains.kotlin.psi.KtTypeParameterListOwnerNotStubbed                     : loaded 2 times (x 926B)
Class [Lorg.jetbrains.kotlin.lexer.KtSingleValueToken;                                : loaded 2 times (x 69B)
Class org.jetbrains.kotlin.psi.KtTypeElement                                          : loaded 2 times (x 70B)
Class org.jetbrains.kotlin.psi.KtCallableDeclaration                                  : loaded 2 times (x 70B)
Class org.jetbrains.kotlin.psi.KtDeclarationWithBody                                  : loaded 2 times (x 70B)
Class kotlin.jvm.functions.Function3                                                  : loaded 2 times (x 70B)
Class kotlin.reflect.jvm.internal.KDeclarationContainerImpl$Data                      : loaded 2 times (x 72B)
Class kotlin.reflect.jvm.internal.KProperty1Impl$_getter$1                            : loaded 2 times (x 79B)
Class org.jetbrains.kotlin.extensions.internal.TypeResolutionInterceptorExtension     : loaded 2 times (x 70B)
Class kotlin.collections.MapsKt___MapsJvmKt                                           : loaded 2 times (x 71B)
Class [Lcom.android.prefs.LocationValue;                                              : loaded 2 times (x 69B)
Class org.jetbrains.kotlin.load.kotlin.VirtualFileFinder                              : loaded 2 times (x 89B)
Class com.google.common.cache.RemovalCause$2                                          : loaded 2 times (x 80B)
Class com.google.common.collect.MapMakerInternalMap$WeakValueReference                : loaded 2 times (x 70B)
Class com.google.common.cache.LocalCache                                              : loaded 2 times (x 187B)
Class com.google.common.cache.CacheBuilder$2                                          : loaded 2 times (x 72B)
Class com.google.gson.TypeAdapter$1                                                   : loaded 2 times (x 74B)
Class [Lorg.jetbrains.kotlin.codegen.signature.BothSignatureWriter$Mode;              : loaded 2 times (x 69B)
Class kotlin.collections.State                                                        : loaded 2 times (x 79B)
Class org.jetbrains.kotlin.resolve.checkers.PublishedApiUsageChecker                  : loaded 2 times (x 71B)
Class org.jetbrains.kotlin.types.expressions.OperatorConventions                      : loaded 2 times (x 71B)
Class org.jetbrains.kotlin.contracts.ESDataFlowValue                                  : loaded 2 times (x 70B)
Class org.jetbrains.kotlin.contracts.model.visitors.InfoCollector                     : loaded 2 times (x 83B)
Class org.jetbrains.kotlin.resolve.VariableTypeAndInitializerResolver$setConstantForVariableIfNeeded$1$1: loaded 2 times (x 79B)
Class org.jetbrains.kotlin.load.kotlin.TypeMappingMode$Companion                      : loaded 2 times (x 71B)
Class org.jetbrains.kotlin.resolve.calls.model.SimpleCandidateFactory$WhenMappings    : loaded 2 times (x 71B)
Class org.jetbrains.kotlin.resolve.inline.InlineUtil                                  : loaded 2 times (x 71B)
Class org.jetbrains.kotlin.load.kotlin.SignatureBuildingComponents$jvmDescriptor$1    : loaded 2 times (x 78B)
Class org.jetbrains.kotlin.util.MemberKindCheck$MemberOrExtension                     : loaded 2 times (x 80B)
Class org.jetbrains.kotlin.load.java.typeEnhancement.SignatureParts                   : loaded 2 times (x 91B)
Class [Lorg.jetbrains.kotlin.load.java.lazy.types.JavaTypeFlexibility;                : loaded 2 times (x 69B)
Class org.jetbrains.kotlin.load.java.structure.JavaAnnotation                         : loaded 2 times (x 70B)
Class org.jetbrains.kotlin.resolve.scopes.SubstitutingScope                           : loaded 2 times (x 89B)
Class org.jetbrains.kotlin.builtins.jvm.JavaToKotlinClassMap$PlatformMutabilityMapping: loaded 2 times (x 72B)
Class org.jetbrains.kotlin.metadata.jvm.deserialization.JvmNameResolverBase           : loaded 2 times (x 80B)
Class org.jetbrains.kotlin.resolve.lazy.descriptors.LazyClassMemberScope$supertypes$2 : loaded 2 times (x 79B)
Class org.jetbrains.kotlin.config.JvmAnalysisFlags$enableJvmPreview$2                 : loaded 2 times (x 127B)
Class javaslang.collection.Map                                                        : loaded 2 times (x 70B)
Class org.jetbrains.kotlin.resolve.calls.smartcasts.DataFlowInfoImpl                  : loaded 2 times (x 87B)
Class org.jetbrains.kotlin.resolve.calls.results.FlatSignatureForResolvedCallKt       : loaded 2 times (x 71B)
Class org.jetbrains.kotlin.descriptors.impl.AbstractTypeParameterDescriptor           : loaded 2 times (x 167B)
Class org.jetbrains.kotlin.serialization.deserialization.descriptors.DeserializedClassDescriptor$companionObjectDescriptor$1: loaded 2 times (x 79B)
Class org.jetbrains.kotlin.descriptors.ScopesHolderForClass                           : loaded 2 times (x 72B)
Class org.jetbrains.kotlin.resolve.scopes.MemberScope$Companion$ALL_NAME_FILTER$1     : loaded 2 times (x 78B)
Class [Lorg.jetbrains.kotlin.resolve.calls.tower.NewResolutionOldInference$ResolutionKind;: loaded 2 times (x 69B)
Class org.jetbrains.kotlin.resolve.ModifiersChecker$ModifiersCheckingProcedure        : loaded 2 times (x 79B)
Class org.jetbrains.kotlin.resolve.calls.inference.components.VariableFixationFinder  : loaded 2 times (x 72B)
Class org.jetbrains.kotlin.resolve.calls.KotlinCallResolver                           : loaded 2 times (x 72B)
Class org.jetbrains.kotlin.resolve.calls.inference.model.ArgumentConstraintPosition   : loaded 2 times (x 72B)
Class org.jetbrains.kotlin.resolve.calls.model.PostponedAtomWithRevisableExpectedType : loaded 2 times (x 70B)
Class org.jetbrains.kotlin.resolve.jvm.checkers.RepeatableAnnotationChecker           : loaded 2 times (x 75B)
Class org.jetbrains.kotlin.resolve.sam.SamConversionResolverImpl                      : loaded 2 times (x 75B)
Class org.jetbrains.kotlin.renderer.DescriptorRendererOptionsImpl$property$$inlined$vetoable$1: loaded 2 times (x 83B)
Class org.jetbrains.kotlin.protobuf.RopeByteString                                    : loaded 2 times (x 110B)
Class org.jetbrains.kotlin.diagnostics.DiagnosticSink                                 : loaded 2 times (x 70B)
Class kotlin.annotation.Target                                                        : loaded 2 times (x 70B)
Class org.jetbrains.kotlin.resolve.calls.checkers.DslScopeViolationCallChecker        : loaded 2 times (x 74B)
Class org.jetbrains.kotlin.resolve.checkers.KClassWithIncorrectTypeArgumentChecker    : loaded 2 times (x 74B)
Class org.jetbrains.kotlin.resolve.OverloadFilter                                     : loaded 2 times (x 70B)
Class org.jetbrains.kotlin.diagnostics.PositioningStrategies$RECEIVER$1               : loaded 2 times (x 75B)
Class org.jetbrains.kotlin.parsing.KotlinParsing$PropertyComponentKind$Collector      : loaded 2 times (x 74B)
Class [Lorg.jetbrains.kotlin.load.java.ReportLevel;                                   : loaded 2 times (x 69B)
Class org.jetbrains.kotlin.descriptors.TypeParameterDescriptor                        : loaded 2 times (x 70B)
Class org.jetbrains.kotlin.psi.KtLabeledExpression                                    : loaded 2 times (x 554B)
Class org.jetbrains.kotlin.psi.KtImportInfo                                           : loaded 2 times (x 70B)
Class [Lorg.jetbrains.kotlin.psi.KtObjectDeclaration;                                 : loaded 2 times (x 69B)
Class kotlin.reflect.jvm.internal.impl.builtins.PrimitiveType$Companion               : loaded 2 times (x 71B)
Class kotlin.jvm.functions.Function4                                                  : loaded 2 times (x 70B)
Class kotlin.reflect.jvm.internal.KClassImpl$Data$typeParameters$2                    : loaded 2 times (x 79B)
Class kotlin.reflect.jvm.internal.KClassImpl$Data                                     : loaded 2 times (x 72B)
Class org.jetbrains.kotlin.scripting.definitions.ScriptDefinitionProvider             : loaded 2 times (x 70B)
Class org.jetbrains.kotlin.cli.jvm.compiler.MockExternalAnnotationsManager            : loaded 2 times (x 87B)
Class org.jetbrains.kotlin.resolve.TypeResolver                                       : loaded 2 times (x 72B)
Class kotlin.collections.EmptySet                                                     : loaded 2 times (x 122B)
Class kotlin.collections.CollectionsKt___CollectionsKt                                : loaded 2 times (x 71B)
Class org.jetbrains.kotlin.resolve.QualifiedExpressionResolver                        : loaded 2 times (x 72B)
Class org.jetbrains.kotlin.resolve.TopDownAnalysisContext                             : loaded 2 times (x 107B)
Class com.google.common.cache.RemovalCause$3                                          : loaded 2 times (x 80B)
Class org.jetbrains.org.objectweb.asm.tree.IincInsnNode                               : loaded 2 times (x 78B)
Class org.jetbrains.org.objectweb.asm.tree.MultiANewArrayInsnNode                     : loaded 2 times (x 79B)
Class org.gradle.api.GradleException                                                  : loaded 2 times (x 82B)
Class org.jetbrains.kotlin.load.java.structure.JavaMethod                             : loaded 2 times (x 70B)
Class org.jetbrains.kotlin.resolve.calls.inference.model.Constraint                   : loaded 2 times (x 72B)
Class org.jetbrains.kotlin.load.kotlin.TypeMappingModeExtensionsKt                    : loaded 2 times (x 71B)
Class org.jetbrains.kotlin.resolve.checkers.OptionalExpectationChecker                : loaded 2 times (x 71B)
Class [Lorg.jetbrains.kotlin.types.expressions.CoercionStrategy;                      : loaded 2 times (x 69B)
Class org.jetbrains.kotlin.resolve.jvm.kotlinSignature.SignaturesPropagationData$VarargCheckResult: loaded 2 times (x 72B)
Class org.jetbrains.kotlin.types.TypeCheckerState$SupertypesPolicy$UpperIfFlexible    : loaded 2 times (x 72B)
Class org.jetbrains.kotlin.resolve.calls.model.DefaultValueArgument                   : loaded 2 times (x 75B)
Class org.jetbrains.kotlin.resolve.calls.CallExpressionElement                        : loaded 2 times (x 72B)
Class org.jetbrains.kotlin.resolve.calls.results.AbstractOverloadResolutionResults    : loaded 2 times (x 93B)
Class org.jetbrains.kotlin.resolve.calls.components.KotlinCallCompleter$runCompletion$1: loaded 2 times (x 79B)
Class org.jetbrains.kotlin.resolve.calls.model.ResolutionAtomsKt                      : loaded 2 times (x 71B)
Class [Lorg.jetbrains.kotlin.builtins.UnsignedType;                                   : loaded 2 times (x 69B)
Class org.jetbrains.kotlin.types.expressions.typeInfoFactory.TypeInfoFactoryKt        : loaded 2 times (x 71B)
Class org.jetbrains.kotlin.resolve.jvm.kotlinSignature.SignaturePropagationUtilKt     : loaded 2 times (x 71B)
Class org.jetbrains.kotlin.load.java.typeEnhancement.JavaTypeQualifiers               : loaded 2 times (x 72B)
Class org.jetbrains.kotlin.load.java.typeEnhancement.AbstractSignatureParts$TypeAndDefaultQualifiers: loaded 2 times (x 72B)
Class org.jetbrains.kotlin.resolve.ResolutionAnchorProviderKt                         : loaded 2 times (x 71B)
Class org.jetbrains.kotlin.asJava.KtLightClassMarker                                  : loaded 2 times (x 70B)
Class org.jetbrains.kotlin.resolve.FindLoopsInSupertypes$isReachable$1                : loaded 2 times (x 80B)
Class org.jetbrains.kotlin.resolve.lazy.descriptors.ClassResolutionScopesSupport$scopeForClassHeaderResolution$1: loaded 2 times (x 79B)
Class org.jetbrains.kotlin.load.kotlin.incremental.IncrementalPackagePartProvider     : loaded 2 times (x 79B)
Class org.jetbrains.kotlin.resolve.jvm.checkers.JvmReflectionAPICallChecker$isWholeReflectionApiAvailable$2: loaded 2 times (x 79B)
Class org.jetbrains.kotlin.container.DefaultSingletonTypeComponentDescriptor          : loaded 2 times (x 93B)
Class org.jetbrains.kotlin.resolve.calls.context.TemporaryTraceAndCache               : loaded 2 times (x 73B)
Class org.jetbrains.kotlin.resolve.calls.tower.TowerResolver$ResultCollector          : loaded 2 times (x 74B)
Class org.jetbrains.kotlin.resolve.calls.model.ResolvedAtom                           : loaded 2 times (x 74B)
Class org.jetbrains.kotlin.resolve.calls.smartcasts.SmartCastManager$ReceiverSmartCastResult: loaded 2 times (x 79B)
Class org.jetbrains.kotlin.resolve.QualifiedExpressionResolver$QualifiedExpressionResolveResult: loaded 2 times (x 72B)
Class org.jetbrains.kotlin.resolve.FilePreprocessor                                   : loaded 2 times (x 72B)
Class org.jetbrains.kotlin.types.model.FlexibleTypeMarker                             : loaded 2 times (x 70B)
Class org.jetbrains.kotlin.resolve.lazy.LazyClassContext                              : loaded 2 times (x 70B)
Class org.jetbrains.kotlin.config.AnalysisFlag$Delegate                               : loaded 2 times (x 75B)
Class org.jetbrains.kotlin.types.model.TypeArgumentListMarker                         : loaded 2 times (x 70B)
Class org.jetbrains.kotlin.resolve.calls.model.ResolvedCallableReferenceAtom          : loaded 2 times (x 70B)
Class org.jetbrains.kotlin.descriptors.Substitutable                                  : loaded 2 times (x 70B)
Class kotlin.annotation.Retention                                                     : loaded 2 times (x 70B)
Class org.jetbrains.kotlin.container.ComponentResolveContext                          : loaded 2 times (x 75B)
Class org.jetbrains.kotlin.diagnostics.PositioningStrategies$OPERATOR$1               : loaded 2 times (x 74B)
Class org.jetbrains.kotlin.resolve.jvm.checkers.UnsupportedSyntheticCallableReferenceChecker: loaded 2 times (x 74B)
Class org.jetbrains.kotlin.resolve.jvm.checkers.TypeParameterBoundIsNotArrayChecker   : loaded 2 times (x 74B)
Class org.jetbrains.kotlin.parsing.PrecedingCommentsBinder                            : loaded 2 times (x 74B)
Class org.jetbrains.kotlin.psi.KtAnnotatedExpression                                  : loaded 2 times (x 564B)
Class org.jetbrains.kotlin.psi.KtParenthesizedExpression                              : loaded 2 times (x 438B)
Class [Lorg.jetbrains.kotlin.psi.KtConstantExpression;                                : loaded 2 times (x 69B)
Class [Lorg.jetbrains.kotlin.psi.KtConstructor;                                       : loaded 2 times (x 69B)
Class org.jetbrains.kotlin.psi.stubs.elements.KtTypeAliasElementType                  : loaded 2 times (x 100B)
Class [Lorg.jetbrains.kotlin.psi.KtPropertyAccessor;                                  : loaded 2 times (x 69B)
Class [Lorg.jetbrains.kotlin.psi.KtClassOrObject;                                     : loaded 2 times (x 69B)
Class org.jetbrains.kotlin.cli.jvm.index.JvmDependenciesIndexImpl$packageCache$2      : loaded 2 times (x 79B)
Class org.jetbrains.kotlin.cli.jvm.modules.CliJavaModuleFinder$systemModules$1        : loaded 2 times (x 125B)
Class kotlin.jvm.functions.Function5                                                  : loaded 2 times (x 70B)
Class org.jetbrains.kotlin.load.kotlin.KotlinBinaryClassCache$Companion               : loaded 2 times (x 71B)
Class org.jetbrains.kotlin.resolve.calls.inference.components.ResultTypeResolver$Context: loaded 2 times (x 70B)
Class kotlin.reflect.KDeclarationContainer                                            : loaded 2 times (x 70B)
Class org.jetbrains.kotlin.serialization.deserialization.descriptors.DeserializedClassDescriptor$EnumEntryClassDescriptors: loaded 2 times (x 72B)
Class kotlin.text.StringsKt___StringsJvmKt                                            : loaded 2 times (x 71B)
Class com.google.common.cache.RemovalCause$4                                          : loaded 2 times (x 80B)
Class org.jetbrains.org.objectweb.asm.SymbolTable$Entry                               : loaded 2 times (x 74B)
Class org.jetbrains.org.objectweb.asm.tree.LocalVariableAnnotationNode                : loaded 2 times (x 81B)
Class com.google.common.base.Suppliers$MemoizingSupplier                              : loaded 2 times (x 79B)
Class com.google.protobuf.Internal$EnumLiteMap                                        : loaded 2 times (x 70B)
Class org.jetbrains.kotlin.backend.common.BackendException                            : loaded 2 times (x 82B)
Class com.google.common.collect.AbstractTable$CellSet                                 : loaded 2 times (x 136B)
Class com.android.resources.FolderTypeRelationship                                    : loaded 2 times (x 71B)
Class org.jetbrains.kotlin.codegen.binding.CodegenBinding                             : loaded 2 times (x 71B)
Class org.jetbrains.kotlin.resolve.calls.results.OverloadingConflictResolver$WhenMappings: loaded 2 times (x 71B)
Class org.jetbrains.kotlin.contracts.model.structure.AbstractESValue                  : loaded 2 times (x 84B)
Class org.jetbrains.kotlin.types.TypeSubstitutor$VarianceConflictType                 : loaded 2 times (x 79B)
Class org.jetbrains.kotlin.scripting.definitions.ScriptDefinition$FromLegacy          : loaded 2 times (x 115B)
Class org.jetbrains.kotlin.resolve.jvm.checkers.JvmSimpleNameBacktickChecker$checkNamed$1: loaded 2 times (x 79B)
Class org.jetbrains.kotlin.load.java.components.JavaRetentionAnnotationDescriptor     : loaded 2 times (x 87B)
Class org.jetbrains.kotlin.resolve.scopes.receivers.SuperCallReceiverValue            : loaded 2 times (x 70B)
Class org.jetbrains.kotlin.resolve.scopes.MemberScopeKt                               : loaded 2 times (x 71B)
Class org.jetbrains.kotlin.resolve.constants.IntegerValueTypeConstant                 : loaded 2 times (x 87B)
Class org.jetbrains.kotlin.resolve.calls.tower.ResolvedAtomCompleter                  : loaded 2 times (x 72B)
Class org.jetbrains.kotlin.resolve.calls.inference.ConstraintSystemBuilderKt          : loaded 2 times (x 71B)
Class org.jetbrains.kotlin.types.TypeSubstitution$Companion$EMPTY$1                   : loaded 2 times (x 77B)
Class org.jetbrains.kotlin.resolve.lazy.descriptors.ClassResolutionScopesSupport$scopeForStaticMemberDeclarationResolution$1: loaded 2 times (x 79B)
Class org.jetbrains.kotlin.util.slicedMap.RewritePolicy                               : loaded 2 times (x 70B)
Class org.jetbrains.kotlin.resolve.AnnotationChecker                                  : loaded 2 times (x 72B)
Class org.jetbrains.kotlin.resolve.lazy.NoDescriptorForDeclarationException           : loaded 2 times (x 94B)
Class org.jetbrains.kotlin.resolve.jvm.JavaDescriptorResolver                         : loaded 2 times (x 72B)
Class org.jetbrains.kotlin.resolve.jvm.JvmTypeSpecificityComparator                   : loaded 2 times (x 77B)
Class org.jetbrains.kotlin.serialization.deserialization.TypeDeserializer$classifierDescriptors$1: loaded 2 times (x 79B)
Class org.jetbrains.kotlin.descriptors.impl.PropertyDescriptorImpl                    : loaded 2 times (x 392B)
Class org.jetbrains.kotlin.descriptors.PropertyDescriptor                             : loaded 2 times (x 70B)
Class org.jetbrains.kotlin.resolve.TargetEnvironment                                  : loaded 2 times (x 73B)
Class org.jetbrains.kotlin.util.slicedMap.SlicedMapImpl                               : loaded 2 times (x 88B)
Class kotlin.io.FilesKt                                                               : loaded 2 times (x 71B)
Class org.jetbrains.kotlin.psi.psiUtil.PsiUtilsKt$siblings$1                          : loaded 2 times (x 75B)
Class org.jetbrains.kotlin.builtins.PrimitiveType$arrayTypeFqName$2                   : loaded 2 times (x 79B)
Class org.jetbrains.kotlin.metadata.ProtoBuf$Type$Argument$Projection                 : loaded 2 times (x 82B)
Class org.jetbrains.kotlin.metadata.ProtoBuf$EnumEntry$1                              : loaded 2 times (x 144B)
Class org.jetbrains.kotlin.resolve.calls.checkers.NewSchemeOfIntegerOperatorResolutionChecker: loaded 2 times (x 74B)
Class org.jetbrains.kotlin.psi.KtInstanceExpressionWithLabel                          : loaded 2 times (x 438B)
Class org.jetbrains.kotlin.psi.KtNamedDeclarationNotStubbed                           : loaded 2 times (x 844B)
Class org.jetbrains.kotlin.psi.KtFileAnnotationList                                   : loaded 2 times (x 506B)
Class org.jetbrains.kotlin.psi.KtProperty                                             : loaded 2 times (x 1322B)
Class org.jetbrains.kotlin.cli.jvm.index.JavaRoot$RootTypes                           : loaded 2 times (x 71B)
Class org.jetbrains.kotlin.storage.NotNullLazyValue                                   : loaded 2 times (x 70B)
Class org.jetbrains.kotlin.scripting.definitions.ScriptiDefinitionsFromClasspathDiscoverySourceKt$scriptTemplatesDiscoverySequence$1: loaded 2 times (x 95B)
Class kotlin.jvm.functions.Function6                                                  : loaded 2 times (x 70B)
Class org.jetbrains.kotlin.scripting.definitions.ScriptDependenciesProvider           : loaded 2 times (x 75B)
Class kotlin.reflect.jvm.internal.KPropertyImpl$_descriptor$1                         : loaded 2 times (x 79B)
Class kotlin.reflect.jvm.internal.KTypeParameterOwnerImpl                             : loaded 2 times (x 70B)
Class org.jetbrains.kotlin.util.PerformanceCounter$Companion                          : loaded 2 times (x 71B)
Class org.jetbrains.kotlin.cli.jvm.compiler.KotlinCoreEnvironment$Companion$getOrCreateApplicationEnvironment$1$2: loaded 2 times (x 74B)
Class kotlin.collections.MapsKt___MapsKt                                              : loaded 2 times (x 71B)
Class kotlin.collections.ArraysKt___ArraysKt                                          : loaded 2 times (x 71B)
Class org.jetbrains.kotlin.resolve.scopes.AbstractLocalRedeclarationChecker           : loaded 2 times (x 78B)
Class org.jetbrains.kotlin.resolve.TypeResolver$classifierDescriptorsFromInnerToOuter$1: loaded 2 times (x 79B)
Class com.google.common.collect.Maps$AbstractFilteredMap                              : loaded 2 times (x 127B)
Class com.google.common.cache.RemovalCause$5                                          : loaded 2 times (x 80B)
Class org.jetbrains.org.objectweb.asm.tree.InvokeDynamicInsnNode                      : loaded 2 times (x 78B)
Class [Lcom.google.common.collect.MapMakerInternalMap$Strength;                       : loaded 2 times (x 69B)
Class [Lcom.google.common.io.FileWriteMode;                                           : loaded 2 times (x 69B)
Class Build_gradle$1$1                                                                : loaded 2 times (x 78B)
Class org.jetbrains.kotlin.types.TypeWithEnhancementKt                                : loaded 2 times (x 71B)
Class org.jetbrains.kotlin.resolve.jvm.JvmBindingContextSlices                        : loaded 2 times (x 71B)
Class org.jetbrains.kotlin.cfg.pseudocode.instructions.eval.AccessTarget$Call         : loaded 2 times (x 72B)
Class org.jetbrains.kotlin.cfg.pseudocode.instructions.BlockScope                     : loaded 2 times (x 72B)
Class kotlin.sequences.SequencesKt___SequencesKt$asIterable$$inlined$Iterable$1       : loaded 2 times (x 79B)
Class org.jetbrains.kotlin.resolve.calls.inference.components.VariableFixationFinderKt$containsTypeVariable$1: loaded 2 times (x 79B)
Class org.jetbrains.kotlin.contracts.description.BooleanExpression                    : loaded 2 times (x 70B)
Class org.jetbrains.kotlin.types.TypeApproximatorConfiguration$AbstractCapturedTypesApproximation: loaded 2 times (x 87B)
Class org.jetbrains.kotlin.resolve.VisibilityUtilKt                                   : loaded 2 times (x 71B)
Class org.jetbrains.kotlin.resolve.calls.tower.ResolutionDiagnostic                   : loaded 2 times (x 73B)
Class org.jetbrains.kotlin.contracts.parsing.ContractsDslNames                        : loaded 2 times (x 71B)
Class [Lorg.jetbrains.kotlin.resolve.calls.smartcasts.DataFlowValue$Kind;             : loaded 2 times (x 69B)
Class org.jetbrains.kotlin.resolve.calls.smartcasts.Nullability                       : loaded 2 times (x 79B)
Class [Lorg.jetbrains.kotlin.resolve.calls.model.KotlinCallKind;                      : loaded 2 times (x 69B)
Class org.jetbrains.kotlin.util.ValueParameterCountCheck                              : loaded 2 times (x 80B)
Class [Lorg.jetbrains.kotlin.descriptors.MemberDescriptor;                            : loaded 2 times (x 69B)
Class org.jetbrains.kotlin.load.java.structure.LightClassOriginKind                   : loaded 2 times (x 79B)
Class org.jetbrains.kotlin.resolve.scopes.LexicalChainedScope                         : loaded 2 times (x 93B)
Class org.jetbrains.kotlin.metadata.jvm.JvmProtoBuf$JvmPropertySignature$Builder      : loaded 2 times (x 141B)
Class org.jetbrains.kotlin.load.java.lazy.descriptors.JvmPackageScope                 : loaded 2 times (x 89B)
Class org.jetbrains.kotlin.resolve.lazy.descriptors.ClassResolutionScopesSupport$inheritanceScopeWithoutMe$1: loaded 2 times (x 79B)
Class org.jetbrains.kotlin.resolve.calls.CallExpressionResolver$Companion             : loaded 2 times (x 71B)
Class org.jetbrains.kotlin.load.java.components.TraceBasedErrorReporter$Companion     : loaded 2 times (x 71B)
Class org.jetbrains.kotlin.load.kotlin.DeserializedDescriptorResolver                 : loaded 2 times (x 72B)
Class org.jetbrains.kotlin.types.expressions.DoubleColonLHS$Type                      : loaded 2 times (x 72B)
Class org.jetbrains.kotlin.resolve.calls.smartcasts.SmartCastManager                  : loaded 2 times (x 72B)
Class org.jetbrains.kotlin.builtins.PlatformSpecificCastChecker                       : loaded 2 times (x 70B)
Class org.jetbrains.kotlin.resolve.scopes.LexicalWritableScope                        : loaded 2 times (x 111B)
Class org.jetbrains.kotlin.config.JvmAnalysisFlags$jvmDefaultMode$2                   : loaded 2 times (x 127B)
Class org.jetbrains.kotlin.resolve.jvm.JvmTypeSpecificityComparatorDelegate           : loaded 2 times (x 77B)
Class org.jetbrains.kotlin.metadata.jvm.deserialization.ModuleMapping                 : loaded 2 times (x 72B)
Class org.jetbrains.kotlin.storage.LockBasedStorageManager$CacheWithNullableValuesBasedOnMemoizedFunction$1: loaded 2 times (x 76B)
Class org.jetbrains.kotlin.types.error.ErrorTypeConstructor                           : loaded 2 times (x 81B)
Class org.jetbrains.kotlin.descriptors.impl.ClassConstructorDescriptorImpl            : loaded 2 times (x 407B)
Class org.jetbrains.kotlin.resolve.IdentifierCheckerClashesResolver                   : loaded 2 times (x 73B)
Class org.jetbrains.kotlin.diagnostics.PositioningStrategies$SPREAD_OPERATOR$1        : loaded 2 times (x 74B)
Class org.jetbrains.kotlin.parsing.AbstractTokenStreamPattern                         : loaded 2 times (x 83B)
Class org.jetbrains.kotlin.psi.stubs.elements.KtPlaceHolderWithTextStubElementType    : loaded 2 times (x 100B)
Class org.jetbrains.kotlin.psi.stubs.elements.KtNameReferenceExpressionElementType    : loaded 2 times (x 103B)
Class org.jetbrains.kotlin.psi.stubs.elements.KtFunctionElementType                   : loaded 2 times (x 104B)
Class org.jetbrains.kotlin.psi.KtModifierListOwner                                    : loaded 2 times (x 70B)
Class kotlin.collections.builders.MapBuilder$KeysItr                                  : loaded 2 times (x 81B)
Class org.jetbrains.kotlin.cli.jvm.index.JavaRoot                                     : loaded 2 times (x 72B)
Class org.jetbrains.kotlin.extensions.PreprocessedFileCreator$validExts$2             : loaded 2 times (x 79B)
Class kotlin.jvm.functions.Function7                                                  : loaded 2 times (x 70B)
Class kotlin.reflect.jvm.internal.impl.name.Name                                      : loaded 2 times (x 75B)
Class org.jetbrains.kotlin.scripting.compiler.plugin.extensions.JvmStandardReplFactoryExtension: loaded 2 times (x 74B)
Class kotlin.reflect.jvm.internal.KPropertyImpl$Companion                             : loaded 2 times (x 71B)
Class org.jetbrains.kotlin.resolve.diagnostics.DiagnosticSuppressor$Companion         : loaded 2 times (x 72B)
Class org.jetbrains.kotlin.cli.jvm.compiler.IdeaExtensionPoints                       : loaded 2 times (x 71B)
Class it.unimi.dsi.fastutil.objects.ObjectSet                                         : loaded 2 times (x 70B)
Class com.android.tools.lint.model.DefaultLintModelSourceProvider                     : loaded 2 times (x 84B)
Class kotlin.collections.MapsKt__MapWithDefaultKt                                     : loaded 2 times (x 71B)
Class [Lcom.android.prefs.VariableType;                                               : loaded 2 times (x 69B)
Class net.rubygrapefruit.platform.internal.NativeLibraryLocator                       : loaded 2 times (x 73B)
Class net.rubygrapefruit.platform.Process                                             : loaded 2 times (x 70B)
Class [Lorg.jetbrains.org.objectweb.asm.Symbol;                                       : loaded 2 times (x 69B)
Class com.google.common.cache.LocalCache$HashIterator                                 : loaded 2 times (x 86B)
Class com.google.common.collect.MapMakerInternalMap$StrongKeyDummyValueSegment        : loaded 2 times (x 142B)
Class com.google.common.collect.Iterables$4                                           : loaded 2 times (x 81B)
Class com.google.common.cache.LocalCache$EntryFactory                                 : loaded 2 times (x 83B)
Class Build_gradle$1$2                                                                : loaded 2 times (x 79B)
Class com.google.protobuf.GeneratedMessageV3$Builder                                  : loaded 2 times (x 276B)
Class com.android.ide.common.resources.usage.ResourceUsageModel                       : loaded 2 times (x 112B)
Class org.jetbrains.kotlin.cfg.pseudocode.instructions.special.SubroutineSinkInstruction: loaded 2 times (x 95B)
Class org.jetbrains.kotlin.load.kotlin.BinaryClassAnnotationAndConstantLoaderImpl$AbstractAnnotationArgumentVisitor$visitAnnotation$1: loaded 2 times (x 80B)
Class org.jetbrains.kotlin.resolve.calls.results.FlatSignatureKt$isSignatureNotLessSpecific$1: loaded 2 times (x 78B)
Class org.jetbrains.kotlin.resolve.calls.inference.model.NewConstraintMismatch        : loaded 2 times (x 70B)
Class org.jetbrains.kotlin.codegen.state.InfoForMangling                              : loaded 2 times (x 72B)
Class kotlin.script.experimental.jvm.JvmScriptCompilationKt$jdkHome$2                 : loaded 2 times (x 78B)
Class org.jetbrains.kotlin.load.java.lazy.descriptors.LazyJavaAnnotationDescriptor$fqName$2: loaded 2 times (x 79B)
Class org.jetbrains.kotlin.resolve.constants.IntegerValueConstant                     : loaded 2 times (x 76B)
Class org.jetbrains.kotlin.serialization.deserialization.descriptors.DeserializedPropertyDescriptor: loaded 2 times (x 470B)
Class org.jetbrains.kotlin.resolve.calls.model.DiagnosticReporter                     : loaded 2 times (x 70B)
Class org.jetbrains.kotlin.resolve.calls.components.ReceiverInfo                      : loaded 2 times (x 72B)
Class org.jetbrains.kotlin.load.kotlin.BinaryClassAnnotationAndConstantLoaderImpl$AbstractAnnotationArgumentVisitor$visitArray$1: loaded 2 times (x 79B)
Class org.jetbrains.kotlin.resolve.calls.model.KotlinCallKt                           : loaded 2 times (x 71B)
Class org.jetbrains.kotlin.resolve.calls.components.CreateFreshVariablesSubstitutor   : loaded 2 times (x 73B)
Class org.jetbrains.kotlin.load.java.descriptors.JavaPropertyDescriptor               : loaded 2 times (x 424B)
Class org.jetbrains.kotlin.resolve.InlineClassDescriptorResolver                      : loaded 2 times (x 71B)
Class org.jetbrains.kotlin.load.java.lazy.descriptors.ClassDeclaredMemberIndex        : loaded 2 times (x 86B)
Class org.jetbrains.kotlin.types.AbbreviatedType                                      : loaded 2 times (x 94B)
Class org.jetbrains.kotlin.storage.LockBasedLazyResolveStorageManager$LockProtectedContext$get$1: loaded 2 times (x 79B)
Class org.jetbrains.kotlin.resolve.lazy.descriptors.ClassResolutionScopesSupport$scopeForCompanionObjectHeaderResolution$1: loaded 2 times (x 79B)
Class org.jetbrains.kotlin.resolve.checkers.OptInUsageChecker$OptInFactoryBasedReporter: loaded 2 times (x 75B)
Class org.jetbrains.kotlin.resolve.LanguageVersionSettingsProvider                    : loaded 2 times (x 70B)
Class org.jetbrains.kotlin.synthetic.SyntheticScopeProviderExtension$Companion        : loaded 2 times (x 72B)
Class org.jetbrains.kotlin.resolve.calls.components.ArgumentsToParametersMapper$ArgumentMapping: loaded 2 times (x 72B)
Class org.jetbrains.kotlin.resolve.calls.CandidateResolver                            : loaded 2 times (x 72B)
Class org.jetbrains.kotlin.resolve.calls.smartcasts.DataFlowInfo                      : loaded 2 times (x 70B)
Class org.jetbrains.kotlin.resolve.calls.components.InferenceSession                  : loaded 2 times (x 70B)
Class org.jetbrains.kotlin.load.java.JavaClassesTracker                               : loaded 2 times (x 70B)
Class org.jetbrains.kotlin.config.JvmAnalysisFlags                                    : loaded 2 times (x 71B)
Class org.jetbrains.kotlin.types.expressions.GenericArrayClassLiteralSupport          : loaded 2 times (x 70B)
Class org.jetbrains.kotlin.utils.DeserializationHelpersKt                             : loaded 2 times (x 71B)
Class org.jetbrains.kotlin.storage.LockBasedStorageManager$LockBasedNotNullLazyValue  : loaded 2 times (x 92B)
Class org.jetbrains.kotlin.metadata.ProtoBuf$Contract                                 : loaded 2 times (x 107B)
Class org.jetbrains.kotlin.metadata.ProtoBuf$VersionRequirementTable$1                : loaded 2 times (x 144B)
Class org.jetbrains.kotlin.descriptors.ValueDescriptor                                : loaded 2 times (x 70B)
Class org.jetbrains.kotlin.resolve.jvm.checkers.JvmAnnotationsTargetNonExistentAccessorChecker$Companion: loaded 2 times (x 71B)
Class [Lorg.jetbrains.kotlin.name.Name;                                               : loaded 2 times (x 69B)
Class org.jetbrains.kotlin.psi.KtCallableReferenceExpression                          : loaded 2 times (x 513B)
Class org.jetbrains.kotlin.psi.KtDestructuringDeclaration                             : loaded 2 times (x 780B)
Class [Lorg.jetbrains.kotlin.lexer.KtModifierKeywordToken;                            : loaded 2 times (x 69B)
Class [Lorg.jetbrains.kotlin.psi.KtAnnotationEntry;                                   : loaded 2 times (x 69B)
Class org.jetbrains.kotlin.psi.stubs.KotlinClassOrObjectStub                          : loaded 2 times (x 70B)
Class kotlin.collections.builders.MapBuilder$Companion                                : loaded 2 times (x 71B)
Class kotlin.jvm.functions.Function8                                                  : loaded 2 times (x 70B)
Class kotlin.reflect.jvm.internal.impl.name.FqNameUnsafe                              : loaded 2 times (x 72B)
Class org.jetbrains.kotlin.scripting.definitions.KotlinScriptDefinition               : loaded 2 times (x 111B)
Class org.jetbrains.kotlin.scripting.compiler.plugin.PluginRegisrarKt                 : loaded 2 times (x 71B)
Class org.jetbrains.kotlin.extensions.StorageComponentContainerContributor$Companion  : loaded 2 times (x 72B)
Class org.jetbrains.kotlin.compiler.plugin.ComponentRegistrar                         : loaded 2 times (x 70B)
Class kotlin.enums.EnumEntriesKt                                                      : loaded 2 times (x 71B)
Class com.android.prefs.QueryResult                                                   : loaded 2 times (x 84B)
Class kotlin.collections.CollectionsKt__MutableCollectionsJVMKt                       : loaded 2 times (x 71B)
Class org.jetbrains.kotlin.resolve.scopes.receivers.ThisClassReceiver                 : loaded 2 times (x 70B)
Class org.jetbrains.kotlin.load.kotlin.KotlinClassFinder$Result$ClassFileContent      : loaded 2 times (x 72B)
Class kotlin.text.StringsKt___StringsKt                                               : loaded 2 times (x 71B)
Class com.google.common.collect.Iterables$5                                           : loaded 2 times (x 81B)
Class com.google.common.reflect.TypeParameter                                         : loaded 2 times (x 72B)
Class [Lcom.google.common.collect.MapMaker$Dummy;                                     : loaded 2 times (x 69B)
Class com.google.common.cache.LocalCache$AbstractReferenceEntry                       : loaded 2 times (x 107B)
Class org.gradle.internal.IoActions                                                   : loaded 2 times (x 71B)
Class Build_gradle$1$3                                                                : loaded 2 times (x 79B)
Class com.google.protobuf.Android                                                     : loaded 2 times (x 71B)
Class org.jetbrains.kotlin.resolve.DeclarationsChecker$checkImplicitCallableType$1$1  : loaded 2 times (x 78B)
Class org.jetbrains.kotlin.cfg.pseudocode.PseudocodeImpl$collectReachableInstructions$1: loaded 2 times (x 78B)
Class org.jetbrains.kotlin.load.java.lazy.descriptors.LazyJavaClassDescriptor$LazyJavaClassTypeConstructor$parameters$1: loaded 2 times (x 79B)
Class org.jetbrains.kotlin.resolve.calls.inference.model.NewConstraintSystemImpl$canBeProper$1: loaded 2 times (x 79B)
Class org.jetbrains.kotlin.resolve.DeclarationResolver$resolveAnnotationsOnFiles$filesToScope$1: loaded 2 times (x 79B)
Class org.jetbrains.kotlin.types.checker.TypeCheckingProcedureCallbacks               : loaded 2 times (x 70B)
Class org.jetbrains.kotlin.resolve.calls.model.NamedArgumentReference                 : loaded 2 times (x 73B)
Class org.jetbrains.kotlin.resolve.calls.smartcasts.IdentifierInfo$Variable           : loaded 2 times (x 76B)
Class org.jetbrains.kotlin.resolve.calls.components.CheckExplicitReceiverKindConsistency$WhenMappings: loaded 2 times (x 71B)
Class org.jetbrains.kotlin.resolve.constants.StringValue                              : loaded 2 times (x 76B)
Class org.jetbrains.kotlin.resolve.calls.util.CallMaker                               : loaded 2 times (x 71B)
Class org.jetbrains.kotlin.codegen.ClassBuilderMode                                   : loaded 2 times (x 71B)
Class [Lorg.jetbrains.kotlin.load.java.typeEnhancement.JavaTypeQualifiers;            : loaded 2 times (x 69B)
Class org.jetbrains.kotlin.metadata.jvm.deserialization.JvmNameResolverBase$WhenMappings: loaded 2 times (x 71B)
Class org.jetbrains.kotlin.metadata.jvm.deserialization.BitEncoding                   : loaded 2 times (x 71B)
Class org.jetbrains.kotlin.resolve.lazy.LazyImportResolverForKtImportDirective        : loaded 2 times (x 76B)
Class org.jetbrains.kotlin.serialization.deserialization.descriptors.DeserializedTypeParameterDescriptor$annotations$1: loaded 2 times (x 79B)
Class org.jetbrains.kotlin.resolve.calls.tower.KotlinToResolvedCallTransformer        : loaded 2 times (x 72B)
Class org.jetbrains.kotlin.load.java.AnnotationTypeQualifierResolver                  : loaded 2 times (x 76B)
Class org.jetbrains.kotlin.config.JvmAnalysisFlags$Delegates$JavaTypeEnhancementStateWarnByDefault: loaded 2 times (x 71B)
Class org.jetbrains.kotlin.metadata.deserialization.VersionRequirementTable$Companion : loaded 2 times (x 71B)
Class org.jetbrains.kotlin.descriptors.Visibilities$Local                             : loaded 2 times (x 79B)
Class org.jetbrains.kotlin.renderer.ExcludedTypeAnnotations                           : loaded 2 times (x 71B)
Class org.jetbrains.kotlin.resolve.lazy.data.KtScriptInfo                             : loaded 2 times (x 86B)
Class org.jetbrains.kotlin.builtins.functions.FunctionTypeKindExtractor$Companion     : loaded 2 times (x 71B)
Class org.jetbrains.kotlin.protobuf.WireFormat                                        : loaded 2 times (x 71B)
Class org.jetbrains.kotlin.metadata.ProtoBuf$QualifiedNameTable                       : loaded 2 times (x 107B)
Class org.jetbrains.kotlin.metadata.ProtoBuf$QualifiedNameTableOrBuilder              : loaded 2 times (x 70B)
Class org.jetbrains.kotlin.utils.KotlinExceptionWithAttachments                       : loaded 2 times (x 94B)
Class kotlin.annotation.MustBeDocumented                                              : loaded 2 times (x 70B)
Class org.jetbrains.kotlin.descriptors.CallableDescriptor                             : loaded 2 times (x 70B)
Class org.jetbrains.kotlin.resolve.checkers.PlatformDiagnosticSuppressorClashesResolver: loaded 2 times (x 73B)
Class org.jetbrains.kotlin.resolve.checkers.KotlinVersionStringAnnotationValueChecker : loaded 2 times (x 77B)
Class org.jetbrains.kotlin.container.PlatformExtensionsClashResolver                  : loaded 2 times (x 73B)
Class org.jetbrains.kotlin.diagnostics.DiagnosticFactoryForDeprecation1$Companion     : loaded 2 times (x 71B)
Class [Lorg.jetbrains.kotlin.platform.TargetPlatformVersion;                          : loaded 2 times (x 69B)
Class org.jetbrains.kotlin.BlockExpressionElementType$Companion                       : loaded 2 times (x 71B)
Class org.jetbrains.kotlin.LambdaExpressionElementType                                : loaded 2 times (x 95B)
Class org.jetbrains.kotlin.psi.stubs.elements.KtValueArgumentElementType              : loaded 2 times (x 100B)
Class org.jetbrains.kotlin.psi.KtFunction                                             : loaded 2 times (x 70B)
Class org.jetbrains.kotlin.psi.KtDeclarationStub                                      : loaded 2 times (x 713B)
Class kotlin.sequences.DropWhileSequence$iterator$1                                   : loaded 2 times (x 79B)
Class org.jetbrains.kotlin.load.java.descriptors.JavaMethodDescriptor$2               : loaded 2 times (x 71B)
Class org.jetbrains.kotlin.scripting.definitions.ScriptDefinitionsSource              : loaded 2 times (x 70B)
Class [Lkotlin.reflect.jvm.internal.impl.name.ClassId;                                : loaded 2 times (x 69B)
Class kotlin.jvm.functions.Function10                                                 : loaded 2 times (x 70B)
Class kotlin.jvm.functions.Function9                                                  : loaded 2 times (x 70B)
Class kotlin.reflect.jvm.internal.KClassImpl$Data$allNonStaticMembers$2               : loaded 2 times (x 79B)
Class org.jetbrains.kotlin.resolve.jvm.NotFoundPackagesCachingStrategy                : loaded 2 times (x 70B)
Class [Lkotlin.reflect.KClassifier;                                                   : loaded 2 times (x 69B)
Class kotlin.reflect.jvm.internal.EmptyContainerForLocal                              : loaded 2 times (x 84B)
Class [Lkotlin.LazyThreadSafetyMode;                                                  : loaded 2 times (x 69B)
Class [Lorg.jetbrains.kotlin.util.Check;                                              : loaded 2 times (x 69B)
Class org.jetbrains.kotlin.scripting.resolve.LazyScriptDescriptor$ImportedScriptDescriptorsFinder: loaded 2 times (x 72B)
Class com.google.common.primitives.Longs                                              : loaded 2 times (x 71B)
Class org.objectweb.asm.SymbolTable                                                   : loaded 2 times (x 72B)
Class com.google.common.cache.CacheLoader$InvalidCacheLoadException                   : loaded 2 times (x 82B)
Class org.gradle.internal.classloader.SystemClassLoaderSpec                           : loaded 2 times (x 71B)
Class Build_gradle$1$4                                                                : loaded 2 times (x 78B)
Class org.jetbrains.org.objectweb.asm.signature.SignatureWriter                       : loaded 2 times (x 88B)
Class [Lorg.jetbrains.kotlin.load.java.SpecialGenericSignatures$SpecialSignatureInfo; : loaded 2 times (x 69B)
Class org.jetbrains.kotlin.contracts.ContractDeserializerImpl$ContractDeserializationWorker$PrimitiveExpressionType: loaded 2 times (x 79B)
Class org.jetbrains.kotlin.cfg.pseudocode.PseudocodeUtilsKt                           : loaded 2 times (x 71B)
Class org.jetbrains.kotlin.resolve.deprecation.DeprecationSettings$Default            : loaded 2 times (x 74B)
Class org.jetbrains.kotlin.load.java.lazy.descriptors.LazyJavaStaticClassScope$computePropertyNames$1$1: loaded 2 times (x 78B)
Class it.unimi.dsi.fastutil.ints.IntIterators                                         : loaded 2 times (x 71B)
Class org.jetbrains.kotlin.util.OneElementArrayMap$iterator$1                         : loaded 2 times (x 79B)
Class org.jetbrains.kotlin.scripting.resolve.RefineCompilationConfigurationKt         : loaded 2 times (x 71B)
Class org.jetbrains.kotlin.resolve.scopes.receivers.ImplicitContextReceiver           : loaded 2 times (x 70B)
Class [Lorg.jetbrains.kotlin.resolve.calls.components.ImplicitInvokeCheckStatus;      : loaded 2 times (x 69B)
Class org.jetbrains.kotlin.resolve.calls.tower.TowerResolver$Task$run$5               : loaded 2 times (x 78B)
Class org.jetbrains.kotlin.resolve.calls.tower.TowerData$Empty                        : loaded 2 times (x 71B)
Class javaslang.control.Option                                                        : loaded 2 times (x 70B)
Class org.jetbrains.kotlin.util.MemberKindCheck                                       : loaded 2 times (x 80B)
Class org.jetbrains.kotlin.load.java.lazy.descriptors.LazyJavaClassDescriptor$declaredParameters$1: loaded 2 times (x 79B)
Class org.jetbrains.kotlin.descriptors.java.JavaVisibilities$PackageVisibility        : loaded 2 times (x 79B)
Class org.jetbrains.kotlin.resolve.scopes.InnerClassesScopeWrapper                    : loaded 2 times (x 100B)
Class [Lorg.jetbrains.kotlin.metadata.ProtoBuf$Effect$EffectType;                     : loaded 2 times (x 69B)
Class org.jetbrains.kotlin.cli.jvm.index.JvmDependenciesIndexImpl$WhenMappings        : loaded 2 times (x 71B)
Class org.jetbrains.kotlin.util.slicedMap.OpenAddressLinearProbingHashTable           : loaded 2 times (x 129B)
Class [Lorg.jetbrains.kotlin.resolve.TopDownAnalysisMode;                             : loaded 2 times (x 69B)
Class org.jetbrains.kotlin.library.metadata.impl.KlibResolvedModuleDescriptorsFactoryImpl$Companion: loaded 2 times (x 71B)
Class org.jetbrains.kotlin.types.expressions.DataFlowAnalyzer                         : loaded 2 times (x 84B)
Class org.jetbrains.kotlin.resolve.calls.context.ContextDependency                    : loaded 2 times (x 79B)
Class org.jetbrains.kotlin.resolve.scopes.ImportingScope                              : loaded 2 times (x 70B)
Class org.jetbrains.kotlin.resolve.calls.model.CallableReferenceResolutionAtom        : loaded 2 times (x 70B)
Class org.jetbrains.kotlin.metadata.jvm.JvmModuleProtoBuf$PackagePartsOrBuilder       : loaded 2 times (x 70B)
Class org.jetbrains.kotlin.types.checker.KotlinTypeRefiner                            : loaded 2 times (x 79B)
Class org.jetbrains.kotlin.diagnostics.AbstractKotlinSuppressCache$Companion          : loaded 2 times (x 71B)
Class it.unimi.dsi.fastutil.ints.IntSets                                              : loaded 2 times (x 71B)
Class org.jetbrains.kotlin.resolve.checkers.CheckerContext                            : loaded 2 times (x 70B)
Class org.jetbrains.kotlin.diagnostics.PositioningStrategies$AS_TYPE$1                : loaded 2 times (x 74B)
Class org.jetbrains.kotlin.resolve.jvm.checkers.JavaOverrideWithWrongNullabilityOverrideChecker: loaded 2 times (x 74B)
Class [Lorg.jetbrains.kotlin.psi.KtContractEffect;                                    : loaded 2 times (x 69B)
Class org.jetbrains.kotlin.psi.KtNamed                                                : loaded 2 times (x 70B)
Class kotlin.jvm.functions.Function11                                                 : loaded 2 times (x 70B)
Class kotlin.reflect.jvm.internal.KClassImpl$Data$sealedSubclasses$2                  : loaded 2 times (x 79B)
Class org.jetbrains.kotlin.load.java.structure.JavaClassifier                         : loaded 2 times (x 70B)
Class org.jetbrains.kotlin.js.translate.extensions.JsSyntheticTranslateExtension      : loaded 2 times (x 70B)
Class kotlin.jvm.internal.markers.KMutableCollection                                  : loaded 2 times (x 70B)
Class kotlin.coroutines.intrinsics.IntrinsicsKt                                       : loaded 2 times (x 71B)
Class org.jetbrains.kotlin.cli.jvm.config.JvmClasspathRootBase                        : loaded 2 times (x 70B)
Class kotlin.ranges.IntRange$Companion                                                : loaded 2 times (x 71B)
Class kotlin.collections.EmptyMap                                                     : loaded 2 times (x 109B)
Class kotlin.text.MatcherMatchResult$groups$1                                         : loaded 2 times (x 151B)
Class kotlin.reflect.KAnnotatedElement                                                : loaded 2 times (x 70B)
Class kotlin.jvm.internal.Intrinsics                                                  : loaded 2 times (x 71B)
Class org.jetbrains.org.objectweb.asm.Frame                                           : loaded 2 times (x 73B)
Class com.google.common.collect.FluentIterable                                        : loaded 2 times (x 81B)
Class com.google.common.cache.LocalCache$StrongEntry                                  : loaded 2 times (x 108B)
Class com.google.common.util.concurrent.AbstractFuture$TrustedFuture                  : loaded 2 times (x 114B)
Class com.google.common.cache.LoadingCache                                            : loaded 2 times (x 70B)
Class org.gradle.kotlin.dsl.KspConfigurationAccessorsKt                               : loaded 2 times (x 71B)
Class org.gradle.kotlin.dsl.ImplementationConfigurationAccessorsKt                    : loaded 2 times (x 71B)
Class Build_gradle$1$5                                                                : loaded 2 times (x 78B)
Class org.jetbrains.kotlin.resolve.calls.model.NoValueForParameter                    : loaded 2 times (x 73B)
Class org.jetbrains.kotlin.contracts.description.ContractProviderImpl                 : loaded 2 times (x 73B)
Class org.jetbrains.kotlin.resolve.calls.inference.components.VariableFixationFinder$hasDependencyToOtherTypeVariables$dependencyPresenceCondition$1: loaded 2 times (x 79B)
Class kotlin.sequences.TakeWhileSequence                                              : loaded 2 times (x 75B)
Class org.jetbrains.kotlin.codegen.coroutines.CoroutineCodegenUtilKt$INITIAL_DESCRIPTOR_FOR_SUSPEND_FUNCTION$1: loaded 2 times (x 71B)
Class org.jetbrains.kotlin.resolve.scopes.DescriptorKindExclude$NonExtensions         : loaded 2 times (x 73B)
Class org.jetbrains.kotlin.resolve.constants.KClassValue$Value$NormalClass            : loaded 2 times (x 72B)
Class org.jetbrains.kotlin.types.checker.ClassicTypeSystemContextKt                   : loaded 2 times (x 71B)
Class org.jetbrains.kotlin.types.TypeConstructorSubstitution$Companion$createByConstructorsMap$1: loaded 2 times (x 79B)
Class org.jetbrains.kotlin.resolve.calls.util.CallMaker$CallImpl                      : loaded 2 times (x 98B)
Class org.jetbrains.kotlin.resolve.calls.model.ResolvedCallAtomsKt                    : loaded 2 times (x 71B)
Class [Lorg.jetbrains.kotlin.resolve.calls.inference.components.ConstraintSystemCompletionMode;: loaded 2 times (x 69B)
Class org.jetbrains.kotlin.resolve.calls.inference.ConstraintSystemBuilderKt$WhenMappings: loaded 2 times (x 71B)
Class org.jetbrains.kotlin.resolve.calls.util.DelegatingCall                          : loaded 2 times (x 98B)
Class org.jetbrains.kotlin.resolve.calls.model.KotlinCallKind                         : loaded 2 times (x 79B)
Class [Lorg.jetbrains.kotlin.load.java.typeEnhancement.NullabilityQualifier;          : loaded 2 times (x 69B)
Class org.jetbrains.kotlin.builtins.functions.FunctionClassKind$Companion             : loaded 2 times (x 71B)
Class [Lorg.jetbrains.kotlin.builtins.functions.FunctionClassKind;                    : loaded 2 times (x 69B)
Class org.jetbrains.kotlin.types.TypeAttribute                                        : loaded 2 times (x 76B)
Class org.jetbrains.kotlin.resolve.scopes.SubpackagesImportingScope                   : loaded 2 times (x 119B)
Class org.jetbrains.kotlin.resolve.lazy.LazyImportScope                               : loaded 2 times (x 101B)
Class org.jetbrains.kotlin.load.kotlin.SignatureBuildingComponents                    : loaded 2 times (x 71B)
Class org.jetbrains.org.objectweb.asm.TypeReference                                   : loaded 2 times (x 80B)
Class [Lorg.jetbrains.kotlin.resolve.jvm.extensions.PackageFragmentProviderExtension; : loaded 2 times (x 69B)
Class org.jetbrains.kotlin.resolve.VarianceCheckerCore                                : loaded 2 times (x 72B)
Class org.jetbrains.kotlin.resolve.calls.tower.ScopeTowerProcessor                    : loaded 2 times (x 70B)
Class org.jetbrains.kotlin.resolve.calls.model.ResolvedCallableReferenceArgumentAtom  : loaded 2 times (x 86B)
Class org.jetbrains.kotlin.resolve.calls.inference.components.ConstraintIncorporator  : loaded 2 times (x 72B)
Class org.jetbrains.kotlin.resolve.calls.components.ArgumentsToParametersMapper       : loaded 2 times (x 72B)
Class org.jetbrains.kotlin.types.model.DynamicTypeMarker                              : loaded 2 times (x 70B)
Class org.jetbrains.kotlin.renderer.ClassifierNamePolicy                              : loaded 2 times (x 70B)
Class org.jetbrains.kotlin.context.ContextKt                                          : loaded 2 times (x 71B)
Class org.jetbrains.kotlin.analyzer.CompilationErrorException                         : loaded 2 times (x 82B)
Class org.jetbrains.kotlin.metadata.ProtoBuf$Type$Argument                            : loaded 2 times (x 110B)
Class org.jetbrains.kotlin.resolve.checkers.RequireKotlinAnnotationValueChecker       : loaded 2 times (x 77B)
Class org.jetbrains.kotlin.container.DslKt                                            : loaded 2 times (x 71B)
Class org.jetbrains.kotlin.diagnostics.PositioningStrategies$NULLABLE_TYPE$1          : loaded 2 times (x 74B)
Class org.jetbrains.kotlin.diagnostics.PositioningStrategies$CALL_ELEMENT_WITH_DOT$1  : loaded 2 times (x 74B)
Class org.jetbrains.kotlin.resolve.jvm.checkers.JvmSyntheticApplicabilityChecker      : loaded 2 times (x 74B)
Class com.google.protobuf.CodedInputStream$UnsafeDirectNioDecoder                     : loaded 2 times (x 120B)
Class org.jetbrains.kotlin.psi.KtThrowExpression                                      : loaded 2 times (x 438B)
Class org.jetbrains.kotlin.psi.KtImportDirective                                      : loaded 2 times (x 459B)
Class [Lorg.jetbrains.kotlin.psi.KtModifierListOwnerStub;                             : loaded 2 times (x 69B)
Class org.jetbrains.kotlin.psi.stubs.elements.KtTokenSets                             : loaded 2 times (x 70B)
Class org.jetbrains.kotlin.resolve.lazy.declarations.DeclarationProviderFactoryService$Companion: loaded 2 times (x 71B)
Class kotlin.jvm.functions.Function12                                                 : loaded 2 times (x 70B)
Class org.jetbrains.kotlin.scripting.compiler.plugin.extensions.ScriptingProcessSourcesBeforeCompilingExtension: loaded 2 times (x 75B)
Class kotlin.coroutines.intrinsics.CoroutineSingletons                                : loaded 2 times (x 79B)
Class org.jetbrains.kotlin.cli.jvm.modules.CoreJrtFileSystem$Companion$globalJrtFsCache$1: loaded 2 times (x 78B)
Class it.unimi.dsi.fastutil.objects.ObjectCollection                                  : loaded 2 times (x 70B)
Class kotlin.sequences.SequencesKt__SequencesKt$flatten$1                             : loaded 2 times (x 78B)
Class kotlin.collections.MapsKt                                                       : loaded 2 times (x 71B)
Class com.android.sdklib.AndroidVersion$AndroidVersionException                       : loaded 2 times (x 82B)
Class com.android.tools.lint.model.DefaultLintModelModule                             : loaded 2 times (x 96B)
Class kotlin.collections.CollectionsKt__IterablesKt                                   : loaded 2 times (x 71B)
Class net.rubygrapefruit.platform.ProcessLauncher                                     : loaded 2 times (x 70B)
Class com.google.common.base.Suppliers$NonSerializableMemoizingSupplier               : loaded 2 times (x 79B)
Class [Lcom.google.common.cache.Weigher;                                              : loaded 2 times (x 69B)
Class Build_gradle$1$6                                                                : loaded 2 times (x 78B)
Class Build_gradle$1$1$1                                                              : loaded 2 times (x 78B)
Class org.gradle.internal.classloader.FilteringClassLoader                            : loaded 2 times (x 105B)
Class com.android.tools.analytics.Environment$EnvironmentVariable                     : loaded 2 times (x 79B)
Class com.google.protobuf.Message$Builder                                             : loaded 2 times (x 70B)
Class org.jetbrains.kotlin.resolve.PropertyImportedFromObject                         : loaded 2 times (x 346B)
Class org.jetbrains.kotlin.cfg.ControlFlowInformationProviderImpl$markStatements$1    : loaded 2 times (x 79B)
Class org.jetbrains.kotlin.contracts.model.structure.ESNullableAnyType                : loaded 2 times (x 72B)
Class [Lorg.jetbrains.kotlin.resolve.calls.inference.components.VariableFixationFinder$TypeVariableFixationReadiness;: loaded 2 times (x 69B)
Class kotlin.sequences.SequenceBuilderIterator                                        : loaded 2 times (x 85B)
Class org.jetbrains.kotlin.load.kotlin.JvmType                                        : loaded 2 times (x 71B)
Class org.jetbrains.kotlin.load.kotlin.KotlinJvmBinaryClass$MemberVisitor             : loaded 2 times (x 70B)
Class org.jetbrains.kotlin.resolve.calls.tower.TowerData$BothTowerLevelAndImplicitReceiver: loaded 2 times (x 72B)
Class org.jetbrains.kotlin.psi.Call$CallType                                          : loaded 2 times (x 79B)
Class [Lorg.jetbrains.kotlin.resolve.OverridingUtil$OverrideCompatibilityInfo$Result; : loaded 2 times (x 69B)
Class org.jetbrains.kotlin.load.java.typeEnhancement.SignatureEnhancement$containsFunctionN$1: loaded 2 times (x 78B)
Class org.jetbrains.kotlin.descriptors.java.JavaVisibilities$ProtectedStaticVisibility: loaded 2 times (x 79B)
Class org.jetbrains.kotlin.resolve.scopes.SubstitutingScope$substitutor$2             : loaded 2 times (x 79B)
Class org.jetbrains.kotlin.types.TypeSubstitution$Companion                           : loaded 2 times (x 71B)
Class com.google.common.base.PairwiseEquivalence                                      : loaded 2 times (x 83B)
Class org.jetbrains.kotlin.resolve.lazy.descriptors.LazyClassMemberScope$allDescriptors$1: loaded 2 times (x 79B)
Class com.google.common.base.Equivalence$Identity                                     : loaded 2 times (x 82B)
Class javaslang.collection.HashArrayMappedTrie                                        : loaded 2 times (x 70B)
Class org.jetbrains.kotlin.idea.MainFunctionDetector$Companion                        : loaded 2 times (x 71B)
Class org.jetbrains.kotlin.builtins.jvm.CloneableClassScope$Companion                 : loaded 2 times (x 71B)
Class org.jetbrains.kotlin.resolve.OverrideResolver                                   : loaded 2 times (x 72B)
Class org.jetbrains.kotlin.resolve.jvm.JvmPlatformOverloadsSpecificityComparator      : loaded 2 times (x 75B)
Class org.jetbrains.kotlin.serialization.deserialization.MetadataPartProvider         : loaded 2 times (x 70B)
Class org.jetbrains.kotlin.descriptors.impl.DeclarationDescriptorNonRootImpl          : loaded 2 times (x 117B)
Class org.jetbrains.kotlin.storage.ExceptionTracker                                   : loaded 2 times (x 80B)
Class org.jetbrains.kotlin.metadata.ProtoBuf$Modality$1                               : loaded 2 times (x 74B)
Class org.jetbrains.kotlin.resolve.scopes.receivers.Receiver                          : loaded 2 times (x 70B)
Class org.jetbrains.kotlin.container.CacheKt                                          : loaded 2 times (x 71B)
Class org.jetbrains.kotlin.resolve.calls.checkers.EnumEntryVsCompanionPriorityCallChecker: loaded 2 times (x 74B)
Class org.jetbrains.kotlin.diagnostics.DiagnosticFactoryForDeprecation0               : loaded 2 times (x 72B)
Class org.jetbrains.kotlin.diagnostics.PositioningStrategies$TYPE_PARAMETERS_OR_DECLARATION_SIGNATURE$1: loaded 2 times (x 74B)
Class org.jetbrains.kotlin.psi.KtLambdaExpression                                     : loaded 2 times (x 542B)
Class org.jetbrains.kotlin.psi.stubs.KotlinPlaceHolderWithTextStub                    : loaded 2 times (x 70B)
Class kotlin.jvm.functions.Function13                                                 : loaded 2 times (x 70B)
Class org.jetbrains.kotlin.resolve.extensions.ExtraImportsProviderExtension           : loaded 2 times (x 70B)
Class kotlin.ranges.OpenEndRange                                                      : loaded 2 times (x 70B)
Class com.google.common.io.LineReader                                                 : loaded 2 times (x 72B)
Class kotlin.text.Charsets                                                            : loaded 2 times (x 71B)
Class kotlin.KotlinNullPointerException                                               : loaded 2 times (x 83B)
Class com.google.common.collect.CollectSpliterators$FlatMapSpliterator$Factory        : loaded 2 times (x 70B)
Class org.jetbrains.org.objectweb.asm.tree.TypeAnnotationNode                         : loaded 2 times (x 80B)
Class Build_gradle$1$7                                                                : loaded 2 times (x 74B)
Class com.android.repository.io.FileOpUtils                                           : loaded 2 times (x 71B)
Class [Lorg.jetbrains.kotlin.psi.KtExpressionImpl;                                    : loaded 2 times (x 69B)
Class org.jetbrains.kotlin.contracts.ContractDeserializerImpl$ContractDeserializationWorker: loaded 2 times (x 72B)
Class org.jetbrains.kotlin.cfg.ControlFlowInfo                                        : loaded 2 times (x 547B)
Class org.jetbrains.kotlin.cfg.pseudocode.instructions.eval.AccessValueInstruction    : loaded 2 times (x 103B)
Class org.jetbrains.kotlin.resolve.deprecation.DeprecatedByAnnotation$StandardDeprecated: loaded 2 times (x 82B)
Class org.jetbrains.kotlin.load.java.sam.JavaSingleAbstractMethodUtils$FunctionInitializer: loaded 2 times (x 72B)
Class org.jetbrains.kotlin.load.kotlin.TypeMappingMode$WhenMappings                   : loaded 2 times (x 71B)
Class org.jetbrains.kotlin.metadata.jvm.JvmProtoBuf$1                                 : loaded 2 times (x 71B)
Class org.jetbrains.kotlin.resolve.calls.model.VarargValueArgument                    : loaded 2 times (x 77B)
Class [Lorg.jetbrains.kotlin.resolve.calls.tower.ScopeTowerProcessor;                 : loaded 2 times (x 69B)
Class org.jetbrains.kotlin.resolve.calls.tower.TowerData$OnlyImplicitReceiver         : loaded 2 times (x 72B)
Class org.jetbrains.kotlin.load.kotlin.AbstractBinaryClassAnnotationLoader$loadClassAnnotations$1: loaded 2 times (x 76B)
Class org.jetbrains.kotlin.resolve.calls.components.MapArguments                      : loaded 2 times (x 73B)
Class org.jetbrains.kotlin.serialization.deserialization.descriptors.DeserializedClassConstructorDescriptor: loaded 2 times (x 486B)
Class org.jetbrains.kotlin.load.java.structure.JavaWildcardType                       : loaded 2 times (x 70B)
Class kotlin.text.StringsKt__StringsKt                                                : loaded 2 times (x 71B)
Class org.jetbrains.kotlin.load.java.lazy.descriptors.LazyJavaClassDescriptor$Companion: loaded 2 times (x 71B)
Class kotlin.NotImplementedError                                                      : loaded 2 times (x 82B)
Class org.jetbrains.kotlin.scripting.extensions.ScriptExtraImportsProviderExtension$getExtraImports$lambda$1$$inlined$runReadAction$1: loaded 2 times (x 80B)
Class org.jetbrains.kotlin.psi.codeFragmentUtil.CodeFragmentUtilKt                    : loaded 2 times (x 71B)
Class org.jetbrains.kotlin.metadata.ProtoBuf$VersionRequirement                       : loaded 2 times (x 116B)
Class org.jetbrains.kotlin.resolve.lazy.declarations.AbstractPsiBasedDeclarationProvider: loaded 2 times (x 95B)
Class org.jetbrains.kotlin.util.slicedMap.Slices$SliceBuilder$1                       : loaded 2 times (x 101B)
Class org.jetbrains.kotlin.types.TypeParameterErasureOptions                          : loaded 2 times (x 71B)
Class org.jetbrains.kotlin.resolve.calls.results.OverloadingConflictResolver$SpecificityComparisonWithNumerics$1: loaded 2 times (x 75B)
Class org.jetbrains.kotlin.resolve.lazy.DeclarationScopeProvider                      : loaded 2 times (x 70B)
Class org.jetbrains.kotlin.load.java.sources.JavaSourceElementFactory                 : loaded 2 times (x 70B)
Class org.jetbrains.kotlin.resolve.checkers.ExpectedActualDeclarationChecker          : loaded 2 times (x 75B)
Class com.android.prefs.AndroidPathLocator                                            : loaded 2 times (x 73B)
Class org.jetbrains.kotlin.config.AnalysisFlags$allowFullyQualifiedNameInKClass$2     : loaded 2 times (x 127B)
Class org.jetbrains.kotlin.load.kotlin.PackageAndMetadataPartProvider                 : loaded 2 times (x 70B)
Class [Lorg.jetbrains.kotlin.descriptors.impl.DeclarationDescriptorImpl;              : loaded 2 times (x 69B)
Class org.jetbrains.kotlin.resolve.scopes.MemberScope                                 : loaded 2 times (x 70B)
Class org.jetbrains.kotlin.renderer.RenderingFormat$HTML                              : loaded 2 times (x 80B)
Class org.jetbrains.kotlin.resolve.AnnotationsKt                                      : loaded 2 times (x 71B)
Class org.jetbrains.kotlin.container.StorageComponentContainer$unknownContext$2       : loaded 2 times (x 79B)
Class org.jetbrains.kotlin.diagnostics.DiagnosticFactoryForDeprecation1               : loaded 2 times (x 72B)
Class org.jetbrains.kotlin.parsing.TokenStreamPattern                                 : loaded 2 times (x 70B)
Class org.jetbrains.kotlin.KtNodeType                                                 : loaded 2 times (x 76B)
Class org.jetbrains.kotlin.psi.KtLambdaArgument                                       : loaded 2 times (x 464B)
Class [Lorg.jetbrains.kotlin.psi.KtExpression;                                        : loaded 2 times (x 69B)
Class org.jetbrains.kotlin.storage.LockBasedStorageManager                            : loaded 2 times (x 108B)
Class org.jetbrains.kotlin.scripting.definitions.ScriptDefinition$FromConfigurationsBase$legacyDefinition$2: loaded 2 times (x 79B)
Class kotlin.jvm.functions.Function14                                                 : loaded 2 times (x 70B)
Class org.jetbrains.kotlin.resolve.jvm.KotlinJavaPsiFacade$1                          : loaded 2 times (x 78B)
Class kotlin.sequences.SequencesKt__SequencesKt$flatten$3                             : loaded 2 times (x 78B)
Class kotlin.ranges.RangesKt___RangesKt                                               : loaded 2 times (x 71B)
Class com.android.ide.common.repository.AgpVersion$Companion$WhenMappings             : loaded 2 times (x 71B)
Class kotlin.sequences.FlatteningSequence                                             : loaded 2 times (x 75B)
Class kotlin.text.MatcherMatchResult                                                  : loaded 2 times (x 80B)
Class com.google.common.collect.AbstractIterator$State                                : loaded 2 times (x 79B)
Class com.google.common.cache.LocalCache$ValueReference                               : loaded 2 times (x 70B)
Class Build_gradle$1$8                                                                : loaded 2 times (x 78B)
Class kotlin.text.MatchGroupCollection                                                : loaded 2 times (x 70B)
Class com.android.tools.lint.model.LintModelJavaLibrary                               : loaded 2 times (x 70B)
Class org.jetbrains.kotlin.cfg.ControlFlowBuilder                                     : loaded 2 times (x 70B)
Class org.jetbrains.kotlin.metadata.deserialization.VersionRequirement$Companion$WhenMappings: loaded 2 times (x 71B)
Class org.jetbrains.kotlin.descriptors.impl.SyntheticFieldDescriptor                  : loaded 2 times (x 265B)
Class org.jetbrains.kotlin.descriptors.impl.FunctionDescriptorImpl$1                  : loaded 2 times (x 77B)
Class org.jetbrains.kotlin.types.checker.NewCapturedTypeConstructor$initializeSupertypes$2: loaded 2 times (x 79B)
Class org.jetbrains.kotlin.load.kotlin.JvmDescriptorTypeWriter                        : loaded 2 times (x 76B)
Class org.jetbrains.kotlin.scripting.definitions.DefinitionsKt                        : loaded 2 times (x 71B)
Class org.jetbrains.kotlin.resolve.LazyExplicitImportScope$getContributedFunctions$1  : loaded 2 times (x 125B)
Class org.jetbrains.kotlin.diagnostics.DiagnosticWithParameters1                      : loaded 2 times (x 113B)
Class org.jetbrains.kotlin.resolve.LazyExplicitImportScope$getContributedVariables$1  : loaded 2 times (x 125B)
Class org.jetbrains.kotlin.resolve.calls.tower.ScopeTowerProcessorsKt$createVariableProcessor$1: loaded 2 times (x 79B)
Class org.jetbrains.kotlin.resolve.calls.model.PartialCallResolutionResult            : loaded 2 times (x 74B)
Class org.jetbrains.kotlin.resolve.calls.components.KotlinCallCompleterKt             : loaded 2 times (x 71B)
Class org.jetbrains.kotlin.resolve.scopes.receivers.TransientReceiver                 : loaded 2 times (x 80B)
Class org.jetbrains.kotlin.resolve.calls.components.EagerResolveOfCallableReferences  : loaded 2 times (x 73B)
Class org.jetbrains.kotlin.resolve.calls.GenericCandidateResolverKt                   : loaded 2 times (x 71B)
Class org.jetbrains.kotlin.util.MemberKindCheck$Member                                : loaded 2 times (x 80B)
Class org.jetbrains.kotlin.util.ValueParameterCountCheck$Equals                       : loaded 2 times (x 80B)
Class [Lorg.jetbrains.kotlin.load.java.typeEnhancement.TypeComponentPosition;         : loaded 2 times (x 69B)
Class org.jetbrains.kotlin.load.java.typeEnhancement.AbstractSignatureParts$toIndexed$1$1: loaded 2 times (x 79B)
Class org.jetbrains.kotlin.utils.SmartList$SingletonIteratorBase                      : loaded 2 times (x 81B)
Class org.jetbrains.kotlin.types.AbstractTypeChecker                                  : loaded 2 times (x 71B)
Class org.jetbrains.kotlin.storage.SingleThreadValue                                  : loaded 2 times (x 74B)
Class org.jetbrains.kotlin.util.slicedMap.SetSlice$Companion                          : loaded 2 times (x 71B)
Class org.jetbrains.kotlin.serialization.deserialization.descriptors.DeserializedClassDescriptor$annotations$1: loaded 2 times (x 79B)
Class org.jetbrains.kotlin.resolve.scopes.LazyScopeAdapter                            : loaded 2 times (x 101B)
Class org.jetbrains.kotlin.resolve.calls.components.ReturnArgumentsAnalysisResult     : loaded 2 times (x 72B)
Class org.jetbrains.kotlin.resolve.calls.inference.components.ConstraintInjector$Context: loaded 2 times (x 70B)
Class org.jetbrains.kotlin.resolve.OverloadResolver                                   : loaded 2 times (x 72B)
Class org.jetbrains.kotlin.types.model.TypeVariableMarker                             : loaded 2 times (x 70B)
Class org.jetbrains.kotlin.types.model.TypeSubstitutorMarker                          : loaded 2 times (x 70B)
Class org.jetbrains.kotlin.mpp.TypeParameterSymbolMarker                              : loaded 2 times (x 70B)
Class org.jetbrains.kotlin.serialization.deserialization.MemberDeserializer           : loaded 2 times (x 72B)
Class org.jetbrains.kotlin.renderer.DescriptorRendererImpl$functionTypeAnnotationsRenderer$2: loaded 2 times (x 79B)
Class org.jetbrains.kotlin.psi.KtSimpleNameExpressionImpl$Companion                   : loaded 2 times (x 71B)
Class kotlin.sequences.DropTakeSequence                                               : loaded 2 times (x 70B)
Class org.jetbrains.kotlin.descriptors.annotations.Annotated                          : loaded 2 times (x 70B)
Class org.jetbrains.kotlin.resolve.checkers.CyclicAnnotationsChecker                  : loaded 2 times (x 74B)
Class org.jetbrains.kotlin.resolve.jvm.checkers.JvmArrayVariableInLoopAssignmentChecker: loaded 2 times (x 76B)
Class org.jetbrains.kotlin.diagnostics.ClassicPositioningStrategies                   : loaded 2 times (x 71B)
Class org.jetbrains.kotlin.diagnostics.DiagnosticFactoryForDeprecation2               : loaded 2 times (x 72B)
Class org.jetbrains.kotlin.diagnostics.PositioningStrategies$ModifierSetBasedPositioningStrategy: loaded 2 times (x 76B)
Class org.jetbrains.kotlin.platform.TargetPlatformKt                                  : loaded 2 times (x 71B)
Class org.jetbrains.kotlin.platform.SimplePlatform                                    : loaded 2 times (x 75B)
Class org.jetbrains.kotlin.psi.KtWhenCondition                                        : loaded 2 times (x 376B)
Class org.jetbrains.kotlin.psi.KtPostfixExpression                                    : loaded 2 times (x 502B)
Class it.unimi.dsi.fastutil.ints.IntArrays$Segment                                    : loaded 2 times (x 71B)
Class it.unimi.dsi.fastutil.ints.IntBidirectionalIterator                             : loaded 2 times (x 70B)
Class org.jetbrains.kotlin.psi.KtStringTemplateEntryWithExpression                    : loaded 2 times (x 444B)
Class org.jetbrains.kotlin.psi.stubs.impl.KotlinTypeBean                              : loaded 2 times (x 70B)
Class [Lorg.jetbrains.kotlin.psi.KtDeclarationContainer;                              : loaded 2 times (x 69B)
Class kotlin.jvm.functions.Function15                                                 : loaded 2 times (x 70B)
Class org.jetbrains.kotlin.resolve.jvm.KotlinJavaPsiFacade$2                          : loaded 2 times (x 77B)
Class kotlin.ULong                                                                    : loaded 2 times (x 74B)
Class com.android.tools.lint.model.LintModelAndroidLibrary                            : loaded 2 times (x 70B)
Class kotlin.text.CharsKt__CharKt                                                     : loaded 2 times (x 71B)
Class kotlin.collections.ArraysKt                                                     : loaded 2 times (x 71B)
Class kotlin.ULong$Companion                                                          : loaded 2 times (x 71B)
Class org.jetbrains.org.objectweb.asm.Opcodes                                         : loaded 2 times (x 70B)
Class [Lorg.jetbrains.org.objectweb.asm.AnnotationVisitor;                            : loaded 2 times (x 69B)
Class com.google.common.util.concurrent.AbstractFuture$Failure                        : loaded 2 times (x 72B)
Class com.google.common.base.Equivalence$Equals                                       : loaded 2 times (x 82B)
Class com.google.gson.stream.JsonReader                                               : loaded 2 times (x 97B)
Class com.android.ide.common.resources.DataFile                                       : loaded 2 times (x 83B)
Class kotlin.coroutines.jvm.internal.CompletedContinuation                            : loaded 2 times (x 75B)
Class org.jetbrains.kotlin.resolve.AnnotationUseSiteTargetChecker                     : loaded 2 times (x 71B)
Class org.jetbrains.kotlin.resolve.calls.checkers.RttiOperation                       : loaded 2 times (x 79B)
Class org.jetbrains.kotlin.builtins.jvm.FallbackBuiltIns                              : loaded 2 times (x 160B)
Class org.jetbrains.kotlin.resolve.calls.inference.components.TypeVariableDependencyInformationProvider$computeRelatedToTopLevelType$1: loaded 2 times (x 79B)
Class org.jetbrains.kotlin.resolve.calls.inference.model.TypeVariableTypeConstructor  : loaded 2 times (x 86B)
Class org.jetbrains.kotlin.resolve.calls.util.CallMaker$ExpressionValueArgument       : loaded 2 times (x 86B)
Class org.jetbrains.kotlin.scripting.resolve.LazyScriptClassMemberScope$_variableNames$2: loaded 2 times (x 79B)
Class [Lorg.jetbrains.kotlin.types.model.KotlinTypeMarker;                            : loaded 2 times (x 69B)
Class org.jetbrains.kotlin.resolve.calls.model.TransformableToWarning                 : loaded 2 times (x 70B)
Class org.jetbrains.kotlin.resolve.calls.tower.TowerResolver$Task$nonLocalLevels$2    : loaded 2 times (x 79B)
Class org.jetbrains.kotlin.resolve.jvm.KotlinJavaPsiFacade$3                          : loaded 2 times (x 71B)
Class org.jetbrains.kotlin.resolve.sam.SamConstructorDescriptor                       : loaded 2 times (x 70B)
Class org.jetbrains.kotlin.resolve.calls.tower.TowerResolver$SuccessfulResultCollector: loaded 2 times (x 75B)
Class org.jetbrains.kotlin.resolve.calls.model.LambdaKotlinCallArgument               : loaded 2 times (x 70B)
Class org.jetbrains.kotlin.util.ReturnsCheck$ReturnsInt                               : loaded 2 times (x 80B)
Class org.jetbrains.kotlin.types.ErasureTypeAttributes                                : loaded 2 times (x 77B)
Class org.jetbrains.kotlin.scripting.resolve.LazyScriptDescriptor$scriptingHostConfiguration$1: loaded 2 times (x 79B)
Class org.jetbrains.kotlin.resolve.calls.util.FakeCallableDescriptorForObject         : loaded 2 times (x 228B)
Class kotlin.script.experimental.util.PropertiesCollection$Key$Companion              : loaded 2 times (x 71B)
Class org.jetbrains.kotlin.resolve.scopes.LexicalChainedScope$Companion               : loaded 2 times (x 71B)
Class org.jetbrains.kotlin.builtins.jvm.JavaToKotlinClassMap                          : loaded 2 times (x 71B)
Class org.jetbrains.kotlin.metadata.ProtoBuf$Expression$1                             : loaded 2 times (x 144B)
Class org.jetbrains.kotlin.load.java.structure.impl.source.JavaElementPsiSourceWithFixedPsi: loaded 2 times (x 74B)
Class org.jetbrains.kotlin.resolve.lazy.descriptors.AbstractLazyMemberScope$functionDescriptors$1: loaded 2 times (x 79B)
Class org.jetbrains.kotlin.library.metadata.KlibMetadataFactories                     : loaded 2 times (x 72B)
Class org.jetbrains.kotlin.resolve.calls.components.NewOverloadingConflictResolver$Companion: loaded 2 times (x 71B)
Class org.jetbrains.kotlin.resolve.calls.inference.model.ConstraintStorage            : loaded 2 times (x 70B)
Class org.jetbrains.kotlin.contracts.parsing.ContractParsingServices                  : loaded 2 times (x 72B)
Class org.jetbrains.kotlin.resolve.QualifiedExpressionResolver$TypeQualifierResolutionResult: loaded 2 times (x 72B)
Class org.jetbrains.kotlin.resolve.lazy.descriptors.LazyAnnotationsContextImpl        : loaded 2 times (x 73B)
Class org.jetbrains.kotlin.resolve.calls.model.PostponedResolvedAtomMarker            : loaded 2 times (x 70B)
Class [Lorg.jetbrains.kotlin.types.TypeAttributeTranslator;                           : loaded 2 times (x 69B)
Class org.jetbrains.kotlin.descriptors.impl.ModuleDependenciesImpl                    : loaded 2 times (x 78B)
Class org.jetbrains.kotlin.descriptors.DescriptorVisibility                           : loaded 2 times (x 78B)
Class org.jetbrains.kotlin.types.DelegatingSimpleType                                 : loaded 2 times (x 93B)
Class [Lorg.jetbrains.kotlin.descriptors.Modality;                                    : loaded 2 times (x 69B)
Class org.jetbrains.kotlin.renderer.DescriptorRenderer$ValueParametersHandler$DEFAULT : loaded 2 times (x 77B)
Class org.jetbrains.kotlin.builtins.functions.BuiltInFictitiousFunctionClassFactory   : loaded 2 times (x 77B)
Class org.jetbrains.kotlin.incremental.components.EnumWhenTracker$DoNothing           : loaded 2 times (x 74B)
Class org.jetbrains.kotlin.load.java.structure.JavaAnnotationOwner                    : loaded 2 times (x 70B)
Class org.jetbrains.kotlin.resolve.checkers.ExplicitApiDeclarationChecker$Companion   : loaded 2 times (x 71B)
Class org.jetbrains.kotlin.resolve.checkers.DelegationChecker                         : loaded 2 times (x 74B)
Class org.jetbrains.kotlin.diagnostics.DiagnosticFactoryForDeprecation3               : loaded 2 times (x 72B)
Class org.jetbrains.kotlin.diagnostics.PositioningStrategies$LONG_LITERAL_SUFFIX$1    : loaded 2 times (x 74B)
Class org.jetbrains.kotlin.psi.KtThisExpression                                       : loaded 2 times (x 438B)
Class org.jetbrains.kotlin.psi.stubs.elements.KtConstantExpressionElementType         : loaded 2 times (x 100B)
Class kotlin.jvm.functions.Function16                                                 : loaded 2 times (x 70B)
Class org.jetbrains.kotlin.scripting.definitions.ScriptDefinition$Companion           : loaded 2 times (x 71B)
Class kotlin.reflect.jvm.internal.CacheByClassKt                                      : loaded 2 times (x 71B)
Class kotlin.coroutines.EmptyCoroutineContext                                         : loaded 2 times (x 77B)
Class kotlin.LazyKt                                                                   : loaded 2 times (x 71B)
Class kotlin.collections.SetsKt__SetsKt                                               : loaded 2 times (x 71B)
Class org.jetbrains.kotlin.scripting.definitions.ClasspathWithClassLoader             : loaded 2 times (x 70B)
Class com.google.common.collect.ImmutableSetMultimap                                  : loaded 2 times (x 180B)
Class com.google.common.io.CharSink                                                   : loaded 2 times (x 79B)
Class org.objectweb.asm.CurrentFrame                                                  : loaded 2 times (x 73B)
Class org.objectweb.asm.ClassTooLargeException                                        : loaded 2 times (x 83B)
Class org.jetbrains.kotlin.resolve.jvm.modules.JavaModuleInfo$Exports                 : loaded 2 times (x 72B)
Class org.jetbrains.kotlin.cli.jvm.index.JvmDependenciesDynamicCompoundIndex          : loaded 2 times (x 77B)
Class org.jetbrains.kotlin.psi.stubs.elements.KtImportDirectiveElementType            : loaded 2 times (x 103B)
Class org.jetbrains.kotlin.psi.stubs.KotlinImportAliasStub                            : loaded 2 times (x 70B)
Class org.jetbrains.kotlin.contracts.description.EventOccurrencesRange$Companion      : loaded 2 times (x 71B)
Class [Lorg.jetbrains.kotlin.contracts.description.EventOccurrencesRange;             : loaded 2 times (x 69B)
Class org.jetbrains.kotlin.resolve.checkers.ClassifierUsageCheckerKt$checkClassifierUsages$visitor$1: loaded 2 times (x 304B)
Class [Lorg.jetbrains.kotlin.cfg.pseudocodeTraverser.TraverseInstructionResult;       : loaded 2 times (x 69B)
Class org.jetbrains.kotlin.cfg.ControlFlowInformationProviderImpl$Companion           : loaded 2 times (x 71B)
Class org.jetbrains.kotlin.types.expressions.TypeReconstructionUtil                   : loaded 2 times (x 71B)
Class javaslang.collection.HashArrayMappedTrieModule$Action                           : loaded 2 times (x 79B)
Class org.jetbrains.kotlin.resolve.StatementFilterKt                                  : loaded 2 times (x 71B)
Class org.jetbrains.kotlin.types.TypeApproximatorConfiguration$LocalDeclaration       : loaded 2 times (x 87B)
Class org.jetbrains.kotlin.resolve.calls.CallExpressionResolver$elementChain$1$WhenMappings: loaded 2 times (x 71B)
Class org.jetbrains.kotlin.types.DescriptorSubstitutor                                : loaded 2 times (x 71B)
Class org.jetbrains.kotlin.resolve.calls.model.LambdaWithTypeVariableAsExpectedTypeAtom: loaded 2 times (x 93B)
Class [Lorg.jetbrains.kotlin.resolve.calls.inference.model.ConstraintKind;            : loaded 2 times (x 69B)
Class org.jetbrains.kotlin.resolve.calls.tower.ExpressionKotlinCallArgumentImpl       : loaded 2 times (x 93B)
Class org.jetbrains.kotlin.load.kotlin.MethodSignatureBuildingUtilsKt                 : loaded 2 times (x 71B)
Class org.jetbrains.kotlin.resolve.DescriptorToSourceUtils                            : loaded 2 times (x 71B)
Class org.jetbrains.kotlin.scripting.resolve.LazyScriptDescriptor$scriptOuterScope$1  : loaded 2 times (x 79B)
Class org.jetbrains.kotlin.types.FlexibleTypesKt                                      : loaded 2 times (x 71B)
Class [Lorg.jetbrains.kotlin.types.TypeProjection;                                    : loaded 2 times (x 69B)
Class org.jetbrains.kotlin.types.DefinitelyNotNullType                                : loaded 2 times (x 100B)
Class org.jetbrains.kotlin.metadata.ProtoBuf$ExpressionOrBuilder                      : loaded 2 times (x 70B)
Class org.jetbrains.kotlin.load.java.lazy.descriptors.LazyJavaScope$functionNamesLazy$2: loaded 2 times (x 79B)
Class org.jetbrains.kotlin.resolve.ExceptionWrappingKtVisitorVoid                     : loaded 2 times (x 304B)
Class kotlin.InitializedLazyImpl                                                      : loaded 2 times (x 76B)
Class org.jetbrains.kotlin.descriptors.ScopesHolderForClass$scopeForOwnerModule$2     : loaded 2 times (x 79B)
Class org.jetbrains.kotlin.resolve.StatementFilter$Companion$NONE$1                   : loaded 2 times (x 72B)
Class org.jetbrains.kotlin.resolve.calls.checkers.AbstractReflectionApiCallChecker$kClass$2: loaded 2 times (x 79B)
Class org.jetbrains.kotlin.resolve.calls.model.ResolvedLambdaAtom                     : loaded 2 times (x 85B)
Class org.jetbrains.kotlin.resolve.calls.model.ResolvedValueArgument                  : loaded 2 times (x 70B)
Class org.jetbrains.kotlin.resolve.calls.components.BuiltInsProvider                  : loaded 2 times (x 70B)
Class org.jetbrains.kotlin.metadata.jvm.deserialization.ModuleMappingKt               : loaded 2 times (x 71B)
Class org.jetbrains.kotlin.resolve.lazy.declarations.PackageMemberDeclarationProvider : loaded 2 times (x 70B)
Class org.jetbrains.kotlin.types.checker.NewKotlinTypeChecker$Companion               : loaded 2 times (x 71B)
Class org.jetbrains.kotlin.metadata.builtins.ReadPackageFragmentKt                    : loaded 2 times (x 71B)
Class org.jetbrains.kotlin.types.LazyWrappedType                                      : loaded 2 times (x 86B)
Class org.jetbrains.kotlin.context.MutableModuleContext                               : loaded 2 times (x 70B)
Class org.jetbrains.kotlin.psi.stubs.KotlinEnumEntrySuperclassReferenceExpressionStub : loaded 2 times (x 70B)
Class com.android.resources.ResourceFolderType                                        : loaded 2 times (x 79B)
Class org.jetbrains.kotlin.psi.KtLiteralStringTemplateEntry                           : loaded 2 times (x 444B)
Class org.jetbrains.kotlin.psi.psiUtil.KtPsiUtilKt                                    : loaded 2 times (x 71B)
Class [Lorg.jetbrains.kotlin.metadata.ProtoBuf$Type$Argument$Projection;              : loaded 2 times (x 69B)
Class org.jetbrains.kotlin.resolve.calls.checkers.ReifiedTypeParameterSubstitutionChecker: loaded 2 times (x 75B)
Class org.jetbrains.kotlin.resolve.sam.SamConversionResolver                          : loaded 2 times (x 70B)
Class org.jetbrains.kotlin.diagnostics.DiagnosticFactoryForDeprecation4               : loaded 2 times (x 72B)
Class org.jetbrains.kotlin.resolve.jvm.checkers.ApiVersionIsAtLeastArgumentsChecker   : loaded 2 times (x 74B)
Class org.jetbrains.kotlin.parsing.AbstractKotlinParsing$AtSet                        : loaded 2 times (x 78B)
Class org.jetbrains.kotlin.psi.KtLabelReferenceExpression                             : loaded 2 times (x 569B)
Class [Lorg.jetbrains.kotlin.psi.KtStatementExpression;                               : loaded 2 times (x 69B)
Class org.jetbrains.kotlin.psi.stubs.KotlinStubWithFqName                             : loaded 2 times (x 70B)
Class kotlin.jvm.functions.Function17                                                 : loaded 2 times (x 70B)
Class org.jetbrains.kotlin.load.kotlin.KotlinBinaryClassCache$cache$1                 : loaded 2 times (x 83B)
Class org.jetbrains.kotlin.cli.jvm.compiler.EnvironmentConfigFiles                    : loaded 2 times (x 79B)
Class [Lorg.jetbrains.kotlin.psi.KtLiteralStringTemplateEntry;                        : loaded 2 times (x 69B)
Class com.android.ide.common.repository.AgpVersion$PreviewKind                        : loaded 2 times (x 79B)
Class [Lcom.android.tools.lint.model.LintModelModuleType;                             : loaded 2 times (x 69B)
Class com.android.tools.lint.model.LintModelSerialization$LintModelSerializationFileAdapter$WhenMappings: loaded 2 times (x 71B)
Class kotlin.collections.ArraysKt__ArraysJVMKt                                        : loaded 2 times (x 71B)
Class org.jetbrains.kotlin.lexer.KtTokens                                             : loaded 2 times (x 70B)
Class org.jetbrains.kotlin.parsing.KotlinParsing$2                                    : loaded 2 times (x 78B)
Class org.jetbrains.kotlin.cli.common.messages.MessageCollector$Companion$NONE$1      : loaded 2 times (x 76B)
Class org.jetbrains.org.objectweb.asm.RecordComponentWriter                           : loaded 2 times (x 78B)
Class com.google.common.collect.MapMakerInternalMap$InternalEntryHelper               : loaded 2 times (x 70B)
Class org.objectweb.asm.Frame                                                         : loaded 2 times (x 73B)
Class com.google.common.cache.LocalCache$EntryFactory$1                               : loaded 2 times (x 83B)
Class [Lcom.google.common.cache.RemovalListener;                                      : loaded 2 times (x 69B)
Class org.jetbrains.org.objectweb.asm.util.TraceMethodVisitor                         : loaded 2 times (x 105B)
Class org.jetbrains.kotlin.resolve.deprecation.CommonDeprecationUtilsKt               : loaded 2 times (x 71B)
Class com.google.common.collect.RegularImmutableBiMap$Inverse$InverseEntrySet         : loaded 2 times (x 151B)
Class org.jetbrains.kotlin.contracts.model.structure.ESBooleanType                    : loaded 2 times (x 72B)
Class org.jetbrains.kotlin.scripting.resolve.LazyScriptDescriptor$ImportedScriptDescriptorsFinder$psiManager$2: loaded 2 times (x 79B)
Class org.jetbrains.kotlin.scripting.resolve.ScriptCompilationConfigurationWrapper$FromCompilationConfiguration: loaded 2 times (x 79B)
Class org.jetbrains.kotlin.utils.FunctionsKt$ALWAYS_NULL$1                            : loaded 2 times (x 78B)
Class org.jetbrains.kotlin.load.java.SpecialGenericSignatures$TypeSafeBarrierDescription: loaded 2 times (x 80B)
Class org.jetbrains.kotlin.resolve.jvm.checkers.SuspensionPointInsideMutexLockChecker : loaded 2 times (x 74B)
Class org.jetbrains.kotlin.util.NullableArrayMapAccessor                              : loaded 2 times (x 74B)
Class org.jetbrains.kotlin.resolve.SinceKotlinAccessibility                           : loaded 2 times (x 71B)
Class org.jetbrains.kotlin.resolve.AnnotationTargetLists$targetList$1                 : loaded 2 times (x 78B)
Class org.jetbrains.kotlin.resolve.AnnotationTargetLists                              : loaded 2 times (x 71B)
Class org.jetbrains.kotlin.psi.psiUtil.PsiUtilsKt$getPrevSiblingIgnoringWhitespaceAndComments$1: loaded 2 times (x 78B)
Class org.jetbrains.kotlin.types.AbstractTypeConstructor$supertypes$3$resultWithoutCycles$1: loaded 2 times (x 79B)
Class org.jetbrains.kotlin.resolve.calls.inference.components.ConstraintSystemCompletionMode: loaded 2 times (x 79B)
Class org.jetbrains.kotlin.load.java.descriptors.JavaClassDescriptor                  : loaded 2 times (x 70B)
Class org.jetbrains.kotlin.load.java.JavaNullabilityAnnotationsStatus$Companion       : loaded 2 times (x 71B)
Class org.jetbrains.kotlin.resolve.calls.tower.KotlinResolutionStatelessCallbacksImpl : loaded 2 times (x 87B)
Class org.jetbrains.kotlin.resolve.jvm.checkers.JvmRecordApplicabilityChecker         : loaded 2 times (x 75B)
Class org.jetbrains.kotlin.diagnostics.Diagnostic                                     : loaded 2 times (x 70B)
Class org.jetbrains.kotlin.serialization.deserialization.DeserializationContext       : loaded 2 times (x 72B)
Class org.jetbrains.kotlin.descriptors.impl.VariableDescriptorImpl                    : loaded 2 times (x 226B)
Class org.jetbrains.kotlin.descriptors.ConstructorDescriptor                          : loaded 2 times (x 70B)
Class org.jetbrains.kotlin.types.SimpleType                                           : loaded 2 times (x 91B)
Class org.jetbrains.kotlin.diagnostics.PositioningStrategies$PROPERTY_INITIALIZER$1   : loaded 2 times (x 74B)
Class org.jetbrains.kotlin.metadata.jvm.JvmProtoBuf$JvmPropertySignature$1            : loaded 2 times (x 144B)
Class org.jetbrains.kotlin.metadata.ProtoBuf$EnumEntryOrBuilder                       : loaded 2 times (x 70B)
Class org.jetbrains.kotlin.container.ConstructorInfo                                  : loaded 2 times (x 72B)
Class org.jetbrains.kotlin.descriptors.ValidateableDescriptor                         : loaded 2 times (x 70B)
Class org.jetbrains.kotlin.resolve.calls.checkers.UnderscoreUsageChecker              : loaded 2 times (x 74B)
Class [Lorg.jetbrains.kotlin.psi.KtSimpleNameStringTemplateEntry;                     : loaded 2 times (x 69B)
Class org.jetbrains.kotlin.cli.jvm.modules.CliJavaModuleFinder$ctSymModules$2         : loaded 2 times (x 79B)
Class org.jetbrains.kotlin.scripting.definitions.LazyClasspathWithClassLoader         : loaded 2 times (x 76B)
Class kotlin.jvm.functions.Function18                                                 : loaded 2 times (x 70B)
Class kotlin.script.experimental.util.PropertiesCollection$Builder                    : loaded 2 times (x 72B)
Class kotlin.reflect.jvm.internal.CachesKt                                            : loaded 2 times (x 71B)
Class kotlin.jvm.internal.CallableReference$NoReceiver                                : loaded 2 times (x 71B)
Class kotlin.text.StringsKt__StringBuilderKt                                          : loaded 2 times (x 71B)
Class com.google.common.cache.LocalCache$EntryFactory$2                               : loaded 2 times (x 83B)
Class com.google.common.collect.AbstractMapBasedMultimap$NavigableKeySet              : loaded 2 times (x 278B)
Class org.jetbrains.kotlin.diagnostics.DiagnosticFactory2                             : loaded 2 times (x 81B)
Class org.jetbrains.kotlin.resolve.calls.results.FlatSignatureUtilsKt                 : loaded 2 times (x 71B)
Class org.jetbrains.kotlin.resolve.calls.results.FlatSignature                        : loaded 2 times (x 72B)
Class org.jetbrains.kotlin.resolve.calls.inference.components.VariableFixationFinder$variableHasProperArgumentConstraints$areThereConstraintsWithUninferredTypeParameter$1$1: loaded 2 times (x 79B)
Class org.jetbrains.kotlin.resolve.constants.KClassValue$Value                        : loaded 2 times (x 71B)
Class org.jetbrains.kotlin.load.java.structure.JavaArrayAnnotationArgument            : loaded 2 times (x 70B)
Class org.jetbrains.kotlin.types.FlexibleTypeImpl                                     : loaded 2 times (x 104B)
Class org.jetbrains.kotlin.load.kotlin.AbstractBinaryClassAnnotationAndConstantLoader$loadAnnotationsAndInitializers$1: loaded 2 times (x 76B)
Class org.jetbrains.kotlin.resolve.calls.inference.components.FreshVariableNewTypeSubstitutor: loaded 2 times (x 80B)
Class org.jetbrains.kotlin.resolve.constants.ErrorValue                               : loaded 2 times (x 77B)
Class org.jetbrains.kotlin.resolve.calls.context.ResolutionResultsCache               : loaded 2 times (x 70B)
Class org.jetbrains.kotlin.load.java.typeEnhancement.PredefinedEnhancementInfoKt$PREDEFINED_FUNCTION_ENHANCEMENT_INFO_BY_SIGNATURE$1$1$4$1: loaded 2 times (x 79B)
Class org.jetbrains.kotlin.load.java.typeEnhancement.AbstractSignatureParts$extractQualifiersFromAnnotations$annotationsNullability$1: loaded 2 times (x 79B)
Class org.jetbrains.kotlin.name.State                                                 : loaded 2 times (x 79B)
Class org.jetbrains.kotlin.builtins.functions.FunctionClassDescriptor                 : loaded 2 times (x 269B)
Class [Lorg.jetbrains.kotlin.descriptors.ClassifierDescriptorWithTypeParameters;      : loaded 2 times (x 69B)
Class org.jetbrains.kotlin.resolve.lazy.descriptors.LazyClassMemberScope$setDeferredReturnType$1: loaded 2 times (x 79B)
Class org.jetbrains.kotlin.resolve.SinceKotlinAccessibility$NotAccessibleButWasExperimental: loaded 2 times (x 72B)
Class [Lorg.jetbrains.kotlin.mpp.ClassifierSymbolMarker;                              : loaded 2 times (x 69B)
Class org.jetbrains.kotlin.utils.DFS$VisitedWithSet                                   : loaded 2 times (x 76B)
Class org.jetbrains.kotlin.types.AbstractTypeConstructor$supertypes$3$resultWithoutCycles$2: loaded 2 times (x 79B)
Class org.jetbrains.kotlin.resolve.source.PsiSourceElement                            : loaded 2 times (x 70B)
Class org.jetbrains.kotlin.util.slicedMap.SetSlice                                    : loaded 2 times (x 103B)
Class org.jetbrains.kotlin.util.slicedMap.BasicWritableSlice                          : loaded 2 times (x 101B)
Class org.jetbrains.kotlin.resolve.lazy.FileScopeFactory$DefaultImportImpl            : loaded 2 times (x 80B)
Class org.jetbrains.kotlin.serialization.deserialization.descriptors.DeserializedClassDescriptor$DeserializedClassMemberScope$refinedSupertypes$1: loaded 2 times (x 79B)
Class org.jetbrains.kotlin.serialization.deserialization.ProtoEnumFlags$WhenMappings  : loaded 2 times (x 71B)
Class org.jetbrains.kotlin.resolve.TypeResolver$Companion                             : loaded 2 times (x 71B)
Class org.jetbrains.kotlin.resolve.calls.inference.components.ConstraintIncorporator$Context: loaded 2 times (x 70B)
Class org.jetbrains.kotlin.resolve.deprecation.DeprecationResolver$DeprecationInfo    : loaded 2 times (x 72B)
Class org.jetbrains.kotlin.cfg.ControlFlowInformationProviderImpl$Factory             : loaded 2 times (x 74B)
Class org.jetbrains.kotlin.load.java.ReportLevel                                      : loaded 2 times (x 79B)
Class org.jetbrains.kotlin.load.java.components.JavaPropertyInitializerEvaluatorImpl  : loaded 2 times (x 74B)
Class org.jetbrains.kotlin.resolve.lazy.KotlinCodeAnalyzer                            : loaded 2 times (x 70B)
Class org.jetbrains.kotlin.types.error.ErrorModuleDescriptor                          : loaded 2 times (x 109B)
Class org.jetbrains.kotlin.builtins.KotlinBuiltIns$1                                  : loaded 2 times (x 77B)
Class org.jetbrains.kotlin.resolve.checkers.InlineParameterChecker                    : loaded 2 times (x 74B)
Class kotlin.reflect.KMutableProperty$Setter                                          : loaded 2 times (x 70B)
Class org.jetbrains.kotlin.psi.psiUtil.PsiUtilsKt                                     : loaded 2 times (x 71B)
Class org.jetbrains.kotlin.resolve.checkers.DeclarationCheckerContext                 : loaded 2 times (x 78B)
Class org.jetbrains.kotlin.resolve.lazy.AbsentDescriptorHandler                       : loaded 2 times (x 70B)
Class org.jetbrains.kotlin.resolve.calls.checkers.SynchronizedByValueChecker          : loaded 2 times (x 74B)
Class it.unimi.dsi.fastutil.ints.IntSets$EmptySet                                     : loaded 2 times (x 234B)
Class [Lorg.jetbrains.kotlin.psi.KtClassLikeDeclaration;                              : loaded 2 times (x 69B)
Class org.jetbrains.kotlin.scripting.definitions.ScriptDefinitionsFromClasspathDiscoverySource: loaded 2 times (x 75B)
Class kotlin.jvm.functions.Function19                                                 : loaded 2 times (x 70B)
Class kotlin.reflect.jvm.internal.KClassImpl$Data$allStaticMembers$2                  : loaded 2 times (x 79B)
Class org.jetbrains.kotlin.scripting.configuration.ScriptingConfigurationKeys         : loaded 2 times (x 71B)
Class org.jetbrains.kotlin.scripting.extensions.ScriptExtraImportsProviderExtension   : loaded 2 times (x 74B)
Class org.jetbrains.kotlin.codegen.extensions.ClassFileFactoryFinalizerExtension      : loaded 2 times (x 70B)
Class org.objectweb.asm.tree.MethodInsnNode                                           : loaded 2 times (x 80B)
Class kotlin.Lazy                                                                     : loaded 2 times (x 70B)
Class com.android.prefs.Global                                                        : loaded 2 times (x 80B)
Class kotlin.NoWhenBranchMatchedException                                             : loaded 2 times (x 82B)
Class org.jetbrains.kotlin.metadata.ProtoBuf$Annotation$Argument$Value$Type           : loaded 2 times (x 82B)
Class org.objectweb.asm.ModuleWriter                                                  : loaded 2 times (x 82B)
Class com.google.common.cache.LocalCache$EntryFactory$3                               : loaded 2 times (x 83B)
Class com.google.common.base.Ticker$1                                                 : loaded 2 times (x 72B)
Class [Lcom.android.tools.analytics.Environment$SystemProperty;                       : loaded 2 times (x 69B)
Class com.android.tools.analytics.AnalyticsSettings                                   : loaded 2 times (x 71B)
Class com.google.protobuf.Descriptors$Descriptor                                      : loaded 2 times (x 76B)
Class org.jetbrains.kotlin.descriptors.PossiblyInnerType                              : loaded 2 times (x 72B)
Class org.jetbrains.kotlin.cfg.pseudocode.instructions.jumps.AbstractJumpInstruction  : loaded 2 times (x 102B)
Class org.jetbrains.kotlin.types.NotNullSimpleType                                    : loaded 2 times (x 94B)
Class org.jetbrains.kotlin.resolve.constants.AnnotationValue                          : loaded 2 times (x 76B)
Class org.jetbrains.kotlin.load.java.structure.JavaConstructor                        : loaded 2 times (x 70B)
Class org.jetbrains.kotlin.serialization.deserialization.MemberDeserializer$valueParameters$1$annotations$1: loaded 2 times (x 79B)
Class org.jetbrains.kotlin.descriptors.annotations.FilteredAnnotations                : loaded 2 times (x 86B)
Class kotlin.script.experimental.api.ErrorHandlingKt                                  : loaded 2 times (x 71B)
Class org.jetbrains.kotlin.scripting.resolve.VirtualFileScriptSource$text$2           : loaded 2 times (x 79B)
Class org.jetbrains.kotlin.types.AbstractTypeChecker$WhenMappings                     : loaded 2 times (x 71B)
Class org.jetbrains.kotlin.diagnostics.AbstractDiagnostic                             : loaded 2 times (x 108B)
Class org.jetbrains.kotlin.types.TypeSubstitution$replaceWithNonApproximating$1       : loaded 2 times (x 78B)
Class org.jetbrains.kotlin.resolve.scopes.receivers.ClassQualifier                    : loaded 2 times (x 92B)
Class org.jetbrains.kotlin.resolve.calls.model.StubResolvedAtom                       : loaded 2 times (x 74B)
Class org.jetbrains.kotlin.resolve.constants.NullValue                                : loaded 2 times (x 76B)
Class org.jetbrains.kotlin.types.TypeAttributesKt                                     : loaded 2 times (x 71B)
Class org.jetbrains.kotlin.builtins.functions.FunctionClassScope                      : loaded 2 times (x 101B)
Class org.jetbrains.kotlin.load.java.components.JavaSourceElementImpl                 : loaded 2 times (x 83B)
Class org.jetbrains.kotlin.metadata.ProtoBuf$TypeParameter$Variance$1                 : loaded 2 times (x 74B)
Class org.jetbrains.kotlin.types.SubstitutionWithContravariantCapturedTypeApproximation: loaded 2 times (x 78B)
Class org.jetbrains.kotlin.resolve.scopes.MemberScope$DefaultImpls                    : loaded 2 times (x 71B)
Class [Lorg.jetbrains.kotlin.metadata.ProtoBuf$Expression$ConstantValue;              : loaded 2 times (x 69B)
Class org.jetbrains.kotlin.metadata.ProtoBuf$Effect                                   : loaded 2 times (x 113B)
Class kotlin.io.TextStreamsKt                                                         : loaded 2 times (x 71B)
Class org.jetbrains.kotlin.synthetic.JavaSyntheticPropertiesScope                     : loaded 2 times (x 92B)
Class org.jetbrains.kotlin.types.expressions.FakeCallKind                             : loaded 2 times (x 79B)
Class org.jetbrains.kotlin.mpp.ValueParameterSymbolMarker                             : loaded 2 times (x 70B)
Class org.jetbrains.kotlin.config.AnalysisFlags$skipMetadataVersionCheck$2            : loaded 2 times (x 127B)
Class org.jetbrains.kotlin.resolve.lazy.declarations.FileBasedDeclarationProviderFactory: loaded 2 times (x 83B)
Class org.jetbrains.kotlin.types.AbstractTypeConstructor                              : loaded 2 times (x 98B)
Class org.jetbrains.kotlin.renderer.DescriptorRenderer$Companion$COMPACT_WITH_MODIFIERS$1: loaded 2 times (x 78B)
Class org.jetbrains.kotlin.builtins.KotlinBuiltIns$2                                  : loaded 2 times (x 77B)
Class org.jetbrains.kotlin.descriptors.impl.DeclarationDescriptorImpl                 : loaded 2 times (x 96B)
Class org.jetbrains.kotlin.serialization.deserialization.AnnotationLoader             : loaded 2 times (x 70B)
Class org.jetbrains.kotlin.types.model.AnnotationMarker                               : loaded 2 times (x 70B)
Class org.jetbrains.kotlin.resolve.calls.checkers.SelfCallInNestedObjectConstructorChecker: loaded 2 times (x 74B)
Class org.jetbrains.kotlin.container.ComponentRegistry                                : loaded 2 times (x 72B)
Class [Lorg.jetbrains.kotlin.resolve.checkers.ClassifierUsageChecker;                 : loaded 2 times (x 69B)
Class org.jetbrains.kotlin.diagnostics.PositioningStrategies$TYPE_PARAMETERS_LIST$1   : loaded 2 times (x 74B)
Class org.jetbrains.kotlin.diagnostics.DiagnosticFactory$Companion                    : loaded 2 times (x 71B)
Class org.jetbrains.kotlin.psi.KtDoubleColonExpression                                : loaded 2 times (x 70B)
Class [Lorg.jetbrains.kotlin.psi.KtFunctionType;                                      : loaded 2 times (x 69B)
Class org.jetbrains.kotlin.psi.stubs.KotlinBackingFieldStub                           : loaded 2 times (x 70B)
Class org.jetbrains.kotlin.psi.stubs.elements.KtPropertyAccessorElementType           : loaded 2 times (x 103B)
Class org.jetbrains.kotlin.cli.jvm.compiler.JavaLanguageLevelKt                       : loaded 2 times (x 71B)
Class org.jetbrains.kotlin.storage.LockBasedStorageManager$NotValue                   : loaded 2 times (x 79B)
Class org.jetbrains.kotlin.scripting.definitions.ScriptDefinition$Companion$getDefault$1: loaded 2 times (x 115B)
Class org.jetbrains.kotlin.resolve.diagnostics.DiagnosticSuppressor                   : loaded 2 times (x 70B)
Class org.jetbrains.kotlin.cli.common.PropertiesKt                                    : loaded 2 times (x 71B)
Class org.jetbrains.kotlin.cli.common.messages.MessageRenderer                        : loaded 2 times (x 70B)
Class [Lkotlin.jvm.functions.Function1;                                               : loaded 2 times (x 69B)
Class org.jetbrains.kotlin.resolve.UpperBoundViolatedReporter                         : loaded 2 times (x 72B)
Class net.rubygrapefruit.platform.internal.Platform$MacOs                             : loaded 2 times (x 82B)
Class net.rubygrapefruit.platform.internal.Platform$Window64Bit                       : loaded 2 times (x 79B)
Class org.jetbrains.org.objectweb.asm.tree.InsnNode                                   : loaded 2 times (x 78B)
Class com.google.common.collect.CollectSpliterators$1                                 : loaded 2 times (x 90B)
Class com.google.common.cache.LocalCache$EntryFactory$4                               : loaded 2 times (x 83B)
Class com.android.tools.analytics.AnalyticsPaths                                      : loaded 2 times (x 71B)
Class org.jetbrains.kotlin.resolve.lazy.LazyEntity                                    : loaded 2 times (x 70B)
Class org.jetbrains.kotlin.codegen.state.TypeMappingUtil                              : loaded 2 times (x 71B)
Class org.jetbrains.kotlin.load.java.lazy.descriptors.LazyJavaStaticClassScope$flatMapJavaStaticSupertypesScopes$1$1: loaded 2 times (x 78B)
Class org.jetbrains.kotlin.contracts.ContextInfoToDataFlowInfoKt                      : loaded 2 times (x 71B)
Class [Lorg.jetbrains.kotlin.types.TypeSubstitutor$VarianceConflictType;              : loaded 2 times (x 69B)
Class kotlin.script.experimental.host.FileBasedScriptSource                           : loaded 2 times (x 84B)
Class org.jetbrains.kotlin.resolve.scopes.ScopeUtils                                  : loaded 2 times (x 71B)
Class org.jetbrains.kotlin.resolve.calls.tower.PSICallResolver$FactoryProviderForInvoke: loaded 2 times (x 77B)
Class org.jetbrains.kotlin.resolve.scopes.receivers.TypeParameterQualifier            : loaded 2 times (x 85B)
Class org.jetbrains.kotlin.resolve.scopes.receivers.ExpressionReceiver$Companion      : loaded 2 times (x 71B)
Class [Lorg.jetbrains.kotlin.types.TypeUsage;                                         : loaded 2 times (x 69B)
Class org.jetbrains.kotlin.descriptors.NotFoundClasses$MockClassDescriptor            : loaded 2 times (x 269B)
Class org.jetbrains.kotlin.resolve.AnnotationTargetList                               : loaded 2 times (x 72B)
Class org.jetbrains.kotlin.progress.ProgressIndicatorAndCompilationCanceledStatus     : loaded 2 times (x 71B)
Class [Lorg.jetbrains.kotlin.types.Variance;                                          : loaded 2 times (x 69B)
Class org.jetbrains.kotlin.resolve.calls.inference.components.KotlinConstraintSystemCompleter$Companion: loaded 2 times (x 71B)
Class org.jetbrains.kotlin.resolve.calls.inference.components.KotlinConstraintSystemCompleter: loaded 2 times (x 72B)
Class org.jetbrains.kotlin.types.expressions.ClassLiteralChecker                      : loaded 2 times (x 70B)
Class org.jetbrains.kotlin.types.SubtypingRepresentatives                             : loaded 2 times (x 70B)
Class org.jetbrains.kotlin.types.model.CaptureStatus                                  : loaded 2 times (x 79B)
Class org.jetbrains.kotlin.types.model.StubTypeMarker                                 : loaded 2 times (x 70B)
Class org.jetbrains.kotlin.load.java.lazy.JavaResolverSettings$Companion$create$1     : loaded 2 times (x 77B)
Class org.jetbrains.kotlin.resolve.calls.components.ClassicTypeSystemContextForCS     : loaded 2 times (x 898B)
Class org.jetbrains.kotlin.resolve.jvm.checkers.InlinePlatformCompatibilityChecker    : loaded 2 times (x 75B)
Class org.jetbrains.kotlin.mpp.PropertySymbolMarker                                   : loaded 2 times (x 70B)
Class org.jetbrains.kotlin.descriptors.Visibility                                     : loaded 2 times (x 79B)
Class org.jetbrains.kotlin.builtins.KotlinBuiltIns$3                                  : loaded 2 times (x 77B)
Class org.jetbrains.kotlin.load.kotlin.TypeMappingMode                                : loaded 2 times (x 72B)
Class org.jetbrains.kotlin.builtins.functions.FunctionTypeKind$KFunction              : loaded 2 times (x 76B)
Class org.jetbrains.kotlin.protobuf.RopeByteString$RopeInputStream                    : loaded 2 times (x 92B)
Class org.jetbrains.kotlin.protobuf.CodedInputStream                                  : loaded 2 times (x 72B)
Class org.jetbrains.kotlin.resolve.calls.checkers.UnitConversionCallChecker           : loaded 2 times (x 74B)
Class org.jetbrains.kotlin.container.ComponentStorageState                            : loaded 2 times (x 79B)
Class org.jetbrains.kotlin.diagnostics.PositioningStrategies$REDUNDANT_NULLABLE$1     : loaded 2 times (x 74B)
Class org.jetbrains.kotlin.psi.stubs.elements.KtAnnotationEntryElementType            : loaded 2 times (x 104B)
Class org.jetbrains.kotlin.utils.WrappedValues$WrappedProcessCanceledException        : loaded 2 times (x 82B)
Class org.jetbrains.kotlin.types.expressions.CoercionStrategy                         : loaded 2 times (x 79B)
Class org.jetbrains.kotlin.cli.jvm.compiler.ClasspathRootsResolver                    : loaded 2 times (x 72B)
Class kotlin.sequences.ConstrainedOnceSequence                                        : loaded 2 times (x 75B)
Class kotlin.reflect.jvm.internal.KCallableImpl$_parameters$1                         : loaded 2 times (x 79B)
Class org.jetbrains.kotlin.resolve.extensions.SyntheticResolveExtension$Companion     : loaded 2 times (x 72B)
Class org.jetbrains.org.objectweb.asm.MethodTooLargeException                         : loaded 2 times (x 83B)
Class com.google.common.cache.LocalCache$EntryFactory$5                               : loaded 2 times (x 83B)
Class Build_gradle                                                                    : loaded 2 times (x 131B)
Class com.google.common.collect.Tables                                                : loaded 2 times (x 71B)
Class org.jetbrains.kotlin.resolve.calls.smartcasts.DataFlowInfoImplKt                : loaded 2 times (x 71B)
Class org.jetbrains.kotlin.psi.KtPsiFactory$Companion                                 : loaded 2 times (x 71B)
Class kotlin.script.experimental.api.ResultWithDiagnostics$Success                    : loaded 2 times (x 73B)
Class org.jetbrains.kotlin.resolve.calls.smartcasts.DataFlowValue$Kind                : loaded 2 times (x 79B)
Class [Lorg.jetbrains.kotlin.resolve.ExternalOverridabilityCondition$Contract;        : loaded 2 times (x 69B)
Class org.jetbrains.kotlin.load.java.typeEnhancement.PredefinedEnhancementInfoKt$PREDEFINED_FUNCTION_ENHANCEMENT_INFO_BY_SIGNATURE$1$1$14$1: loaded 2 times (x 79B)
Class org.jetbrains.kotlin.util.ReturnsCheck$ReturnsBoolean$1                         : loaded 2 times (x 78B)
Class org.jetbrains.kotlin.load.java.JavaDescriptorVisibilities                       : loaded 2 times (x 71B)
Class org.jetbrains.kotlin.load.java.lazy.descriptors.LazyJavaClassDescriptor         : loaded 2 times (x 309B)
Class org.jetbrains.kotlin.metadata.ProtoBuf$1                                        : loaded 2 times (x 71B)
Class org.jetbrains.kotlin.resolve.lazy.descriptors.AbstractLazyMemberScope$declaredFunctionDescriptors$1: loaded 2 times (x 79B)
Class com.google.common.collect.HashMultimap                                          : loaded 2 times (x 174B)
Class org.jetbrains.kotlin.idea.MainFunctionDetector$1                                : loaded 2 times (x 79B)
Class [Lorg.jetbrains.kotlin.resolve.scopes.MemberScope;                              : loaded 2 times (x 69B)
Class org.jetbrains.kotlin.descriptors.impl.SubpackagesScope                          : loaded 2 times (x 100B)
Class org.jetbrains.kotlin.storage.LockBasedLazyResolveStorageManager$LockProtectedContext: loaded 2 times (x 81B)
Class org.jetbrains.kotlin.resolve.lazy.FileScopeFactory$DefaultImportResolvers       : loaded 2 times (x 72B)
Class org.jetbrains.kotlin.types.expressions.BasicExpressionTypingVisitor             : loaded 2 times (x 224B)
Class org.jetbrains.kotlin.types.TypeApproximatorConfiguration                        : loaded 2 times (x 86B)
Class org.jetbrains.kotlin.resolve.TemporaryBindingTrace                              : loaded 2 times (x 107B)
Class org.jetbrains.kotlin.types.expressions.ExpressionTypingComponents               : loaded 2 times (x 114B)
Class org.jetbrains.kotlin.types.model.ObsoleteTypeKind                               : loaded 2 times (x 70B)
Class org.jetbrains.kotlin.types.model.TypeVariance                                   : loaded 2 times (x 79B)
Class org.jetbrains.kotlin.diagnostics.DiagnosticSink$DiagnosticsCallback             : loaded 2 times (x 70B)
Class org.jetbrains.kotlin.resolve.TypeResolver$TypeTransformerForTests               : loaded 2 times (x 72B)
Class org.jetbrains.kotlin.utils.WrappedValues$ThrowableWrapper                       : loaded 2 times (x 72B)
Class org.jetbrains.kotlin.builtins.KotlinBuiltIns$4                                  : loaded 2 times (x 77B)
Class org.jetbrains.kotlin.resolve.diagnostics.BindingContextSuppressCache            : loaded 2 times (x 80B)
Class org.jetbrains.kotlin.protobuf.MessageLite$Builder                               : loaded 2 times (x 70B)
Class org.jetbrains.kotlin.mpp.DeclarationSymbolMarker                                : loaded 2 times (x 70B)
Class org.jetbrains.kotlin.container.ClassTraversalCache                              : loaded 2 times (x 71B)
Class org.jetbrains.kotlin.resolve.checkers.ExpectActualClassifiersAreInBetaChecker   : loaded 2 times (x 74B)
Class org.jetbrains.kotlin.container.ComponentContainer                               : loaded 2 times (x 70B)
Class [Lorg.jetbrains.kotlin.parsing.KotlinParsing$AnnotationParsingMode;             : loaded 2 times (x 69B)
Class org.jetbrains.kotlin.psi.stubs.KotlinPlaceHolderStub                            : loaded 2 times (x 70B)
Class org.jetbrains.kotlin.psi.stubs.KotlinCallableStubBase                           : loaded 2 times (x 70B)
Class kotlin.reflect.jvm.internal.KClassImpl$Data$simpleName$2                        : loaded 2 times (x 79B)
Class org.jetbrains.kotlin.scripting.definitions.ScriptCompilationConfigurationFromDefinitionKt: loaded 2 times (x 71B)
Class kotlin.reflect.jvm.internal.CachesKt$CACHE_FOR_BASE_CLASSIFIERS$1               : loaded 2 times (x 78B)
Class [Lkotlin.reflect.KProperty;                                                     : loaded 2 times (x 69B)
Class org.jetbrains.kotlin.fir.extensions.FirAnalysisHandlerExtension$Companion       : loaded 2 times (x 72B)
Class org.jetbrains.kotlin.resolve.extensions.AssignResolutionAltererExtension$Companion: loaded 2 times (x 72B)
Class kotlin.jvm.internal.markers.KMappedMarker                                       : loaded 2 times (x 70B)
Class org.jetbrains.kotlin.config.JVMAssertionsMode$Companion                         : loaded 2 times (x 71B)
Class org.jetbrains.org.objectweb.asm.CurrentFrame                                    : loaded 2 times (x 73B)
Class com.google.common.cache.LocalCache$EntryFactory$6                               : loaded 2 times (x 83B)
Class org.gradle.internal.installation.CurrentGradleInstallationLocator               : loaded 2 times (x 71B)
Class com.google.protobuf.CodedInputStream$ArrayDecoder                               : loaded 2 times (x 120B)
Class [Lcom.google.protobuf.Internal$EnumLite;                                        : loaded 2 times (x 69B)
Class org.jetbrains.kotlin.resolve.calls.tower.ImplicitsExtensionsResolutionFilter$Default: loaded 2 times (x 74B)
Class org.jetbrains.kotlin.resolve.calls.model.NameNotFound                           : loaded 2 times (x 73B)
Class org.jetbrains.kotlin.synthetic.SyntheticExtensionsUtilsKt                       : loaded 2 times (x 71B)
Class org.jetbrains.kotlin.load.java.BuiltinMethodsWithSpecialGenericSignature$getSpecialSignatureInfo$builtinSignature$1: loaded 2 times (x 78B)
Class org.jetbrains.kotlin.types.checker.ClassicTypeSystemContextKt$WhenMappings      : loaded 2 times (x 71B)
Class org.jetbrains.kotlin.resolve.scopes.ChainedMemberScope$Companion                : loaded 2 times (x 71B)
Class [Lorg.jetbrains.kotlin.resolve.scopes.LexicalScopeKind;                         : loaded 2 times (x 69B)
Class org.jetbrains.kotlin.types.AbstractTypeApproximator$approximateToSuperType$2$1  : loaded 2 times (x 79B)
Class org.jetbrains.kotlin.resolve.calls.results.OverloadingConflictResolver$filterOutEquivalentCalls$$inlined$sortedBy$1: loaded 2 times (x 90B)
Class org.jetbrains.kotlin.load.java.lazy.types.RawProjectionComputer$WhenMappings    : loaded 2 times (x 71B)
Class org.jetbrains.kotlin.codegen.OwnerKind$Companion                                : loaded 2 times (x 71B)
Class org.jetbrains.kotlin.load.java.components.JavaRetentionAnnotationDescriptor$allValueArguments$2: loaded 2 times (x 79B)
Class org.jetbrains.kotlin.load.kotlin.KotlinJvmBinaryClass$MethodAnnotationVisitor   : loaded 2 times (x 70B)
Class org.jetbrains.kotlin.resolve.calls.model.ArgumentMatchImpl                      : loaded 2 times (x 81B)
Class org.jetbrains.kotlin.resolve.jvm.kotlinSignature.SignaturesPropagationData$ValueParameters: loaded 2 times (x 72B)
Class org.jetbrains.kotlin.scripting.definitions.ScriptPriorities                     : loaded 2 times (x 71B)
Class org.jetbrains.kotlin.types.TypeProjectionImpl                                   : loaded 2 times (x 85B)
Class org.jetbrains.kotlin.cli.jvm.index.JvmDependenciesIndexImpl$traverseDirectoriesInPackage$1$1: loaded 2 times (x 79B)
Class [Lorg.jetbrains.kotlin.resolve.extensions.ExtraImportsProviderExtension;        : loaded 2 times (x 69B)
Class org.jetbrains.kotlin.metadata.ProtoBuf$VersionRequirement$Level$1               : loaded 2 times (x 74B)
Class org.jetbrains.kotlin.resolve.FilePreprocessorKt                                 : loaded 2 times (x 71B)
Class org.jetbrains.kotlin.idea.MainFunctionDetector$2                                : loaded 2 times (x 79B)
Class org.jetbrains.kotlin.serialization.deserialization.descriptors.NonEmptyDeserializedAnnotations: loaded 2 times (x 91B)
Class org.jetbrains.kotlin.resolve.QualifiedExpressionResolver$Companion              : loaded 2 times (x 71B)
Class org.jetbrains.kotlin.resolve.checkers.OptInUsageChecker$Companion               : loaded 2 times (x 71B)
Class org.jetbrains.kotlin.container.UnresolvedDependenciesException                  : loaded 2 times (x 82B)
Class org.jetbrains.kotlin.types.expressions.ExpressionTypingVisitorForStatements     : loaded 2 times (x 212B)
Class org.jetbrains.kotlin.resolve.calls.inference.components.NewTypeSubstitutor      : loaded 2 times (x 70B)
Class org.jetbrains.kotlin.types.checker.ClassicTypeSystemContext                     : loaded 2 times (x 70B)
Class org.jetbrains.kotlin.resolve.SealedClassInheritorsProvider                      : loaded 2 times (x 72B)
Class org.jetbrains.kotlin.util.AttributeArrayOwner                                   : loaded 2 times (x 82B)
Class org.jetbrains.kotlin.resolve.scopes.MemberScope$Empty                           : loaded 2 times (x 99B)
Class org.jetbrains.kotlin.resolve.TargetEnvironment$Companion                        : loaded 2 times (x 71B)
Class com.android.utils.PositionXmlParser$Position                                    : loaded 2 times (x 78B)
Class org.jetbrains.kotlin.load.java.lazy.LazyJavaAnnotationsKt                       : loaded 2 times (x 71B)
Class org.jetbrains.kotlin.load.kotlin.FacadeClassSource                              : loaded 2 times (x 70B)
Class org.jetbrains.kotlin.protobuf.FieldSet$1                                        : loaded 2 times (x 71B)
Class org.jetbrains.kotlin.metadata.builtins.BuiltInsProtoBuf                         : loaded 2 times (x 71B)
Class org.jetbrains.kotlin.resolve.BindingTrace                                       : loaded 2 times (x 70B)
Class org.jetbrains.kotlin.resolve.checkers.TrailingCommaDeclarationChecker           : loaded 2 times (x 74B)
Class org.jetbrains.kotlin.resolve.jvm.checkers.JvmSimpleNameBacktickChecker          : loaded 2 times (x 75B)
Class org.jetbrains.kotlin.lexer.KotlinLexerException                                 : loaded 2 times (x 82B)
Class [Lorg.jetbrains.kotlin.psi.KtCollectionLiteralExpression;                       : loaded 2 times (x 69B)
Class [Lorg.jetbrains.kotlin.psi.KtValueArgumentName;                                 : loaded 2 times (x 69B)
Class [Lorg.jetbrains.kotlin.psi.KtIntersectionType;                                  : loaded 2 times (x 69B)
Class org.jetbrains.kotlin.psi.stubs.KotlinAnnotationUseSiteTargetStub                : loaded 2 times (x 70B)
Class org.jetbrains.kotlin.psi.stubs.elements.KtParameterElementType                  : loaded 2 times (x 104B)
Class org.jetbrains.kotlin.psi.stubs.elements.KtModifierListElementType               : loaded 2 times (x 103B)
Class org.jetbrains.kotlin.cli.jvm.index.JvmDependenciesDynamicCompoundIndex$indexedRoots$1: loaded 2 times (x 78B)
Class [Lorg.jetbrains.kotlin.cli.jvm.modules.CoreJrtVirtualFile;                      : loaded 2 times (x 69B)
Class org.jetbrains.kotlin.cli.jvm.compiler.KotlinCliJavaFileManagerImpl$Companion    : loaded 2 times (x 71B)
Class com.android.tools.lint.model.DefaultLintModelDependencyGraph                    : loaded 2 times (x 78B)
Class com.android.tools.lint.model.DefaultLintModelLintOptions                        : loaded 2 times (x 103B)
Class org.jetbrains.kotlin.serialization.deserialization.TypeDeserializer$simpleType$annotations$1: loaded 2 times (x 79B)
Class org.jetbrains.org.objectweb.asm.tree.LdcInsnNode                                : loaded 2 times (x 78B)
Class com.google.common.cache.LocalCache$EntryFactory$7                               : loaded 2 times (x 83B)
Class org.gradle.internal.service.DefaultServiceLocator                               : loaded 2 times (x 83B)
Class org.jetbrains.kotlin.load.java.typeEnhancement.JavaTypeEnhancement$Result       : loaded 2 times (x 72B)
Class org.jetbrains.kotlin.codegen.signature.BothSignatureWriter                      : loaded 2 times (x 107B)
Class org.jetbrains.kotlin.analyzer.AnalysisResult                                    : loaded 2 times (x 72B)
Class [Lorg.jetbrains.kotlin.psi.KtElementImpl;                                       : loaded 2 times (x 69B)
Class org.jetbrains.kotlin.contracts.ContractDeserializerImpl$ContractDeserializationWorker$ComplexExpressionType: loaded 2 times (x 79B)
Class org.jetbrains.kotlin.cfg.variable.BlockScopeVariableInfoImpl                    : loaded 2 times (x 76B)
Class org.jetbrains.kotlin.cfg.pseudocode.instructions.eval.MagicKind                 : loaded 2 times (x 79B)
Class org.jetbrains.kotlin.cfg.pseudocode.instructions.eval.OperationInstruction      : loaded 2 times (x 103B)
Class org.jetbrains.kotlin.cfg.pseudocode.instructions.KtElementInstructionImpl       : loaded 2 times (x 99B)
Class org.jetbrains.kotlin.load.java.SpecialBuiltinMembers$getOverriddenSpecialBuiltin$2: loaded 2 times (x 78B)
Class javaslang.ValueModule                                                           : loaded 2 times (x 70B)
Class org.jetbrains.kotlin.load.java.descriptors.JavaMethodDescriptor$1               : loaded 2 times (x 71B)
Class org.jetbrains.kotlin.types.StarProjectionImplKt                                 : loaded 2 times (x 71B)
Class org.jetbrains.kotlin.resolve.calls.inference.model.NewTypeVariable              : loaded 2 times (x 73B)
Class org.jetbrains.kotlin.resolve.calls.CallTransformer$1                            : loaded 2 times (x 98B)
Class org.jetbrains.kotlin.load.kotlin.MemberSignature$Companion                      : loaded 2 times (x 71B)
Class org.jetbrains.kotlin.resolve.calls.tower.QualifierScopeTowerProcessor           : loaded 2 times (x 84B)
Class org.jetbrains.kotlin.resolve.calls.tower.TowerLevelsKt                          : loaded 2 times (x 71B)
Class org.jetbrains.kotlin.resolve.calls.tower.TowerResolver$Task$localLevels$2$1     : loaded 2 times (x 79B)
Class org.jetbrains.kotlin.descriptors.synthetic.FunctionInterfaceConstructorDescriptor: loaded 2 times (x 70B)
Class org.jetbrains.kotlin.resolve.calls.components.SimpleArgumentsChecksKt           : loaded 2 times (x 71B)
Class org.jetbrains.kotlin.load.kotlin.BinaryClassAnnotationAndConstantLoaderImpl$loadAnnotation$1: loaded 2 times (x 88B)
Class org.jetbrains.kotlin.load.java.typeEnhancement.PredefinedEnhancementInfoKt$PREDEFINED_FUNCTION_ENHANCEMENT_INFO_BY_SIGNATURE$1$1$9$1: loaded 2 times (x 79B)
Class org.jetbrains.kotlin.load.java.BuiltinMethodsWithSpecialGenericSignature        : loaded 2 times (x 71B)
Class org.jetbrains.kotlin.util.ReturnsCheck$ReturnsUnit$1                            : loaded 2 times (x 78B)
Class org.jetbrains.kotlin.util.ValueParameterCountCheck$SingleValueParameter         : loaded 2 times (x 80B)
Class org.jetbrains.kotlin.load.java.typeEnhancement.JavaTypeEnhancement$SimpleResult : loaded 2 times (x 72B)
Class org.jetbrains.kotlin.load.java.typeEnhancement.TypeComponentPositionKt          : loaded 2 times (x 71B)
Class org.jetbrains.kotlin.load.java.SpecialGenericSignatures                         : loaded 2 times (x 71B)
Class org.jetbrains.kotlin.load.kotlin.KotlinClassFinderKt                            : loaded 2 times (x 71B)
Class org.jetbrains.kotlin.cli.jvm.compiler.KotlinCliJavaFileManagerImplKt            : loaded 2 times (x 71B)
Class org.jetbrains.kotlin.resolve.lazy.LazyImportResolver$importedScopesProvider$1$1 : loaded 2 times (x 79B)
Class org.jetbrains.kotlin.resolve.LazyTopDownAnalyzer$analyzeDeclarations$1          : loaded 2 times (x 304B)
Class org.jetbrains.kotlin.load.kotlin.DeserializationComponentsForJava$Companion     : loaded 2 times (x 71B)
Class org.jetbrains.kotlin.util.collectionUtils.ScopeUtilsKt                          : loaded 2 times (x 71B)
Class [Lorg.jetbrains.kotlin.resolve.scopes.ResolutionScope;                          : loaded 2 times (x 69B)
Class org.jetbrains.kotlin.descriptors.impl.LazyPackageViewDescriptorImpl$fragments$2 : loaded 2 times (x 79B)
Class org.jetbrains.kotlin.resolve.calls.smartcasts.SmartCastManager$Companion        : loaded 2 times (x 71B)
Class org.jetbrains.kotlin.psi.KtSelfType                                             : loaded 2 times (x 439B)
Class org.jetbrains.kotlin.util.ProgressManagerBasedCancellationChecker               : loaded 2 times (x 74B)
Class org.jetbrains.kotlin.load.kotlin.PackagePartProvider                            : loaded 2 times (x 70B)
Class org.jetbrains.kotlin.serialization.deserialization.ClassDeserializer$classes$1  : loaded 2 times (x 79B)
Class org.jetbrains.kotlin.types.error.ErrorPropertyDescriptor                        : loaded 2 times (x 325B)
Class kotlin.properties.ObservableProperty                                            : loaded 2 times (x 83B)
Class org.jetbrains.kotlin.metadata.ProtoBuf$Class$Kind$1                             : loaded 2 times (x 74B)
Class org.jetbrains.kotlin.load.kotlin.PackagePartClassUtils                          : loaded 2 times (x 71B)
Class org.jetbrains.kotlin.protobuf.SmallSortedMap$Entry                              : loaded 2 times (x 88B)
Class org.jetbrains.kotlin.metadata.ProtoBuf$Package$1                                : loaded 2 times (x 144B)
Class org.jetbrains.kotlin.descriptors.ClassDescriptor                                : loaded 2 times (x 70B)
Class org.jetbrains.kotlin.resolve.calls.checkers.DeprecatedCallChecker               : loaded 2 times (x 74B)
Class org.jetbrains.kotlin.resolve.jvm.checkers.InconsistentOperatorFromJavaCallChecker: loaded 2 times (x 74B)
Class org.jetbrains.kotlin.resolve.scopes.receivers.ExpressionReceiver$Companion$ExpressionReceiverImpl: loaded 2 times (x 85B)
Class org.jetbrains.kotlin.resolve.PlatformConfiguratorBase                           : loaded 2 times (x 80B)
Class org.jetbrains.kotlin.parsing.FirstBefore                                        : loaded 2 times (x 84B)
Class [Lorg.jetbrains.kotlin.psi.KtNameReferenceExpression;                           : loaded 2 times (x 69B)
Class org.jetbrains.kotlin.psi.KtSecondaryConstructor                                 : loaded 2 times (x 1274B)
Class [Lorg.jetbrains.kotlin.psi.KtTypeParameterListOwner;                            : loaded 2 times (x 69B)
Class [Lorg.jetbrains.kotlin.storage.LockBasedStorageManager$NotValue;                : loaded 2 times (x 69B)
Class org.jetbrains.kotlin.scripting.definitions.ScriptDefinition$FromConfigurationsBase: loaded 2 times (x 115B)
Class kotlin.script.experimental.api.ScriptCompilationConfiguration$Companion         : loaded 2 times (x 71B)
Class org.jetbrains.kotlin.scripting.compiler.plugin.ScriptingCompilerConfigurationExtensionKt: loaded 2 times (x 71B)
Class kotlin.reflect.KMutableProperty0                                                : loaded 2 times (x 70B)
Class kotlin.reflect.KClassifier                                                      : loaded 2 times (x 70B)
Class org.jetbrains.kotlin.extensions.TypeAttributeTranslatorExtension$Companion      : loaded 2 times (x 72B)
Class org.jetbrains.kotlin.extensions.TypeAttributeTranslatorExtension                : loaded 2 times (x 70B)
Class org.jetbrains.kotlin.extensions.ProcessSourcesBeforeCompilingExtension$Companion: loaded 2 times (x 72B)
Class org.jetbrains.kotlin.extensions.PreprocessedVirtualFileFactoryExtension         : loaded 2 times (x 70B)
Class org.jetbrains.kotlin.psi.stubs.elements.KtFileElementType                       : loaded 2 times (x 111B)
Class kotlin.coroutines.jvm.internal.SuspendFunction                                  : loaded 2 times (x 70B)
Class javaslang.collection.Queue                                                      : loaded 2 times (x 887B)
Class org.jetbrains.org.objectweb.asm.SymbolTable                                     : loaded 2 times (x 72B)
Class org.jetbrains.org.objectweb.asm.tree.UnsupportedClassVersionException           : loaded 2 times (x 82B)
Class com.google.common.cache.LocalCache$SoftValueReference                           : loaded 2 times (x 97B)
Class com.google.common.cache.LocalCache$EntryFactory$8                               : loaded 2 times (x 83B)
Class org.gradle.internal.installation.CurrentGradleInstallation                      : loaded 2 times (x 73B)
Class [Lkotlin.collections.State;                                                     : loaded 2 times (x 69B)
Class org.jetbrains.kotlin.cfg.pseudocode.instructions.jumps.UnconditionalJumpInstruction: loaded 2 times (x 102B)
Class org.jetbrains.kotlin.contracts.description.AbstractContractProvider             : loaded 2 times (x 72B)
Class org.jetbrains.kotlin.load.kotlin.AbstractBinaryClassAnnotationLoader$PropertyRelatedElement: loaded 2 times (x 79B)
Class org.jetbrains.kotlin.cfg.pseudocode.instructions.InstructionVisitor             : loaded 2 times (x 95B)
Class org.jetbrains.kotlin.load.java.sam.JavaSingleAbstractMethodUtils$1              : loaded 2 times (x 73B)
Class org.jetbrains.kotlin.contracts.model.ESExpression                               : loaded 2 times (x 70B)
Class org.jetbrains.kotlin.types.expressions.AssignedVariablesSearcher                : loaded 2 times (x 305B)
Class org.jetbrains.kotlin.resolve.calls.inference.DescriptorRelatedInferenceUtilsKt$substitute$wrappedSubstitution$1: loaded 2 times (x 78B)
Class org.jetbrains.kotlin.resolve.calls.CallTransformer$2                            : loaded 2 times (x 98B)
Class org.jetbrains.kotlin.name.CallableId$Companion                                  : loaded 2 times (x 71B)
Class org.jetbrains.kotlin.resolve.calls.model.ManyCandidatesCallDiagnostic           : loaded 2 times (x 73B)
Class org.jetbrains.kotlin.resolve.calls.tower.TowerResolver$Task$localLevels$2$2     : loaded 2 times (x 79B)
Class org.jetbrains.kotlin.types.error.ErrorUtils$containsUninferredTypeVariable$1    : loaded 2 times (x 125B)
Class org.jetbrains.kotlin.resolve.calls.inference.CapturedType                       : loaded 2 times (x 99B)
Class org.jetbrains.kotlin.load.java.structure.JavaClassifierType                     : loaded 2 times (x 70B)
Class org.jetbrains.kotlin.load.java.structure.impl.JavaElementCollectionFromPsiArrayUtil: loaded 2 times (x 71B)
Class org.jetbrains.kotlin.load.java.structure.JavaTypeParameter                      : loaded 2 times (x 70B)
Class org.jetbrains.kotlin.resolve.constants.IntegerLiteralTypeConstructor            : loaded 2 times (x 82B)
Class org.jetbrains.kotlin.load.java.lazy.descriptors.LazyJavaStaticScope             : loaded 2 times (x 111B)
Class org.jetbrains.kotlin.resolve.lazy.LazyImportResolverForKtImportDirective$forceResolveNonDefaultImportsTask$1: loaded 2 times (x 79B)
Class org.jetbrains.kotlin.types.ErasureProjectionComputer                            : loaded 2 times (x 72B)
Class org.jetbrains.kotlin.load.kotlin.AbstractBinaryClassAnnotationLoader            : loaded 2 times (x 98B)
Class org.jetbrains.kotlin.descriptors.VariableAccessorDescriptor                     : loaded 2 times (x 70B)
Class kotlin.jvm.internal.StringCompanionObject                                       : loaded 2 times (x 71B)
Class org.jetbrains.kotlin.resolve.calls.tower.PSICompletedCallInfo                   : loaded 2 times (x 76B)
Class org.jetbrains.kotlin.types.model.SimpleTypeMarker                               : loaded 2 times (x 70B)
Class org.jetbrains.kotlin.builtins.functions.FunctionTypeKindExtractor$KindWithArity : loaded 2 times (x 72B)
Class org.jetbrains.kotlin.metadata.ProtoBuf$Annotation$ArgumentOrBuilder             : loaded 2 times (x 70B)
Class org.jetbrains.kotlin.protobuf.FieldSet$FieldDescriptorLite                      : loaded 2 times (x 70B)
Class org.jetbrains.kotlin.protobuf.AbstractMessageLite                               : loaded 2 times (x 98B)
Class org.jetbrains.kotlin.mpp.ClassifierSymbolMarker                                 : loaded 2 times (x 70B)
Class org.jetbrains.kotlin.diagnostics.PositioningStrategies$FUNCTION_PARAMETERS$1    : loaded 2 times (x 74B)
Class org.jetbrains.kotlin.diagnostics.PositioningStrategies$VARIANCE_IN_PROJECTION$1 : loaded 2 times (x 74B)
Class org.jetbrains.kotlin.diagnostics.UnboundDiagnostic                              : loaded 2 times (x 70B)
Class org.jetbrains.kotlin.parsing.SemanticWhitespaceAwarePsiBuilderImpl              : loaded 2 times (x 201B)
Class org.jetbrains.kotlin.psi.KtBreakExpression                                      : loaded 2 times (x 437B)
Class [Lorg.jetbrains.kotlin.psi.KtFunctionTypeReceiver;                              : loaded 2 times (x 69B)
Class org.jetbrains.kotlin.psi.KtNullableType                                         : loaded 2 times (x 510B)
Class org.jetbrains.kotlin.psi.stubs.KotlinTypeAliasStub                              : loaded 2 times (x 70B)
Class [Lorg.jetbrains.kotlin.psi.KtProperty;                                          : loaded 2 times (x 69B)
Class org.jetbrains.kotlin.cli.jvm.modules.CliJavaModuleResolver$Companion            : loaded 2 times (x 71B)
Class kotlin.jvm.internal.Ref$BooleanRef                                              : loaded 2 times (x 71B)
Class org.jetbrains.kotlin.load.java.structure.JavaNamedElement                       : loaded 2 times (x 70B)
Class org.jetbrains.kotlin.scripting.definitions.LazyScriptDefinitionProvider$Companion: loaded 2 times (x 71B)
Class kotlin.reflect.KMutableProperty1                                                : loaded 2 times (x 70B)
Class org.jetbrains.kotlin.cli.common.extensions.ShellExtension$Companion             : loaded 2 times (x 72B)
Class org.jetbrains.kotlin.extensions.CompilerConfigurationExtension                  : loaded 2 times (x 70B)
Class kotlin.coroutines.intrinsics.IntrinsicsKt__IntrinsicsJvmKt                      : loaded 2 times (x 71B)
Class kotlin.coroutines.jvm.internal.CoroutineStackFrame                              : loaded 2 times (x 70B)
Class com.android.tools.lint.model.DefaultLintModelVariant                            : loaded 2 times (x 101B)
Class com.android.tools.lint.model.LintModelArtifact                                  : loaded 2 times (x 70B)
Class org.jetbrains.org.objectweb.asm.ModuleWriter                                    : loaded 2 times (x 81B)
Class com.google.common.cache.CacheLoader$1                                           : loaded 2 times (x 75B)
Class org.gradle.util.internal.GUtil                                                  : loaded 2 times (x 71B)
Class com.android.tools.analytics.Environment$Companion$SYSTEM$1                      : loaded 2 times (x 73B)
Class com.android.tools.analytics.Environment$Companion                               : loaded 2 times (x 71B)
Class com.android.tools.analytics.Environment$SystemProperty                          : loaded 2 times (x 79B)
Class com.google.protobuf.Message                                                     : loaded 2 times (x 70B)
Class com.android.utils.StringHelper                                                  : loaded 2 times (x 71B)
Class org.jetbrains.kotlin.resolve.calls.model.NoneCandidatesCallDiagnostic           : loaded 2 times (x 73B)
Class com.android.resources.ResourceEnum                                              : loaded 2 times (x 70B)
Class org.jetbrains.kotlin.resolve.multiplatform.OptionalAnnotationUtil               : loaded 2 times (x 71B)
Class org.jetbrains.kotlin.cfg.pseudocode.instructions.InstructionWithNext            : loaded 2 times (x 99B)
Class org.jetbrains.kotlin.cfg.ControlFlowProcessor                                   : loaded 2 times (x 72B)
Class org.jetbrains.kotlin.load.java.sam.JavaSingleAbstractMethodUtils$2              : loaded 2 times (x 73B)
Class org.jetbrains.kotlin.resolve.scopes.receivers.ContextClassReceiver              : loaded 2 times (x 86B)
Class org.jetbrains.kotlin.resolve.calls.tower.UnstableSmartCastDiagnostic            : loaded 2 times (x 73B)
Class org.jetbrains.kotlin.psi.KtTreeVisitorVoid                                      : loaded 2 times (x 303B)
Class org.jetbrains.kotlin.descriptors.deserialization.AdditionalClassPartsProvider$None: loaded 2 times (x 77B)
Class org.jetbrains.kotlin.resolve.calls.inference.components.VariableFixationFinderKt: loaded 2 times (x 71B)
Class org.jetbrains.kotlin.resolve.calls.inference.model.DeclaredUpperBoundConstraintPosition: loaded 2 times (x 72B)
Class org.jetbrains.kotlin.types.TypeParameterUpperBoundEraser$DataToEraseUpperBound  : loaded 2 times (x 72B)
Class kotlin.io.NoSuchFileException                                                   : loaded 2 times (x 82B)
Class org.jetbrains.kotlin.resolve.lazy.descriptors.ClassResolutionScopesSupportKt    : loaded 2 times (x 71B)
Class org.jetbrains.kotlin.resolve.constants.KClassValue$Companion                    : loaded 2 times (x 71B)
Class org.jetbrains.kotlin.resolve.calls.components.ErrorDescriptorResolutionPart     : loaded 2 times (x 73B)
Class org.jetbrains.kotlin.resolve.calls.tower.QualifierScopeTowerLevel               : loaded 2 times (x 82B)
Class org.jetbrains.kotlin.resolve.descriptorUtil.AnnotationsForResolveKt             : loaded 2 times (x 71B)
Class org.jetbrains.kotlin.resolve.calls.tower.NewCallArgumentsKt                     : loaded 2 times (x 71B)
Class org.jetbrains.kotlin.load.java.SpecialGenericSignatures$Companion$NameAndSignature: loaded 2 times (x 72B)
Class org.jetbrains.kotlin.util.NoDefaultAndVarargsCheck                              : loaded 2 times (x 76B)
Class org.jetbrains.kotlin.scripting.resolve.LazyScriptDescriptor$_resultValue$1      : loaded 2 times (x 79B)
Class org.jetbrains.kotlin.metadata.jvm.JvmProtoBuf$StringTableTypes$Record           : loaded 2 times (x 119B)
Class [Lorg.jetbrains.kotlin.types.TypeApproximatorConfiguration$IntersectionStrategy;: loaded 2 times (x 69B)
Class org.jetbrains.kotlin.load.java.lazy.descriptors.LazyJavaPackageScope$classes$1  : loaded 2 times (x 79B)
Class org.jetbrains.kotlin.load.java.structure.JavaElementsKt                         : loaded 2 times (x 71B)
Class javaslang.collection.Foldable                                                   : loaded 2 times (x 70B)
Class [Lorg.jetbrains.kotlin.resolve.extensions.AnalysisHandlerExtension;             : loaded 2 times (x 69B)
Class org.jetbrains.kotlin.load.java.typeEnhancement.NullabilityQualifierWithMigrationStatus: loaded 2 times (x 72B)
Class org.jetbrains.kotlin.resolve.lazy.FileScopeProviderImpl                         : loaded 2 times (x 79B)
Class org.jetbrains.kotlin.resolve.calls.inference.ConstraintSystemOperation          : loaded 2 times (x 70B)
Class org.jetbrains.kotlin.resolve.jvm.SyntheticJavaPartsProvider                     : loaded 2 times (x 70B)
Class org.jetbrains.kotlin.resolve.LazyTopDownAnalyzer                                : loaded 2 times (x 72B)
Class org.jetbrains.kotlin.types.model.TypeSystemOptimizationContext                  : loaded 2 times (x 70B)
Class [Lorg.jetbrains.kotlin.extensions.TypeAttributeTranslatorExtension;             : loaded 2 times (x 69B)
Class org.jetbrains.kotlin.descriptors.NotFoundClasses$packageFragments$1             : loaded 2 times (x 79B)
Class org.jetbrains.kotlin.protobuf.FieldSet                                          : loaded 2 times (x 72B)
Class org.jetbrains.kotlin.resolve.calls.checkers.UselessElvisCallChecker             : loaded 2 times (x 74B)
Class org.jetbrains.kotlin.types.checker.KotlinTypePreparator                         : loaded 2 times (x 73B)
Class org.jetbrains.kotlin.platform.TargetPlatformVersion                             : loaded 2 times (x 70B)
Class org.jetbrains.kotlin.kdoc.lexer.KDocTokens$1                                    : loaded 2 times (x 84B)
Class org.jetbrains.kotlin.psi.KtModifierListOwnerStub                                : loaded 2 times (x 581B)
Class org.jetbrains.kotlin.psi.KtFile                                                 : loaded 2 times (x 942B)
Class [Lorg.jetbrains.kotlin.cli.jvm.index.JavaRoot$RootType;                         : loaded 2 times (x 69B)
Class org.jetbrains.kotlin.storage.LockBasedStorageManager$ExceptionHandlingStrategy$1: loaded 2 times (x 74B)
Class org.jetbrains.kotlin.storage.MemoizedFunctionToNullable                         : loaded 2 times (x 70B)
Class kotlin.reflect.KMutableProperty2                                                : loaded 2 times (x 70B)
Class kotlin.collections.CollectionsKt                                                : loaded 2 times (x 71B)
Class com.android.prefs.PathLocator$WhenMappings                                      : loaded 2 times (x 71B)
Class com.google.common.util.concurrent.AbstractFuture$SetFuture                      : loaded 2 times (x 75B)
Class com.google.common.cache.AbstractCache$StatsCounter                              : loaded 2 times (x 70B)
Class com.google.protobuf.AbstractMessage$Builder                                     : loaded 2 times (x 257B)
Class com.google.protobuf.ExtensionRegistryFactory                                    : loaded 2 times (x 71B)
Class com.google.protobuf.ProtocolMessageEnum                                         : loaded 2 times (x 70B)
Class kotlin.collections.AbstractIterator$WhenMappings                                : loaded 2 times (x 71B)
Class com.google.common.collect.AbstractTable                                         : loaded 2 times (x 120B)
Class org.jetbrains.kotlin.resolve.calls.DslMarkerUtilsKt                             : loaded 2 times (x 71B)
Class org.jetbrains.kotlin.resolve.calls.DslMarkerUtils$FunctionTypeAnnotationsKey    : loaded 2 times (x 71B)
Class org.jetbrains.kotlin.types.FlexibleTypeWithEnhancement                          : loaded 2 times (x 104B)
Class org.jetbrains.kotlin.resolve.calls.inference.components.ConstraintContext       : loaded 2 times (x 72B)
Class org.jetbrains.kotlin.codegen.coroutines.CoroutineCodegenUtilKt$INITIAL_SUSPEND_DESCRIPTOR_FOR_INVOKE_SUSPEND$1: loaded 2 times (x 71B)
Class org.jetbrains.kotlin.scripting.resolve.RefineCompilationConfigurationKt$refineScriptCompilationConfiguration$$inlined$runReadAction$1: loaded 2 times (x 80B)
Class org.jetbrains.kotlin.load.kotlin.TypeSignatureMappingKt                         : loaded 2 times (x 71B)
Class org.jetbrains.kotlin.resolve.calls.tower.SimplePSIKotlinCallArgument            : loaded 2 times (x 90B)
Class org.jetbrains.kotlin.resolve.calls.smartcasts.IdentifierInfoKt                  : loaded 2 times (x 71B)
Class org.jetbrains.kotlin.resolve.calls.components.CheckInfixResolutionPart          : loaded 2 times (x 73B)
Class org.jetbrains.kotlin.resolve.calls.components.InferenceSession$Companion$default$1: loaded 2 times (x 87B)
Class org.jetbrains.kotlin.types.SimpleTypeWithAttributes                             : loaded 2 times (x 94B)
Class org.jetbrains.kotlin.descriptors.annotations.AnnotationSplitter$LazySplitAnnotations: loaded 2 times (x 89B)
Class [Lorg.jetbrains.kotlin.descriptors.annotations.Annotations;                     : loaded 2 times (x 69B)
Class org.jetbrains.kotlin.types.SpecialTypesKt                                       : loaded 2 times (x 71B)
Class org.jetbrains.kotlin.cli.jvm.compiler.KotlinCliJavaFileManagerImpl$findVirtualFileForTopLevelClass$1$1: loaded 2 times (x 79B)
Class org.jetbrains.kotlin.types.TypeApproximatorConfiguration$PublicDeclaration$SaveAnonymousTypes: loaded 2 times (x 87B)
Class org.jetbrains.kotlin.descriptors.ValueClassRepresentation                       : loaded 2 times (x 74B)
Class org.jetbrains.kotlin.types.expressions.DoubleColonExpressionResolver$Companion  : loaded 2 times (x 71B)
Class org.jetbrains.kotlin.container.IterableDescriptor                               : loaded 2 times (x 75B)
Class org.jetbrains.kotlin.resolve.scopes.LexicalScopeStorage                         : loaded 2 times (x 110B)
Class org.jetbrains.kotlin.load.java.JavaClassFinder                                  : loaded 2 times (x 70B)
Class org.jetbrains.kotlin.load.java.JavaIncompatibilityRulesOverridabilityCondition$Companion: loaded 2 times (x 71B)
Class org.jetbrains.kotlin.types.checker.KotlinTypePreparator$Default                 : loaded 2 times (x 73B)
Class org.jetbrains.kotlin.serialization.deserialization.ContractDeserializer$Companion: loaded 2 times (x 71B)
Class org.jetbrains.kotlin.storage.LockBasedStorageManager$CacheWithNullableValuesBasedOnMemoizedFunction: loaded 2 times (x 86B)
Class [Lorg.jetbrains.kotlin.renderer.RenderingFormat;                                : loaded 2 times (x 69B)
Class org.jetbrains.kotlin.renderer.DescriptorRendererOptionsImpl$typeNormalizer$2    : loaded 2 times (x 78B)
Class org.jetbrains.kotlin.util.slicedMap.SlicedMap                                   : loaded 2 times (x 70B)
Class org.jetbrains.kotlin.resolve.constants.DoubleValue                              : loaded 2 times (x 76B)
Class org.jetbrains.kotlin.serialization.deserialization.ProtoContainer$Class         : loaded 2 times (x 74B)
Class [Lorg.jetbrains.kotlin.metadata.ProtoBuf$MemberKind;                            : loaded 2 times (x 69B)
Class kotlin.ranges.IntProgressionIterator                                            : loaded 2 times (x 82B)
Class org.jetbrains.kotlin.metadata.builtins.BuiltInsBinaryVersion                    : loaded 2 times (x 74B)
Class org.jetbrains.kotlin.metadata.ProtoBuf$Annotation$Argument$Value$Type$1         : loaded 2 times (x 74B)
Class org.jetbrains.kotlin.metadata.ProtoBuf$TypeOrBuilder                            : loaded 2 times (x 70B)
Class org.jetbrains.kotlin.metadata.ProtoBuf$TypeTableOrBuilder                       : loaded 2 times (x 70B)
Class org.jetbrains.kotlin.metadata.ProtoBuf$Package                                  : loaded 2 times (x 129B)
Class org.jetbrains.kotlin.resolve.calls.checkers.InfixCallChecker                    : loaded 2 times (x 74B)
Class org.jetbrains.kotlin.resolve.calls.checkers.InlineCheckerWrapper                : loaded 2 times (x 75B)
Class org.jetbrains.kotlin.resolve.checkers.DeprecatedSinceKotlinAnnotationChecker    : loaded 2 times (x 74B)
Class org.jetbrains.kotlin.resolve.checkers.LocalVariableTypeParametersChecker        : loaded 2 times (x 74B)
Class org.jetbrains.kotlin.diagnostics.PositioningStrategies$VALUE_ARGUMENTS_LIST$1   : loaded 2 times (x 74B)
Class org.jetbrains.kotlin.diagnostics.PositioningStrategies$DECLARATION_SIGNATURE$1  : loaded 2 times (x 75B)
Class org.jetbrains.kotlin.kdoc.lexer.KDocTokens$2                                    : loaded 2 times (x 84B)
Class [Lorg.jetbrains.kotlin.psi.KtStringTemplateExpression;                          : loaded 2 times (x 69B)
Class org.jetbrains.kotlin.psi.KtTypeCodeFragmentType                                 : loaded 2 times (x 84B)
Class org.jetbrains.kotlin.psi.KtNamedFunction                                        : loaded 2 times (x 1343B)
Class org.jetbrains.kotlin.psi.KtNamedDeclaration                                     : loaded 2 times (x 70B)
Class org.jetbrains.kotlin.load.kotlin.MetadataFinderFactory                          : loaded 2 times (x 70B)
Class kotlin.reflect.jvm.internal.RuntimeTypeMapper                                   : loaded 2 times (x 71B)
Class org.jetbrains.kotlin.resolve.jvm.KotlinJavaPsiFacade$KotlinPsiElementFinderWrapperImpl: loaded 2 times (x 82B)
Class kotlin.script.experimental.host.ScriptingHostConfiguration$Companion            : loaded 2 times (x 71B)
Class org.jetbrains.kotlin.asJava.classes.ImplUtilsKt$setPsiTypeAnnotationProvider$2  : loaded 2 times (x 78B)
Class kotlin.coroutines.jvm.internal.DebugProbesKt                                    : loaded 2 times (x 71B)
Class kotlin.coroutines.CoroutineContext                                              : loaded 2 times (x 70B)
Class org.jetbrains.kotlin.descriptors.EffectiveVisibility$PrivateInClass             : loaded 2 times (x 75B)
Class com.android.tools.lint.model.DefaultLintModelDependency                         : loaded 2 times (x 86B)
Class com.android.tools.lint.model.DefaultLintModelLibrary                            : loaded 2 times (x 86B)
Class com.android.tools.lint.model.DefaultLintModelBuildFeatures                      : loaded 2 times (x 77B)
Class com.google.common.collect.MapMakerInternalMap$1                                 : loaded 2 times (x 83B)
Class com.google.common.io.LineBuffer                                                 : loaded 2 times (x 75B)
Class org.gradle.internal.installation.GradleInstallation                             : loaded 2 times (x 75B)
Class org.jetbrains.kotlin.resolve.calls.inference.model.TypeVariableForLambdaReturnType: loaded 2 times (x 73B)
Class com.android.ide.common.resources.DataFile$FileType                              : loaded 2 times (x 79B)
Class com.google.protobuf.CodedInputStream                                            : loaded 2 times (x 119B)
Class com.google.protobuf.MessageLite                                                 : loaded 2 times (x 70B)
Class org.jetbrains.kotlin.resolve.FunctionImportedFromObject                         : loaded 2 times (x 259B)
Class org.jetbrains.kotlin.resolve.calls.tower.ResolvedUsingDeprecatedVisibility      : loaded 2 times (x 73B)
Class org.jetbrains.kotlin.storage.LockBasedLazyResolveStorageManager$LockProtectedTrace$recordType$1: loaded 2 times (x 79B)
Class org.jetbrains.kotlin.resolve.calls.checkers.CoroutineCallCheckerKt              : loaded 2 times (x 71B)
Class org.jetbrains.kotlin.resolve.calls.components.ArgumentsUtilsKt                  : loaded 2 times (x 71B)
Class org.jetbrains.kotlin.resolve.constants.CompileTimeConstant$DefaultImpls         : loaded 2 times (x 71B)
Class org.jetbrains.kotlin.scripting.resolve.LazyScriptDescriptor$scriptClassAnnotations$1: loaded 2 times (x 79B)
Class org.jetbrains.kotlin.resolve.AnnotationTargetLists$T_TYPE_REFERENCE$1           : loaded 2 times (x 78B)
Class [Lorg.jetbrains.kotlin.resolve.jvm.NotFoundPackagesCachingStrategy$CacheType;   : loaded 2 times (x 69B)
Class org.jetbrains.kotlin.resolve.scopes.ImportingScope$Empty                        : loaded 2 times (x 113B)
Class org.jetbrains.kotlin.resolve.lazy.descriptors.ClassResolutionScopesSupport$scopeForConstructorHeaderResolution$1: loaded 2 times (x 79B)
Class org.jetbrains.kotlin.resolve.lazy.FileScopeFactory$defaultImportResolvers$2     : loaded 2 times (x 79B)
Class org.jetbrains.kotlin.resolve.calls.inference.components.ResultTypeResolver      : loaded 2 times (x 72B)
Class org.jetbrains.kotlin.resolve.QualifierPosition                                  : loaded 2 times (x 79B)
Class org.jetbrains.kotlin.resolve.calls.model.PostponableKotlinCallArgument          : loaded 2 times (x 70B)
Class org.jetbrains.kotlin.types.TypeCheckerState                                     : loaded 2 times (x 76B)
Class org.jetbrains.kotlin.storage.LockBasedStorageManager$4                          : loaded 2 times (x 92B)
Class org.jetbrains.kotlin.descriptors.NotFoundClasses                                : loaded 2 times (x 72B)
Class [Lorg.jetbrains.kotlin.descriptors.DescriptorVisibility;                        : loaded 2 times (x 69B)
Class org.jetbrains.kotlin.types.TypeUtils$SpecialType                                : loaded 2 times (x 95B)
Class org.jetbrains.kotlin.descriptors.impl.ModuleDescriptorImpl$packageFragmentProviderForWholeModuleWithDependencies$2: loaded 2 times (x 79B)
Class kotlin.collections.ReversedList                                                 : loaded 2 times (x 207B)
Class org.jetbrains.kotlin.metadata.deserialization.ProtoTypeTableUtilKt              : loaded 2 times (x 71B)
Class [Lorg.jetbrains.kotlin.builtins.PrimitiveType;                                  : loaded 2 times (x 69B)
Class org.jetbrains.kotlin.container.ContainerKt                                      : loaded 2 times (x 71B)
Class org.jetbrains.kotlin.resolve.calls.checkers.ResultTypeWithNullableOperatorsChecker: loaded 2 times (x 74B)
Class org.jetbrains.kotlin.resolve.AdditionalAnnotationChecker                        : loaded 2 times (x 70B)
Class org.jetbrains.kotlin.diagnostics.DiagnosticFactory0                             : loaded 2 times (x 81B)
Class org.jetbrains.kotlin.diagnostics.PositioningStrategies$ARRAY_ACCESS$1           : loaded 2 times (x 74B)
Class org.jetbrains.kotlin.psi.KtContainerNodeForControlStructureBody                 : loaded 2 times (x 376B)
Class org.jetbrains.kotlin.psi.KtDeclarationImpl                                      : loaded 2 times (x 645B)
Class org.jetbrains.kotlin.psi.KtBlockStringTemplateEntry                             : loaded 2 times (x 444B)
Class org.jetbrains.kotlin.psi.stubs.KotlinClassLiteralExpressionStub                 : loaded 2 times (x 70B)
Class org.jetbrains.kotlin.resolve.jvm.modules.JavaModule$Automatic                   : loaded 2 times (x 80B)
Class org.jetbrains.kotlin.cli.jvm.modules.JavaModuleGraph$module$1                   : loaded 2 times (x 125B)
Class org.jetbrains.kotlin.scripting.definitions.ScriptDefinition                     : loaded 2 times (x 114B)
Class org.jetbrains.kotlin.load.java.structure.impl.source.JavaFixedElementSourceFactory: loaded 2 times (x 79B)
Class kotlin.reflect.jvm.internal.KPackageImpl$data$1                                 : loaded 2 times (x 79B)
Class org.jetbrains.kotlin.cli.jvm.compiler.CliLightClassGenerationSupport            : loaded 2 times (x 77B)
Class org.jetbrains.kotlin.asJava.LightClassGenerationSupport                         : loaded 2 times (x 76B)
Class [Lcom.android.utils.StdLogger$Level;                                            : loaded 2 times (x 69B)
Class com.android.prefs.AndroidLocationsException                                     : loaded 2 times (x 82B)
Class com.google.protobuf.UnsafeUtil$JvmMemoryAccessor                                : loaded 2 times (x 91B)
Class com.google.protobuf.AbstractMessageLite$Builder                                 : loaded 2 times (x 126B)
Class org.jetbrains.kotlin.resolve.calls.inference.model.FixVariableConstraintPositionImpl: loaded 2 times (x 72B)
Class org.jetbrains.kotlin.descriptors.annotations.CompositeAnnotations$iterator$1    : loaded 2 times (x 78B)
Class org.jetbrains.kotlin.resolve.calls.model.VariableAsFunctionResolvedCall         : loaded 2 times (x 70B)
Class org.jetbrains.kotlin.resolve.calls.model.EagerCallableReferenceAtom             : loaded 2 times (x 86B)
Class org.jetbrains.kotlin.resolve.calls.inference.ConstraintSystemTransaction        : loaded 2 times (x 73B)
Class javaslang.control.Option$None                                                   : loaded 2 times (x 214B)
Class org.jetbrains.kotlin.resolve.calls.components.InferenceSession$Companion        : loaded 2 times (x 71B)
Class org.jetbrains.kotlin.load.java.typeEnhancement.SignatureEnhancementBuilder$ClassEnhancementBuilder: loaded 2 times (x 72B)
Class org.jetbrains.kotlin.resolve.checkers.TrailingCommaChecker                      : loaded 2 times (x 71B)
Class org.jetbrains.kotlin.utils.DFS$Visited                                          : loaded 2 times (x 70B)
Class org.jetbrains.kotlin.metadata.jvm.JvmProtoBuf$StringTableTypes$Record$Operation : loaded 2 times (x 82B)
Class org.jetbrains.kotlin.resolve.source.KotlinSourceElementKt                       : loaded 2 times (x 71B)
Class org.jetbrains.kotlin.types.TypeParameterUpperBoundEraser$erroneousErasedBound$2 : loaded 2 times (x 79B)
Class org.jetbrains.kotlin.load.java.lazy.TypeParameterResolver$EMPTY                 : loaded 2 times (x 74B)
Class org.jetbrains.kotlin.resolve.calls.results.SpecificityComparisonCallbacks       : loaded 2 times (x 70B)
Class org.jetbrains.kotlin.resolve.LanguageVersionSettingsProvider$Companion          : loaded 2 times (x 71B)
Class org.jetbrains.kotlin.resolve.DeclarationsChecker                                : loaded 2 times (x 72B)
Class org.jetbrains.kotlin.mpp.MppJavaImplicitActualizatorMarker                      : loaded 2 times (x 70B)
Class org.jetbrains.kotlin.resolve.FilePreprocessorExtension                          : loaded 2 times (x 70B)
Class org.jetbrains.kotlin.serialization.deserialization.descriptors.DeserializedMemberScope: loaded 2 times (x 109B)
Class org.jetbrains.kotlin.serialization.deserialization.AnnotationAndConstantLoaderImpl: loaded 2 times (x 98B)
Class org.jetbrains.kotlin.resolve.CompilerEnvironment                                : loaded 2 times (x 73B)
Class com.android.utils.XmlUtils                                                      : loaded 2 times (x 71B)
Class kotlin.collections.ReversedList$listIterator$1                                  : loaded 2 times (x 94B)
Class org.jetbrains.kotlin.metadata.ProtoBuf$Annotation$Builder                       : loaded 2 times (x 136B)
Class org.jetbrains.kotlin.container.DefaultImplementation                            : loaded 2 times (x 70B)
Class org.jetbrains.kotlin.resolve.PlatformConfiguratorBaseKt                         : loaded 2 times (x 71B)
Class org.jetbrains.kotlin.diagnostics.DiagnosticFactoryForDeprecation4$Companion     : loaded 2 times (x 71B)
Class org.jetbrains.kotlin.diagnostics.DiagnosticFactory1                             : loaded 2 times (x 81B)
Class org.jetbrains.kotlin.resolve.jvm.checkers.JavaOverrideWithWrongNullabilityOverrideChecker$typePreparatorUnwrappingEnhancement$1: loaded 2 times (x 73B)
Class org.jetbrains.kotlin.parsing.KotlinParsing$1                                    : loaded 2 times (x 78B)
Class org.jetbrains.kotlin.psi.KtUnaryExpression                                      : loaded 2 times (x 502B)
Class org.jetbrains.kotlin.cli.jvm.compiler.ClasspathRootsResolver$Companion          : loaded 2 times (x 71B)
Class org.jetbrains.kotlin.cli.jvm.modules.CliJavaModuleFinder                        : loaded 2 times (x 75B)
Class kotlin.script.experimental.api.ScriptEvaluationConfigurationKeys                : loaded 2 times (x 70B)
Class org.jetbrains.kotlin.scripting.definitions.StandardScriptDefinition             : loaded 2 times (x 111B)
Class kotlin.ranges.IntProgression                                                    : loaded 2 times (x 81B)
Class kotlin.jvm.KotlinReflectionNotSupportedError                                    : loaded 2 times (x 82B)
Class com.google.common.collect.Lists$RandomAccessReverseList                         : loaded 2 times (x 200B)

---------------  S Y S T E M  ---------------

OS:
 Windows 11 , 64 bit Build 26100 (10.0.26100.9444)
OS uptime: 0 days 6:55 hours
Hyper-V role detected

CPU: total 2 (initial active 2) (2 cores per cpu, 1 threads per core) family 6 model 122 stepping 1 microcode 0x34, cx8, cmov, fxsr, mmx, 3dnowpref, sse, sse2, sse3, ssse3, sse4.1, sse4.2, popcnt, tsc, tscinvbit, aes, erms, clmul, sha, clflush, clflushopt, hv, rdtscp, rdpid
Processor Information for the first 2 processors :
  Max Mhz: 2001, Current Mhz: 2001, Mhz Limit: 2001

Memory: 4k page, system-wide physical 3932M (137M free)
TotalPageFile size 12847M (AvailPageFile size 2M)
current process WorkingSet (physical memory assigned to process): 238M, peak: 1830M
current process commit charge ("private bytes"): 2347M, peak: 2386M

vm_info: OpenJDK 64-Bit Server VM (21.0.10+-14961533-b1163.108) for windows-amd64 JRE (21.0.10+-14961533-b1163.108), built on 2026-03-02T19:58:50Z by "builder" with MS VC++ 16.10 / 16.11 (VS2019)

END.
